disease_id,category,voc_id,log2_fold_change
acute_kidney_injury,metabolic,2_butanone,2.288014019730333
acute_kidney_injury,metabolic,2_pentanone,0.38992027188848766
acute_kidney_injury,metabolic,3_methylbutanal,0.002478948136778942
acute_kidney_injury,metabolic,acetaldehyde,-0.16727054877775338
acute_kidney_injury,metabolic,acetic_acid,-0.0023937844708560533
acute_kidney_injury,metabolic,acetone,2.021799096957517
acute_kidney_injury,metabolic,acetonitrile,-0.16347466462865382
acute_kidney_injury,metabolic,allyl_methyl_sulfide,-0.16727054877775338
acute_kidney_injury,metabolic,ammonia,1.7074514974952415
acute_kidney_injury,metabolic,benzaldehyde,-0.008663415772533621
acute_kidney_injury,metabolic,benzene,0.04635951844379424
acute_kidney_injury,metabolic,butane,-0.006319782477856551
acute_kidney_injury,metabolic,butylamine,-0.0023937844708562138
acute_kidney_injury,metabolic,butyric_acid,-0.0023937844708560533
acute_kidney_injury,metabolic,carbon_disulfide,0.0033001959448757954
acute_kidney_injury,metabolic,crotonaldehyde,-0.0057078880739668
acute_kidney_injury,metabolic,cyclohexane,-0.0029127289910101943
acute_kidney_injury,metabolic,decanal,-0.006999033369246416
acute_kidney_injury,metabolic,dimethyl_amine,-0.006691548310912594
acute_kidney_injury,metabolic,dimethyl_disulfide,3.981280461735194e-05
acute_kidney_injury,metabolic,dms,0.0034380226791812804
acute_kidney_injury,metabolic,dmts,0.00741550681117983
acute_kidney_injury,metabolic,dodecane,-0.004889891733551362
acute_kidney_injury,metabolic,ethane,0.01300066428191637
acute_kidney_injury,metabolic,ethanol,0.0005867416556261358
acute_kidney_injury,metabolic,ethyl_acetate,0.010401986559901604
acute_kidney_injury,metabolic,ethylbenzene,-0.059579200407379365
acute_kidney_injury,metabolic,formaldehyde,-0.009955933154756604
acute_kidney_injury,metabolic,furan,-0.04807387736044842
acute_kidney_injury,metabolic,heptanal,0.02197976137967472
acute_kidney_injury,metabolic,hexanal,0.03349762106117132
acute_kidney_injury,metabolic,hexane,-0.003106569332710392
acute_kidney_injury,metabolic,hydrogen_sulfide,-0.001068127549935545
acute_kidney_injury,metabolic,indole,0.0034380226791812804
acute_kidney_injury,metabolic,isoprene,-0.01994162275322662
acute_kidney_injury,metabolic,isopropanol,0.5603491994046432
acute_kidney_injury,metabolic,limonene,-0.0011881223472207279
acute_kidney_injury,metabolic,methanol,-0.0029795725490301323
acute_kidney_injury,metabolic,methyl_acetate,-0.16584720578802575
acute_kidney_injury,metabolic,methyl_mercaptan,-0.001068127549935545
acute_kidney_injury,metabolic,nonanal,0.024519384721044857
acute_kidney_injury,metabolic,octanal,-0.0011619981691168802
acute_kidney_injury,metabolic,octane,0.11959271406141694
acute_kidney_injury,metabolic,pentane,0.06306928295967204
acute_kidney_injury,metabolic,phenol,0.12744402816347547
acute_kidney_injury,metabolic,propanol,-0.010229177170484305
acute_kidney_injury,metabolic,propionaldehyde,-0.0057078880739668
acute_kidney_injury,metabolic,pyrrole,-0.007303442714802512
acute_kidney_injury,metabolic,styrene,-0.005756477320129666
acute_kidney_injury,metabolic,toluene,-0.002335569691131557
acute_kidney_injury,metabolic,trimethylamine,0.2010708719704844
acute_kidney_injury,metabolic,undecane,0.004668380522185913
acute_kidney_injury,metabolic,valeric_acid,-0.0023937844708562138
acute_kidney_injury,metabolic,xylene,0.0027768281545931827
adhd,neurological,2_butanone,0.037171784280570774
adhd,neurological,2_pentanone,-0.1482134831642181
adhd,neurological,3_methylbutanal,0.002799378065430325
adhd,neurological,acetaldehyde,0.4691206181729317
adhd,neurological,acetic_acid,0.003882368334293323
adhd,neurological,acetone,0.3166766594159957
adhd,neurological,acetonitrile,-0.14179615694676684
adhd,neurological,allyl_methyl_sulfide,-0.14559204109586646
adhd,neurological,ammonia,0.2302795798784783
adhd,neurological,benzaldehyde,-0.009709174860689927
adhd,neurological,benzene,0.04635951844379424
adhd,neurological,butane,0.038166379136679134
adhd,neurological,butylamine,0.0038823683342930036
adhd,neurological,butyric_acid,0.003882368334293323
adhd,neurological,carbon_disulfide,0.005358129817964515
adhd,neurological,crotonaldehyde,0.04416027354056919
adhd,neurological,cyclohexane,0.028333511920833367
adhd,neurological,decanal,0.06023916143569824
adhd,neurological,dimethyl_amine,-0.007737307399069048
adhd,neurological,dimethyl_disulfide,0.008218163435961098
adhd,neurological,dms,0.005496411471059166
adhd,neurological,dmts,0.015593857442523326
adhd,neurological,dodecane,0.025569738195100118
adhd,neurological,ethane,0.1089929051937597
adhd,neurological,ethanol,0.35215436011113765
adhd,neurological,ethyl_acetate,0.010722416488552922
adhd,neurological,ethylbenzene,-0.059579200407379365
adhd,neurological,formaldehyde,0.025564646539149898
adhd,neurological,furan,-0.03426631821663725
adhd,neurological,heptanal,0.08656376137967477
adhd,neurological,hexanal,2.4566605360392417
adhd,neurological,hexane,0.04676159228182553
adhd,neurological,hydrogen_sulfide,0.00097536537023319
adhd,neurological,indole,0.012917348817088739
adhd,neurological,isoprene,-0.4320669719818177
adhd,neurological,isopropanol,0.0517881847775151
adhd,neurological,limonene,0.006990228284123086
adhd,neurological,methanol,0.003290612820946011
adhd,neurological,methyl_acetate,-0.14280250908933081
adhd,neurological,methyl_mercaptan,0.0009753653702328698
adhd,neurological,nonanal,0.15523538472104492
adhd,neurological,octanal,0.0193462236327583
adhd,neurological,octane,0.15726671406141696
adhd,neurological,pentane,3.3420105893361356
adhd,neurological,phenol,0.10747694516835488
adhd,neurological,propanol,0.10098493707983772
adhd,neurological,propionaldehyde,0.04954227354056917
adhd,neurological,pyrrole,-0.008349201802958986
adhd,neurological,styrene,0.001055684294405962
adhd,neurological,toluene,0.004476591923404524
adhd,neurological,trimethylamine,-0.0015388776787142945
adhd,neurological,undecane,0.03728081045083729
adhd,neurological,valeric_acid,0.0038823683342930036
adhd,neurological,xylene,0.0048330341728556716
alcohol_use,unspecified,2_butanone,0.10580077710244654
alcohol_use,unspecified,2_pentanone,-0.38535505622696714
alcohol_use,unspecified,3_methylbutanal,0.008672537882897804
alcohol_use,unspecified,acetaldehyde,-0.4274087601554924
alcohol_use,unspecified,acetic_acid,-0.009316844317487439
alcohol_use,unspecified,acetone,0.28689024298271204
alcohol_use,unspecified,acetonitrile,-0.42503412803449997
alcohol_use,unspecified,allyl_methyl_sulfide,-0.43490342682215893
alcohol_use,unspecified,ammonia,0.10155652453452596
alcohol_use,unspecified,benzaldehyde,-0.022524881008587124
alcohol_use,unspecified,benzene,0.12053474795386482
alcohol_use,unspecified,butane,-0.009669434442427105
alcohol_use,unspecified,butylamine,-0.009316844317487439
alcohol_use,unspecified,butyric_acid,-0.009316844317487439
alcohol_use,unspecified,carbon_disulfide,0.012906405641467385
alcohol_use,unspecified,crotonaldehyde,-0.007112508992313598
alcohol_use,unspecified,cyclohexane,-0.0017770953766261233
alcohol_use,unspecified,decanal,-0.00794109190867834
alcohol_use,unspecified,dimethyl_amine,-0.015807116517464023
alcohol_use,unspecified,dimethyl_disulfide,0.00010351329200491581
alcohol_use,unspecified,dms,0.013446960918225297
alcohol_use,unspecified,dmts,0.019280317709067088
alcohol_use,unspecified,dodecane,-0.007304118507233482
alcohol_use,unspecified,ethane,0.010495727132982363
alcohol_use,unspecified,ethanol,0.005249858551974376
alcohol_use,unspecified,ethyl_acetate,0.027045165055744034
alcohol_use,unspecified,ethylbenzene,-0.15490592105918605
alcohol_use,unspecified,formaldehyde,-0.02588542620236717
alcohol_use,unspecified,furan,-0.17751417114329834
alcohol_use,unspecified,heptanal,0.06873937958715444
alcohol_use,unspecified,hexanal,1.1716855800476829
alcohol_use,unspecified,hexane,-0.0003490802650465204
alcohol_use,unspecified,hydrogen_sulfide,-0.004161938961984116
alcohol_use,unspecified,indole,0.013446960918225614
alcohol_use,unspecified,isoprene,-0.07642489056930739
alcohol_use,unspecified,isopropanol,0.0824228677712776
alcohol_use,unspecified,limonene,-0.0030891181027738347
alcohol_use,unspecified,methanol,-0.01159100160445383
alcohol_use,unspecified,methyl_acetate,-0.43120273504886686
alcohol_use,unspecified,methyl_mercaptan,-0.004161938961984116
alcohol_use,unspecified,nonanal,0.07630840027471689
alcohol_use,unspecified,octanal,0.14279117234508065
alcohol_use,unspecified,octane,0.317703056559684
alcohol_use,unspecified,pentane,1.8221909143014912
alcohol_use,unspecified,phenol,0.27944005743772243
alcohol_use,unspecified,propanol,-0.039544300824638765
alcohol_use,unspecified,propionaldehyde,-0.006146508992313526
alcohol_use,unspecified,pyrrole,-0.01898895105848673
alcohol_use,unspecified,styrene,-0.014966841032337379
alcohol_use,unspecified,toluene,-0.006072481196941563
alcohol_use,unspecified,trimethylamine,-0.004775870085668048
alcohol_use,unspecified,undecane,0.01793378935768337
alcohol_use,unspecified,valeric_acid,-0.009316844317487439
alcohol_use,unspecified,xylene,0.010854883296926215
als,neurological,2_butanone,0.037171784280570774
als,neurological,2_pentanone,-0.1482134831642181
als,neurological,3_methylbutanal,0.002799378065430325
als,neurological,acetaldehyde,-0.12609204109586655
als,neurological,acetic_acid,0.003882368334293323
als,neurological,acetone,0.3627779793789252
als,neurological,acetonitrile,-0.14179615694676684
als,neurological,allyl_methyl_sulfide,-0.14559204109586646
als,neurological,ammonia,0.046194113501003574
als,neurological,benzaldehyde,-0.009709174860689927
als,neurological,benzene,0.04635951844379424
als,neurological,butane,0.038166379136679134
als,neurological,butylamine,0.0038823683342930036
als,neurological,butyric_acid,0.003882368334293323
als,neurological,carbon_disulfide,0.005358129817964515
als,neurological,crotonaldehyde,0.04416027354056919
als,neurological,cyclohexane,0.028333511920833367
als,neurological,decanal,0.06023916143569824
als,neurological,dimethyl_amine,-0.007737307399069048
als,neurological,dimethyl_disulfide,0.008218163435961098
als,neurological,dms,0.005496411471059166
als,neurological,dmts,0.015593857442523326
als,neurological,dodecane,0.025569738195100118
als,neurological,ethane,0.5145125542066314
als,neurological,ethanol,0.0005867416556261358
als,neurological,ethyl_acetate,0.010722416488552922
als,neurological,ethylbenzene,-0.059579200407379365
als,neurological,formaldehyde,0.025564646539149898
als,neurological,furan,-0.03426631821663725
als,neurological,heptanal,0.08656376137967477
als,neurological,hexanal,2.9113639465161523
als,neurological,hexane,0.04676159228182553
als,neurological,hydrogen_sulfide,0.00097536537023319
als,neurological,indole,0.012917348817088739
als,neurological,isoprene,-0.12490381391572769
als,neurological,isopropanol,0.0517881847775151
als,neurological,limonene,0.006990228284123086
als,neurological,methanol,0.003290612820946011
als,neurological,methyl_acetate,-0.14280250908933081
als,neurological,methyl_mercaptan,0.0009753653702328698
als,neurological,nonanal,0.4913088645088812
als,neurological,octanal,0.3187558150939003
als,neurological,octane,0.15726671406141696
als,neurological,pentane,3.9841822855866744
als,neurological,phenol,0.10747694516835488
als,neurological,propanol,0.1473621801156634
als,neurological,propionaldehyde,0.04954227354056917
als,neurological,pyrrole,-0.008349201802958986
als,neurological,styrene,0.001055684294405962
als,neurological,toluene,0.004476591923404524
als,neurological,trimethylamine,-0.0015388776787142945
als,neurological,undecane,0.03728081045083729
als,neurological,valeric_acid,0.0038823683342930036
als,neurological,xylene,0.0048330341728556716
alzheimer_disease,neurological,2_butanone,0.05508721481449721
alzheimer_disease,neurological,2_pentanone,0.022888647641658818
alzheimer_disease,neurological,3_methylbutanal,0.002799378065430325
alzheimer_disease,neurological,acetaldehyde,-0.13018254390185616
alzheimer_disease,neurological,acetic_acid,0.0040132467155887
alzheimer_disease,neurological,acetone,0.5784107664371573
alzheimer_disease,neurological,acetonitrile,-0.14136265975275658
alzheimer_disease,neurological,allyl_methyl_sulfide,-0.14515854390185615
alzheimer_disease,neurological,ammonia,0.05335789508306271
alzheimer_disease,neurological,benzaldehyde,-0.009709174860689927
alzheimer_disease,neurological,benzene,-0.0779487202743118
alzheimer_disease,neurological,butane,0.05458837913667914
alzheimer_disease,neurological,butylamine,0.004013246715588381
alzheimer_disease,neurological,butyric_acid,0.0040132467155887
alzheimer_disease,neurological,carbon_disulfide,0.005358129817964515
alzheimer_disease,neurological,crotonaldehyde,0.06292827354056915
alzheimer_disease,neurological,cyclohexane,0.04240951192083333
alzheimer_disease,neurological,decanal,0.09777847728507208
alzheimer_disease,neurological,dimethyl_amine,-0.007737307399069048
alzheimer_disease,neurological,dimethyl_disulfide,0.008218163435961098
alzheimer_disease,neurological,dms,0.005496411471059166
alzheimer_disease,neurological,dmts,0.015593857442523326
alzheimer_disease,neurological,dodecane,0.03870733819509992
alzheimer_disease,neurological,ethane,0.5741791792066311
alzheimer_disease,neurological,ethanol,0.0005867416556261358
alzheimer_disease,neurological,ethyl_acetate,0.010722416488552922
alzheimer_disease,neurological,ethylbenzene,-0.059579200407379365
alzheimer_disease,neurological,formaldehyde,0.02260514373316027
alzheimer_disease,neurological,furan,-0.030934986127505226
alzheimer_disease,neurological,heptanal,0.1147157613796746
alzheimer_disease,neurological,hexanal,3.900207737988856
alzheimer_disease,neurological,hexane,0.06552959228182567
alzheimer_disease,neurological,hydrogen_sulfide,0.00097536537023319
alzheimer_disease,neurological,indole,0.011187917580456565
alzheimer_disease,neurological,isoprene,-0.14119284669161852
alzheimer_disease,neurological,isopropanol,0.0517881847775151
alzheimer_disease,neurological,limonene,0.006990228284123086
alzheimer_disease,neurological,methanol,0.0034213670374860683
alzheimer_disease,neurological,methyl_acetate,-0.14236901189532053
alzheimer_disease,neurological,methyl_mercaptan,0.0009753653702328698
alzheimer_disease,neurological,nonanal,0.6510745415647539
alzheimer_disease,neurological,octanal,0.3305067825737778
alzheimer_disease,neurological,octane,0.20775618031104004
alzheimer_disease,neurological,pentane,4.839427754358179
alzheimer_disease,neurological,phenol,-0.011265006544239831
alzheimer_disease,neurological,propanol,0.18284022130875102
alzheimer_disease,neurological,propionaldehyde,0.07065627354056915
alzheimer_disease,neurological,pyrrole,-0.008349201802958986
alzheimer_disease,neurological,styrene,0.001055684294405962
alzheimer_disease,neurological,toluene,0.004476591923404524
alzheimer_disease,neurological,trimethylamine,-0.0015388776787142945
alzheimer_disease,neurological,undecane,0.05135681045083733
alzheimer_disease,neurological,valeric_acid,0.004013246715588381
alzheimer_disease,neurological,xylene,0.0048330341728556716
anemia,unspecified,2_butanone,0.10580077710244654
anemia,unspecified,2_pentanone,-0.38535505622696714
anemia,unspecified,3_methylbutanal,0.008672537882897804
anemia,unspecified,acetaldehyde,-0.4274087601554924
anemia,unspecified,acetic_acid,-0.009316844317487439
anemia,unspecified,acetone,0.28689024298271204
anemia,unspecified,acetonitrile,-0.42503412803449997
anemia,unspecified,allyl_methyl_sulfide,-0.43490342682215893
anemia,unspecified,ammonia,0.10155652453452596
anemia,unspecified,benzaldehyde,-0.022524881008587124
anemia,unspecified,benzene,0.12053474795386482
anemia,unspecified,butane,-0.009669434442427105
anemia,unspecified,butylamine,-0.009316844317487439
anemia,unspecified,butyric_acid,-0.009316844317487439
anemia,unspecified,carbon_disulfide,0.012906405641467385
anemia,unspecified,crotonaldehyde,-0.007112508992313598
anemia,unspecified,cyclohexane,-0.0017770953766261233
anemia,unspecified,decanal,-0.00794109190867834
anemia,unspecified,dimethyl_amine,-0.015807116517464023
anemia,unspecified,dimethyl_disulfide,0.00010351329200491581
anemia,unspecified,dms,0.013446960918225297
anemia,unspecified,dmts,0.019280317709067088
anemia,unspecified,dodecane,-0.007304118507233482
anemia,unspecified,ethane,0.010495727132982363
anemia,unspecified,ethanol,0.005249858551974376
anemia,unspecified,ethyl_acetate,0.027045165055744034
anemia,unspecified,ethylbenzene,-0.15490592105918605
anemia,unspecified,formaldehyde,-0.02588542620236717
anemia,unspecified,furan,-0.17751417114329834
anemia,unspecified,heptanal,0.06873937958715444
anemia,unspecified,hexanal,1.1716855800476829
anemia,unspecified,hexane,-0.0003490802650465204
anemia,unspecified,hydrogen_sulfide,-0.004161938961984116
anemia,unspecified,indole,0.013446960918225614
anemia,unspecified,isoprene,-0.07642489056930739
anemia,unspecified,isopropanol,0.0824228677712776
anemia,unspecified,limonene,-0.0030891181027738347
anemia,unspecified,methanol,-0.01159100160445383
anemia,unspecified,methyl_acetate,-0.43120273504886686
anemia,unspecified,methyl_mercaptan,-0.004161938961984116
anemia,unspecified,nonanal,0.07630840027471689
anemia,unspecified,octanal,0.14279117234508065
anemia,unspecified,octane,0.317703056559684
anemia,unspecified,pentane,1.8221909143014912
anemia,unspecified,phenol,0.27944005743772243
anemia,unspecified,propanol,-0.039544300824638765
anemia,unspecified,propionaldehyde,-0.006146508992313526
anemia,unspecified,pyrrole,-0.01898895105848673
anemia,unspecified,styrene,-0.014966841032337379
anemia,unspecified,toluene,-0.006072481196941563
anemia,unspecified,trimethylamine,-0.004775870085668048
anemia,unspecified,undecane,0.01793378935768337
anemia,unspecified,valeric_acid,-0.009316844317487439
anemia,unspecified,xylene,0.010854883296926215
anxiety,neurological,2_butanone,0.037171784280570774
anxiety,neurological,2_pentanone,-0.1482134831642181
anxiety,neurological,3_methylbutanal,0.002799378065430325
anxiety,neurological,acetaldehyde,-0.12609204109586655
anxiety,neurological,acetic_acid,0.003882368334293323
anxiety,neurological,acetone,0.5019283407186691
anxiety,neurological,acetonitrile,-0.14179615694676684
anxiety,neurological,allyl_methyl_sulfide,-0.14559204109586646
anxiety,neurological,ammonia,0.32246271515069946
anxiety,neurological,benzaldehyde,-0.009709174860689927
anxiety,neurological,benzene,0.04635951844379424
anxiety,neurological,butane,0.038166379136679134
anxiety,neurological,butylamine,0.0038823683342930036
anxiety,neurological,butyric_acid,0.003882368334293323
anxiety,neurological,carbon_disulfide,0.005358129817964515
anxiety,neurological,crotonaldehyde,0.04416027354056919
anxiety,neurological,cyclohexane,0.028333511920833367
anxiety,neurological,decanal,0.06023916143569824
anxiety,neurological,dimethyl_amine,-0.007737307399069048
anxiety,neurological,dimethyl_disulfide,0.008218163435961098
anxiety,neurological,dms,0.005496411471059166
anxiety,neurological,dmts,0.015593857442523326
anxiety,neurological,dodecane,0.025569738195100118
anxiety,neurological,ethane,0.46182979234351723
anxiety,neurological,ethanol,0.20749425567659907
anxiety,neurological,ethyl_acetate,0.010722416488552922
anxiety,neurological,ethylbenzene,-0.059579200407379365
anxiety,neurological,formaldehyde,0.025564646539149898
anxiety,neurological,furan,-0.03426631821663725
anxiety,neurological,heptanal,0.08656376137967477
anxiety,neurological,hexanal,2.5056922650133475
anxiety,neurological,hexane,0.04676159228182553
anxiety,neurological,hydrogen_sulfide,0.00097536537023319
anxiety,neurological,indole,0.012917348817088739
anxiety,neurological,isoprene,-0.33445656039041644
anxiety,neurological,isopropanol,0.0517881847775151
anxiety,neurological,limonene,0.006990228284123086
anxiety,neurological,methanol,0.003290612820946011
anxiety,neurological,methyl_acetate,-0.14280250908933081
anxiety,neurological,methyl_mercaptan,0.0009753653702328698
anxiety,neurological,nonanal,0.15523538472104492
anxiety,neurological,octanal,0.0193462236327583
anxiety,neurological,octane,0.15726671406141696
anxiety,neurological,pentane,3.54000567624964
anxiety,neurological,phenol,0.10747694516835488
anxiety,neurological,propanol,0.12880860822717052
anxiety,neurological,propionaldehyde,0.04954227354056917
anxiety,neurological,pyrrole,-0.008349201802958986
anxiety,neurological,styrene,0.001055684294405962
anxiety,neurological,toluene,0.004476591923404524
anxiety,neurological,trimethylamine,-0.0015388776787142945
anxiety,neurological,undecane,0.03728081045083729
anxiety,neurological,valeric_acid,0.0038823683342930036
anxiety,neurological,xylene,0.0048330341728556716
ards,pulmonary,2_butanone,0.05771048653884264
ards,pulmonary,2_pentanone,0.02148458190160494
ards,pulmonary,3_methylbutanal,0.1710487530654302
ards,pulmonary,acetaldehyde,0.7546812715631367
ards,pulmonary,acetic_acid,0.008803460551809812
ards,pulmonary,acetone,0.5292693667929725
ards,pulmonary,acetonitrile,-0.13455362509997973
ards,pulmonary,allyl_methyl_sulfide,-0.13894965802416437
ards,pulmonary,ammonia,0.2494982838711224
ards,pulmonary,benzaldehyde,-0.009709174860689927
ards,pulmonary,benzene,-0.07743999426934582
ards,pulmonary,butane,0.1279615864042614
ards,pulmonary,butylamine,0.008803460551809812
ards,pulmonary,butyric_acid,0.008803460551809812
ards,pulmonary,carbon_disulfide,0.008029750676658523
ards,pulmonary,crotonaldehyde,0.16728040093811547
ards,pulmonary,cyclohexane,0.1630172790285911
ards,pulmonary,decanal,0.3069928365070828
ards,pulmonary,dimethyl_amine,0.1124408176009309
ards,pulmonary,dimethyl_disulfide,0.008218163435961098
ards,pulmonary,dms,0.008236784468005307
ards,pulmonary,dmts,0.015593857442523326
ards,pulmonary,dodecane,0.14497635404447387
ards,pulmonary,ethane,0.32749857748502753
ards,pulmonary,ethanol,0.4750568139102311
ards,pulmonary,ethyl_acetate,0.010722416488552922
ards,pulmonary,ethylbenzene,-0.0690621811213965
ards,pulmonary,formaldehyde,0.01692949483401174
ards,pulmonary,furan,-0.004341441031576369
ards,pulmonary,heptanal,0.8227222551618072
ards,pulmonary,hexanal,4.85650126771712
ards,pulmonary,hexane,0.16726271214812405
ards,pulmonary,hydrogen_sulfide,0.001462800885384349
ards,pulmonary,indole,0.008236784468005624
ards,pulmonary,isoprene,-0.3990688126383279
ards,pulmonary,isopropanol,0.05656752255853409
ards,pulmonary,limonene,0.006990228284123086
ards,pulmonary,methanol,0.008210349148783009
ards,pulmonary,methyl_acetate,-0.13555997724254368
ards,pulmonary,methyl_mercaptan,0.0014628008853840289
ards,pulmonary,nonanal,1.027136366338271
ards,pulmonary,octanal,0.7350381729343533
ards,pulmonary,octane,0.29783527234906326
ards,pulmonary,pentane,4.839427754358179
ards,pulmonary,phenol,-0.013452657620937282
ards,pulmonary,propanol,0.03618359093439889
ards,pulmonary,propionaldehyde,0.2302684317721819
ards,pulmonary,pyrrole,-0.008349201802958986
ards,pulmonary,styrene,0.001055684294405962
ards,pulmonary,toluene,0.004476591923404524
ards,pulmonary,trimethylamine,-0.002308932508378608
ards,pulmonary,undecane,0.16437837630021096
ards,pulmonary,valeric_acid,0.008803460551809812
ards,pulmonary,xylene,0.007243493281395289
arrhythmia,cardiovascular,2_butanone,0.05882564921501778
arrhythmia,cardiovascular,2_pentanone,0.13891487689698054
arrhythmia,cardiovascular,3_methylbutanal,0.007251675409506031
arrhythmia,cardiovascular,acetaldehyde,-0.16227054877775351
arrhythmia,cardiovascular,acetic_acid,-0.0035921678087984855
arrhythmia,cardiovascular,acetone,0.3148934125357539
arrhythmia,cardiovascular,acetonitrile,-0.16347466462865382
arrhythmia,cardiovascular,allyl_methyl_sulfide,-0.16727054877775338
arrhythmia,cardiovascular,ammonia,0.03914112595102315
arrhythmia,cardiovascular,benzaldehyde,-0.008663415772533621
arrhythmia,cardiovascular,benzene,0.04635951844379424
arrhythmia,cardiovascular,butane,0.03299221752214338
arrhythmia,cardiovascular,butylamine,-0.0035921678087984855
arrhythmia,cardiovascular,butyric_acid,-0.0035921678087984855
arrhythmia,cardiovascular,carbon_disulfide,0.004947467251854851
arrhythmia,cardiovascular,crotonaldehyde,0.03922011192603331
arrhythmia,cardiovascular,cyclohexane,0.030783271008989827
arrhythmia,cardiovascular,decanal,0.05463481080435467
arrhythmia,cardiovascular,dimethyl_amine,-0.003282457401821748
arrhythmia,cardiovascular,dimethyl_disulfide,3.981280461735194e-05
arrhythmia,cardiovascular,dms,0.005153966517019903
arrhythmia,cardiovascular,dmts,0.00741550681117983
arrhythmia,cardiovascular,dodecane,0.026559708266448653
arrhythmia,cardiovascular,ethane,0.06354466428191642
arrhythmia,cardiovascular,ethanol,0.0028518825633034486
arrhythmia,cardiovascular,ethyl_acetate,0.010401986559901604
arrhythmia,cardiovascular,ethylbenzene,-0.059579200407379365
arrhythmia,cardiovascular,formaldehyde,-0.009955933154756604
arrhythmia,cardiovascular,furan,-0.060820972585562835
arrhythmia,cardiovascular,heptanal,0.08937176137967469
arrhythmia,cardiovascular,hexanal,2.133566995577173
arrhythmia,cardiovascular,hexane,0.04182143066728982
arrhythmia,cardiovascular,hydrogen_sulfide,-0.0016024880247879397
arrhythmia,cardiovascular,indole,0.005153966517019584
arrhythmia,cardiovascular,isoprene,-0.18965196746008403
arrhythmia,cardiovascular,isopropanol,0.06603411131328867
arrhythmia,cardiovascular,limonene,0.013094877652779174
arrhythmia,cardiovascular,methanol,-0.0044716696272548775
arrhythmia,cardiovascular,methyl_acetate,-0.16584720578802575
arrhythmia,cardiovascular,methyl_mercaptan,-0.0016024880247879397
arrhythmia,cardiovascular,nonanal,0.09752738472104498
arrhythmia,cardiovascular,octanal,0.02634247818349558
arrhythmia,cardiovascular,octane,0.15890471406141685
arrhythmia,cardiovascular,pentane,2.792132039221091
arrhythmia,cardiovascular,phenol,0.10747694516835488
arrhythmia,cardiovascular,propanol,-0.015371093020478363
arrhythmia,cardiovascular,propionaldehyde,0.04483611192603326
arrhythmia,cardiovascular,pyrrole,-0.007303442714802512
arrhythmia,cardiovascular,styrene,-0.005756477320129666
arrhythmia,cardiovascular,toluene,-0.002335569691131557
arrhythmia,cardiovascular,trimethylamine,-0.0018391683957215991
arrhythmia,cardiovascular,undecane,0.03836438052218579
arrhythmia,cardiovascular,valeric_acid,-0.0035921678087984855
arrhythmia,cardiovascular,xylene,0.004163240537168198
asthma,pulmonary,2_butanone,0.05576145995050446
asthma,pulmonary,2_pentanone,0.7394291854496038
asthma,pulmonary,3_methylbutanal,0.060759378065430254
asthma,pulmonary,acetaldehyde,-0.08038950924907938
asthma,pulmonary,acetic_acid,0.008803460551809812
asthma,pulmonary,acetone,0.4144683243523978
asthma,pulmonary,acetonitrile,-0.13455362509997973
asthma,pulmonary,allyl_methyl_sulfide,-0.13894965802416437
asthma,pulmonary,ammonia,0.0737442006815552
asthma,pulmonary,benzaldehyde,0.6606687500995875
asthma,pulmonary,benzene,-0.0780213524825078
asthma,pulmonary,butane,-0.3033910857010589
asthma,pulmonary,butylamine,0.008803460551809812
asthma,pulmonary,butyric_acid,0.008803460551809812
asthma,pulmonary,carbon_disulfide,0.008029750676658523
asthma,pulmonary,crotonaldehyde,0.12835785580815143
asthma,pulmonary,cyclohexane,0.14439852902859132
asthma,pulmonary,decanal,0.24581020872696627
asthma,pulmonary,dimethyl_amine,0.03366269260093073
asthma,pulmonary,dimethyl_disulfide,0.008218163435961098
asthma,pulmonary,dms,0.008236784468005307
asthma,pulmonary,dmts,0.015593857442523326
asthma,pulmonary,dodecane,-0.32284822140888175
asthma,pulmonary,ethane,1.4609474117142702
asthma,pulmonary,ethanol,0.5074078398433026
asthma,pulmonary,ethyl_acetate,0.660806068332477
asthma,pulmonary,ethylbenzene,0.7156696919409669
asthma,pulmonary,formaldehyde,0.01692949483401174
asthma,pulmonary,furan,0.90820624999473
asthma,pulmonary,heptanal,0.28005476137967494
asthma,pulmonary,hexanal,4.85650126771712
asthma,pulmonary,hexane,-0.339352608973703
asthma,pulmonary,hydrogen_sulfide,0.001462800885384349
asthma,pulmonary,indole,0.008236784468005624
asthma,pulmonary,isoprene,-0.34691821814184687
asthma,pulmonary,isopropanol,-0.40487631517548606
asthma,pulmonary,limonene,0.006990228284123086
asthma,pulmonary,methanol,0.008210349148783009
asthma,pulmonary,methyl_acetate,-0.13555997724254368
asthma,pulmonary,methyl_mercaptan,0.0014628008853840289
asthma,pulmonary,nonanal,0.8513106075123709
asthma,pulmonary,octanal,0.11717050609925926
asthma,pulmonary,octane,0.8103186514039424
asthma,pulmonary,pentane,4.839427754358179
asthma,pulmonary,phenol,-0.46232747736542035
asthma,pulmonary,propanol,0.6509861383686262
asthma,pulmonary,propionaldehyde,0.1588764869436305
asthma,pulmonary,pyrrole,-0.008349201802958986
asthma,pulmonary,styrene,0.001055684294405962
asthma,pulmonary,toluene,0.004476591923404524
asthma,pulmonary,trimethylamine,-0.002308932508378608
asthma,pulmonary,undecane,0.1457596263002111
asthma,pulmonary,valeric_acid,0.008803460551809812
asthma,pulmonary,xylene,0.007243493281395289
atopic_dermatitis,inflammatory,2_butanone,0.03881808441729274
atopic_dermatitis,inflammatory,2_pentanone,-0.1482134831642181
atopic_dermatitis,inflammatory,3_methylbutanal,0.3030191872353066
atopic_dermatitis,inflammatory,acetaldehyde,-0.1442305487777534
atopic_dermatitis,inflammatory,acetic_acid,-0.0035921678087984855
atopic_dermatitis,inflammatory,acetone,0.0857769171159053
atopic_dermatitis,inflammatory,acetonitrile,-0.16347466462865382
atopic_dermatitis,inflammatory,allyl_methyl_sulfide,-0.16727054877775338
atopic_dermatitis,inflammatory,ammonia,0.10467405378258367
atopic_dermatitis,inflammatory,benzaldehyde,-0.008663415772533621
atopic_dermatitis,inflammatory,benzene,0.04635951844379424
atopic_dermatitis,inflammatory,butane,0.03337021752214339
atopic_dermatitis,inflammatory,butylamine,-0.0035921678087984855
atopic_dermatitis,inflammatory,butyric_acid,-0.0035921678087984855
atopic_dermatitis,inflammatory,carbon_disulfide,0.004947467251854851
atopic_dermatitis,inflammatory,crotonaldehyde,0.03965211192603325
atopic_dermatitis,inflammatory,cyclohexane,0.03110727100899001
atopic_dermatitis,inflammatory,decanal,0.05522881080435462
atopic_dermatitis,inflammatory,dimethyl_amine,0.013844815325450751
atopic_dermatitis,inflammatory,dimethyl_disulfide,3.981280461735194e-05
atopic_dermatitis,inflammatory,dms,0.005153966517019903
atopic_dermatitis,inflammatory,dmts,0.00741550681117983
atopic_dermatitis,inflammatory,dodecane,0.026862108266448692
atopic_dermatitis,inflammatory,ethane,0.07121816428191625
atopic_dermatitis,inflammatory,ethanol,0.015232808394657906
atopic_dermatitis,inflammatory,ethyl_acetate,0.03056198655990155
atopic_dermatitis,inflammatory,ethylbenzene,-0.059579200407379365
atopic_dermatitis,inflammatory,formaldehyde,-0.009955933154756604
atopic_dermatitis,inflammatory,furan,-0.0607058606901215
atopic_dermatitis,inflammatory,heptanal,0.09001976137967488
atopic_dermatitis,inflammatory,hexanal,2.242740387645266
atopic_dermatitis,inflammatory,hexane,0.04225343066728997
atopic_dermatitis,inflammatory,hydrogen_sulfide,0.4591902729182341
atopic_dermatitis,inflammatory,indole,0.012989501023377772
atopic_dermatitis,inflammatory,isoprene,-0.030016761792365097
atopic_dermatitis,inflammatory,isopropanol,0.05614180086574822
atopic_dermatitis,inflammatory,limonene,-0.0011881223472207279
atopic_dermatitis,inflammatory,methanol,0.002001524325538724
atopic_dermatitis,inflammatory,methyl_acetate,-0.16584720578802575
atopic_dermatitis,inflammatory,methyl_mercaptan,-0.0016024880247879397
atopic_dermatitis,inflammatory,nonanal,0.10721375972104494
atopic_dermatitis,inflammatory,octanal,0.3269549143325108
atopic_dermatitis,inflammatory,octane,0.1592827140614168
atopic_dermatitis,inflammatory,pentane,2.888747623117595
atopic_dermatitis,inflammatory,phenol,0.10747694516835488
atopic_dermatitis,inflammatory,propanol,-0.005093381986556415
atopic_dermatitis,inflammatory,propionaldehyde,0.04532211192603325
atopic_dermatitis,inflammatory,pyrrole,-0.007303442714802512
atopic_dermatitis,inflammatory,styrene,-0.005756477320129666
atopic_dermatitis,inflammatory,toluene,-0.002335569691131557
atopic_dermatitis,inflammatory,trimethylamine,0.00855821194051198
atopic_dermatitis,inflammatory,undecane,0.038688380522185935
atopic_dermatitis,inflammatory,valeric_acid,-0.0035921678087984855
atopic_dermatitis,inflammatory,xylene,0.004163240537168198
autism_spectrum_disorder,neurological,2_butanone,0.027380829827578845
autism_spectrum_disorder,neurological,2_pentanone,-0.1482134831642181
autism_spectrum_disorder,neurological,3_methylbutanal,0.002478948136778942
autism_spectrum_disorder,neurological,acetaldehyde,-0.08917454877775369
autism_spectrum_disorder,neurological,acetic_acid,-0.0023937844708560533
autism_spectrum_disorder,neurological,acetone,0.346106996633605
autism_spectrum_disorder,neurological,acetonitrile,-0.16347466462865382
autism_spectrum_disorder,neurological,allyl_methyl_sulfide,-0.13325054877775322
autism_spectrum_disorder,neurological,ammonia,2.3113904328761374
autism_spectrum_disorder,neurological,benzaldehyde,-0.008663415772533621
autism_spectrum_disorder,neurological,benzene,0.04635951844379424
autism_spectrum_disorder,neurological,butane,-0.006319782477856551
autism_spectrum_disorder,neurological,butylamine,-0.0023937844708562138
autism_spectrum_disorder,neurological,butyric_acid,-0.0023937844708560533
autism_spectrum_disorder,neurological,carbon_disulfide,0.0033001959448757954
autism_spectrum_disorder,neurological,crotonaldehyde,-0.0057078880739668
autism_spectrum_disorder,neurological,cyclohexane,-0.0029127289910101943
autism_spectrum_disorder,neurological,decanal,-0.007141189195645485
autism_spectrum_disorder,neurological,dimethyl_amine,0.04433845168908728
autism_spectrum_disorder,neurological,dimethyl_disulfide,0.05673981280461743
autism_spectrum_disorder,neurological,dms,0.015526581827892313
autism_spectrum_disorder,neurological,dmts,0.00741550681117983
autism_spectrum_disorder,neurological,dodecane,-0.004889891733551362
autism_spectrum_disorder,neurological,ethane,0.2965919942895348
autism_spectrum_disorder,neurological,ethanol,0.49422057562417016
autism_spectrum_disorder,neurological,ethyl_acetate,0.057441986559901625
autism_spectrum_disorder,neurological,ethylbenzene,-0.059579200407379365
autism_spectrum_disorder,neurological,formaldehyde,0.008296066845243252
autism_spectrum_disorder,neurological,furan,-0.04807387736044842
autism_spectrum_disorder,neurological,heptanal,0.02197976137967472
autism_spectrum_disorder,neurological,hexanal,0.39191128625054183
autism_spectrum_disorder,neurological,hexane,-0.003106569332710392
autism_spectrum_disorder,neurological,hydrogen_sulfide,1.072126311665789
autism_spectrum_disorder,neurological,indole,1.2356511703800954
autism_spectrum_disorder,neurological,isoprene,-0.20359939568831706
autism_spectrum_disorder,neurological,isopropanol,0.05078124276705493
autism_spectrum_disorder,neurological,limonene,-0.0011881223472207279
autism_spectrum_disorder,neurological,methanol,0.007133996046974038
autism_spectrum_disorder,neurological,methyl_acetate,-0.16584720578802575
autism_spectrum_disorder,neurological,methyl_mercaptan,0.017894996863040517
autism_spectrum_disorder,neurological,nonanal,0.26753286450888136
autism_spectrum_disorder,neurological,octanal,0.18955456605278231
autism_spectrum_disorder,neurological,octane,0.11959271406141694
autism_spectrum_disorder,neurological,pentane,2.4717784679158252
autism_spectrum_disorder,neurological,phenol,0.6050269451683548
autism_spectrum_disorder,neurological,propanol,0.14422512054309222
autism_spectrum_disorder,neurological,propionaldehyde,-0.0057078880739668
autism_spectrum_disorder,neurological,pyrrole,0.03238655728519729
autism_spectrum_disorder,neurological,styrene,-0.005756477320129666
autism_spectrum_disorder,neurological,toluene,-0.002335569691131557
autism_spectrum_disorder,neurological,trimethylamine,0.039941242567842435
autism_spectrum_disorder,neurological,undecane,0.004668380522185913
autism_spectrum_disorder,neurological,valeric_acid,-0.0023937844708562138
autism_spectrum_disorder,neurological,xylene,0.0027768281545931827
bipolar,neurological,2_butanone,0.03236706957815424
bipolar,neurological,2_pentanone,-0.1482134831642181
bipolar,neurological,3_methylbutanal,0.002478948136778942
bipolar,neurological,acetaldehyde,-0.14777054877775353
bipolar,neurological,acetic_acid,-0.0023937844708560533
bipolar,neurological,acetone,0.26229543083823004
bipolar,neurological,acetonitrile,-0.16347466462865382
bipolar,neurological,allyl_methyl_sulfide,-0.1269505487777536
bipolar,neurological,ammonia,1.9471109123051582
bipolar,neurological,benzaldehyde,-0.008663415772533621
bipolar,neurological,benzene,0.04635951844379424
bipolar,neurological,butane,0.05671171752214336
bipolar,neurological,butylamine,-0.0023937844708562138
bipolar,neurological,butyric_acid,-0.0023937844708560533
bipolar,neurological,carbon_disulfide,0.0033001959448757954
bipolar,neurological,crotonaldehyde,0.06632811192603315
bipolar,neurological,cyclohexane,0.05111427100898999
bipolar,neurological,decanal,0.10364162665372811
bipolar,neurological,dimethyl_amine,0.05378845168908739
bipolar,neurological,dimethyl_disulfide,0.0672398128046172
bipolar,neurological,dms,0.017790645938107846
bipolar,neurological,dmts,0.00741550681117983
bipolar,neurological,dodecane,0.045535308266448776
bipolar,neurological,ethane,0.49456829744629366
bipolar,neurological,ethanol,0.0005867416556261358
bipolar,neurological,ethyl_acetate,0.010401986559901604
bipolar,neurological,ethylbenzene,-0.059579200407379365
bipolar,neurological,formaldehyde,0.0046690668452432985
bipolar,neurological,furan,-0.035493877832163026
bipolar,neurological,heptanal,0.13003376137967462
bipolar,neurological,hexanal,2.848232368417794
bipolar,neurological,hexane,0.06892943066728989
bipolar,neurological,hydrogen_sulfide,0.31103621302542683
bipolar,neurological,indole,0.04667383242961398
bipolar,neurological,isoprene,-0.19765711049048765
bipolar,neurological,isopropanol,0.05078124276705493
bipolar,neurological,limonene,-0.0011881223472207279
bipolar,neurological,methanol,-0.0029795725490301323
bipolar,neurological,methyl_acetate,-0.16584720578802575
bipolar,neurological,methyl_mercaptan,0.9963038240303601
bipolar,neurological,nonanal,0.41051136450888137
bipolar,neurological,octanal,0.03291166652776377
bipolar,neurological,octane,0.18262421406141677
bipolar,neurological,pentane,3.802375305578041
bipolar,neurological,phenol,0.20827694516835468
bipolar,neurological,propanol,-0.010229177170484305
bipolar,neurological,propionaldehyde,0.08706592777540705
bipolar,neurological,pyrrole,0.03973655728519745
bipolar,neurological,styrene,-0.005756477320129666
bipolar,neurological,toluene,-0.002335569691131557
bipolar,neurological,trimethylamine,0.02759116949825443
bipolar,neurological,undecane,0.058695380522185904
bipolar,neurological,valeric_acid,-0.0023937844708562138
bipolar,neurological,xylene,0.0027768281545931827
breast_benign,unspecified,2_butanone,0.10580077710244654
breast_benign,unspecified,2_pentanone,-0.38535505622696714
breast_benign,unspecified,3_methylbutanal,0.008672537882897804
breast_benign,unspecified,acetaldehyde,-0.4274087601554924
breast_benign,unspecified,acetic_acid,-0.009316844317487439
breast_benign,unspecified,acetone,0.28689024298271204
breast_benign,unspecified,acetonitrile,-0.42503412803449997
breast_benign,unspecified,allyl_methyl_sulfide,-0.43490342682215893
breast_benign,unspecified,ammonia,0.10155652453452596
breast_benign,unspecified,benzaldehyde,-0.022524881008587124
breast_benign,unspecified,benzene,0.12053474795386482
breast_benign,unspecified,butane,-0.009669434442427105
breast_benign,unspecified,butylamine,-0.009316844317487439
breast_benign,unspecified,butyric_acid,-0.009316844317487439
breast_benign,unspecified,carbon_disulfide,0.012906405641467385
breast_benign,unspecified,crotonaldehyde,-0.007112508992313598
breast_benign,unspecified,cyclohexane,-0.0017770953766261233
breast_benign,unspecified,decanal,-0.00794109190867834
breast_benign,unspecified,dimethyl_amine,-0.015807116517464023
breast_benign,unspecified,dimethyl_disulfide,0.00010351329200491581
breast_benign,unspecified,dms,0.013446960918225297
breast_benign,unspecified,dmts,0.019280317709067088
breast_benign,unspecified,dodecane,-0.007304118507233482
breast_benign,unspecified,ethane,0.010495727132982363
breast_benign,unspecified,ethanol,0.005249858551974376
breast_benign,unspecified,ethyl_acetate,0.027045165055744034
breast_benign,unspecified,ethylbenzene,-0.15490592105918605
breast_benign,unspecified,formaldehyde,-0.02588542620236717
breast_benign,unspecified,furan,-0.17751417114329834
breast_benign,unspecified,heptanal,0.06873937958715444
breast_benign,unspecified,hexanal,1.1716855800476829
breast_benign,unspecified,hexane,-0.0003490802650465204
breast_benign,unspecified,hydrogen_sulfide,-0.004161938961984116
breast_benign,unspecified,indole,0.013446960918225614
breast_benign,unspecified,isoprene,-0.07642489056930739
breast_benign,unspecified,isopropanol,0.0824228677712776
breast_benign,unspecified,limonene,-0.0030891181027738347
breast_benign,unspecified,methanol,-0.01159100160445383
breast_benign,unspecified,methyl_acetate,-0.43120273504886686
breast_benign,unspecified,methyl_mercaptan,-0.004161938961984116
breast_benign,unspecified,nonanal,0.07630840027471689
breast_benign,unspecified,octanal,0.14279117234508065
breast_benign,unspecified,octane,0.317703056559684
breast_benign,unspecified,pentane,1.8221909143014912
breast_benign,unspecified,phenol,0.27944005743772243
breast_benign,unspecified,propanol,-0.039544300824638765
breast_benign,unspecified,propionaldehyde,-0.006146508992313526
breast_benign,unspecified,pyrrole,-0.01898895105848673
breast_benign,unspecified,styrene,-0.014966841032337379
breast_benign,unspecified,toluene,-0.006072481196941563
breast_benign,unspecified,trimethylamine,-0.004775870085668048
breast_benign,unspecified,undecane,0.01793378935768337
breast_benign,unspecified,valeric_acid,-0.009316844317487439
breast_benign,unspecified,xylene,0.010854883296926215
breast_invasive_carcinoma,cancer,2_butanone,2.922481653443106
breast_invasive_carcinoma,cancer,2_pentanone,-0.38535505622696714
breast_invasive_carcinoma,cancer,3_methylbutanal,0.01089981061017042
breast_invasive_carcinoma,cancer,acetaldehyde,3.1553658795308386
breast_invasive_carcinoma,cancer,acetic_acid,-0.009316844317487439
breast_invasive_carcinoma,cancer,acetone,0.40716110945172035
breast_invasive_carcinoma,cancer,acetonitrile,-0.42503412803449997
breast_invasive_carcinoma,cancer,allyl_methyl_sulfide,-0.43490342682215893
breast_invasive_carcinoma,cancer,ammonia,0.21796673301653555
breast_invasive_carcinoma,cancer,benzaldehyde,-0.022524881008587124
breast_invasive_carcinoma,cancer,benzene,0.12053474795386482
breast_invasive_carcinoma,cancer,butane,0.2925696235773813
breast_invasive_carcinoma,cancer,butylamine,-0.009316844317487439
breast_invasive_carcinoma,cancer,butyric_acid,-0.009316844317487439
breast_invasive_carcinoma,cancer,carbon_disulfide,0.015431003950633328
breast_invasive_carcinoma,cancer,crotonaldehyde,-0.0030133089923135245
breast_invasive_carcinoma,cancer,cyclohexane,0.001297304623373773
breast_invasive_carcinoma,cancer,decanal,-0.0023046919086780904
breast_invasive_carcinoma,cancer,dimethyl_amine,-0.014216207426554776
breast_invasive_carcinoma,cancer,dimethyl_disulfide,0.00010351329200491581
breast_invasive_carcinoma,cancer,dms,0.017659447919054296
breast_invasive_carcinoma,cancer,dmts,1.4195678846077548
breast_invasive_carcinoma,cancer,dodecane,-0.004434678507233402
breast_invasive_carcinoma,cancer,ethane,0.015107327132982134
breast_invasive_carcinoma,cancer,ethanol,3.3568024720399956
breast_invasive_carcinoma,cancer,ethyl_acetate,0.027045165055744034
breast_invasive_carcinoma,cancer,ethylbenzene,-0.09540592105918609
breast_invasive_carcinoma,cancer,formaldehyde,-0.02588542620236717
breast_invasive_carcinoma,cancer,furan,0.14732482103211714
breast_invasive_carcinoma,cancer,heptanal,0.2580208104053738
breast_invasive_carcinoma,cancer,hexanal,3.3756619511499113
breast_invasive_carcinoma,cancer,hexane,0.31727737775476184
breast_invasive_carcinoma,cancer,hydrogen_sulfide,-0.0013964736879371626
breast_invasive_carcinoma,cancer,indole,0.013446960918225614
breast_invasive_carcinoma,cancer,isoprene,-1.2945152615464068
breast_invasive_carcinoma,cancer,isopropanol,0.0824228677712776
breast_invasive_carcinoma,cancer,limonene,-0.0030891181027738347
breast_invasive_carcinoma,cancer,methanol,-0.01159100160445383
breast_invasive_carcinoma,cancer,methyl_acetate,-0.43120273504886686
breast_invasive_carcinoma,cancer,methyl_mercaptan,-0.000842599726486612
breast_invasive_carcinoma,cancer,nonanal,0.32551064772309135
breast_invasive_carcinoma,cancer,octanal,0.3977713389415048
breast_invasive_carcinoma,cancer,octane,0.3212898565596839
breast_invasive_carcinoma,cancer,pentane,1.7922192891493267
breast_invasive_carcinoma,cancer,phenol,0.27944005743772243
breast_invasive_carcinoma,cancer,propanol,-0.039544300824638765
breast_invasive_carcinoma,cancer,propionaldehyde,0.3119923490274949
breast_invasive_carcinoma,cancer,pyrrole,-0.01898895105848673
breast_invasive_carcinoma,cancer,styrene,0.09331089782300296
breast_invasive_carcinoma,cancer,toluene,-0.006072481196941563
breast_invasive_carcinoma,cancer,trimethylamine,-0.004775870085668048
breast_invasive_carcinoma,cancer,undecane,0.021008189357683334
breast_invasive_carcinoma,cancer,valeric_acid,-0.009316844317487439
breast_invasive_carcinoma,cancer,xylene,0.010854883296926215
cancer_bladder,cancer,2_butanone,0.6154913832462209
cancer_bladder,cancer,2_pentanone,-0.4819132973136886
cancer_bladder,cancer,3_methylbutanal,0.017689651519261246
cancer_bladder,cancer,acetaldehyde,0.9086189185670653
cancer_bladder,cancer,acetic_acid,-0.009316844317487439
cancer_bladder,cancer,acetone,0.330114148375813
cancer_bladder,cancer,acetonitrile,-0.42503412803449997
cancer_bladder,cancer,allyl_methyl_sulfide,-0.43490342682215893
cancer_bladder,cancer,ammonia,0.10407014226520354
cancer_bladder,cancer,benzaldehyde,-0.022524881008587124
cancer_bladder,cancer,benzene,0.15868675044413477
cancer_bladder,cancer,butane,0.29903762357738123
cancer_bladder,cancer,butylamine,-0.009316844317487439
cancer_bladder,cancer,butyric_acid,-0.009316844317487439
cancer_bladder,cancer,carbon_disulfide,0.012906405641467385
cancer_bladder,cancer,crotonaldehyde,0.004378691007686331
cancer_bladder,cancer,cyclohexane,0.006841304623373869
cancer_bladder,cancer,decanal,0.007859308091321675
cancer_bladder,cancer,dimethyl_amine,-0.009366321062918586
cancer_bladder,cancer,dimethyl_disulfide,0.00010351329200491581
cancer_bladder,cancer,dms,0.013446960918225297
cancer_bladder,cancer,dmts,0.019280317709067088
cancer_bladder,cancer,dodecane,0.0007397214927665825
cancer_bladder,cancer,ethane,0.023423327132982216
cancer_bladder,cancer,ethanol,0.8960764831045231
cancer_bladder,cancer,ethyl_acetate,0.027045165055744034
cancer_bladder,cancer,ethylbenzene,-0.12074954100841716
cancer_bladder,cancer,formaldehyde,-0.02588542620236717
cancer_bladder,cancer,furan,0.14928820398866957
cancer_bladder,cancer,heptanal,0.4095221395359147
cancer_bladder,cancer,hexanal,2.3317914078120245
cancer_bladder,cancer,hexane,0.3246693777547619
cancer_bladder,cancer,hydrogen_sulfide,-0.004161938961984116
cancer_bladder,cancer,indole,0.013446960918225614
cancer_bladder,cancer,isoprene,-0.07642489056930739
cancer_bladder,cancer,isopropanol,0.08231778876594291
cancer_bladder,cancer,limonene,-0.0030891181027738347
cancer_bladder,cancer,methanol,-0.01159100160445383
cancer_bladder,cancer,methyl_acetate,-0.43120273504886686
cancer_bladder,cancer,methyl_mercaptan,-0.004161938961984116
cancer_bladder,cancer,nonanal,0.5311125295321645
cancer_bladder,cancer,octanal,0.46262207724222576
cancer_bladder,cancer,octane,0.3566478212637259
cancer_bladder,cancer,pentane,2.6687073302456725
cancer_bladder,cancer,phenol,0.27944005743772243
cancer_bladder,cancer,propanol,-0.037873187538160935
cancer_bladder,cancer,propionaldehyde,0.3203083490274949
cancer_bladder,cancer,pyrrole,-0.01898895105848673
cancer_bladder,cancer,styrene,0.09331089782300296
cancer_bladder,cancer,toluene,-0.006072481196941563
cancer_bladder,cancer,trimethylamine,-0.004775870085668048
cancer_bladder,cancer,undecane,0.026552189357683286
cancer_bladder,cancer,valeric_acid,-0.009316844317487439
cancer_bladder,cancer,xylene,0.010854883296926215
cancer_blood,cancer,2_butanone,0.8955316611427302
cancer_blood,cancer,2_pentanone,-0.4819132973136886
cancer_blood,cancer,3_methylbutanal,0.019376309473806738
cancer_blood,cancer,acetaldehyde,1.1921281379821973
cancer_blood,cancer,acetic_acid,-0.009316844317487439
cancer_blood,cancer,acetone,0.3316967518527591
cancer_blood,cancer,acetonitrile,-0.42503412803449997
cancer_blood,cancer,allyl_methyl_sulfide,-0.43490342682215893
cancer_blood,cancer,ammonia,0.10454082684582769
cancer_blood,cancer,benzaldehyde,-0.022524881008587124
cancer_blood,cancer,benzene,0.15868675044413477
cancer_blood,cancer,butane,0.29750882357738123
cancer_blood,cancer,butylamine,-0.009316844317487439
cancer_blood,cancer,butyric_acid,-0.009316844317487439
cancer_blood,cancer,carbon_disulfide,0.012906405641467385
cancer_blood,cancer,crotonaldehyde,0.002631491007686332
cancer_blood,cancer,cyclohexane,0.005530904623373869
cancer_blood,cancer,decanal,0.0054569080913217174
cancer_blood,cancer,dimethyl_amine,-0.008161565381100432
cancer_blood,cancer,dimethyl_disulfide,0.00010351329200491581
cancer_blood,cancer,dms,0.013446960918225297
cancer_blood,cancer,dmts,0.019280317709067088
cancer_blood,cancer,dodecane,-0.0004833185072335221
cancer_blood,cancer,ethane,0.021457727132982118
cancer_blood,cancer,ethanol,1.930504008985934
cancer_blood,cancer,ethyl_acetate,0.027045165055744034
cancer_blood,cancer,ethylbenzene,-0.12074954100841716
cancer_blood,cancer,formaldehyde,-0.02588542620236717
cancer_blood,cancer,furan,0.1488238053550581
cancer_blood,cancer,heptanal,0.40690133953591434
cancer_blood,cancer,hexanal,2.776985649365385
cancer_blood,cancer,hexane,0.32292217775476195
cancer_blood,cancer,hydrogen_sulfide,-0.004161938961984116
cancer_blood,cancer,indole,0.013446960918225614
cancer_blood,cancer,isoprene,-0.07642489056930739
cancer_blood,cancer,isopropanol,0.08231778876594291
cancer_blood,cancer,limonene,-0.0030891181027738347
cancer_blood,cancer,methanol,-0.01159100160445383
cancer_blood,cancer,methyl_acetate,-0.43120273504886686
cancer_blood,cancer,methyl_mercaptan,-0.004161938961984116
cancer_blood,cancer,nonanal,0.5282733295321644
cancer_blood,cancer,octanal,0.4615299834440046
cancer_blood,cancer,octane,0.3551190212637258
cancer_blood,cancer,pentane,2.855747548897373
cancer_blood,cancer,phenol,0.27944005743772243
cancer_blood,cancer,propanol,-0.037873187538160935
cancer_blood,cancer,propionaldehyde,0.31834274902749504
cancer_blood,cancer,pyrrole,-0.01898895105848673
cancer_blood,cancer,styrene,0.09331089782300296
cancer_blood,cancer,toluene,-0.006072481196941563
cancer_blood,cancer,trimethylamine,-0.004775870085668048
cancer_blood,cancer,undecane,0.025241789357683255
cancer_blood,cancer,valeric_acid,-0.009316844317487439
cancer_blood,cancer,xylene,0.010854883296926215
cancer_kidney,cancer,2_butanone,0.6154913832462209
cancer_kidney,cancer,2_pentanone,-0.4819132973136886
cancer_kidney,cancer,3_methylbutanal,0.017689651519261246
cancer_kidney,cancer,acetaldehyde,0.9086189185670653
cancer_kidney,cancer,acetic_acid,-0.009316844317487439
cancer_kidney,cancer,acetone,0.330114148375813
cancer_kidney,cancer,acetonitrile,-0.42503412803449997
cancer_kidney,cancer,allyl_methyl_sulfide,-0.43490342682215893
cancer_kidney,cancer,ammonia,0.10407014226520354
cancer_kidney,cancer,benzaldehyde,-0.022524881008587124
cancer_kidney,cancer,benzene,0.15868675044413477
cancer_kidney,cancer,butane,0.29750882357738123
cancer_kidney,cancer,butylamine,-0.009316844317487439
cancer_kidney,cancer,butyric_acid,-0.009316844317487439
cancer_kidney,cancer,carbon_disulfide,0.012906405641467385
cancer_kidney,cancer,crotonaldehyde,0.002631491007686332
cancer_kidney,cancer,cyclohexane,0.005530904623373869
cancer_kidney,cancer,decanal,0.0054569080913217174
cancer_kidney,cancer,dimethyl_amine,-0.009366321062918586
cancer_kidney,cancer,dimethyl_disulfide,0.00010351329200491581
cancer_kidney,cancer,dms,0.013446960918225297
cancer_kidney,cancer,dmts,0.019280317709067088
cancer_kidney,cancer,dodecane,-0.0004833185072335221
cancer_kidney,cancer,ethane,0.021457727132982118
cancer_kidney,cancer,ethanol,0.42752099208959177
cancer_kidney,cancer,ethyl_acetate,0.027045165055744034
cancer_kidney,cancer,ethylbenzene,-0.12074954100841716
cancer_kidney,cancer,formaldehyde,-0.02588542620236717
cancer_kidney,cancer,furan,0.1488238053550581
cancer_kidney,cancer,heptanal,0.40690133953591434
cancer_kidney,cancer,hexanal,2.5311753723470405
cancer_kidney,cancer,hexane,0.32292217775476195
cancer_kidney,cancer,hydrogen_sulfide,-0.004161938961984116
cancer_kidney,cancer,indole,0.013446960918225614
cancer_kidney,cancer,isoprene,-0.07642489056930739
cancer_kidney,cancer,isopropanol,0.08231778876594291
cancer_kidney,cancer,limonene,-0.0030891181027738347
cancer_kidney,cancer,methanol,-0.01159100160445383
cancer_kidney,cancer,methyl_acetate,-0.43120273504886686
cancer_kidney,cancer,methyl_mercaptan,-0.004161938961984116
cancer_kidney,cancer,nonanal,0.5282733295321644
cancer_kidney,cancer,octanal,0.4615299834440046
cancer_kidney,cancer,octane,0.3551190212637258
cancer_kidney,cancer,pentane,2.913775513328183
cancer_kidney,cancer,phenol,0.27944005743772243
cancer_kidney,cancer,propanol,-0.037873187538160935
cancer_kidney,cancer,propionaldehyde,0.31834274902749504
cancer_kidney,cancer,pyrrole,-0.01898895105848673
cancer_kidney,cancer,styrene,0.09331089782300296
cancer_kidney,cancer,toluene,-0.006072481196941563
cancer_kidney,cancer,trimethylamine,-0.004775870085668048
cancer_kidney,cancer,undecane,0.025241789357683255
cancer_kidney,cancer,valeric_acid,-0.009316844317487439
cancer_kidney,cancer,xylene,0.010854883296926215
cancer_prostate,cancer,2_butanone,1.2304944614928652
cancer_prostate,cancer,2_pentanone,-0.4819132973136886
cancer_prostate,cancer,3_methylbutanal,0.04095017424653424
cancer_prostate,cancer,acetaldehyde,-0.2913195877197177
cancer_prostate,cancer,acetic_acid,0.04101287976626742
cancer_prostate,cancer,acetone,0.41826994659818356
cancer_prostate,cancer,acetonitrile,-0.3343335524215013
cancer_prostate,cancer,allyl_methyl_sulfide,-0.3457632380243816
cancer_prostate,cancer,ammonia,0.11057549445977805
cancer_prostate,cancer,benzaldehyde,-0.008412881008587059
cancer_prostate,cancer,benzene,0.17781108218172859
cancer_prostate,cancer,butane,0.012674565557572808
cancer_prostate,cancer,butylamine,0.04101287976626742
cancer_prostate,cancer,butyric_acid,0.04101287976626742
cancer_prostate,cancer,carbon_disulfide,0.02267543655930034
cancer_prostate,cancer,crotonaldehyde,0.018423491007686317
cancer_prostate,cancer,cyclohexane,0.017374904623373894
cancer_prostate,cancer,decanal,0.057677529299693324
cancer_prostate,cancer,dimethyl_amine,0.007248338027990651
cancer_prostate,cancer,dimethyl_disulfide,0.00010351329200491581
cancer_prostate,cancer,dms,0.023220362310343877
cancer_prostate,cancer,dmts,0.040669048242566536
cancer_prostate,cancer,dodecane,0.010571081492766485
cancer_prostate,cancer,ethane,0.06973034834135393
cancer_prostate,cancer,ethanol,3.1810219123457415
cancer_prostate,cancer,ethyl_acetate,0.048433895589243416
cancer_prostate,cancer,ethylbenzene,-0.1637855410084171
cancer_prostate,cancer,formaldehyde,-0.9143516764094382
cancer_prostate,cancer,furan,-0.14227831496870738
cancer_prostate,cancer,heptanal,0.18881472453640244
cancer_prostate,cancer,hexanal,3.651847046308583
cancer_prostate,cancer,hexane,0.025186919734953437
cancer_prostate,cancer,hydrogen_sulfide,-0.004161938961984116
cancer_prostate,cancer,indole,0.023220362310344193
cancer_prostate,cancer,isoprene,-0.24834031536713988
cancer_prostate,cancer,isopropanol,0.07671082568926359
cancer_prostate,cancer,limonene,0.0072693671823016
cancer_prostate,cancer,methanol,0.04595484200969665
cancer_prostate,cancer,methyl_acetate,-0.34050215943586803
cancer_prostate,cancer,methyl_mercaptan,-0.004161938961984116
cancer_prostate,cancer,nonanal,0.2692092617628144
cancer_prostate,cancer,octanal,0.030150073050382552
cancer_prostate,cancer,octane,0.2553065444859302
cancer_prostate,cancer,pentane,3.614989534339618
cancer_prostate,cancer,phenol,0.27944005743772243
cancer_prostate,cancer,propanol,-0.037873187538160935
cancer_prostate,cancer,propionaldehyde,0.05308811221605817
cancer_prostate,cancer,pyrrole,-0.01898895105848673
cancer_prostate,cancer,styrene,0.0014971589676626238
cancer_prostate,cancer,toluene,0.012743518803058324
cancer_prostate,cancer,trimethylamine,-0.004775870085668048
cancer_prostate,cancer,undecane,0.04578224151711052
cancer_prostate,cancer,valeric_acid,0.04101287976626742
cancer_prostate,cancer,xylene,0.02816786240927503
cancer_skin_melanoma,cancer,2_butanone,2.3103454707220075
cancer_skin_melanoma,cancer,2_pentanone,-0.4819132973136886
cancer_skin_melanoma,cancer,3_methylbutanal,0.023744715155625064
cancer_skin_melanoma,cancer,acetaldehyde,2.606961454830189
cancer_skin_melanoma,cancer,acetic_acid,-0.009316844317487439
cancer_skin_melanoma,cancer,acetone,0.3313216297698872
cancer_skin_melanoma,cancer,acetonitrile,-0.42503412803449997
cancer_skin_melanoma,cancer,allyl_methyl_sulfide,-0.43490342682215893
cancer_skin_melanoma,cancer,ammonia,0.10576063713784972
cancer_skin_melanoma,cancer,benzaldehyde,-0.022524881008587124
cancer_skin_melanoma,cancer,benzene,0.15868675044413477
cancer_skin_melanoma,cancer,butane,0.2998020235773813
cancer_skin_melanoma,cancer,butylamine,-0.009316844317487439
cancer_skin_melanoma,cancer,butyric_acid,-0.009316844317487439
cancer_skin_melanoma,cancer,carbon_disulfide,0.012906405641467385
cancer_skin_melanoma,cancer,crotonaldehyde,0.005252291007686319
cancer_skin_melanoma,cancer,cyclohexane,0.0074965046233737955
cancer_skin_melanoma,cancer,decanal,0.009060508091321614
cancer_skin_melanoma,cancer,dimethyl_amine,-0.005041275608373141
cancer_skin_melanoma,cancer,dimethyl_disulfide,0.00010351329200491581
cancer_skin_melanoma,cancer,dms,0.013446960918225297
cancer_skin_melanoma,cancer,dmts,0.019280317709067088
cancer_skin_melanoma,cancer,dodecane,0.0013512414927665823
cancer_skin_melanoma,cancer,ethane,0.02440612713298231
cancer_skin_melanoma,cancer,ethanol,3.2995591446703427
cancer_skin_melanoma,cancer,ethyl_acetate,0.027045165055744034
cancer_skin_melanoma,cancer,ethylbenzene,-0.12074954100841716
cancer_skin_melanoma,cancer,formaldehyde,-0.02588542620236717
cancer_skin_melanoma,cancer,furan,0.1495204790668603
cancer_skin_melanoma,cancer,heptanal,0.410832539535915
cancer_skin_melanoma,cancer,hexanal,3.4601507224239243
cancer_skin_melanoma,cancer,hexane,0.3255429777547619
cancer_skin_melanoma,cancer,hydrogen_sulfide,-0.004161938961984116
cancer_skin_melanoma,cancer,indole,0.013446960918225614
cancer_skin_melanoma,cancer,isoprene,-0.07642489056930739
cancer_skin_melanoma,cancer,isopropanol,0.08231778876594291
cancer_skin_melanoma,cancer,limonene,-0.0030891181027738347
cancer_skin_melanoma,cancer,methanol,-0.01159100160445383
cancer_skin_melanoma,cancer,methyl_acetate,-0.43120273504886686
cancer_skin_melanoma,cancer,methyl_mercaptan,-0.004161938961984116
cancer_skin_melanoma,cancer,nonanal,0.5325321295321644
cancer_skin_melanoma,cancer,octanal,0.46316849611423583
cancer_skin_melanoma,cancer,octane,0.35741222126372574
cancer_skin_melanoma,cancer,pentane,2.7012376248256498
cancer_skin_melanoma,cancer,phenol,0.27944005743772243
cancer_skin_melanoma,cancer,propanol,-0.037873187538160935
cancer_skin_melanoma,cancer,propionaldehyde,0.32129114902749495
cancer_skin_melanoma,cancer,pyrrole,-0.01898895105848673
cancer_skin_melanoma,cancer,styrene,0.09331089782300296
cancer_skin_melanoma,cancer,toluene,-0.006072481196941563
cancer_skin_melanoma,cancer,trimethylamine,-0.004775870085668048
cancer_skin_melanoma,cancer,undecane,0.027207389357683177
cancer_skin_melanoma,cancer,valeric_acid,-0.009316844317487439
cancer_skin_melanoma,cancer,xylene,0.010854883296926215
cancer_stomach,cancer,2_butanone,2.7820874420484993
cancer_stomach,cancer,2_pentanone,-0.4666007973136885
cancer_stomach,cancer,3_methylbutanal,0.04446258333744319
cancer_stomach,cancer,acetaldehyde,-0.21621251787582696
cancer_stomach,cancer,acetic_acid,0.04101287976626742
cancer_stomach,cancer,acetone,0.6851652013055279
cancer_stomach,cancer,acetonitrile,-0.3343335524215013
cancer_stomach,cancer,allyl_methyl_sulfide,-0.3457632380243816
cancer_stomach,cancer,ammonia,0.37172418181818184
cancer_stomach,cancer,benzaldehyde,-0.022524881008587124
cancer_stomach,cancer,benzene,0.1613470821817285
cancer_stomach,cancer,butane,0.005398065557572997
cancer_stomach,cancer,butylamine,0.04101287976626742
cancer_stomach,cancer,butyric_acid,0.04101287976626742
cancer_stomach,cancer,carbon_disulfide,0.02267543655930034
cancer_stomach,cancer,crotonaldehyde,0.01010749100768636
cancer_stomach,cancer,cyclohexane,0.01113790462337393
cancer_stomach,cancer,decanal,0.01573640809132171
cancer_stomach,cancer,dimethyl_amine,0.009757201664354028
cancer_stomach,cancer,dimethyl_disulfide,0.00010351329200491581
cancer_stomach,cancer,dms,0.023220362310343877
cancer_stomach,cancer,dmts,0.040669048242566536
cancer_stomach,cancer,dodecane,0.004749881492766552
cancer_stomach,cancer,ethane,0.029868227132982258
cancer_stomach,cancer,ethanol,3.333896831748141
cancer_stomach,cancer,ethyl_acetate,0.06604327058924338
cancer_stomach,cancer,ethylbenzene,-0.18024954100841714
cancer_stomach,cancer,formaldehyde,0.08294690270912472
cancer_stomach,cancer,furan,-0.14431867031852486
cancer_stomach,cancer,heptanal,0.17634072453640243
cancer_stomach,cancer,hexanal,3.775448945961913
cancer_stomach,cancer,hexane,0.01687091973495357
cancer_stomach,cancer,hydrogen_sulfide,0.42269534984174506
cancer_stomach,cancer,indole,0.066196207789435
cancer_stomach,cancer,isoprene,0.8146790265963959
cancer_stomach,cancer,isopropanol,0.08792138783672827
cancer_stomach,cancer,limonene,0.007494881897226266
cancer_stomach,cancer,methanol,0.04529065482748677
cancer_stomach,cancer,methyl_acetate,-0.34050215943586803
cancer_stomach,cancer,methyl_mercaptan,-0.004161938961984116
cancer_stomach,cancer,nonanal,0.6402694274795048
cancer_stomach,cancer,octanal,0.010950876330970551
cancer_stomach,cancer,octane,0.24803004448593036
cancer_stomach,cancer,pentane,3.210575746838084
cancer_stomach,cancer,phenol,0.48944005743772234
cancer_stomach,cancer,propanol,-0.02907683249546128
cancer_stomach,cancer,propionaldehyde,0.013225991007686486
cancer_stomach,cancer,pyrrole,-0.01898895105848673
cancer_stomach,cancer,styrene,0.5818789243653214
cancer_stomach,cancer,toluene,-0.006072481196941563
cancer_stomach,cancer,trimethylamine,0.004278408822272721
cancer_stomach,cancer,undecane,0.03954524151711059
cancer_stomach,cancer,valeric_acid,0.04101287976626742
cancer_stomach,cancer,xylene,0.020607312305075762
celiac,inflammatory,2_butanone,0.03881808441729274
celiac,inflammatory,2_pentanone,-0.1482134831642181
celiac,inflammatory,3_methylbutanal,0.3030191872353066
celiac,inflammatory,acetaldehyde,-0.1442305487777534
celiac,inflammatory,acetic_acid,-0.0035921678087984855
celiac,inflammatory,acetone,0.0857769171159053
celiac,inflammatory,acetonitrile,-0.16347466462865382
celiac,inflammatory,allyl_methyl_sulfide,-0.16727054877775338
celiac,inflammatory,ammonia,0.10467405378258367
celiac,inflammatory,benzaldehyde,-0.008663415772533621
celiac,inflammatory,benzene,0.04635951844379424
celiac,inflammatory,butane,0.03337021752214339
celiac,inflammatory,butylamine,-0.0035921678087984855
celiac,inflammatory,butyric_acid,-0.0035921678087984855
celiac,inflammatory,carbon_disulfide,0.004947467251854851
celiac,inflammatory,crotonaldehyde,0.03965211192603325
celiac,inflammatory,cyclohexane,0.03110727100899001
celiac,inflammatory,decanal,0.05522881080435462
celiac,inflammatory,dimethyl_amine,0.013844815325450751
celiac,inflammatory,dimethyl_disulfide,3.981280461735194e-05
celiac,inflammatory,dms,0.005153966517019903
celiac,inflammatory,dmts,0.00741550681117983
celiac,inflammatory,dodecane,0.026862108266448692
celiac,inflammatory,ethane,0.07121816428191625
celiac,inflammatory,ethanol,0.015232808394657906
celiac,inflammatory,ethyl_acetate,0.03056198655990155
celiac,inflammatory,ethylbenzene,-0.059579200407379365
celiac,inflammatory,formaldehyde,-0.009955933154756604
celiac,inflammatory,furan,-0.0607058606901215
celiac,inflammatory,heptanal,0.09001976137967488
celiac,inflammatory,hexanal,2.242740387645266
celiac,inflammatory,hexane,0.04225343066728997
celiac,inflammatory,hydrogen_sulfide,0.4591902729182341
celiac,inflammatory,indole,0.012989501023377772
celiac,inflammatory,isoprene,-0.030016761792365097
celiac,inflammatory,isopropanol,0.05614180086574822
celiac,inflammatory,limonene,-0.0011881223472207279
celiac,inflammatory,methanol,0.002001524325538724
celiac,inflammatory,methyl_acetate,-0.16584720578802575
celiac,inflammatory,methyl_mercaptan,-0.0016024880247879397
celiac,inflammatory,nonanal,0.10721375972104494
celiac,inflammatory,octanal,0.3269549143325108
celiac,inflammatory,octane,0.1592827140614168
celiac,inflammatory,pentane,2.888747623117595
celiac,inflammatory,phenol,0.10747694516835488
celiac,inflammatory,propanol,-0.005093381986556415
celiac,inflammatory,propionaldehyde,0.04532211192603325
celiac,inflammatory,pyrrole,-0.007303442714802512
celiac,inflammatory,styrene,-0.005756477320129666
celiac,inflammatory,toluene,-0.002335569691131557
celiac,inflammatory,trimethylamine,0.00855821194051198
celiac,inflammatory,undecane,0.038688380522185935
celiac,inflammatory,valeric_acid,-0.0035921678087984855
celiac,inflammatory,xylene,0.004163240537168198
cervical_cancer,cancer,2_butanone,0.6241684665795543
cervical_cancer,cancer,2_pentanone,-0.4819132973136886
cervical_cancer,cancer,3_methylbutanal,0.017689651519261246
cervical_cancer,cancer,acetaldehyde,0.9185890574559543
cervical_cancer,cancer,acetic_acid,-0.009316844317487439
cervical_cancer,cancer,acetone,0.3330747815469631
cervical_cancer,cancer,acetonitrile,-0.42503412803449997
cervical_cancer,cancer,allyl_methyl_sulfide,-0.43490342682215893
cervical_cancer,cancer,ammonia,0.10407014226520354
cervical_cancer,cancer,benzaldehyde,-0.022524881008587124
cervical_cancer,cancer,benzene,0.15868675044413477
cervical_cancer,cancer,butane,0.29750882357738123
cervical_cancer,cancer,butylamine,-0.009316844317487439
cervical_cancer,cancer,butyric_acid,-0.009316844317487439
cervical_cancer,cancer,carbon_disulfide,0.012906405641467385
cervical_cancer,cancer,crotonaldehyde,0.002631491007686332
cervical_cancer,cancer,cyclohexane,0.005530904623373869
cervical_cancer,cancer,decanal,0.0054569080913217174
cervical_cancer,cancer,dimethyl_amine,-0.009366321062918586
cervical_cancer,cancer,dimethyl_disulfide,0.00010351329200491581
cervical_cancer,cancer,dms,0.013446960918225297
cervical_cancer,cancer,dmts,0.019280317709067088
cervical_cancer,cancer,dodecane,-0.0004833185072335221
cervical_cancer,cancer,ethane,0.021457727132982118
cervical_cancer,cancer,ethanol,1.0510786225517992
cervical_cancer,cancer,ethyl_acetate,0.027045165055744034
cervical_cancer,cancer,ethylbenzene,-0.12074954100841716
cervical_cancer,cancer,formaldehyde,-0.02588542620236717
cervical_cancer,cancer,furan,0.1488238053550581
cervical_cancer,cancer,heptanal,0.40690133953591434
cervical_cancer,cancer,hexanal,2.626052686962449
cervical_cancer,cancer,hexane,0.32292217775476195
cervical_cancer,cancer,hydrogen_sulfide,-0.004161938961984116
cervical_cancer,cancer,indole,0.013446960918225614
cervical_cancer,cancer,isoprene,-0.07458542887048412
cervical_cancer,cancer,isopropanol,0.08231778876594291
cervical_cancer,cancer,limonene,-0.0030891181027738347
cervical_cancer,cancer,methanol,-0.01159100160445383
cervical_cancer,cancer,methyl_acetate,-0.43120273504886686
cervical_cancer,cancer,methyl_mercaptan,-0.004161938961984116
cervical_cancer,cancer,nonanal,0.5282733295321644
cervical_cancer,cancer,octanal,0.4615299834440046
cervical_cancer,cancer,octane,0.3551190212637258
cervical_cancer,cancer,pentane,2.9243799256449075
cervical_cancer,cancer,phenol,0.27944005743772243
cervical_cancer,cancer,propanol,-0.037873187538160935
cervical_cancer,cancer,propionaldehyde,0.31834274902749504
cervical_cancer,cancer,pyrrole,-0.01898895105848673
cervical_cancer,cancer,styrene,0.09331089782300296
cervical_cancer,cancer,toluene,-0.006072481196941563
cervical_cancer,cancer,trimethylamine,-0.004775870085668048
cervical_cancer,cancer,undecane,0.025241789357683255
cervical_cancer,cancer,valeric_acid,-0.009316844317487439
cervical_cancer,cancer,xylene,0.010854883296926215
chronic_bronchitis,pulmonary,2_butanone,0.03881808441729274
chronic_bronchitis,pulmonary,2_pentanone,0.034198221348161244
chronic_bronchitis,pulmonary,3_methylbutanal,0.068573525792703
chronic_bronchitis,pulmonary,acetaldehyde,-0.13765913680235373
chronic_bronchitis,pulmonary,acetic_acid,0.009116479029081944
chronic_bronchitis,pulmonary,acetone,0.31417853571112864
chronic_bronchitis,pulmonary,acetonitrile,-0.13386325265325427
chronic_bronchitis,pulmonary,allyl_methyl_sulfide,-0.12097928557743882
chronic_bronchitis,pulmonary,ammonia,1.6026942419203831
chronic_bronchitis,pulmonary,benzaldehyde,0.005194825139310062
chronic_bronchitis,pulmonary,benzene,-0.060560720274311954
chronic_bronchitis,pulmonary,butane,0.15953946451730308
chronic_bronchitis,pulmonary,butylamine,0.009116479029081944
chronic_bronchitis,pulmonary,butyric_acid,0.009116479029081944
chronic_bronchitis,pulmonary,carbon_disulfide,0.008029750676658523
chronic_bronchitis,pulmonary,crotonaldehyde,0.18119618313994285
chronic_bronchitis,pulmonary,cyclohexane,0.14162997434109123
chronic_bronchitis,pulmonary,decanal,0.24073452513321614
chronic_bronchitis,pulmonary,dimethyl_amine,0.06516422669183992
chronic_bronchitis,pulmonary,dimethyl_disulfide,0.037018163435961066
chronic_bronchitis,pulmonary,dms,0.017406828501258458
chronic_bronchitis,pulmonary,dmts,0.015593857442523326
chronic_bronchitis,pulmonary,dodecane,0.12501486966947378
chronic_bronchitis,pulmonary,ethane,0.984567245035067
chronic_bronchitis,pulmonary,ethanol,-0.00020839014922645325
chronic_bronchitis,pulmonary,ethyl_acetate,0.010722416488552922
chronic_bronchitis,pulmonary,ethylbenzene,-0.04219120040737927
chronic_bronchitis,pulmonary,formaldehyde,0.017619867280737177
chronic_bronchitis,pulmonary,furan,-0.011997464767374618
chronic_bronchitis,pulmonary,heptanal,0.27451765200467465
chronic_bronchitis,pulmonary,hexanal,4.348684473025377
chronic_bronchitis,pulmonary,hexane,0.18824018154868025
chronic_bronchitis,pulmonary,hydrogen_sulfide,0.36711693633779036
chronic_bronchitis,pulmonary,indole,0.03062816157964614
chronic_bronchitis,pulmonary,isoprene,-0.25228057390609354
chronic_bronchitis,pulmonary,isopropanol,0.05402766820037593
chronic_bronchitis,pulmonary,limonene,0.03183022828412302
chronic_bronchitis,pulmonary,methanol,0.00852321243854901
chronic_bronchitis,pulmonary,methyl_acetate,-0.13486960479581825
chronic_bronchitis,pulmonary,methyl_mercaptan,0.0158226263619017
chronic_bronchitis,pulmonary,nonanal,0.7922287043526313
chronic_bronchitis,pulmonary,octanal,0.11467091697856464
chronic_bronchitis,pulmonary,octane,0.30097394984229014
chronic_bronchitis,pulmonary,pentane,4.537617090930231
chronic_bronchitis,pulmonary,phenol,0.25693499345575993
chronic_bronchitis,pulmonary,propanol,0.2157929834619382
chronic_bronchitis,pulmonary,propionaldehyde,0.15472365491238055
chronic_bronchitis,pulmonary,pyrrole,0.011810798197040966
chronic_bronchitis,pulmonary,styrene,0.018443684294405984
chronic_bronchitis,pulmonary,toluene,0.19052295581775502
chronic_bronchitis,pulmonary,trimethylamine,0.01593907342665795
chronic_bronchitis,pulmonary,undecane,0.14299107161271102
chronic_bronchitis,pulmonary,valeric_acid,0.009116479029081944
chronic_bronchitis,pulmonary,xylene,0.015141960724402194
chronic_kidney_disease,metabolic,2_butanone,0.5073623706853835
chronic_kidney_disease,metabolic,2_pentanone,0.3539739321592289
chronic_kidney_disease,metabolic,3_methylbutanal,0.002478948136778942
chronic_kidney_disease,metabolic,acetaldehyde,-0.16727054877775338
chronic_kidney_disease,metabolic,acetic_acid,-0.0023937844708560533
chronic_kidney_disease,metabolic,acetone,0.4369524345493364
chronic_kidney_disease,metabolic,acetonitrile,-0.16347466462865382
chronic_kidney_disease,metabolic,allyl_methyl_sulfide,-0.16727054877775338
chronic_kidney_disease,metabolic,ammonia,3.237946691862379
chronic_kidney_disease,metabolic,benzaldehyde,-0.008663415772533621
chronic_kidney_disease,metabolic,benzene,0.04635951844379424
chronic_kidney_disease,metabolic,butane,-0.006319782477856551
chronic_kidney_disease,metabolic,butylamine,-0.0023937844708562138
chronic_kidney_disease,metabolic,butyric_acid,-0.0023937844708560533
chronic_kidney_disease,metabolic,carbon_disulfide,0.0033001959448757954
chronic_kidney_disease,metabolic,crotonaldehyde,-0.0057078880739668
chronic_kidney_disease,metabolic,cyclohexane,-0.0029127289910101943
chronic_kidney_disease,metabolic,decanal,-0.007141189195645485
chronic_kidney_disease,metabolic,dimethyl_amine,0.5464877971081661
chronic_kidney_disease,metabolic,dimethyl_disulfide,3.981280461735194e-05
chronic_kidney_disease,metabolic,dms,0.499950647701284
chronic_kidney_disease,metabolic,dmts,0.00741550681117983
chronic_kidney_disease,metabolic,dodecane,-0.004889891733551362
chronic_kidney_disease,metabolic,ethane,0.01300066428191637
chronic_kidney_disease,metabolic,ethanol,0.0005867416556261358
chronic_kidney_disease,metabolic,ethyl_acetate,0.010401986559901604
chronic_kidney_disease,metabolic,ethylbenzene,-0.059579200407379365
chronic_kidney_disease,metabolic,formaldehyde,0.0019240668452434732
chronic_kidney_disease,metabolic,furan,-0.04807387736044842
chronic_kidney_disease,metabolic,heptanal,0.02197976137967472
chronic_kidney_disease,metabolic,hexanal,0.9341018976665281
chronic_kidney_disease,metabolic,hexane,-0.003106569332710392
chronic_kidney_disease,metabolic,hydrogen_sulfide,-0.001068127549935545
chronic_kidney_disease,metabolic,indole,0.0034380226791812804
chronic_kidney_disease,metabolic,isoprene,-0.01994162275322662
chronic_kidney_disease,metabolic,isopropanol,0.45090567113619123
chronic_kidney_disease,metabolic,limonene,-0.0011881223472207279
chronic_kidney_disease,metabolic,methanol,-0.001005960526363111
chronic_kidney_disease,metabolic,methyl_acetate,-0.16584720578802575
chronic_kidney_disease,metabolic,methyl_mercaptan,-0.001068127549935545
chronic_kidney_disease,metabolic,nonanal,0.024519384721044857
chronic_kidney_disease,metabolic,octanal,-0.0011619981691168802
chronic_kidney_disease,metabolic,octane,0.11959271406141694
chronic_kidney_disease,metabolic,pentane,0.9461144287415753
chronic_kidney_disease,metabolic,phenol,0.10747694516835488
chronic_kidney_disease,metabolic,propanol,-0.010229177170484305
chronic_kidney_disease,metabolic,propionaldehyde,-0.0057078880739668
chronic_kidney_disease,metabolic,pyrrole,-0.007303442714802512
chronic_kidney_disease,metabolic,styrene,-0.005756477320129666
chronic_kidney_disease,metabolic,toluene,-0.002335569691131557
chronic_kidney_disease,metabolic,trimethylamine,0.2010708719704844
chronic_kidney_disease,metabolic,undecane,0.004668380522185913
chronic_kidney_disease,metabolic,valeric_acid,-0.0023937844708562138
chronic_kidney_disease,metabolic,xylene,0.0027768281545931827
chronic_liver_disease,metabolic,2_butanone,0.5011890839367484
chronic_liver_disease,metabolic,2_pentanone,0.3539739321592289
chronic_liver_disease,metabolic,3_methylbutanal,0.002478948136778942
chronic_liver_disease,metabolic,acetaldehyde,-0.16666543787045135
chronic_liver_disease,metabolic,acetic_acid,-0.00221292800956566
chronic_liver_disease,metabolic,acetone,0.3291659579773252
chronic_liver_disease,metabolic,acetonitrile,-0.16286955372135178
chronic_liver_disease,metabolic,allyl_methyl_sulfide,-0.16666543787045118
chronic_liver_disease,metabolic,ammonia,3.489546146681662
chronic_liver_disease,metabolic,benzaldehyde,0.09036631132581345
chronic_liver_disease,metabolic,benzene,0.1051595184437942
chronic_liver_disease,metabolic,butane,-0.006319782477856551
chronic_liver_disease,metabolic,butylamine,-0.0022129280095658206
chronic_liver_disease,metabolic,butyric_acid,-0.00221292800956566
chronic_liver_disease,metabolic,carbon_disulfide,1.2097504111841633
chronic_liver_disease,metabolic,crotonaldehyde,-0.0057078880739668
chronic_liver_disease,metabolic,cyclohexane,-0.0029127289910101943
chronic_liver_disease,metabolic,decanal,-0.007036433109344028
chronic_liver_disease,metabolic,dimethyl_amine,-0.006691548310912594
chronic_liver_disease,metabolic,dimethyl_disulfide,3.981280461735194e-05
chronic_liver_disease,metabolic,dms,3.3375398436210326
chronic_liver_disease,metabolic,dmts,0.31586350681117964
chronic_liver_disease,metabolic,dodecane,-0.004889891733551362
chronic_liver_disease,metabolic,ethane,0.01300066428191637
chronic_liver_disease,metabolic,ethanol,0.0005867416556261358
chronic_liver_disease,metabolic,ethyl_acetate,0.010401986559901604
chronic_liver_disease,metabolic,ethylbenzene,-0.0007792004073793427
chronic_liver_disease,metabolic,formaldehyde,-0.009350822247454494
chronic_liver_disease,metabolic,furan,-0.04807387736044842
chronic_liver_disease,metabolic,heptanal,0.02197976137967472
chronic_liver_disease,metabolic,hexanal,0.03360509653791953
chronic_liver_disease,metabolic,hexane,-0.003106569332710392
chronic_liver_disease,metabolic,hydrogen_sulfide,1.0922995982428323
chronic_liver_disease,metabolic,indole,0.0034380226791812804
chronic_liver_disease,metabolic,isoprene,-0.01994162275322662
chronic_liver_disease,metabolic,isopropanol,0.45090567113619123
chronic_liver_disease,metabolic,limonene,0.9909608467428033
chronic_liver_disease,metabolic,methanol,-0.002798888411216655
chronic_liver_disease,metabolic,methyl_acetate,-0.16524209488072364
chronic_liver_disease,metabolic,methyl_mercaptan,0.07218491600774361
chronic_liver_disease,metabolic,nonanal,0.024519384721044857
chronic_liver_disease,metabolic,octanal,-0.0011619981691168802
chronic_liver_disease,metabolic,octane,0.11959271406141694
chronic_liver_disease,metabolic,pentane,0.05583002832742373
chronic_liver_disease,metabolic,phenol,0.10747694516835488
chronic_liver_disease,metabolic,propanol,-0.010229177170484305
chronic_liver_disease,metabolic,propionaldehyde,-0.0057078880739668
chronic_liver_disease,metabolic,pyrrole,-0.007303442714802512
chronic_liver_disease,metabolic,styrene,0.05120803694450866
chronic_liver_disease,metabolic,toluene,0.08504105067696303
chronic_liver_disease,metabolic,trimethylamine,0.2010708719704844
chronic_liver_disease,metabolic,undecane,0.004668380522185913
chronic_liver_disease,metabolic,valeric_acid,-0.0022129280095658206
chronic_liver_disease,metabolic,xylene,0.0339313915892506
chronic_pain,unspecified,2_butanone,0.10580077710244654
chronic_pain,unspecified,2_pentanone,-0.38535505622696714
chronic_pain,unspecified,3_methylbutanal,0.008672537882897804
chronic_pain,unspecified,acetaldehyde,-0.4274087601554924
chronic_pain,unspecified,acetic_acid,-0.009316844317487439
chronic_pain,unspecified,acetone,0.28689024298271204
chronic_pain,unspecified,acetonitrile,-0.42503412803449997
chronic_pain,unspecified,allyl_methyl_sulfide,-0.43490342682215893
chronic_pain,unspecified,ammonia,0.10155652453452596
chronic_pain,unspecified,benzaldehyde,-0.022524881008587124
chronic_pain,unspecified,benzene,0.12053474795386482
chronic_pain,unspecified,butane,-0.009669434442427105
chronic_pain,unspecified,butylamine,-0.009316844317487439
chronic_pain,unspecified,butyric_acid,-0.009316844317487439
chronic_pain,unspecified,carbon_disulfide,0.012906405641467385
chronic_pain,unspecified,crotonaldehyde,-0.007112508992313598
chronic_pain,unspecified,cyclohexane,-0.0017770953766261233
chronic_pain,unspecified,decanal,-0.00794109190867834
chronic_pain,unspecified,dimethyl_amine,-0.015807116517464023
chronic_pain,unspecified,dimethyl_disulfide,0.00010351329200491581
chronic_pain,unspecified,dms,0.013446960918225297
chronic_pain,unspecified,dmts,0.019280317709067088
chronic_pain,unspecified,dodecane,-0.007304118507233482
chronic_pain,unspecified,ethane,0.010495727132982363
chronic_pain,unspecified,ethanol,0.005249858551974376
chronic_pain,unspecified,ethyl_acetate,0.027045165055744034
chronic_pain,unspecified,ethylbenzene,-0.15490592105918605
chronic_pain,unspecified,formaldehyde,-0.02588542620236717
chronic_pain,unspecified,furan,-0.17751417114329834
chronic_pain,unspecified,heptanal,0.06873937958715444
chronic_pain,unspecified,hexanal,1.1716855800476829
chronic_pain,unspecified,hexane,-0.0003490802650465204
chronic_pain,unspecified,hydrogen_sulfide,-0.004161938961984116
chronic_pain,unspecified,indole,0.013446960918225614
chronic_pain,unspecified,isoprene,-0.07642489056930739
chronic_pain,unspecified,isopropanol,0.0824228677712776
chronic_pain,unspecified,limonene,-0.0030891181027738347
chronic_pain,unspecified,methanol,-0.01159100160445383
chronic_pain,unspecified,methyl_acetate,-0.43120273504886686
chronic_pain,unspecified,methyl_mercaptan,-0.004161938961984116
chronic_pain,unspecified,nonanal,0.07630840027471689
chronic_pain,unspecified,octanal,0.14279117234508065
chronic_pain,unspecified,octane,0.317703056559684
chronic_pain,unspecified,pentane,1.8221909143014912
chronic_pain,unspecified,phenol,0.27944005743772243
chronic_pain,unspecified,propanol,-0.039544300824638765
chronic_pain,unspecified,propionaldehyde,-0.006146508992313526
chronic_pain,unspecified,pyrrole,-0.01898895105848673
chronic_pain,unspecified,styrene,-0.014966841032337379
chronic_pain,unspecified,toluene,-0.006072481196941563
chronic_pain,unspecified,trimethylamine,-0.004775870085668048
chronic_pain,unspecified,undecane,0.01793378935768337
chronic_pain,unspecified,valeric_acid,-0.009316844317487439
chronic_pain,unspecified,xylene,0.010854883296926215
clostridioides_difficile_infection,microbiome,2_butanone,0.025994425286169336
clostridioides_difficile_infection,microbiome,2_pentanone,-0.1482134831642181
clostridioides_difficile_infection,microbiome,3_methylbutanal,0.029798039045869685
clostridioides_difficile_infection,microbiome,acetaldehyde,-0.08813873059593531
clostridioides_difficile_infection,microbiome,acetic_acid,-0.0023937844708560533
clostridioides_difficile_infection,microbiome,acetone,0.07048566049910343
clostridioides_difficile_infection,microbiome,acetonitrile,-0.16347466462865382
clostridioides_difficile_infection,microbiome,allyl_methyl_sulfide,-0.042854548777753465
clostridioides_difficile_infection,microbiome,ammonia,4.290904926085944
clostridioides_difficile_infection,microbiome,benzaldehyde,-0.008663415772533621
clostridioides_difficile_infection,microbiome,benzene,0.046625831632693744
clostridioides_difficile_infection,microbiome,butane,-0.006319782477856551
clostridioides_difficile_infection,microbiome,butylamine,-0.0023937844708562138
clostridioides_difficile_infection,microbiome,butyric_acid,-0.0023937844708560533
clostridioides_difficile_infection,microbiome,carbon_disulfide,0.0033001959448757954
clostridioides_difficile_infection,microbiome,crotonaldehyde,-0.0057078880739668
clostridioides_difficile_infection,microbiome,cyclohexane,-0.0029127289910101943
clostridioides_difficile_infection,microbiome,decanal,-0.007141189195645485
clostridioides_difficile_infection,microbiome,dimethyl_amine,0.5918407370655954
clostridioides_difficile_infection,microbiome,dimethyl_disulfide,1.1185449771980205
clostridioides_difficile_infection,microbiome,dms,0.048783838617290166
clostridioides_difficile_infection,microbiome,dmts,0.01193697801770102
clostridioides_difficile_infection,microbiome,dodecane,-0.004889891733551362
clostridioides_difficile_infection,microbiome,ethane,0.01612566428191627
clostridioides_difficile_infection,microbiome,ethanol,2.4939668462853466
clostridioides_difficile_infection,microbiome,ethyl_acetate,0.3738635305241288
clostridioides_difficile_infection,microbiome,ethylbenzene,-0.059579200407379365
clostridioides_difficile_infection,microbiome,formaldehyde,-0.009955933154756604
clostridioides_difficile_infection,microbiome,furan,-0.04807387736044842
clostridioides_difficile_infection,microbiome,heptanal,0.02197976137967472
clostridioides_difficile_infection,microbiome,hexanal,0.0895414936129308
clostridioides_difficile_infection,microbiome,hexane,-0.003106569332710392
clostridioides_difficile_infection,microbiome,hydrogen_sulfide,4.418374663566616
clostridioides_difficile_infection,microbiome,indole,4.466804926540654
clostridioides_difficile_infection,microbiome,isoprene,-0.01994162275322662
clostridioides_difficile_infection,microbiome,isopropanol,0.05078124276705493
clostridioides_difficile_infection,microbiome,limonene,-0.0011881223472207279
clostridioides_difficile_infection,microbiome,methanol,0.011964412742686358
clostridioides_difficile_infection,microbiome,methyl_acetate,-0.16584720578802575
clostridioides_difficile_infection,microbiome,methyl_mercaptan,0.5383936641183814
clostridioides_difficile_infection,microbiome,nonanal,0.02842563472104492
clostridioides_difficile_infection,microbiome,octanal,-0.0011619981691168802
clostridioides_difficile_infection,microbiome,octane,0.11959271406141694
clostridioides_difficile_infection,microbiome,pentane,0.14083695481629546
clostridioides_difficile_infection,microbiome,phenol,1.1696785733976116
clostridioides_difficile_infection,microbiome,propanol,0.3509578652488965
clostridioides_difficile_infection,microbiome,propionaldehyde,-0.0057078880739668
clostridioides_difficile_infection,microbiome,pyrrole,0.40963788729281597
clostridioides_difficile_infection,microbiome,styrene,-0.005756477320129666
clostridioides_difficile_infection,microbiome,toluene,-0.002335569691131557
clostridioides_difficile_infection,microbiome,trimethylamine,0.7130641449344698
clostridioides_difficile_infection,microbiome,undecane,0.004668380522185913
clostridioides_difficile_infection,microbiome,valeric_acid,-0.0023937844708562138
clostridioides_difficile_infection,microbiome,xylene,0.0027768281545931827
cmv,infectious,2_butanone,0.04027080552659802
cmv,infectious,2_pentanone,-0.1482134831642181
cmv,infectious,3_methylbutanal,0.028366220864051647
cmv,infectious,acetaldehyde,-0.16227054877775351
cmv,infectious,acetic_acid,-0.0035921678087984855
cmv,infectious,acetone,0.3518015502027903
cmv,infectious,acetonitrile,0.5808014991962616
cmv,infectious,allyl_methyl_sulfide,-0.16727054877775338
cmv,infectious,ammonia,0.35667550373344425
cmv,infectious,benzaldehyde,0.0037565842274665208
cmv,infectious,benzene,0.060849518443794264
cmv,infectious,butane,0.019930217522143304
cmv,infectious,butylamine,-0.0035921678087984855
cmv,infectious,butyric_acid,-0.0035921678087984855
cmv,infectious,carbon_disulfide,0.004947467251854851
cmv,infectious,crotonaldehyde,0.20242778071654888
cmv,infectious,cyclohexane,0.019587271008990034
cmv,infectious,decanal,0.03410881080435437
cmv,infectious,dimethyl_amine,0.011799360779996293
cmv,infectious,dimethyl_disulfide,3.981280461735194e-05
cmv,infectious,dms,0.005153966517019903
cmv,infectious,dmts,0.00741550681117983
cmv,infectious,dodecane,0.016110108266448615
cmv,infectious,ethane,0.04675066428191642
cmv,infectious,ethanol,0.0028518825633034486
cmv,infectious,ethyl_acetate,0.010401986559901604
cmv,infectious,ethylbenzene,-0.04508920040737925
cmv,infectious,formaldehyde,-0.009955933154756604
cmv,infectious,furan,-0.06479113849181724
cmv,infectious,heptanal,0.06697976137967471
cmv,infectious,hexanal,2.15304200819976
cmv,infectious,hexane,0.026893430667289706
cmv,infectious,hydrogen_sulfide,-0.0016024880247879397
cmv,infectious,indole,0.005153966517019584
cmv,infectious,isoprene,-0.030016761792365097
cmv,infectious,isopropanol,0.05614180086574822
cmv,infectious,limonene,0.019511877652779234
cmv,infectious,methanol,-0.0044716696272548775
cmv,infectious,methyl_acetate,-0.16584720578802575
cmv,infectious,methyl_mercaptan,-0.0016024880247879397
cmv,infectious,nonanal,0.07326938472104484
cmv,infectious,octanal,0.016937770987302928
cmv,infectious,octane,0.1458427140614168
cmv,infectious,pentane,0.09296154132689606
cmv,infectious,phenol,0.10747694516835488
cmv,infectious,propanol,-0.015371093020478363
cmv,infectious,propionaldehyde,0.028042111926033085
cmv,infectious,pyrrole,-0.007303442714802512
cmv,infectious,styrene,0.008733522679870166
cmv,infectious,toluene,0.014224430308868543
cmv,infectious,trimethylamine,-0.0018391683957215991
cmv,infectious,undecane,0.02716838052218595
cmv,infectious,valeric_acid,-0.0035921678087984855
cmv,infectious,xylene,0.01072473213661349
colon_adenocarcinoma,cancer,2_butanone,1.5194908786985495
colon_adenocarcinoma,cancer,2_pentanone,-0.4819132973136886
colon_adenocarcinoma,cancer,3_methylbutanal,0.01089981061017042
colon_adenocarcinoma,cancer,acetaldehyde,1.8039873595851934
colon_adenocarcinoma,cancer,acetic_acid,-0.009316844317487439
colon_adenocarcinoma,cancer,acetone,0.43798506044345414
colon_adenocarcinoma,cancer,acetonitrile,-0.42503412803449997
colon_adenocarcinoma,cancer,allyl_methyl_sulfide,-0.43490342682215893
colon_adenocarcinoma,cancer,ammonia,0.10217697324776435
colon_adenocarcinoma,cancer,benzaldehyde,-0.022524881008587124
colon_adenocarcinoma,cancer,benzene,0.15868675044413477
colon_adenocarcinoma,cancer,butane,0.28653282357738136
colon_adenocarcinoma,cancer,butylamine,-0.009316844317487439
colon_adenocarcinoma,cancer,butyric_acid,-0.009316844317487439
colon_adenocarcinoma,cancer,carbon_disulfide,0.012906405641467385
colon_adenocarcinoma,cancer,crotonaldehyde,-0.009912508992313697
colon_adenocarcinoma,cancer,cyclohexane,-0.0038770953766260326
colon_adenocarcinoma,cancer,decanal,-0.011791091908678303
colon_adenocarcinoma,cancer,dimethyl_amine,-0.014216207426554776
colon_adenocarcinoma,cancer,dimethyl_disulfide,0.00010351329200491581
colon_adenocarcinoma,cancer,dms,0.013446960918225297
colon_adenocarcinoma,cancer,dmts,0.019280317709067088
colon_adenocarcinoma,cancer,dodecane,-0.009264118507233417
colon_adenocarcinoma,cancer,ethane,0.007345727132982117
colon_adenocarcinoma,cancer,ethanol,2.3308230087172546
colon_adenocarcinoma,cancer,ethyl_acetate,0.027045165055744034
colon_adenocarcinoma,cancer,ethylbenzene,-0.12074954100841716
colon_adenocarcinoma,cancer,formaldehyde,-0.012579826202367047
colon_adenocarcinoma,cancer,furan,0.14549559143812235
colon_adenocarcinoma,cancer,heptanal,0.3618353395359147
colon_adenocarcinoma,cancer,hexanal,2.50008579867895
colon_adenocarcinoma,cancer,hexane,0.31037817775476195
colon_adenocarcinoma,cancer,hydrogen_sulfide,0.5818789243653214
colon_adenocarcinoma,cancer,indole,0.029713727255935546
colon_adenocarcinoma,cancer,isoprene,-1.3232029369474587
colon_adenocarcinoma,cancer,isopropanol,0.08231778876594291
colon_adenocarcinoma,cancer,limonene,-0.0030891181027738347
colon_adenocarcinoma,cancer,methanol,-0.008292718214843404
colon_adenocarcinoma,cancer,methyl_acetate,-0.43120273504886686
colon_adenocarcinoma,cancer,methyl_mercaptan,-0.004161938961984116
colon_adenocarcinoma,cancer,nonanal,0.4657043092111886
colon_adenocarcinoma,cancer,octanal,0.393455256006175
colon_adenocarcinoma,cancer,octane,0.3441430212637257
colon_adenocarcinoma,cancer,pentane,1.9532092448947247
colon_adenocarcinoma,cancer,phenol,0.27944005743772243
colon_adenocarcinoma,cancer,propanol,-0.037873187538160935
colon_adenocarcinoma,cancer,propionaldehyde,0.304230749027495
colon_adenocarcinoma,cancer,pyrrole,-0.01898895105848673
colon_adenocarcinoma,cancer,styrene,0.09331089782300296
colon_adenocarcinoma,cancer,toluene,-0.006072481196941563
colon_adenocarcinoma,cancer,trimethylamine,-0.004775870085668048
colon_adenocarcinoma,cancer,undecane,0.01583378935768318
colon_adenocarcinoma,cancer,valeric_acid,-0.009316844317487439
colon_adenocarcinoma,cancer,xylene,0.010854883296926215
copd,pulmonary,2_butanone,0.4030395640851385
copd,pulmonary,2_pentanone,-0.5143338937149126
copd,pulmonary,3_methylbutanal,0.043308217715592165
copd,pulmonary,acetaldehyde,-0.1424861682916381
copd,pulmonary,acetic_acid,-0.001714257026798451
copd,pulmonary,acetone,0.4482847241510389
copd,pulmonary,acetonitrile,-0.16173028414253857
copd,pulmonary,allyl_methyl_sulfide,-0.16552616829163805
copd,pulmonary,ammonia,0.05043783132819059
copd,pulmonary,benzaldehyde,-0.33190617509174475
copd,pulmonary,benzene,0.6941824470751479
copd,pulmonary,butane,0.29328960053366887
copd,pulmonary,butylamine,-0.001714257026798451
copd,pulmonary,butyric_acid,-0.001714257026798451
copd,pulmonary,carbon_disulfide,0.004989210570290311
copd,pulmonary,crotonaldehyde,0.33093027273119896
copd,pulmonary,cyclohexane,0.23026330932010955
copd,pulmonary,decanal,-0.029984587675823106
copd,pulmonary,dimethyl_amine,0.02279772126790058
copd,pulmonary,dimethyl_disulfide,-0.0023059782043280963
copd,pulmonary,dms,0.005195717082167731
copd,pulmonary,dmts,0.006630227235765559
copd,pulmonary,dodecane,-0.24854920994799906
copd,pulmonary,ethane,2.004766238472984
copd,pulmonary,ethanol,0.00800447969509212
copd,pulmonary,ethyl_acetate,-0.43865266028754063
copd,pulmonary,ethylbenzene,-0.3995400914609246
copd,pulmonary,formaldehyde,-0.005773386873667301
copd,pulmonary,furan,-0.5484321757259941
copd,pulmonary,heptanal,1.2354622682278285
copd,pulmonary,hexanal,4.85650126771712
copd,pulmonary,hexane,0.34246149060580583
copd,pulmonary,hydrogen_sulfide,-0.002656188231872902
copd,pulmonary,indole,0.005195717082167731
copd,pulmonary,isoprene,-0.40000010341746894
copd,pulmonary,isopropanol,0.6454789649491414
copd,pulmonary,limonene,0.11095420067387778
copd,pulmonary,methanol,-0.0025951653589812414
copd,pulmonary,methyl_acetate,-0.16410282530191034
copd,pulmonary,methyl_mercaptan,-0.0026561882318727414
copd,pulmonary,nonanal,0.8895406158257149
copd,pulmonary,octanal,0.21729924068065648
copd,pulmonary,octane,-0.1299469728636945
copd,pulmonary,pentane,4.839427754358179
copd,pulmonary,phenol,0.5803984527717428
copd,pulmonary,propanol,-0.4376866124967064
copd,pulmonary,propionaldehyde,0.36870214773119897
copd,pulmonary,pyrrole,-0.006164173135989264
copd,pulmonary,styrene,0.07227240925786786
copd,pulmonary,toluene,0.4526193240866131
copd,pulmonary,trimethylamine,-0.0013271850869935654
copd,pulmonary,undecane,0.24241818228169834
copd,pulmonary,valeric_acid,-0.001714257026798451
copd,pulmonary,xylene,0.06290703331702115
covid19,infectious,2_butanone,0.6230456521448952
covid19,infectious,2_pentanone,-0.21784891576855103
covid19,infectious,3_methylbutanal,0.13063210533815758
covid19,infectious,acetaldehyde,-0.057099509249079326
covid19,infectious,acetic_acid,0.008803460551809812
covid19,infectious,acetone,0.6837163896884684
covid19,infectious,acetonitrile,-0.13455362509997973
covid19,infectious,allyl_methyl_sulfide,-0.13894965802416437
covid19,infectious,ammonia,0.08915677663155597
covid19,infectious,benzaldehyde,-0.009709174860689927
covid19,infectious,benzene,0.06348364863697523
covid19,infectious,butane,0.1760256949860532
covid19,infectious,butylamine,0.008803460551809812
covid19,infectious,butyric_acid,0.008803460551809812
covid19,infectious,carbon_disulfide,0.008029750676658523
covid19,infectious,crotonaldehyde,0.14950940444930877
covid19,infectious,cyclohexane,0.15576102902859115
covid19,infectious,decanal,0.26714575324288314
covid19,infectious,dimethyl_amine,0.08357178351002183
covid19,infectious,dimethyl_disulfide,0.008218163435961098
covid19,infectious,dms,0.008236784468005307
covid19,infectious,dmts,0.015593857442523326
covid19,infectious,dodecane,0.13820385404447377
covid19,infectious,ethane,0.27118605147084557
covid19,infectious,ethanol,0.42823321125142566
covid19,infectious,ethyl_acetate,0.010722416488552922
covid19,infectious,ethylbenzene,-0.07880972725571604
covid19,infectious,formaldehyde,0.01692949483401174
covid19,infectious,furan,-0.007049377756694497
covid19,infectious,heptanal,0.904163580456805
covid19,infectious,hexanal,4.729490353747856
covid19,infectious,hexane,0.14949171565931751
covid19,infectious,hydrogen_sulfide,0.001462800885384349
covid19,infectious,indole,0.008236784468005624
covid19,infectious,isoprene,-0.49806372443741537
covid19,infectious,isopropanol,0.05656752255853409
covid19,infectious,limonene,0.006990228284123086
covid19,infectious,methanol,-0.4291987590250021
covid19,infectious,methyl_acetate,-0.13555997724254368
covid19,infectious,methyl_mercaptan,0.0014628008853840289
covid19,infectious,nonanal,0.9628207413382712
covid19,infectious,octanal,0.7284133200546414
covid19,infectious,octane,0.26385304747000027
covid19,infectious,pentane,4.839427754358179
covid19,infectious,phenol,0.09678517448320728
covid19,infectious,propanol,-0.018097433106348475
covid19,infectious,propionaldehyde,0.21283090575799993
covid19,infectious,pyrrole,-0.008349201802958986
covid19,infectious,styrene,0.001055684294405962
covid19,infectious,toluene,0.004476591923404524
covid19,infectious,trimethylamine,-0.002308932508378608
covid19,infectious,undecane,0.15712212630021116
covid19,infectious,valeric_acid,0.008803460551809812
covid19,infectious,xylene,0.007243493281395289
creutzfeldt_jakob,neurological,2_butanone,0.24543091824257862
creutzfeldt_jakob,neurological,2_pentanone,0.022888647641658818
creutzfeldt_jakob,neurological,3_methylbutanal,0.09311311071266744
creutzfeldt_jakob,neurological,acetaldehyde,0.34167379819916316
creutzfeldt_jakob,neurological,acetic_acid,0.005734841696816819
creutzfeldt_jakob,neurological,acetone,0.5235794094364274
creutzfeldt_jakob,neurological,acetonitrile,-0.13501627949594713
creutzfeldt_jakob,neurological,allyl_methyl_sulfide,-0.13941231242013186
creutzfeldt_jakob,neurological,ammonia,0.45118321260505473
creutzfeldt_jakob,neurological,benzaldehyde,-0.009485442213452721
creutzfeldt_jakob,neurological,benzene,-0.0779487202743118
creutzfeldt_jakob,neurological,butane,0.13008856224850832
creutzfeldt_jakob,neurological,butylamine,0.005734841696816819
creutzfeldt_jakob,neurological,butyric_acid,0.005734841696816819
creutzfeldt_jakob,neurological,carbon_disulfide,0.01190967929149253
creutzfeldt_jakob,neurological,crotonaldehyde,0.1471224566523982
creutzfeldt_jakob,neurological,cyclohexane,0.11538086920734958
creutzfeldt_jakob,neurological,decanal,0.17774724446628756
creutzfeldt_jakob,neurological,dimethyl_amine,0.056836425248168024
creutzfeldt_jakob,neurological,dimethyl_disulfide,0.011127030698416251
creutzfeldt_jakob,neurological,dms,0.015859077055758918
creutzfeldt_jakob,neurological,dmts,0.051622724704978466
creutzfeldt_jakob,neurological,dodecane,0.09935078669171106
creutzfeldt_jakob,neurological,ethane,0.835353884796333
creutzfeldt_jakob,neurological,ethanol,-0.00013892342155014196
creutzfeldt_jakob,neurological,ethyl_acetate,0.010946149135790192
creutzfeldt_jakob,neurological,ethylbenzene,-0.059579200407379365
creutzfeldt_jakob,neurological,formaldehyde,0.03857984043804429
creutzfeldt_jakob,neurological,furan,-0.014727606676968567
creutzfeldt_jakob,neurological,heptanal,0.644767850155913
creutzfeldt_jakob,neurological,hexanal,4.85650126771712
creutzfeldt_jakob,neurological,hexane,0.15730997665203855
creutzfeldt_jakob,neurological,hydrogen_sulfide,0.26872319319897514
creutzfeldt_jakob,neurological,indole,0.01764749007774069
creutzfeldt_jakob,neurological,isoprene,-0.2766655139908478
creutzfeldt_jakob,neurological,isopropanol,0.05037161186508652
creutzfeldt_jakob,neurological,limonene,0.009899095546578343
creutzfeldt_jakob,neurological,methanol,0.0053387462628902435
creutzfeldt_jakob,neurological,methyl_acetate,-0.13602263163851117
creutzfeldt_jakob,neurological,methyl_mercaptan,0.009369387684344022
creutzfeldt_jakob,neurological,nonanal,0.9485306472081245
creutzfeldt_jakob,neurological,octanal,0.46771784047265946
creutzfeldt_jakob,neurological,octane,0.26861418031103995
creutzfeldt_jakob,neurological,pentane,4.839427754358179
creutzfeldt_jakob,neurological,phenol,-0.011265006544239831
creutzfeldt_jakob,neurological,propanol,0.19207517519475906
creutzfeldt_jakob,neurological,propionaldehyde,0.16354445665239817
creutzfeldt_jakob,neurological,pyrrole,-0.00812546915572179
creutzfeldt_jakob,neurological,styrene,0.003964551556861218
creutzfeldt_jakob,neurological,toluene,0.007385459185859597
creutzfeldt_jakob,neurological,trimethylamine,-0.0014719213897008902
creutzfeldt_jakob,neurological,undecane,0.11674196647896927
creutzfeldt_jakob,neurological,valeric_acid,0.005734841696816819
creutzfeldt_jakob,neurological,xylene,0.005713122967327395
cystic_fibrosis,pulmonary,2_butanone,0.04027080552659802
cystic_fibrosis,pulmonary,2_pentanone,-0.1482134831642181
cystic_fibrosis,pulmonary,3_methylbutanal,0.007251675409506031
cystic_fibrosis,pulmonary,acetaldehyde,-0.12102054877775341
cystic_fibrosis,pulmonary,acetic_acid,-0.0035921678087984855
cystic_fibrosis,pulmonary,acetone,0.39204778500322496
cystic_fibrosis,pulmonary,acetonitrile,-0.16347466462865382
cystic_fibrosis,pulmonary,allyl_methyl_sulfide,-0.09542804877775328
cystic_fibrosis,pulmonary,ammonia,2.846349665199989
cystic_fibrosis,pulmonary,benzaldehyde,-0.008663415772533621
cystic_fibrosis,pulmonary,benzene,0.046625831632693744
cystic_fibrosis,pulmonary,butane,0.06626146752214329
cystic_fibrosis,pulmonary,butylamine,-0.0035921678087984855
cystic_fibrosis,pulmonary,butyric_acid,-0.0035921678087984855
cystic_fibrosis,pulmonary,carbon_disulfide,0.03454353761957851
cystic_fibrosis,pulmonary,crotonaldehyde,0.08897542777540708
cystic_fibrosis,pulmonary,cyclohexane,0.059299771008989914
cystic_fibrosis,pulmonary,decanal,0.11864837665372813
cystic_fibrosis,pulmonary,dimethyl_amine,0.10448129259817807
cystic_fibrosis,pulmonary,dimethyl_disulfide,0.11977731280461731
cystic_fibrosis,pulmonary,dms,1.3331953776010106
cystic_fibrosis,pulmonary,dmts,0.1224355068111796
cystic_fibrosis,pulmonary,dodecane,0.053175108266448744
cystic_fibrosis,pulmonary,ethane,1.3891328848008297
cystic_fibrosis,pulmonary,ethanol,0.45004882981565664
cystic_fibrosis,pulmonary,ethyl_acetate,0.04649573655990171
cystic_fibrosis,pulmonary,ethylbenzene,-0.059579200407379365
cystic_fibrosis,pulmonary,formaldehyde,-0.009955933154756604
cystic_fibrosis,pulmonary,furan,-0.05064216630812427
cystic_fibrosis,pulmonary,heptanal,0.14640476137967476
cystic_fibrosis,pulmonary,hexanal,4.397817449975676
cystic_fibrosis,pulmonary,hexane,0.09916294777504742
cystic_fibrosis,pulmonary,hydrogen_sulfide,2.1362951181062293
cystic_fibrosis,pulmonary,indole,1.8416556314519343
cystic_fibrosis,pulmonary,isoprene,-0.2986831537616402
cystic_fibrosis,pulmonary,isopropanol,0.05614180086574822
cystic_fibrosis,pulmonary,limonene,-0.0011881223472207279
cystic_fibrosis,pulmonary,methanol,0.007142882369338846
cystic_fibrosis,pulmonary,methyl_acetate,-0.16584720578802575
cystic_fibrosis,pulmonary,methyl_mercaptan,0.10044512246854426
cystic_fibrosis,pulmonary,nonanal,0.15931313472104494
cystic_fibrosis,pulmonary,octanal,0.05613876337609061
cystic_fibrosis,pulmonary,octane,0.19217396406141693
cystic_fibrosis,pulmonary,pentane,4.694864910111621
cystic_fibrosis,pulmonary,phenol,0.5870831951683548
cystic_fibrosis,pulmonary,propanol,0.002500445051347953
cystic_fibrosis,pulmonary,propionaldehyde,0.0993441777754069
cystic_fibrosis,pulmonary,pyrrole,0.0765128072851975
cystic_fibrosis,pulmonary,styrene,-0.005756477320129666
cystic_fibrosis,pulmonary,toluene,-0.002335569691131557
cystic_fibrosis,pulmonary,trimethylamine,0.0957680591799626
cystic_fibrosis,pulmonary,undecane,0.06688088052218595
cystic_fibrosis,pulmonary,valeric_acid,-0.0035921678087984855
cystic_fibrosis,pulmonary,xylene,0.004163240537168198
diabetic_retinopathy,unspecified,2_butanone,0.10580077710244654
diabetic_retinopathy,unspecified,2_pentanone,-0.38535505622696714
diabetic_retinopathy,unspecified,3_methylbutanal,0.008672537882897804
diabetic_retinopathy,unspecified,acetaldehyde,-0.4274087601554924
diabetic_retinopathy,unspecified,acetic_acid,-0.009316844317487439
diabetic_retinopathy,unspecified,acetone,0.28689024298271204
diabetic_retinopathy,unspecified,acetonitrile,-0.42503412803449997
diabetic_retinopathy,unspecified,allyl_methyl_sulfide,-0.43490342682215893
diabetic_retinopathy,unspecified,ammonia,0.10155652453452596
diabetic_retinopathy,unspecified,benzaldehyde,-0.022524881008587124
diabetic_retinopathy,unspecified,benzene,0.12053474795386482
diabetic_retinopathy,unspecified,butane,-0.009669434442427105
diabetic_retinopathy,unspecified,butylamine,-0.009316844317487439
diabetic_retinopathy,unspecified,butyric_acid,-0.009316844317487439
diabetic_retinopathy,unspecified,carbon_disulfide,0.012906405641467385
diabetic_retinopathy,unspecified,crotonaldehyde,-0.007112508992313598
diabetic_retinopathy,unspecified,cyclohexane,-0.0017770953766261233
diabetic_retinopathy,unspecified,decanal,-0.00794109190867834
diabetic_retinopathy,unspecified,dimethyl_amine,-0.015807116517464023
diabetic_retinopathy,unspecified,dimethyl_disulfide,0.00010351329200491581
diabetic_retinopathy,unspecified,dms,0.013446960918225297
diabetic_retinopathy,unspecified,dmts,0.019280317709067088
diabetic_retinopathy,unspecified,dodecane,-0.007304118507233482
diabetic_retinopathy,unspecified,ethane,0.010495727132982363
diabetic_retinopathy,unspecified,ethanol,0.005249858551974376
diabetic_retinopathy,unspecified,ethyl_acetate,0.027045165055744034
diabetic_retinopathy,unspecified,ethylbenzene,-0.15490592105918605
diabetic_retinopathy,unspecified,formaldehyde,-0.02588542620236717
diabetic_retinopathy,unspecified,furan,-0.17751417114329834
diabetic_retinopathy,unspecified,heptanal,0.06873937958715444
diabetic_retinopathy,unspecified,hexanal,1.1716855800476829
diabetic_retinopathy,unspecified,hexane,-0.0003490802650465204
diabetic_retinopathy,unspecified,hydrogen_sulfide,-0.004161938961984116
diabetic_retinopathy,unspecified,indole,0.013446960918225614
diabetic_retinopathy,unspecified,isoprene,-0.07642489056930739
diabetic_retinopathy,unspecified,isopropanol,0.0824228677712776
diabetic_retinopathy,unspecified,limonene,-0.0030891181027738347
diabetic_retinopathy,unspecified,methanol,-0.01159100160445383
diabetic_retinopathy,unspecified,methyl_acetate,-0.43120273504886686
diabetic_retinopathy,unspecified,methyl_mercaptan,-0.004161938961984116
diabetic_retinopathy,unspecified,nonanal,0.07630840027471689
diabetic_retinopathy,unspecified,octanal,0.14279117234508065
diabetic_retinopathy,unspecified,octane,0.317703056559684
diabetic_retinopathy,unspecified,pentane,1.8221909143014912
diabetic_retinopathy,unspecified,phenol,0.27944005743772243
diabetic_retinopathy,unspecified,propanol,-0.039544300824638765
diabetic_retinopathy,unspecified,propionaldehyde,-0.006146508992313526
diabetic_retinopathy,unspecified,pyrrole,-0.01898895105848673
diabetic_retinopathy,unspecified,styrene,-0.014966841032337379
diabetic_retinopathy,unspecified,toluene,-0.006072481196941563
diabetic_retinopathy,unspecified,trimethylamine,-0.004775870085668048
diabetic_retinopathy,unspecified,undecane,0.01793378935768337
diabetic_retinopathy,unspecified,valeric_acid,-0.009316844317487439
diabetic_retinopathy,unspecified,xylene,0.010854883296926215
down_syndrome,unspecified,2_butanone,0.10580077710244654
down_syndrome,unspecified,2_pentanone,-0.38535505622696714
down_syndrome,unspecified,3_methylbutanal,0.008672537882897804
down_syndrome,unspecified,acetaldehyde,-0.4274087601554924
down_syndrome,unspecified,acetic_acid,-0.009316844317487439
down_syndrome,unspecified,acetone,0.28689024298271204
down_syndrome,unspecified,acetonitrile,-0.42503412803449997
down_syndrome,unspecified,allyl_methyl_sulfide,-0.43490342682215893
down_syndrome,unspecified,ammonia,0.10155652453452596
down_syndrome,unspecified,benzaldehyde,-0.022524881008587124
down_syndrome,unspecified,benzene,0.12053474795386482
down_syndrome,unspecified,butane,-0.009669434442427105
down_syndrome,unspecified,butylamine,-0.009316844317487439
down_syndrome,unspecified,butyric_acid,-0.009316844317487439
down_syndrome,unspecified,carbon_disulfide,0.012906405641467385
down_syndrome,unspecified,crotonaldehyde,-0.007112508992313598
down_syndrome,unspecified,cyclohexane,-0.0017770953766261233
down_syndrome,unspecified,decanal,-0.00794109190867834
down_syndrome,unspecified,dimethyl_amine,-0.015807116517464023
down_syndrome,unspecified,dimethyl_disulfide,0.00010351329200491581
down_syndrome,unspecified,dms,0.013446960918225297
down_syndrome,unspecified,dmts,0.019280317709067088
down_syndrome,unspecified,dodecane,-0.007304118507233482
down_syndrome,unspecified,ethane,0.010495727132982363
down_syndrome,unspecified,ethanol,0.005249858551974376
down_syndrome,unspecified,ethyl_acetate,0.027045165055744034
down_syndrome,unspecified,ethylbenzene,-0.15490592105918605
down_syndrome,unspecified,formaldehyde,-0.02588542620236717
down_syndrome,unspecified,furan,-0.17751417114329834
down_syndrome,unspecified,heptanal,0.06873937958715444
down_syndrome,unspecified,hexanal,1.5139382464066167
down_syndrome,unspecified,hexane,-0.0003490802650465204
down_syndrome,unspecified,hydrogen_sulfide,-0.004161938961984116
down_syndrome,unspecified,indole,0.013446960918225614
down_syndrome,unspecified,isoprene,-0.07642489056930739
down_syndrome,unspecified,isopropanol,0.0824228677712776
down_syndrome,unspecified,limonene,-0.0030891181027738347
down_syndrome,unspecified,methanol,-0.01159100160445383
down_syndrome,unspecified,methyl_acetate,-0.43120273504886686
down_syndrome,unspecified,methyl_mercaptan,-0.004161938961984116
down_syndrome,unspecified,nonanal,0.07630840027471689
down_syndrome,unspecified,octanal,0.14279117234508065
down_syndrome,unspecified,octane,0.317703056559684
down_syndrome,unspecified,pentane,2.1318196595647043
down_syndrome,unspecified,phenol,0.27944005743772243
down_syndrome,unspecified,propanol,-0.039544300824638765
down_syndrome,unspecified,propionaldehyde,-0.006146508992313526
down_syndrome,unspecified,pyrrole,-0.01898895105848673
down_syndrome,unspecified,styrene,-0.014966841032337379
down_syndrome,unspecified,toluene,-0.006072481196941563
down_syndrome,unspecified,trimethylamine,-0.004775870085668048
down_syndrome,unspecified,undecane,0.01793378935768337
down_syndrome,unspecified,valeric_acid,-0.009316844317487439
down_syndrome,unspecified,xylene,0.010854883296926215
endometrial_cancer,cancer,2_butanone,0.6154913832462209
endometrial_cancer,cancer,2_pentanone,-0.4819132973136886
endometrial_cancer,cancer,3_methylbutanal,0.017689651519261246
endometrial_cancer,cancer,acetaldehyde,0.9086189185670653
endometrial_cancer,cancer,acetic_acid,-0.009316844317487439
endometrial_cancer,cancer,acetone,0.330114148375813
endometrial_cancer,cancer,acetonitrile,-0.42503412803449997
endometrial_cancer,cancer,allyl_methyl_sulfide,-0.43490342682215893
endometrial_cancer,cancer,ammonia,0.10407014226520354
endometrial_cancer,cancer,benzaldehyde,-0.022524881008587124
endometrial_cancer,cancer,benzene,0.15868675044413477
endometrial_cancer,cancer,butane,0.29750882357738123
endometrial_cancer,cancer,butylamine,-0.009316844317487439
endometrial_cancer,cancer,butyric_acid,-0.009316844317487439
endometrial_cancer,cancer,carbon_disulfide,0.012906405641467385
endometrial_cancer,cancer,crotonaldehyde,0.002631491007686332
endometrial_cancer,cancer,cyclohexane,0.005530904623373869
endometrial_cancer,cancer,decanal,0.0054569080913217174
endometrial_cancer,cancer,dimethyl_amine,-0.009366321062918586
endometrial_cancer,cancer,dimethyl_disulfide,0.00010351329200491581
endometrial_cancer,cancer,dms,0.013446960918225297
endometrial_cancer,cancer,dmts,0.019280317709067088
endometrial_cancer,cancer,dodecane,-0.0004833185072335221
endometrial_cancer,cancer,ethane,0.021457727132982118
endometrial_cancer,cancer,ethanol,0.8960764831045231
endometrial_cancer,cancer,ethyl_acetate,0.027045165055744034
endometrial_cancer,cancer,ethylbenzene,-0.12074954100841716
endometrial_cancer,cancer,formaldehyde,-0.02588542620236717
endometrial_cancer,cancer,furan,0.1488238053550581
endometrial_cancer,cancer,heptanal,0.40690133953591434
endometrial_cancer,cancer,hexanal,2.24547886401223
endometrial_cancer,cancer,hexane,0.32292217775476195
endometrial_cancer,cancer,hydrogen_sulfide,-0.004161938961984116
endometrial_cancer,cancer,indole,0.013446960918225614
endometrial_cancer,cancer,isoprene,-0.07642489056930739
endometrial_cancer,cancer,isopropanol,0.08231778876594291
endometrial_cancer,cancer,limonene,-0.0030891181027738347
endometrial_cancer,cancer,methanol,-0.01159100160445383
endometrial_cancer,cancer,methyl_acetate,-0.43120273504886686
endometrial_cancer,cancer,methyl_mercaptan,-0.004161938961984116
endometrial_cancer,cancer,nonanal,0.5282733295321644
endometrial_cancer,cancer,octanal,0.4615299834440046
endometrial_cancer,cancer,octane,0.3551190212637258
endometrial_cancer,cancer,pentane,2.593231837499445
endometrial_cancer,cancer,phenol,0.27944005743772243
endometrial_cancer,cancer,propanol,-0.037873187538160935
endometrial_cancer,cancer,propionaldehyde,0.31834274902749504
endometrial_cancer,cancer,pyrrole,-0.01898895105848673
endometrial_cancer,cancer,styrene,0.09331089782300296
endometrial_cancer,cancer,toluene,-0.006072481196941563
endometrial_cancer,cancer,trimethylamine,-0.004775870085668048
endometrial_cancer,cancer,undecane,0.025241789357683255
endometrial_cancer,cancer,valeric_acid,-0.009316844317487439
endometrial_cancer,cancer,xylene,0.010854883296926215
endometriosis,unspecified,2_butanone,0.10669227253279462
endometriosis,unspecified,2_pentanone,-0.38535505622696714
endometriosis,unspecified,3_methylbutanal,0.02462871970107965
endometriosis,unspecified,acetaldehyde,-0.42449209348882566
endometriosis,unspecified,acetic_acid,-0.009316844317487439
endometriosis,unspecified,acetone,0.3958653120522016
endometriosis,unspecified,acetonitrile,-0.42503412803449997
endometriosis,unspecified,allyl_methyl_sulfide,-0.43490342682215893
endometriosis,unspecified,ammonia,0.10600761314638732
endometriosis,unspecified,benzaldehyde,-0.022524881008587124
endometriosis,unspecified,benzene,0.12053474795386482
endometriosis,unspecified,butane,0.0055205655575726745
endometriosis,unspecified,butylamine,-0.009316844317487439
endometriosis,unspecified,butyric_acid,-0.009316844317487439
endometriosis,unspecified,carbon_disulfide,0.012906405641467385
endometriosis,unspecified,crotonaldehyde,0.010247491007686462
endometriosis,unspecified,cyclohexane,0.011242904623373868
endometriosis,unspecified,decanal,0.015928908091321678
endometriosis,unspecified,dimethyl_amine,-0.00440984379019108
endometriosis,unspecified,dimethyl_disulfide,0.00010351329200491581
endometriosis,unspecified,dms,0.013446960918225297
endometriosis,unspecified,dmts,0.019280317709067088
endometriosis,unspecified,dodecane,0.004847881492766646
endometriosis,unspecified,ethane,0.030025727132982055
endometriosis,unspecified,ethanol,0.006403953681267812
endometriosis,unspecified,ethyl_acetate,0.027045165055744034
endometriosis,unspecified,ethylbenzene,-0.15490592105918605
endometriosis,unspecified,formaldehyde,-0.02588542620236717
endometriosis,unspecified,furan,-0.17340341880456273
endometriosis,unspecified,heptanal,0.09477937958715442
endometriosis,unspecified,hexanal,2.893196824653569
endometriosis,unspecified,hexane,0.0170109197349536
endometriosis,unspecified,hydrogen_sulfide,-0.004161938961984116
endometriosis,unspecified,indole,0.013446960918225614
endometriosis,unspecified,isoprene,-0.07642489056930739
endometriosis,unspecified,isopropanol,0.0824228677712776
endometriosis,unspecified,limonene,-0.0030891181027738347
endometriosis,unspecified,methanol,-0.01159100160445383
endometriosis,unspecified,methyl_acetate,-0.43120273504886686
endometriosis,unspecified,methyl_mercaptan,-0.004161938961984116
endometriosis,unspecified,nonanal,0.10451840027471668
endometriosis,unspecified,octanal,0.2825301192790408
endometriosis,unspecified,octane,0.33289305655968393
endometriosis,unspecified,pentane,3.3512157293907103
endometriosis,unspecified,phenol,0.27944005743772243
endometriosis,unspecified,propanol,-0.039544300824638765
endometriosis,unspecified,propionaldehyde,0.013383491007686548
endometriosis,unspecified,pyrrole,-0.01898895105848673
endometriosis,unspecified,styrene,-0.014966841032337379
endometriosis,unspecified,toluene,-0.006072481196941563
endometriosis,unspecified,trimethylamine,-0.004775870085668048
endometriosis,unspecified,undecane,0.03095378935768325
endometriosis,unspecified,valeric_acid,-0.009316844317487439
endometriosis,unspecified,xylene,0.010854883296926215
epilepsy,neurological,2_butanone,0.04291050234379739
epilepsy,neurological,2_pentanone,-0.1482134831642181
epilepsy,neurological,3_methylbutanal,0.002478948136778942
epilepsy,neurological,acetaldehyde,-0.13310020573645184
epilepsy,neurological,acetic_acid,-0.0026249387695630195
epilepsy,neurological,acetone,0.6226357552907533
epilepsy,neurological,acetonitrile,-0.16424832158735217
epilepsy,neurological,allyl_methyl_sulfide,-0.1680442057364516
epilepsy,neurological,ammonia,0.04567257730820442
epilepsy,neurological,benzaldehyde,-0.008663415772533621
epilepsy,neurological,benzene,0.04635951844379424
epilepsy,neurological,butane,-0.006319782477856551
epilepsy,neurological,butylamine,-0.00262493876956318
epilepsy,neurological,butyric_acid,-0.0026249387695630195
epilepsy,neurological,carbon_disulfide,0.0033001959448757954
epilepsy,neurological,crotonaldehyde,-0.0057078880739668
epilepsy,neurological,cyclohexane,-0.0029127289910101943
epilepsy,neurological,decanal,-0.007141189195645485
epilepsy,neurological,dimethyl_amine,-0.006691548310912594
epilepsy,neurological,dimethyl_disulfide,3.981280461735194e-05
epilepsy,neurological,dms,0.0034380226791812804
epilepsy,neurological,dmts,0.00741550681117983
epilepsy,neurological,dodecane,-0.004889891733551362
epilepsy,neurological,ethane,0.37388955143167396
epilepsy,neurological,ethanol,0.0005867416556261358
epilepsy,neurological,ethyl_acetate,0.010401986559901604
epilepsy,neurological,ethylbenzene,-0.059579200407379365
epilepsy,neurological,formaldehyde,0.01547840988654496
epilepsy,neurological,furan,-0.04807387736044842
epilepsy,neurological,heptanal,0.02197976137967472
epilepsy,neurological,hexanal,1.5057074916200426
epilepsy,neurological,hexane,-0.003106569332710392
epilepsy,neurological,hydrogen_sulfide,-0.001068127549935545
epilepsy,neurological,indole,0.016754654815851373
epilepsy,neurological,isoprene,0.21274724443136006
epilepsy,neurological,isopropanol,0.0517881847775151
epilepsy,neurological,limonene,-0.0011881223472207279
epilepsy,neurological,methanol,-0.0032105065681013456
epilepsy,neurological,methyl_acetate,-0.1666208627467239
epilepsy,neurological,methyl_mercaptan,-0.001068127549935545
epilepsy,neurological,nonanal,0.3350328645088812
epilepsy,neurological,octanal,0.29818658813661897
epilepsy,neurological,octane,0.11959271406141694
epilepsy,neurological,pentane,2.685359687384168
epilepsy,neurological,phenol,0.10747694516835488
epilepsy,neurological,propanol,0.1473621801156634
epilepsy,neurological,propionaldehyde,-0.0057078880739668
epilepsy,neurological,pyrrole,-0.007303442714802512
epilepsy,neurological,styrene,-0.005756477320129666
epilepsy,neurological,toluene,-0.002335569691131557
epilepsy,neurological,trimethylamine,-0.0012258517159999397
epilepsy,neurological,undecane,0.004668380522185913
epilepsy,neurological,valeric_acid,-0.00262493876956318
epilepsy,neurological,xylene,0.0027768281545931827
esophageal_cancer,cancer,2_butanone,1.4331649283775036
esophageal_cancer,cancer,2_pentanone,-0.4819132973136886
esophageal_cancer,cancer,3_methylbutanal,0.022172037882897656
esophageal_cancer,cancer,acetaldehyde,1.7295192795381902
esophageal_cancer,cancer,acetic_acid,-0.009316844317487439
esophageal_cancer,cancer,acetone,0.3310078998609997
esophageal_cancer,cancer,acetonitrile,-0.42503412803449997
esophageal_cancer,cancer,allyl_methyl_sulfide,-0.43490342682215893
esophageal_cancer,cancer,ammonia,0.10532136679961165
esophageal_cancer,cancer,benzaldehyde,-0.019462381008587007
esophageal_cancer,cancer,benzene,0.16225966711080136
esophageal_cancer,cancer,butane,0.30099241732738125
esophageal_cancer,cancer,butylamine,-0.009316844317487439
esophageal_cancer,cancer,butyric_acid,-0.009316844317487439
esophageal_cancer,cancer,carbon_disulfide,0.012906405641467385
esophageal_cancer,cancer,crotonaldehyde,0.0066127410076864904
esophageal_cancer,cancer,cyclohexane,0.008516842123373764
esophageal_cancer,cancer,decanal,0.010931126841321803
esophageal_cancer,cancer,dimethyl_amine,-0.006164616517463956
esophageal_cancer,cancer,dimethyl_disulfide,0.00010351329200491581
esophageal_cancer,cancer,dms,0.013446960918225297
esophageal_cancer,cancer,dmts,0.019280317709067088
esophageal_cancer,cancer,dodecane,0.002303556492766662
esophageal_cancer,cancer,ethane,0.025936633382982126
esophageal_cancer,cancer,ethanol,2.5806152178429858
esophageal_cancer,cancer,ethyl_acetate,0.027045165055744034
esophageal_cancer,cancer,ethylbenzene,-0.11717662434175041
esophageal_cancer,cancer,formaldehyde,-0.02588542620236717
esophageal_cancer,cancer,furan,0.14988229969107913
esophageal_cancer,cancer,heptanal,0.4128732145359147
esophageal_cancer,cancer,hexanal,3.1612313485435872
esophageal_cancer,cancer,hexane,0.32690342775476194
esophageal_cancer,cancer,hydrogen_sulfide,-0.004161938961984116
esophageal_cancer,cancer,indole,0.013446960918225614
esophageal_cancer,cancer,isoprene,-0.07642489056930739
esophageal_cancer,cancer,isopropanol,0.08231778876594291
esophageal_cancer,cancer,limonene,0.0020150485638930436
esophageal_cancer,cancer,methanol,-0.01159100160445383
esophageal_cancer,cancer,methyl_acetate,-0.43120273504886686
esophageal_cancer,cancer,methyl_mercaptan,-0.004161938961984116
esophageal_cancer,cancer,nonanal,0.5347428607821645
esophageal_cancer,cancer,octanal,0.46401992351420096
esophageal_cancer,cancer,octane,0.35860261501372576
esophageal_cancer,cancer,pentane,2.9725655046552846
esophageal_cancer,cancer,phenol,0.27944005743772243
esophageal_cancer,cancer,propanol,-0.037873187538160935
esophageal_cancer,cancer,propionaldehyde,0.32282165527749496
esophageal_cancer,cancer,pyrrole,-0.01898895105848673
esophageal_cancer,cancer,styrene,0.09688381448966947
esophageal_cancer,cancer,toluene,-0.0019891478636084427
esophageal_cancer,cancer,trimethylamine,-0.004775870085668048
esophageal_cancer,cancer,undecane,0.028227726857683173
esophageal_cancer,cancer,valeric_acid,-0.009316844317487439
esophageal_cancer,cancer,xylene,0.012478522656455073
