disease_id,category,voc_id,log2_fold_change
acute_kidney_injury,metabolic,2_butanone,2.288014019730333
acute_kidney_injury,metabolic,2_pentanone,0.38992027188848766
acute_kidney_injury,metabolic,3_methylbutanal,0.001118975079048052
acute_kidney_injury,metabolic,acetaldehyde,-0.006691548310912755
acute_kidney_injury,metabolic,acetone,2.021799096957517
acute_kidney_injury,metabolic,acetonitrile,-0.16347466462865382
acute_kidney_injury,metabolic,allyl_methyl_sulfide,-0.16727054877775338
acute_kidney_injury,metabolic,ammonia,1.7074514974952415
acute_kidney_injury,metabolic,benzaldehyde,-0.002631790146969322
acute_kidney_injury,metabolic,benzene,0.04635951844379424
acute_kidney_injury,metabolic,butane,-0.006319782477856551
acute_kidney_injury,metabolic,carbon_disulfide,0.008778448649478632
acute_kidney_injury,metabolic,crotonaldehyde,-0.0057078880739668
acute_kidney_injury,metabolic,cyclohexane,0.0016591979978921513
acute_kidney_injury,metabolic,decanal,-0.01009023449187237
acute_kidney_injury,metabolic,dimethyl_amine,-0.006691548310912594
acute_kidney_injury,metabolic,dimethyl_disulfide,3.981280461735194e-05
acute_kidney_injury,metabolic,dms,0.0034380226791812804
acute_kidney_injury,metabolic,dmts,0.00741550681117983
acute_kidney_injury,metabolic,dodecane,-0.004889891733551362
acute_kidney_injury,metabolic,ethane,0.007327714385037994
acute_kidney_injury,metabolic,ethanol,0.0005867416556261358
acute_kidney_injury,metabolic,ethyl_acetate,0.010401986559901604
acute_kidney_injury,metabolic,ethylbenzene,-0.059579200407379365
acute_kidney_injury,metabolic,formaldehyde,-0.009955933154756604
acute_kidney_injury,metabolic,furan,-0.002004207632979448
acute_kidney_injury,metabolic,heptanal,0.02197976137967472
acute_kidney_injury,metabolic,hexanal,0.03349762106117132
acute_kidney_injury,metabolic,hexane,-0.003106569332710392
acute_kidney_injury,metabolic,hydrogen_sulfide,-0.001068127549935545
acute_kidney_injury,metabolic,indole,0.0034380226791812804
acute_kidney_injury,metabolic,isoprene,-0.01994162275322662
acute_kidney_injury,metabolic,isopropanol,0.5603491994046432
acute_kidney_injury,metabolic,limonene,-0.0011881223472207279
acute_kidney_injury,metabolic,methanol,-0.009955933154756604
acute_kidney_injury,metabolic,methyl_acetate,-0.16584720578802575
acute_kidney_injury,metabolic,methyl_mercaptan,-0.001068127549935545
acute_kidney_injury,metabolic,nonanal,0.024519384721044857
acute_kidney_injury,metabolic,octanal,-0.002086920461018561
acute_kidney_injury,metabolic,octane,0.11959271406141694
acute_kidney_injury,metabolic,pentane,0.06306928295967204
acute_kidney_injury,metabolic,phenol,0.12744402816347547
acute_kidney_injury,metabolic,propanol,-0.010229177170484305
acute_kidney_injury,metabolic,propionaldehyde,-0.0057078880739668
acute_kidney_injury,metabolic,pyrrole,-0.007303442714802512
acute_kidney_injury,metabolic,styrene,-0.003563504842969559
acute_kidney_injury,metabolic,toluene,-0.002335569691131557
acute_kidney_injury,metabolic,trimethylamine,0.20136056321216642
acute_kidney_injury,metabolic,undecane,0.00924030751108797
acute_kidney_injury,metabolic,xylene,0.0034380226791812804
adhd,neurological,2_butanone,0.037171784280570774
adhd,neurological,2_pentanone,-0.1482134831642181
adhd,neurological,3_methylbutanal,0.001439405007699143
adhd,neurological,acetaldehyde,0.0035388886846442424
adhd,neurological,acetone,0.3627779793789252
adhd,neurological,acetonitrile,-0.14179615694676684
adhd,neurological,allyl_methyl_sulfide,-0.14559204109586646
adhd,neurological,ammonia,0.046194113501003574
adhd,neurological,benzaldehyde,-0.0036775492351255766
adhd,neurological,benzene,0.04635951844379424
adhd,neurological,butane,0.038166379136679134
adhd,neurological,carbon_disulfide,0.01559061026401465
adhd,neurological,crotonaldehyde,0.04416027354056919
adhd,neurological,cyclohexane,0.032905438909735504
adhd,neurological,decanal,0.05714796031307215
adhd,neurological,dimethyl_amine,-0.007737307399069048
adhd,neurological,dimethyl_disulfide,0.008218163435961098
adhd,neurological,dms,0.005496411471059166
adhd,neurological,dmts,0.015593857442523326
adhd,neurological,dodecane,0.025569738195100118
adhd,neurological,ethane,0.5088396043097527
adhd,neurological,ethanol,0.0005867416556261358
adhd,neurological,ethyl_acetate,0.010722416488552922
adhd,neurological,ethylbenzene,-0.059579200407379365
adhd,neurological,formaldehyde,0.025564646539149898
adhd,neurological,furan,0.005778608605654981
adhd,neurological,heptanal,0.08656376137967477
adhd,neurological,hexanal,2.9009380297986245
adhd,neurological,hexane,0.04676159228182553
adhd,neurological,hydrogen_sulfide,0.00097536537023319
adhd,neurological,indole,0.012917348817088739
adhd,neurological,isoprene,-0.12490381391572769
adhd,neurological,isopropanol,0.0517881847775151
adhd,neurological,limonene,0.006990228284123086
adhd,neurological,methanol,0.010939646539149887
adhd,neurological,methyl_acetate,-0.14280250908933081
adhd,neurological,methyl_mercaptan,0.0009753653702328698
adhd,neurological,nonanal,0.4913088645088812
adhd,neurological,octanal,0.31779751619206864
adhd,neurological,octane,0.15726671406141696
adhd,neurological,pentane,3.7392211358615635
adhd,neurological,phenol,0.10747694516835488
adhd,neurological,propanol,0.1473621801156634
adhd,neurological,propionaldehyde,0.04954227354056917
adhd,neurological,pyrrole,-0.008349201802958986
adhd,neurological,styrene,0.003248656771566374
adhd,neurological,toluene,0.004476591923404524
adhd,neurological,trimethylamine,0.0011126774052173413
adhd,neurological,undecane,0.041852737439739315
adhd,neurological,xylene,0.005496411471059485
alcohol_use,unspecified,2_butanone,0.10580077710244654
alcohol_use,unspecified,2_pentanone,-0.38535505622696714
alcohol_use,unspecified,3_methylbutanal,0.005136607932797258
alcohol_use,unspecified,acetaldehyde,-0.009903358941706419
alcohol_use,unspecified,acetone,0.28689024298271204
alcohol_use,unspecified,acetonitrile,-0.42503412803449997
alcohol_use,unspecified,allyl_methyl_sulfide,-0.43490342682215893
alcohol_use,unspecified,ammonia,0.10155652453452596
alcohol_use,unspecified,benzaldehyde,-0.0068426543821201
alcohol_use,unspecified,benzene,0.12053474795386482
alcohol_use,unspecified,butane,-0.009669434442427105
alcohol_use,unspecified,carbon_disulfide,0.022823966488644563
alcohol_use,unspecified,crotonaldehyde,-0.007112508992313598
alcohol_use,unspecified,cyclohexane,0.010109914794519295
alcohol_use,unspecified,decanal,-0.015978214827506134
alcohol_use,unspecified,dimethyl_amine,-0.015807116517464023
alcohol_use,unspecified,dimethyl_disulfide,0.00010351329200491581
alcohol_use,unspecified,dms,0.013446960918225297
alcohol_use,unspecified,dmts,0.019280317709067088
alcohol_use,unspecified,dodecane,-0.007304118507233482
alcohol_use,unspecified,ethane,-0.0042539425989014
alcohol_use,unspecified,ethanol,0.005249858551974376
alcohol_use,unspecified,ethyl_acetate,0.027045165055744034
alcohol_use,unspecified,ethylbenzene,-0.15490592105918605
alcohol_use,unspecified,formaldehyde,-0.02588542620236717
alcohol_use,unspecified,furan,-0.005642066576427045
alcohol_use,unspecified,heptanal,0.06873937958715444
alcohol_use,unspecified,hexanal,1.1716855800476829
alcohol_use,unspecified,hexane,-0.0003490802650465204
alcohol_use,unspecified,hydrogen_sulfide,-0.004161938961984116
alcohol_use,unspecified,indole,0.013446960918225614
alcohol_use,unspecified,isoprene,-0.07642489056930739
alcohol_use,unspecified,isopropanol,0.0824228677712776
alcohol_use,unspecified,limonene,-0.0030891181027738347
alcohol_use,unspecified,methanol,-0.025885426202367008
alcohol_use,unspecified,methyl_acetate,-0.43120273504886686
alcohol_use,unspecified,methyl_mercaptan,-0.004161938961984116
alcohol_use,unspecified,nonanal,0.07630840027471689
alcohol_use,unspecified,octanal,0.13926413964270243
alcohol_use,unspecified,octane,0.317703056559684
alcohol_use,unspecified,pentane,1.8221909143014912
alcohol_use,unspecified,phenol,0.27944005743772243
alcohol_use,unspecified,propanol,-0.039544300824638765
alcohol_use,unspecified,propionaldehyde,-0.006146508992313526
alcohol_use,unspecified,pyrrole,-0.01898895105848673
alcohol_use,unspecified,styrene,-0.009265112591720479
alcohol_use,unspecified,toluene,-0.006072481196941563
alcohol_use,unspecified,trimethylamine,-0.003629091148007798
alcohol_use,unspecified,undecane,0.029820799528828507
alcohol_use,unspecified,xylene,0.013446960918225297
als,neurological,2_butanone,0.037171784280570774
als,neurological,2_pentanone,-0.1482134831642181
als,neurological,3_methylbutanal,0.001439405007699143
als,neurological,acetaldehyde,0.0035388886846442424
als,neurological,acetone,0.3627779793789252
als,neurological,acetonitrile,-0.14179615694676684
als,neurological,allyl_methyl_sulfide,-0.14559204109586646
als,neurological,ammonia,0.046194113501003574
als,neurological,benzaldehyde,-0.0036775492351255766
als,neurological,benzene,0.04635951844379424
als,neurological,butane,0.038166379136679134
als,neurological,carbon_disulfide,0.01559061026401465
als,neurological,crotonaldehyde,0.04416027354056919
als,neurological,cyclohexane,0.032905438909735504
als,neurological,decanal,0.05714796031307215
als,neurological,dimethyl_amine,-0.007737307399069048
als,neurological,dimethyl_disulfide,0.008218163435961098
als,neurological,dms,0.005496411471059166
als,neurological,dmts,0.015593857442523326
als,neurological,dodecane,0.025569738195100118
als,neurological,ethane,0.5088396043097527
als,neurological,ethanol,0.0005867416556261358
als,neurological,ethyl_acetate,0.010722416488552922
als,neurological,ethylbenzene,-0.059579200407379365
als,neurological,formaldehyde,0.025564646539149898
als,neurological,furan,0.005778608605654981
als,neurological,heptanal,0.08656376137967477
als,neurological,hexanal,2.9113639465161523
als,neurological,hexane,0.04676159228182553
als,neurological,hydrogen_sulfide,0.00097536537023319
als,neurological,indole,0.012917348817088739
als,neurological,isoprene,-0.12490381391572769
als,neurological,isopropanol,0.0517881847775151
als,neurological,limonene,0.006990228284123086
als,neurological,methanol,0.010939646539149887
als,neurological,methyl_acetate,-0.14280250908933081
als,neurological,methyl_mercaptan,0.0009753653702328698
als,neurological,nonanal,0.4913088645088812
als,neurological,octanal,0.31779751619206864
als,neurological,octane,0.15726671406141696
als,neurological,pentane,3.9841822855866744
als,neurological,phenol,0.10747694516835488
als,neurological,propanol,0.1473621801156634
als,neurological,propionaldehyde,0.04954227354056917
als,neurological,pyrrole,-0.008349201802958986
als,neurological,styrene,0.003248656771566374
als,neurological,toluene,0.004476591923404524
als,neurological,trimethylamine,0.0011126774052173413
als,neurological,undecane,0.041852737439739315
als,neurological,xylene,0.005496411471059485
alzheimer_disease,neurological,2_butanone,0.05508721481449721
alzheimer_disease,neurological,2_pentanone,0.022888647641658818
alzheimer_disease,neurological,3_methylbutanal,0.001439405007699143
alzheimer_disease,neurological,acetaldehyde,0.0021754239285127095
alzheimer_disease,neurological,acetone,0.616210337585377
alzheimer_disease,neurological,acetonitrile,-0.14136265975275658
alzheimer_disease,neurological,allyl_methyl_sulfide,-0.14515854390185615
alzheimer_disease,neurological,ammonia,0.05335789508306271
alzheimer_disease,neurological,benzaldehyde,-0.0036775492351255766
alzheimer_disease,neurological,benzene,-0.0779487202743118
alzheimer_disease,neurological,butane,0.05458837913667914
alzheimer_disease,neurological,carbon_disulfide,0.01559061026401465
alzheimer_disease,neurological,crotonaldehyde,0.06292827354056915
alzheimer_disease,neurological,cyclohexane,0.04698143890973543
alzheimer_disease,neurological,decanal,0.09468727616244592
alzheimer_disease,neurological,dimethyl_amine,-0.007737307399069048
alzheimer_disease,neurological,dimethyl_disulfide,0.008218163435961098
alzheimer_disease,neurological,dms,0.005496411471059166
alzheimer_disease,neurological,dmts,0.015593857442523326
alzheimer_disease,neurological,dodecane,0.03870733819509992
alzheimer_disease,neurological,ethane,0.6517983146900213
alzheimer_disease,neurological,ethanol,0.0005867416556261358
alzheimer_disease,neurological,ethyl_acetate,0.010722416488552922
alzheimer_disease,neurological,ethylbenzene,-0.059579200407379365
alzheimer_disease,neurological,formaldehyde,0.02260514373316027
alzheimer_disease,neurological,furan,0.00934050920243938
alzheimer_disease,neurological,heptanal,0.1147157613796746
alzheimer_disease,neurological,hexanal,3.8106537235286373
alzheimer_disease,neurological,hexane,0.06552959228182567
alzheimer_disease,neurological,hydrogen_sulfide,0.00097536537023319
alzheimer_disease,neurological,indole,0.011187917580456565
alzheimer_disease,neurological,isoprene,-0.14119284669161852
alzheimer_disease,neurological,isopropanol,0.0517881847775151
alzheimer_disease,neurological,limonene,0.006990228284123086
alzheimer_disease,neurological,methanol,0.011373143733160429
alzheimer_disease,neurological,methyl_acetate,-0.14236901189532053
alzheimer_disease,neurological,methyl_mercaptan,0.0009753653702328698
alzheimer_disease,neurological,nonanal,0.6510745415647539
alzheimer_disease,neurological,octanal,0.3295311941038829
alzheimer_disease,neurological,octane,0.20775618031104004
alzheimer_disease,neurological,pentane,4.839427754358179
alzheimer_disease,neurological,phenol,-0.011265006544239831
alzheimer_disease,neurological,propanol,0.18284022130875102
alzheimer_disease,neurological,propionaldehyde,0.07065627354056915
alzheimer_disease,neurological,pyrrole,-0.008349201802958986
alzheimer_disease,neurological,styrene,0.003248656771566374
alzheimer_disease,neurological,toluene,0.004476591923404524
alzheimer_disease,neurological,trimethylamine,0.0011126774052173413
alzheimer_disease,neurological,undecane,0.055928737439739314
alzheimer_disease,neurological,xylene,0.005496411471059485
anemia,unspecified,2_butanone,0.10580077710244654
anemia,unspecified,2_pentanone,-0.38535505622696714
anemia,unspecified,3_methylbutanal,0.005136607932797258
anemia,unspecified,acetaldehyde,-0.009903358941706419
anemia,unspecified,acetone,0.28689024298271204
anemia,unspecified,acetonitrile,-0.42503412803449997
anemia,unspecified,allyl_methyl_sulfide,-0.43490342682215893
anemia,unspecified,ammonia,0.10155652453452596
anemia,unspecified,benzaldehyde,-0.0068426543821201
anemia,unspecified,benzene,0.12053474795386482
anemia,unspecified,butane,-0.009669434442427105
anemia,unspecified,carbon_disulfide,0.022823966488644563
anemia,unspecified,crotonaldehyde,-0.007112508992313598
anemia,unspecified,cyclohexane,0.010109914794519295
anemia,unspecified,decanal,-0.015978214827506134
anemia,unspecified,dimethyl_amine,-0.015807116517464023
anemia,unspecified,dimethyl_disulfide,0.00010351329200491581
anemia,unspecified,dms,0.013446960918225297
anemia,unspecified,dmts,0.019280317709067088
anemia,unspecified,dodecane,-0.007304118507233482
anemia,unspecified,ethane,-0.0042539425989014
anemia,unspecified,ethanol,0.005249858551974376
anemia,unspecified,ethyl_acetate,0.027045165055744034
anemia,unspecified,ethylbenzene,-0.15490592105918605
anemia,unspecified,formaldehyde,-0.02588542620236717
anemia,unspecified,furan,-0.005642066576427045
anemia,unspecified,heptanal,0.06873937958715444
anemia,unspecified,hexanal,1.1716855800476829
anemia,unspecified,hexane,-0.0003490802650465204
anemia,unspecified,hydrogen_sulfide,-0.004161938961984116
anemia,unspecified,indole,0.013446960918225614
anemia,unspecified,isoprene,-0.07642489056930739
anemia,unspecified,isopropanol,0.0824228677712776
anemia,unspecified,limonene,-0.0030891181027738347
anemia,unspecified,methanol,-0.025885426202367008
anemia,unspecified,methyl_acetate,-0.43120273504886686
anemia,unspecified,methyl_mercaptan,-0.004161938961984116
anemia,unspecified,nonanal,0.07630840027471689
anemia,unspecified,octanal,0.13926413964270243
anemia,unspecified,octane,0.317703056559684
anemia,unspecified,pentane,1.8221909143014912
anemia,unspecified,phenol,0.27944005743772243
anemia,unspecified,propanol,-0.039544300824638765
anemia,unspecified,propionaldehyde,-0.006146508992313526
anemia,unspecified,pyrrole,-0.01898895105848673
anemia,unspecified,styrene,-0.009265112591720479
anemia,unspecified,toluene,-0.006072481196941563
anemia,unspecified,trimethylamine,-0.003629091148007798
anemia,unspecified,undecane,0.029820799528828507
anemia,unspecified,xylene,0.013446960918225297
anxiety,neurological,2_butanone,0.037171784280570774
anxiety,neurological,2_pentanone,-0.1482134831642181
anxiety,neurological,3_methylbutanal,0.001439405007699143
anxiety,neurological,acetaldehyde,0.0035388886846442424
anxiety,neurological,acetone,0.3627779793789252
anxiety,neurological,acetonitrile,-0.14179615694676684
anxiety,neurological,allyl_methyl_sulfide,-0.14559204109586646
anxiety,neurological,ammonia,0.046194113501003574
anxiety,neurological,benzaldehyde,-0.0036775492351255766
anxiety,neurological,benzene,0.04635951844379424
anxiety,neurological,butane,0.038166379136679134
anxiety,neurological,carbon_disulfide,0.01559061026401465
anxiety,neurological,crotonaldehyde,0.04416027354056919
anxiety,neurological,cyclohexane,0.032905438909735504
anxiety,neurological,decanal,0.05714796031307215
anxiety,neurological,dimethyl_amine,-0.007737307399069048
anxiety,neurological,dimethyl_disulfide,0.008218163435961098
anxiety,neurological,dms,0.005496411471059166
anxiety,neurological,dmts,0.015593857442523326
anxiety,neurological,dodecane,0.025569738195100118
anxiety,neurological,ethane,0.5088396043097527
anxiety,neurological,ethanol,0.0005867416556261358
anxiety,neurological,ethyl_acetate,0.010722416488552922
anxiety,neurological,ethylbenzene,-0.059579200407379365
anxiety,neurological,formaldehyde,0.025564646539149898
anxiety,neurological,furan,0.005778608605654981
anxiety,neurological,heptanal,0.08656376137967477
anxiety,neurological,hexanal,2.9009380297986245
anxiety,neurological,hexane,0.04676159228182553
anxiety,neurological,hydrogen_sulfide,0.00097536537023319
anxiety,neurological,indole,0.012917348817088739
anxiety,neurological,isoprene,-0.12490381391572769
anxiety,neurological,isopropanol,0.0517881847775151
anxiety,neurological,limonene,0.006990228284123086
anxiety,neurological,methanol,0.010939646539149887
anxiety,neurological,methyl_acetate,-0.14280250908933081
anxiety,neurological,methyl_mercaptan,0.0009753653702328698
anxiety,neurological,nonanal,0.4913088645088812
anxiety,neurological,octanal,0.31779751619206864
anxiety,neurological,octane,0.15726671406141696
anxiety,neurological,pentane,3.7392211358615635
anxiety,neurological,phenol,0.10747694516835488
anxiety,neurological,propanol,0.1473621801156634
anxiety,neurological,propionaldehyde,0.04954227354056917
anxiety,neurological,pyrrole,-0.008349201802958986
anxiety,neurological,styrene,0.003248656771566374
anxiety,neurological,toluene,0.004476591923404524
anxiety,neurological,trimethylamine,0.0011126774052173413
anxiety,neurological,undecane,0.041852737439739315
anxiety,neurological,xylene,0.005496411471059485
ards,pulmonary,2_butanone,0.05771048653884264
ards,pulmonary,2_pentanone,0.02148458190160494
ards,pulmonary,3_methylbutanal,0.16968878000769966
ards,pulmonary,acetaldehyde,0.6196404575612051
ards,pulmonary,acetone,0.5292693667929725
ards,pulmonary,acetonitrile,-0.13455362509997973
ards,pulmonary,allyl_methyl_sulfide,-0.13894965802416437
ards,pulmonary,ammonia,0.2494982838711224
ards,pulmonary,benzaldehyde,-0.0036775492351255766
ards,pulmonary,benzene,-0.07743999426934582
ards,pulmonary,butane,0.1279615864042614
ards,pulmonary,carbon_disulfide,0.01559061026401465
ards,pulmonary,crotonaldehyde,0.16728040093811547
ards,pulmonary,cyclohexane,0.16758920601749314
ards,pulmonary,decanal,0.3039016353844568
ards,pulmonary,dimethyl_amine,0.1124408176009309
ards,pulmonary,dimethyl_disulfide,0.008218163435961098
ards,pulmonary,dms,0.008236784468005307
ards,pulmonary,dmts,0.015593857442523326
ards,pulmonary,dodecane,0.14497635404447387
ards,pulmonary,ethane,0.32182562758814953
ards,pulmonary,ethanol,0.4750568139102311
ards,pulmonary,ethyl_acetate,0.010722416488552922
ards,pulmonary,ethylbenzene,-0.0690621811213965
ards,pulmonary,formaldehyde,0.01692949483401174
ards,pulmonary,furan,0.05855735563135678
ards,pulmonary,heptanal,0.8227222551618072
ards,pulmonary,hexanal,4.85650126771712
ards,pulmonary,hexane,0.16726271214812405
ards,pulmonary,hydrogen_sulfide,0.001462800885384349
ards,pulmonary,indole,0.008236784468005624
ards,pulmonary,isoprene,-0.3990688126383279
ards,pulmonary,isopropanol,0.05656752255853409
ards,pulmonary,limonene,0.006990228284123086
ards,pulmonary,methanol,0.018182178385937085
ards,pulmonary,methyl_acetate,-0.13555997724254368
ards,pulmonary,methyl_mercaptan,0.0014628008853840289
ards,pulmonary,nonanal,1.027136366338271
ards,pulmonary,octanal,0.7327093806563224
ards,pulmonary,octane,0.29783527234906326
ards,pulmonary,pentane,4.839427754358179
ards,pulmonary,phenol,-0.013452657620937282
ards,pulmonary,propanol,0.03618359093439889
ards,pulmonary,propionaldehyde,0.2302684317721819
ards,pulmonary,pyrrole,-0.008349201802958986
ards,pulmonary,styrene,0.003248656771566374
ards,pulmonary,toluene,0.004476591923404524
ards,pulmonary,trimethylamine,0.0016686944663632307
ards,pulmonary,undecane,0.16895030328911292
ards,pulmonary,xylene,0.008236784468005307
arrhythmia,cardiovascular,2_butanone,0.05882564921501778
arrhythmia,cardiovascular,2_pentanone,0.13891487689698054
arrhythmia,cardiovascular,3_methylbutanal,0.005891702351775134
arrhythmia,cardiovascular,acetaldehyde,-0.0016915483109127907
arrhythmia,cardiovascular,acetone,0.3148934125357539
arrhythmia,cardiovascular,acetonitrile,-0.16347466462865382
arrhythmia,cardiovascular,allyl_methyl_sulfide,-0.16727054877775338
arrhythmia,cardiovascular,ammonia,0.03914112595102315
arrhythmia,cardiovascular,benzaldehyde,-0.002631790146969322
arrhythmia,cardiovascular,benzene,0.04635951844379424
arrhythmia,cardiovascular,butane,0.03299221752214338
arrhythmia,cardiovascular,carbon_disulfide,0.008778448649478632
arrhythmia,cardiovascular,crotonaldehyde,0.03922011192603331
arrhythmia,cardiovascular,cyclohexane,0.03535519799789202
arrhythmia,cardiovascular,decanal,0.05154360968172848
arrhythmia,cardiovascular,dimethyl_amine,-0.003282457401821748
arrhythmia,cardiovascular,dimethyl_disulfide,3.981280461735194e-05
arrhythmia,cardiovascular,dms,0.005153966517019903
arrhythmia,cardiovascular,dmts,0.00741550681117983
arrhythmia,cardiovascular,dodecane,0.026559708266448653
arrhythmia,cardiovascular,ethane,0.057871714385037805
arrhythmia,cardiovascular,ethanol,0.0028518825633034486
arrhythmia,cardiovascular,ethyl_acetate,0.010401986559901604
arrhythmia,cardiovascular,ethylbenzene,-0.059579200407379365
arrhythmia,cardiovascular,formaldehyde,-0.009955933154756604
arrhythmia,cardiovascular,furan,0.009664062335568104
arrhythmia,cardiovascular,heptanal,0.08937176137967469
arrhythmia,cardiovascular,hexanal,2.133566995577173
arrhythmia,cardiovascular,hexane,0.04182143066728982
arrhythmia,cardiovascular,hydrogen_sulfide,-0.0016024880247879397
arrhythmia,cardiovascular,indole,0.005153966517019584
arrhythmia,cardiovascular,isoprene,-0.18965196746008403
arrhythmia,cardiovascular,isopropanol,0.06603411131328867
arrhythmia,cardiovascular,limonene,0.013094877652779174
arrhythmia,cardiovascular,methanol,-0.009955933154756604
arrhythmia,cardiovascular,methyl_acetate,-0.16584720578802575
arrhythmia,cardiovascular,methyl_mercaptan,-0.0016024880247879397
arrhythmia,cardiovascular,nonanal,0.09752738472104498
arrhythmia,cardiovascular,octanal,0.02492149834396321
arrhythmia,cardiovascular,octane,0.15890471406141685
arrhythmia,cardiovascular,pentane,2.792132039221091
arrhythmia,cardiovascular,phenol,0.10747694516835488
arrhythmia,cardiovascular,propanol,-0.015371093020478363
arrhythmia,cardiovascular,propionaldehyde,0.04483611192603326
arrhythmia,cardiovascular,pyrrole,-0.007303442714802512
arrhythmia,cardiovascular,styrene,-0.003563504842969559
arrhythmia,cardiovascular,toluene,-0.002335569691131557
arrhythmia,cardiovascular,trimethylamine,-0.0013971284452868643
arrhythmia,cardiovascular,undecane,0.042936307511087866
arrhythmia,cardiovascular,xylene,0.005153966517019584
asthma,pulmonary,2_butanone,0.05576145995050446
asthma,pulmonary,2_pentanone,0.7394291854496038
asthma,pulmonary,3_methylbutanal,0.05939940500769927
asthma,pulmonary,acetaldehyde,0.0228168089550974
asthma,pulmonary,acetone,0.45678876397528706
asthma,pulmonary,acetonitrile,-0.13455362509997973
asthma,pulmonary,allyl_methyl_sulfide,-0.13894965802416437
asthma,pulmonary,ammonia,0.0737442006815552
asthma,pulmonary,benzaldehyde,0.6666064593005412
asthma,pulmonary,benzene,-0.0780213524825078
asthma,pulmonary,butane,-0.3033910857010589
asthma,pulmonary,carbon_disulfide,0.01559061026401465
asthma,pulmonary,crotonaldehyde,0.12835785580815143
asthma,pulmonary,cyclohexane,0.14897045601749317
asthma,pulmonary,decanal,0.24271900760434037
asthma,pulmonary,dimethyl_amine,0.03366269260093073
asthma,pulmonary,dimethyl_disulfide,0.008218163435961098
asthma,pulmonary,dms,0.008236784468005307
asthma,pulmonary,dmts,0.015593857442523326
asthma,pulmonary,dodecane,-0.32284822140888175
asthma,pulmonary,ethane,1.3410224117142697
asthma,pulmonary,ethanol,0.5074078398433026
asthma,pulmonary,ethyl_acetate,0.660806068332477
asthma,pulmonary,ethylbenzene,0.7156696919409669
asthma,pulmonary,formaldehyde,0.01692949483401174
asthma,pulmonary,furan,0.7135141993118588
asthma,pulmonary,heptanal,0.28005476137967494
asthma,pulmonary,hexanal,4.85650126771712
asthma,pulmonary,hexane,-0.339352608973703
asthma,pulmonary,hydrogen_sulfide,0.001462800885384349
asthma,pulmonary,indole,0.008236784468005624
asthma,pulmonary,isoprene,-0.34691821814184687
asthma,pulmonary,isopropanol,-0.40487631517548606
asthma,pulmonary,limonene,0.006990228284123086
asthma,pulmonary,methanol,0.018182178385937085
asthma,pulmonary,methyl_acetate,-0.13555997724254368
asthma,pulmonary,methyl_mercaptan,0.0014628008853840289
asthma,pulmonary,nonanal,0.8513106075123709
asthma,pulmonary,octanal,0.11564767085895737
asthma,pulmonary,octane,0.8103186514039424
asthma,pulmonary,pentane,4.839427754358179
asthma,pulmonary,phenol,-0.46232747736542035
asthma,pulmonary,propanol,0.6509861383686262
asthma,pulmonary,propionaldehyde,0.1588764869436305
asthma,pulmonary,pyrrole,-0.008349201802958986
asthma,pulmonary,styrene,0.003248656771566374
asthma,pulmonary,toluene,0.004476591923404524
asthma,pulmonary,trimethylamine,0.0016686944663632307
asthma,pulmonary,undecane,0.15033155328911307
asthma,pulmonary,xylene,0.008236784468005307
atopic_dermatitis,inflammatory,2_butanone,0.03881808441729274
atopic_dermatitis,inflammatory,2_pentanone,-0.1482134831642181
atopic_dermatitis,inflammatory,3_methylbutanal,0.3016592141775755
atopic_dermatitis,inflammatory,acetaldehyde,0.007379737570423142
atopic_dermatitis,inflammatory,acetone,0.0857769171159053
atopic_dermatitis,inflammatory,acetonitrile,-0.16347466462865382
atopic_dermatitis,inflammatory,allyl_methyl_sulfide,-0.16727054877775338
atopic_dermatitis,inflammatory,ammonia,0.10467405378258367
atopic_dermatitis,inflammatory,benzaldehyde,-0.002631790146969322
atopic_dermatitis,inflammatory,benzene,0.04635951844379424
atopic_dermatitis,inflammatory,butane,0.03337021752214339
atopic_dermatitis,inflammatory,carbon_disulfide,0.008778448649478632
atopic_dermatitis,inflammatory,crotonaldehyde,0.03965211192603325
atopic_dermatitis,inflammatory,cyclohexane,0.03567919799789199
atopic_dermatitis,inflammatory,decanal,0.05213760968172836
atopic_dermatitis,inflammatory,dimethyl_amine,0.013844815325450751
atopic_dermatitis,inflammatory,dimethyl_disulfide,3.981280461735194e-05
atopic_dermatitis,inflammatory,dms,0.005153966517019903
atopic_dermatitis,inflammatory,dmts,0.00741550681117983
atopic_dermatitis,inflammatory,dodecane,0.026862108266448692
atopic_dermatitis,inflammatory,ethane,0.06554521438503799
atopic_dermatitis,inflammatory,ethanol,0.015232808394657906
atopic_dermatitis,inflammatory,ethyl_acetate,0.03056198655990155
atopic_dermatitis,inflammatory,ethylbenzene,-0.059579200407379365
atopic_dermatitis,inflammatory,formaldehyde,-0.009955933154756604
atopic_dermatitis,inflammatory,furan,0.009786560018108995
atopic_dermatitis,inflammatory,heptanal,0.09001976137967488
atopic_dermatitis,inflammatory,hexanal,2.242740387645266
atopic_dermatitis,inflammatory,hexane,0.04225343066728997
atopic_dermatitis,inflammatory,hydrogen_sulfide,0.4591902729182341
atopic_dermatitis,inflammatory,indole,0.012989501023377772
atopic_dermatitis,inflammatory,isoprene,-0.030016761792365097
atopic_dermatitis,inflammatory,isopropanol,0.05614180086574822
atopic_dermatitis,inflammatory,limonene,-0.0011881223472207279
atopic_dermatitis,inflammatory,methanol,0.0044440668452434785
atopic_dermatitis,inflammatory,methyl_acetate,-0.16584720578802575
atopic_dermatitis,inflammatory,methyl_mercaptan,-0.0016024880247879397
atopic_dermatitis,inflammatory,nonanal,0.10721375972104494
atopic_dermatitis,inflammatory,octanal,0.3255303371593836
atopic_dermatitis,inflammatory,octane,0.1592827140614168
atopic_dermatitis,inflammatory,pentane,2.888747623117595
atopic_dermatitis,inflammatory,phenol,0.10747694516835488
atopic_dermatitis,inflammatory,propanol,-0.005093381986556415
atopic_dermatitis,inflammatory,propionaldehyde,0.04532211192603325
atopic_dermatitis,inflammatory,pyrrole,-0.007303442714802512
atopic_dermatitis,inflammatory,styrene,-0.003563504842969559
atopic_dermatitis,inflammatory,toluene,-0.002335569691131557
atopic_dermatitis,inflammatory,trimethylamine,0.00900414199512099
atopic_dermatitis,inflammatory,undecane,0.04326030751108798
atopic_dermatitis,inflammatory,xylene,0.005153966517019584
autism_spectrum_disorder,neurological,2_butanone,0.027380829827578845
autism_spectrum_disorder,neurological,2_pentanone,-0.1482134831642181
autism_spectrum_disorder,neurological,3_methylbutanal,0.001118975079048052
autism_spectrum_disorder,neurological,acetaldehyde,0.021794842275342778
autism_spectrum_disorder,neurological,acetone,0.3045245336748404
autism_spectrum_disorder,neurological,acetonitrile,-0.16347466462865382
autism_spectrum_disorder,neurological,allyl_methyl_sulfide,-0.13325054877775322
autism_spectrum_disorder,neurological,ammonia,2.3113904328761374
autism_spectrum_disorder,neurological,benzaldehyde,-0.002631790146969322
autism_spectrum_disorder,neurological,benzene,0.04635951844379424
autism_spectrum_disorder,neurological,butane,-0.006319782477856551
autism_spectrum_disorder,neurological,carbon_disulfide,0.008778448649478632
autism_spectrum_disorder,neurological,crotonaldehyde,-0.0057078880739668
autism_spectrum_disorder,neurological,cyclohexane,0.0016591979978921513
autism_spectrum_disorder,neurological,decanal,-0.010232390318271509
autism_spectrum_disorder,neurological,dimethyl_amine,0.04433845168908728
autism_spectrum_disorder,neurological,dimethyl_disulfide,0.05673981280461743
autism_spectrum_disorder,neurological,dms,0.015526581827892313
autism_spectrum_disorder,neurological,dmts,0.00741550681117983
autism_spectrum_disorder,neurological,dodecane,-0.004889891733551362
autism_spectrum_disorder,neurological,ethane,0.36821660153479546
autism_spectrum_disorder,neurological,ethanol,0.07587487823773784
autism_spectrum_disorder,neurological,ethyl_acetate,0.057441986559901625
autism_spectrum_disorder,neurological,ethylbenzene,-0.059579200407379365
autism_spectrum_disorder,neurological,formaldehyde,0.008296066845243252
autism_spectrum_disorder,neurological,furan,-0.002004207632979448
autism_spectrum_disorder,neurological,heptanal,0.02197976137967472
autism_spectrum_disorder,neurological,hexanal,0.5824507050475982
autism_spectrum_disorder,neurological,hexane,-0.003106569332710392
autism_spectrum_disorder,neurological,hydrogen_sulfide,1.072126311665789
autism_spectrum_disorder,neurological,indole,1.2356511703800954
autism_spectrum_disorder,neurological,isoprene,-0.20359939568831706
autism_spectrum_disorder,neurological,isopropanol,0.05078124276705493
autism_spectrum_disorder,neurological,limonene,-0.0011881223472207279
autism_spectrum_disorder,neurological,methanol,0.02364406684524339
autism_spectrum_disorder,neurological,methyl_acetate,-0.16584720578802575
autism_spectrum_disorder,neurological,methyl_mercaptan,0.017894996863040517
autism_spectrum_disorder,neurological,nonanal,0.3350328645088812
autism_spectrum_disorder,neurological,octanal,0.2972588939563328
autism_spectrum_disorder,neurological,octane,0.11959271406141694
autism_spectrum_disorder,neurological,pentane,2.6784154002497846
autism_spectrum_disorder,neurological,phenol,0.6050269451683548
autism_spectrum_disorder,neurological,propanol,0.16274096742945718
autism_spectrum_disorder,neurological,propionaldehyde,-0.0057078880739668
autism_spectrum_disorder,neurological,pyrrole,0.03238655728519729
autism_spectrum_disorder,neurological,styrene,-0.003563504842969559
autism_spectrum_disorder,neurological,toluene,-0.002335569691131557
autism_spectrum_disorder,neurological,trimethylamine,0.04025521499919093
autism_spectrum_disorder,neurological,undecane,0.00924030751108797
autism_spectrum_disorder,neurological,xylene,0.0034380226791812804
bipolar,neurological,2_butanone,0.037171784280570774
bipolar,neurological,2_pentanone,-0.1482134831642181
bipolar,neurological,3_methylbutanal,0.001439405007699143
bipolar,neurological,acetaldehyde,0.0035388886846442424
bipolar,neurological,acetone,0.3627779793789252
bipolar,neurological,acetonitrile,-0.14179615694676684
bipolar,neurological,allyl_methyl_sulfide,-0.14559204109586646
bipolar,neurological,ammonia,0.046194113501003574
bipolar,neurological,benzaldehyde,-0.0036775492351255766
bipolar,neurological,benzene,0.04635951844379424
bipolar,neurological,butane,0.038166379136679134
bipolar,neurological,carbon_disulfide,0.01559061026401465
bipolar,neurological,crotonaldehyde,0.04416027354056919
bipolar,neurological,cyclohexane,0.032905438909735504
bipolar,neurological,decanal,0.05714796031307215
bipolar,neurological,dimethyl_amine,-0.007737307399069048
bipolar,neurological,dimethyl_disulfide,0.008218163435961098
bipolar,neurological,dms,0.005496411471059166
bipolar,neurological,dmts,0.015593857442523326
bipolar,neurological,dodecane,0.025569738195100118
bipolar,neurological,ethane,0.5088396043097527
bipolar,neurological,ethanol,0.0005867416556261358
bipolar,neurological,ethyl_acetate,0.010722416488552922
bipolar,neurological,ethylbenzene,-0.059579200407379365
bipolar,neurological,formaldehyde,0.025564646539149898
bipolar,neurological,furan,0.005778608605654981
bipolar,neurological,heptanal,0.08656376137967477
bipolar,neurological,hexanal,2.9792752936631977
bipolar,neurological,hexane,0.04676159228182553
bipolar,neurological,hydrogen_sulfide,0.00097536537023319
bipolar,neurological,indole,0.012917348817088739
bipolar,neurological,isoprene,-0.12490381391572769
bipolar,neurological,isopropanol,0.0517881847775151
bipolar,neurological,limonene,0.006990228284123086
bipolar,neurological,methanol,0.010939646539149887
bipolar,neurological,methyl_acetate,-0.14280250908933081
bipolar,neurological,methyl_mercaptan,0.0009753653702328698
bipolar,neurological,nonanal,0.4913088645088812
bipolar,neurological,octanal,0.31779751619206864
bipolar,neurological,octane,0.15726671406141696
bipolar,neurological,pentane,3.953242014037175
bipolar,neurological,phenol,0.10747694516835488
bipolar,neurological,propanol,0.1473621801156634
bipolar,neurological,propionaldehyde,0.04954227354056917
bipolar,neurological,pyrrole,-0.008349201802958986
bipolar,neurological,styrene,0.003248656771566374
bipolar,neurological,toluene,0.004476591923404524
bipolar,neurological,trimethylamine,0.0011126774052173413
bipolar,neurological,undecane,0.041852737439739315
bipolar,neurological,xylene,0.005496411471059485
breast_benign,unspecified,2_butanone,0.10580077710244654
breast_benign,unspecified,2_pentanone,-0.38535505622696714
breast_benign,unspecified,3_methylbutanal,0.005136607932797258
breast_benign,unspecified,acetaldehyde,-0.009903358941706419
breast_benign,unspecified,acetone,0.28689024298271204
breast_benign,unspecified,acetonitrile,-0.42503412803449997
breast_benign,unspecified,allyl_methyl_sulfide,-0.43490342682215893
breast_benign,unspecified,ammonia,0.10155652453452596
breast_benign,unspecified,benzaldehyde,-0.0068426543821201
breast_benign,unspecified,benzene,0.12053474795386482
breast_benign,unspecified,butane,-0.009669434442427105
breast_benign,unspecified,carbon_disulfide,0.022823966488644563
breast_benign,unspecified,crotonaldehyde,-0.007112508992313598
breast_benign,unspecified,cyclohexane,0.010109914794519295
breast_benign,unspecified,decanal,-0.015978214827506134
breast_benign,unspecified,dimethyl_amine,-0.015807116517464023
breast_benign,unspecified,dimethyl_disulfide,0.00010351329200491581
breast_benign,unspecified,dms,0.013446960918225297
breast_benign,unspecified,dmts,0.019280317709067088
breast_benign,unspecified,dodecane,-0.007304118507233482
breast_benign,unspecified,ethane,-0.0042539425989014
breast_benign,unspecified,ethanol,0.005249858551974376
breast_benign,unspecified,ethyl_acetate,0.027045165055744034
breast_benign,unspecified,ethylbenzene,-0.15490592105918605
breast_benign,unspecified,formaldehyde,-0.02588542620236717
breast_benign,unspecified,furan,-0.005642066576427045
breast_benign,unspecified,heptanal,0.06873937958715444
breast_benign,unspecified,hexanal,1.1716855800476829
breast_benign,unspecified,hexane,-0.0003490802650465204
breast_benign,unspecified,hydrogen_sulfide,-0.004161938961984116
breast_benign,unspecified,indole,0.013446960918225614
breast_benign,unspecified,isoprene,-0.07642489056930739
breast_benign,unspecified,isopropanol,0.0824228677712776
breast_benign,unspecified,limonene,-0.0030891181027738347
breast_benign,unspecified,methanol,-0.025885426202367008
breast_benign,unspecified,methyl_acetate,-0.43120273504886686
breast_benign,unspecified,methyl_mercaptan,-0.004161938961984116
breast_benign,unspecified,nonanal,0.07630840027471689
breast_benign,unspecified,octanal,0.13926413964270243
breast_benign,unspecified,octane,0.317703056559684
breast_benign,unspecified,pentane,1.8221909143014912
breast_benign,unspecified,phenol,0.27944005743772243
breast_benign,unspecified,propanol,-0.039544300824638765
breast_benign,unspecified,propionaldehyde,-0.006146508992313526
breast_benign,unspecified,pyrrole,-0.01898895105848673
breast_benign,unspecified,styrene,-0.009265112591720479
breast_benign,unspecified,toluene,-0.006072481196941563
breast_benign,unspecified,trimethylamine,-0.003629091148007798
breast_benign,unspecified,undecane,0.029820799528828507
breast_benign,unspecified,xylene,0.013446960918225297
breast_invasive_carcinoma,cancer,2_butanone,2.922481653443106
breast_invasive_carcinoma,cancer,2_pentanone,-0.38535505622696714
breast_invasive_carcinoma,cancer,3_methylbutanal,0.007363880660069892
breast_invasive_carcinoma,cancer,acetaldehyde,3.1349657133544504
breast_invasive_carcinoma,cancer,acetone,0.40716110945172035
breast_invasive_carcinoma,cancer,acetonitrile,-0.42503412803449997
breast_invasive_carcinoma,cancer,allyl_methyl_sulfide,-0.43490342682215893
breast_invasive_carcinoma,cancer,ammonia,0.21796673301653555
breast_invasive_carcinoma,cancer,benzaldehyde,-0.0068426543821201
breast_invasive_carcinoma,cancer,benzene,0.12053474795386482
breast_invasive_carcinoma,cancer,butane,0.2925696235773813
breast_invasive_carcinoma,cancer,carbon_disulfide,0.028367966488644814
breast_invasive_carcinoma,cancer,crotonaldehyde,-0.0030133089923135245
breast_invasive_carcinoma,cancer,cyclohexane,0.013184314794519092
breast_invasive_carcinoma,cancer,decanal,-0.010341814827506094
breast_invasive_carcinoma,cancer,dimethyl_amine,-0.014216207426554776
breast_invasive_carcinoma,cancer,dimethyl_disulfide,0.00010351329200491581
breast_invasive_carcinoma,cancer,dms,0.017659447919054296
breast_invasive_carcinoma,cancer,dmts,1.2509950636524536
breast_invasive_carcinoma,cancer,dodecane,-0.004434678507233402
breast_invasive_carcinoma,cancer,ethane,0.0003576574010985484
breast_invasive_carcinoma,cancer,ethanol,3.3568024720399956
breast_invasive_carcinoma,cancer,ethyl_acetate,0.027045165055744034
breast_invasive_carcinoma,cancer,ethylbenzene,-0.09540592105918609
breast_invasive_carcinoma,cancer,formaldehyde,-0.02588542620236717
breast_invasive_carcinoma,cancer,furan,0.16863562684604483
breast_invasive_carcinoma,cancer,heptanal,0.2580208104053738
breast_invasive_carcinoma,cancer,hexanal,3.3756619511499113
breast_invasive_carcinoma,cancer,hexane,0.31727737775476184
breast_invasive_carcinoma,cancer,hydrogen_sulfide,-0.0013964736879371626
breast_invasive_carcinoma,cancer,indole,0.013446960918225614
breast_invasive_carcinoma,cancer,isoprene,-1.2945152615464068
breast_invasive_carcinoma,cancer,isopropanol,0.0824228677712776
breast_invasive_carcinoma,cancer,limonene,-0.0030891181027738347
breast_invasive_carcinoma,cancer,methanol,-0.025885426202367008
breast_invasive_carcinoma,cancer,methyl_acetate,-0.43120273504886686
breast_invasive_carcinoma,cancer,methyl_mercaptan,-0.000842599726486612
breast_invasive_carcinoma,cancer,nonanal,0.32551064772309135
breast_invasive_carcinoma,cancer,octanal,0.394113641111839
breast_invasive_carcinoma,cancer,octane,0.3212898565596839
breast_invasive_carcinoma,cancer,pentane,1.7922192891493267
breast_invasive_carcinoma,cancer,phenol,0.27944005743772243
breast_invasive_carcinoma,cancer,propanol,-0.039544300824638765
breast_invasive_carcinoma,cancer,propionaldehyde,0.3119923490274949
breast_invasive_carcinoma,cancer,pyrrole,-0.01898895105848673
breast_invasive_carcinoma,cancer,styrene,0.09901262626361969
breast_invasive_carcinoma,cancer,toluene,-0.006072481196941563
breast_invasive_carcinoma,cancer,trimethylamine,-0.003629091148007798
breast_invasive_carcinoma,cancer,undecane,0.03289519952882846
breast_invasive_carcinoma,cancer,xylene,0.013446960918225297
cancer_bladder,cancer,2_butanone,0.6154913832462209
cancer_bladder,cancer,2_pentanone,-0.4819132973136886
cancer_bladder,cancer,3_methylbutanal,0.014153721569161063
cancer_bladder,cancer,acetaldehyde,0.4453573812695372
cancer_bladder,cancer,acetone,0.330114148375813
cancer_bladder,cancer,acetonitrile,-0.42503412803449997
cancer_bladder,cancer,allyl_methyl_sulfide,-0.43490342682215893
cancer_bladder,cancer,ammonia,0.10407014226520354
cancer_bladder,cancer,benzaldehyde,-0.0068426543821201
cancer_bladder,cancer,benzene,0.15868675044413477
cancer_bladder,cancer,butane,0.29903762357738123
cancer_bladder,cancer,carbon_disulfide,0.022823966488644563
cancer_bladder,cancer,crotonaldehyde,0.004378691007686331
cancer_bladder,cancer,cyclohexane,0.018728314794519273
cancer_bladder,cancer,decanal,-0.00017781482750611245
cancer_bladder,cancer,dimethyl_amine,-0.009366321062918586
cancer_bladder,cancer,dimethyl_disulfide,0.00010351329200491581
cancer_bladder,cancer,dms,0.013446960918225297
cancer_bladder,cancer,dmts,0.019280317709067088
cancer_bladder,cancer,dodecane,0.0007397214927665825
cancer_bladder,cancer,ethane,0.008673657401098673
cancer_bladder,cancer,ethanol,0.8960764831045231
cancer_bladder,cancer,ethyl_acetate,0.027045165055744034
cancer_bladder,cancer,ethylbenzene,-0.12074954100841716
cancer_bladder,cancer,formaldehyde,-0.02588542620236717
cancer_bladder,cancer,furan,0.17063799903574597
cancer_bladder,cancer,heptanal,0.4095221395359147
cancer_bladder,cancer,hexanal,2.3317914078120245
cancer_bladder,cancer,hexane,0.3246693777547619
cancer_bladder,cancer,hydrogen_sulfide,-0.004161938961984116
cancer_bladder,cancer,indole,0.013446960918225614
cancer_bladder,cancer,isoprene,-0.07642489056930739
cancer_bladder,cancer,isopropanol,0.08231778876594291
cancer_bladder,cancer,limonene,-0.0030891181027738347
cancer_bladder,cancer,methanol,-0.025885426202367008
cancer_bladder,cancer,methyl_acetate,-0.43120273504886686
cancer_bladder,cancer,methyl_mercaptan,-0.004161938961984116
cancer_bladder,cancer,nonanal,0.5311125295321645
cancer_bladder,cancer,octanal,0.45897241663571003
cancer_bladder,cancer,octane,0.3566478212637259
cancer_bladder,cancer,pentane,2.6687073302456725
cancer_bladder,cancer,phenol,0.27944005743772243
cancer_bladder,cancer,propanol,-0.037873187538160935
cancer_bladder,cancer,propionaldehyde,0.3203083490274949
cancer_bladder,cancer,pyrrole,-0.01898895105848673
cancer_bladder,cancer,styrene,0.09901262626361969
cancer_bladder,cancer,toluene,-0.006072481196941563
cancer_bladder,cancer,trimethylamine,-0.003629091148007798
cancer_bladder,cancer,undecane,0.0384391995288286
cancer_bladder,cancer,xylene,0.013446960918225297
cancer_blood,cancer,2_butanone,0.8955316611427302
cancer_blood,cancer,2_pentanone,-0.4819132973136886
cancer_blood,cancer,3_methylbutanal,0.015840379523706316
cancer_blood,cancer,acetaldehyde,1.0370407313412948
cancer_blood,cancer,acetone,0.3316967518527591
cancer_blood,cancer,acetonitrile,-0.42503412803449997
cancer_blood,cancer,allyl_methyl_sulfide,-0.43490342682215893
cancer_blood,cancer,ammonia,0.10454082684582769
cancer_blood,cancer,benzaldehyde,-0.0068426543821201
cancer_blood,cancer,benzene,0.15868675044413477
cancer_blood,cancer,butane,0.29750882357738123
cancer_blood,cancer,carbon_disulfide,0.022823966488644563
cancer_blood,cancer,crotonaldehyde,0.002631491007686332
cancer_blood,cancer,cyclohexane,0.017417914794519342
cancer_blood,cancer,decanal,-0.002580214827506005
cancer_blood,cancer,dimethyl_amine,-0.008161565381100432
cancer_blood,cancer,dimethyl_disulfide,0.00010351329200491581
cancer_blood,cancer,dms,0.013446960918225297
cancer_blood,cancer,dmts,0.019280317709067088
cancer_blood,cancer,dodecane,-0.0004833185072335221
cancer_blood,cancer,ethane,0.006708057401098634
cancer_blood,cancer,ethanol,1.930504008985934
cancer_blood,cancer,ethyl_acetate,0.027045165055744034
cancer_blood,cancer,ethylbenzene,-0.12074954100841716
cancer_blood,cancer,formaldehyde,-0.02588542620236717
cancer_blood,cancer,furan,0.1701643831710118
cancer_blood,cancer,heptanal,0.40690133953591434
cancer_blood,cancer,hexanal,2.776985649365385
cancer_blood,cancer,hexane,0.32292217775476195
cancer_blood,cancer,hydrogen_sulfide,-0.004161938961984116
cancer_blood,cancer,indole,0.013446960918225614
cancer_blood,cancer,isoprene,-0.07642489056930739
cancer_blood,cancer,isopropanol,0.08231778876594291
cancer_blood,cancer,limonene,-0.0030891181027738347
cancer_blood,cancer,methanol,-0.025885426202367008
cancer_blood,cancer,methyl_acetate,-0.43120273504886686
cancer_blood,cancer,methyl_mercaptan,-0.004161938961984116
cancer_blood,cancer,nonanal,0.5282733295321644
cancer_blood,cancer,octanal,0.4578836402729057
cancer_blood,cancer,octane,0.3551190212637258
cancer_blood,cancer,pentane,2.855747548897373
cancer_blood,cancer,phenol,0.27944005743772243
cancer_blood,cancer,propanol,-0.037873187538160935
cancer_blood,cancer,propionaldehyde,0.31834274902749504
cancer_blood,cancer,pyrrole,-0.01898895105848673
cancer_blood,cancer,styrene,0.09901262626361969
cancer_blood,cancer,toluene,-0.006072481196941563
cancer_blood,cancer,trimethylamine,-0.003629091148007798
cancer_blood,cancer,undecane,0.037128799528828575
cancer_blood,cancer,xylene,0.013446960918225297
cancer_kidney,cancer,2_butanone,0.6154913832462209
cancer_kidney,cancer,2_pentanone,-0.4819132973136886
cancer_kidney,cancer,3_methylbutanal,0.014153721569161063
cancer_kidney,cancer,acetaldehyde,0.4453573812695372
cancer_kidney,cancer,acetone,0.330114148375813
cancer_kidney,cancer,acetonitrile,-0.42503412803449997
cancer_kidney,cancer,allyl_methyl_sulfide,-0.43490342682215893
cancer_kidney,cancer,ammonia,0.10407014226520354
cancer_kidney,cancer,benzaldehyde,-0.0068426543821201
cancer_kidney,cancer,benzene,0.15868675044413477
cancer_kidney,cancer,butane,0.29750882357738123
cancer_kidney,cancer,carbon_disulfide,0.022823966488644563
cancer_kidney,cancer,crotonaldehyde,0.002631491007686332
cancer_kidney,cancer,cyclohexane,0.017417914794519342
cancer_kidney,cancer,decanal,-0.002580214827506005
cancer_kidney,cancer,dimethyl_amine,-0.009366321062918586
cancer_kidney,cancer,dimethyl_disulfide,0.00010351329200491581
cancer_kidney,cancer,dms,0.013446960918225297
cancer_kidney,cancer,dmts,0.019280317709067088
cancer_kidney,cancer,dodecane,-0.0004833185072335221
cancer_kidney,cancer,ethane,0.006708057401098634
cancer_kidney,cancer,ethanol,0.42752099208959177
cancer_kidney,cancer,ethyl_acetate,0.027045165055744034
cancer_kidney,cancer,ethylbenzene,-0.12074954100841716
cancer_kidney,cancer,formaldehyde,-0.02588542620236717
cancer_kidney,cancer,furan,0.1701643831710118
cancer_kidney,cancer,heptanal,0.40690133953591434
cancer_kidney,cancer,hexanal,2.5311753723470405
cancer_kidney,cancer,hexane,0.32292217775476195
cancer_kidney,cancer,hydrogen_sulfide,-0.004161938961984116
cancer_kidney,cancer,indole,0.013446960918225614
cancer_kidney,cancer,isoprene,-0.07642489056930739
cancer_kidney,cancer,isopropanol,0.08231778876594291
cancer_kidney,cancer,limonene,-0.0030891181027738347
cancer_kidney,cancer,methanol,-0.025885426202367008
cancer_kidney,cancer,methyl_acetate,-0.43120273504886686
cancer_kidney,cancer,methyl_mercaptan,-0.004161938961984116
cancer_kidney,cancer,nonanal,0.5282733295321644
cancer_kidney,cancer,octanal,0.4578836402729057
cancer_kidney,cancer,octane,0.3551190212637258
cancer_kidney,cancer,pentane,2.913775513328183
cancer_kidney,cancer,phenol,0.27944005743772243
cancer_kidney,cancer,propanol,-0.037873187538160935
cancer_kidney,cancer,propionaldehyde,0.31834274902749504
cancer_kidney,cancer,pyrrole,-0.01898895105848673
cancer_kidney,cancer,styrene,0.09901262626361969
cancer_kidney,cancer,toluene,-0.006072481196941563
cancer_kidney,cancer,trimethylamine,-0.003629091148007798
cancer_kidney,cancer,undecane,0.037128799528828575
cancer_kidney,cancer,xylene,0.013446960918225297
cancer_prostate,cancer,2_butanone,1.2304944614928652
cancer_prostate,cancer,2_pentanone,-0.4819132973136886
cancer_prostate,cancer,3_methylbutanal,0.037414244296433516
cancer_prostate,cancer,acetaldehyde,1.9627544302417825
cancer_prostate,cancer,acetone,0.41826994659818356
cancer_prostate,cancer,acetonitrile,-0.3343335524215013
cancer_prostate,cancer,allyl_methyl_sulfide,-0.3457632380243816
cancer_prostate,cancer,ammonia,0.11057549445977805
cancer_prostate,cancer,benzaldehyde,0.0072693456178800075
cancer_prostate,cancer,benzene,0.17781108218172859
cancer_prostate,cancer,butane,0.012674565557572808
cancer_prostate,cancer,carbon_disulfide,0.04421269702214404
cancer_prostate,cancer,crotonaldehyde,0.018423491007686317
cancer_prostate,cancer,cyclohexane,0.029261914794519204
cancer_prostate,cancer,decanal,0.04964040638086574
cancer_prostate,cancer,dimethyl_amine,0.007248338027990651
cancer_prostate,cancer,dimethyl_disulfide,0.00010351329200491581
cancer_prostate,cancer,dms,0.023220362310343877
cancer_prostate,cancer,dmts,0.040669048242566536
cancer_prostate,cancer,dodecane,0.010571081492766485
cancer_prostate,cancer,ethane,0.054980678609470285
cancer_prostate,cancer,ethanol,3.1810219123457415
cancer_prostate,cancer,ethyl_acetate,0.048433895589243416
cancer_prostate,cancer,ethylbenzene,-0.1637855410084171
cancer_prostate,cancer,formaldehyde,-0.9143516764094382
cancer_prostate,cancer,furan,0.0015273754593769216
cancer_prostate,cancer,heptanal,0.18881472453640244
cancer_prostate,cancer,hexanal,3.651847046308583
cancer_prostate,cancer,hexane,0.025186919734953437
cancer_prostate,cancer,hydrogen_sulfide,-0.004161938961984116
cancer_prostate,cancer,indole,0.023220362310344193
cancer_prostate,cancer,isoprene,-0.24834031536713988
cancer_prostate,cancer,isopropanol,0.07671082568926359
cancer_prostate,cancer,limonene,0.0072693671823016
cancer_prostate,cancer,methanol,0.10020387994413109
cancer_prostate,cancer,methyl_acetate,-0.34050215943586803
cancer_prostate,cancer,methyl_mercaptan,-0.004161938961984116
cancer_prostate,cancer,nonanal,0.2692092617628144
cancer_prostate,cancer,octanal,0.026447509076448435
cancer_prostate,cancer,octane,0.2553065444859302
cancer_prostate,cancer,pentane,3.614989534339618
cancer_prostate,cancer,phenol,0.27944005743772243
cancer_prostate,cancer,propanol,-0.037873187538160935
cancer_prostate,cancer,propionaldehyde,0.05308811221605817
cancer_prostate,cancer,pyrrole,-0.01898895105848673
cancer_prostate,cancer,styrene,0.007198887408279331
cancer_prostate,cancer,toluene,0.012743518803058324
cancer_prostate,cancer,trimethylamine,-0.003629091148007798
cancer_prostate,cancer,undecane,0.057669251688255777
cancer_prostate,cancer,xylene,0.03079707372661365
cancer_skin_melanoma,cancer,2_butanone,2.3103454707220075
cancer_skin_melanoma,cancer,2_pentanone,-0.4819132973136886
cancer_skin_melanoma,cancer,3_methylbutanal,0.020208785205524528
cancer_skin_melanoma,cancer,acetaldehyde,2.550605633922113
cancer_skin_melanoma,cancer,acetone,0.3313216297698872
cancer_skin_melanoma,cancer,acetonitrile,-0.42503412803449997
cancer_skin_melanoma,cancer,allyl_methyl_sulfide,-0.43490342682215893
cancer_skin_melanoma,cancer,ammonia,0.10576063713784972
cancer_skin_melanoma,cancer,benzaldehyde,-0.0068426543821201
cancer_skin_melanoma,cancer,benzene,0.15868675044413477
cancer_skin_melanoma,cancer,butane,0.2998020235773813
cancer_skin_melanoma,cancer,carbon_disulfide,0.022823966488644563
cancer_skin_melanoma,cancer,crotonaldehyde,0.005252291007686319
cancer_skin_melanoma,cancer,cyclohexane,0.019383514794519337
cancer_skin_melanoma,cancer,decanal,0.0010233851724940804
cancer_skin_melanoma,cancer,dimethyl_amine,-0.005041275608373141
cancer_skin_melanoma,cancer,dimethyl_disulfide,0.00010351329200491581
cancer_skin_melanoma,cancer,dms,0.013446960918225297
cancer_skin_melanoma,cancer,dmts,0.019280317709067088
cancer_skin_melanoma,cancer,dodecane,0.0013512414927665823
cancer_skin_melanoma,cancer,ethane,0.009656457401098762
cancer_skin_melanoma,cancer,ethanol,3.2995591446703427
cancer_skin_melanoma,cancer,ethyl_acetate,0.027045165055744034
cancer_skin_melanoma,cancer,ethylbenzene,-0.12074954100841716
cancer_skin_melanoma,cancer,formaldehyde,-0.02588542620236717
cancer_skin_melanoma,cancer,furan,0.1708748830981125
cancer_skin_melanoma,cancer,heptanal,0.410832539535915
cancer_skin_melanoma,cancer,hexanal,3.4601507224239243
cancer_skin_melanoma,cancer,hexane,0.3255429777547619
cancer_skin_melanoma,cancer,hydrogen_sulfide,-0.004161938961984116
cancer_skin_melanoma,cancer,indole,0.013446960918225614
cancer_skin_melanoma,cancer,isoprene,-0.07642489056930739
cancer_skin_melanoma,cancer,isopropanol,0.08231778876594291
cancer_skin_melanoma,cancer,limonene,-0.0030891181027738347
cancer_skin_melanoma,cancer,methanol,-0.025885426202367008
cancer_skin_melanoma,cancer,methyl_acetate,-0.43120273504886686
cancer_skin_melanoma,cancer,methyl_mercaptan,-0.004161938961984116
cancer_skin_melanoma,cancer,nonanal,0.5325321295321644
cancer_skin_melanoma,cancer,octanal,0.4595171765995463
cancer_skin_melanoma,cancer,octane,0.35741222126372574
cancer_skin_melanoma,cancer,pentane,2.7012376248256498
cancer_skin_melanoma,cancer,phenol,0.27944005743772243
cancer_skin_melanoma,cancer,propanol,-0.037873187538160935
cancer_skin_melanoma,cancer,propionaldehyde,0.32129114902749495
cancer_skin_melanoma,cancer,pyrrole,-0.01898895105848673
cancer_skin_melanoma,cancer,styrene,0.09901262626361969
cancer_skin_melanoma,cancer,toluene,-0.006072481196941563
cancer_skin_melanoma,cancer,trimethylamine,-0.003629091148007798
cancer_skin_melanoma,cancer,undecane,0.03909439952882848
cancer_skin_melanoma,cancer,xylene,0.013446960918225297
cancer_stomach,cancer,2_butanone,2.7820874420484993
cancer_stomach,cancer,2_pentanone,-0.4666007973136885
cancer_stomach,cancer,3_methylbutanal,0.04092665338734274
cancer_stomach,cancer,acetaldehyde,2.434896654156836
cancer_stomach,cancer,acetone,0.6851652013055279
cancer_stomach,cancer,acetonitrile,-0.3343335524215013
cancer_stomach,cancer,allyl_methyl_sulfide,-0.3457632380243816
cancer_stomach,cancer,ammonia,0.37172418181818184
cancer_stomach,cancer,benzaldehyde,-0.0068426543821201
cancer_stomach,cancer,benzene,0.1613470821817285
cancer_stomach,cancer,butane,0.005398065557572997
cancer_stomach,cancer,carbon_disulfide,0.04421269702214404
cancer_stomach,cancer,crotonaldehyde,0.01010749100768636
cancer_stomach,cancer,cyclohexane,0.023024914794519114
cancer_stomach,cancer,decanal,0.0076992851724940635
cancer_stomach,cancer,dimethyl_amine,0.009757201664354028
cancer_stomach,cancer,dimethyl_disulfide,0.00010351329200491581
cancer_stomach,cancer,dms,0.023220362310343877
cancer_stomach,cancer,dmts,0.040669048242566536
cancer_stomach,cancer,dodecane,0.004749881492766552
cancer_stomach,cancer,ethane,0.015118557401098737
cancer_stomach,cancer,ethanol,3.3297955464087785
cancer_stomach,cancer,ethyl_acetate,0.06604327058924338
cancer_stomach,cancer,ethylbenzene,-0.18024954100841714
cancer_stomach,cancer,formaldehyde,0.08294690270912472
cancer_stomach,cancer,furan,-0.0008122069091778652
cancer_stomach,cancer,heptanal,0.17634072453640243
cancer_stomach,cancer,hexanal,3.775448945961913
cancer_stomach,cancer,hexane,0.01687091973495357
cancer_stomach,cancer,hydrogen_sulfide,0.42269534984174506
cancer_stomach,cancer,indole,0.066196207789435
cancer_stomach,cancer,isoprene,0.8146790265963959
cancer_stomach,cancer,isopropanol,0.08792138783672827
cancer_stomach,cancer,limonene,0.007494881897226266
cancer_stomach,cancer,methanol,0.09878200494413132
cancer_stomach,cancer,methyl_acetate,-0.34050215943586803
cancer_stomach,cancer,methyl_mercaptan,-0.004161938961984116
cancer_stomach,cancer,nonanal,0.6402694274795048
cancer_stomach,cancer,octanal,0.007306293320102931
cancer_stomach,cancer,octane,0.24803004448593036
cancer_stomach,cancer,pentane,3.210575746838084
cancer_stomach,cancer,phenol,0.48944005743772234
cancer_stomach,cancer,propanol,-0.02907683249546128
cancer_stomach,cancer,propionaldehyde,0.013225991007686486
cancer_stomach,cancer,pyrrole,-0.01898895105848673
cancer_stomach,cancer,styrene,0.5818789243653214
cancer_stomach,cancer,toluene,-0.006072481196941563
cancer_stomach,cancer,trimethylamine,0.005434018041024118
cancer_stomach,cancer,undecane,0.05143225168825576
cancer_stomach,cancer,xylene,0.023220362310343877
celiac,inflammatory,2_butanone,0.03881808441729274
celiac,inflammatory,2_pentanone,-0.1482134831642181
celiac,inflammatory,3_methylbutanal,0.3016592141775755
celiac,inflammatory,acetaldehyde,0.007379737570423142
celiac,inflammatory,acetone,0.0857769171159053
celiac,inflammatory,acetonitrile,-0.16347466462865382
celiac,inflammatory,allyl_methyl_sulfide,-0.16727054877775338
celiac,inflammatory,ammonia,0.10467405378258367
celiac,inflammatory,benzaldehyde,-0.002631790146969322
celiac,inflammatory,benzene,0.04635951844379424
celiac,inflammatory,butane,0.03337021752214339
celiac,inflammatory,carbon_disulfide,0.008778448649478632
celiac,inflammatory,crotonaldehyde,0.03965211192603325
celiac,inflammatory,cyclohexane,0.03567919799789199
celiac,inflammatory,decanal,0.05213760968172836
celiac,inflammatory,dimethyl_amine,0.013844815325450751
celiac,inflammatory,dimethyl_disulfide,3.981280461735194e-05
celiac,inflammatory,dms,0.005153966517019903
celiac,inflammatory,dmts,0.00741550681117983
celiac,inflammatory,dodecane,0.026862108266448692
celiac,inflammatory,ethane,0.06554521438503799
celiac,inflammatory,ethanol,0.015232808394657906
celiac,inflammatory,ethyl_acetate,0.03056198655990155
celiac,inflammatory,ethylbenzene,-0.059579200407379365
celiac,inflammatory,formaldehyde,-0.009955933154756604
celiac,inflammatory,furan,0.009786560018108995
celiac,inflammatory,heptanal,0.09001976137967488
celiac,inflammatory,hexanal,2.242740387645266
celiac,inflammatory,hexane,0.04225343066728997
celiac,inflammatory,hydrogen_sulfide,0.4591902729182341
celiac,inflammatory,indole,0.012989501023377772
celiac,inflammatory,isoprene,-0.030016761792365097
celiac,inflammatory,isopropanol,0.05614180086574822
celiac,inflammatory,limonene,-0.0011881223472207279
celiac,inflammatory,methanol,0.0044440668452434785
celiac,inflammatory,methyl_acetate,-0.16584720578802575
celiac,inflammatory,methyl_mercaptan,-0.0016024880247879397
celiac,inflammatory,nonanal,0.10721375972104494
celiac,inflammatory,octanal,0.3255303371593836
celiac,inflammatory,octane,0.1592827140614168
celiac,inflammatory,pentane,2.888747623117595
celiac,inflammatory,phenol,0.10747694516835488
celiac,inflammatory,propanol,-0.005093381986556415
celiac,inflammatory,propionaldehyde,0.04532211192603325
celiac,inflammatory,pyrrole,-0.007303442714802512
celiac,inflammatory,styrene,-0.003563504842969559
celiac,inflammatory,toluene,-0.002335569691131557
celiac,inflammatory,trimethylamine,0.00900414199512099
celiac,inflammatory,undecane,0.04326030751108798
celiac,inflammatory,xylene,0.005153966517019584
cervical_cancer,cancer,2_butanone,0.6241684665795543
cervical_cancer,cancer,2_pentanone,-0.4819132973136886
cervical_cancer,cancer,3_methylbutanal,0.014153721569161063
cervical_cancer,cancer,acetaldehyde,0.4553275201584262
cervical_cancer,cancer,acetone,0.3330747815469631
cervical_cancer,cancer,acetonitrile,-0.42503412803449997
cervical_cancer,cancer,allyl_methyl_sulfide,-0.43490342682215893
cervical_cancer,cancer,ammonia,0.10407014226520354
cervical_cancer,cancer,benzaldehyde,-0.0068426543821201
cervical_cancer,cancer,benzene,0.15868675044413477
cervical_cancer,cancer,butane,0.29750882357738123
cervical_cancer,cancer,carbon_disulfide,0.022823966488644563
cervical_cancer,cancer,crotonaldehyde,0.002631491007686332
cervical_cancer,cancer,cyclohexane,0.017417914794519342
cervical_cancer,cancer,decanal,-0.002580214827506005
cervical_cancer,cancer,dimethyl_amine,-0.009366321062918586
cervical_cancer,cancer,dimethyl_disulfide,0.00010351329200491581
cervical_cancer,cancer,dms,0.013446960918225297
cervical_cancer,cancer,dmts,0.019280317709067088
cervical_cancer,cancer,dodecane,-0.0004833185072335221
cervical_cancer,cancer,ethane,0.006708057401098634
cervical_cancer,cancer,ethanol,1.0510786225517992
cervical_cancer,cancer,ethyl_acetate,0.027045165055744034
cervical_cancer,cancer,ethylbenzene,-0.12074954100841716
cervical_cancer,cancer,formaldehyde,-0.02588542620236717
cervical_cancer,cancer,furan,0.1701643831710118
cervical_cancer,cancer,heptanal,0.40690133953591434
cervical_cancer,cancer,hexanal,2.626052686962449
cervical_cancer,cancer,hexane,0.32292217775476195
cervical_cancer,cancer,hydrogen_sulfide,-0.004161938961984116
cervical_cancer,cancer,indole,0.013446960918225614
cervical_cancer,cancer,isoprene,-0.07458542887048412
cervical_cancer,cancer,isopropanol,0.08231778876594291
cervical_cancer,cancer,limonene,-0.0030891181027738347
cervical_cancer,cancer,methanol,-0.025885426202367008
cervical_cancer,cancer,methyl_acetate,-0.43120273504886686
cervical_cancer,cancer,methyl_mercaptan,-0.004161938961984116
cervical_cancer,cancer,nonanal,0.5282733295321644
cervical_cancer,cancer,octanal,0.4578836402729057
cervical_cancer,cancer,octane,0.3551190212637258
cervical_cancer,cancer,pentane,2.9243799256449075
cervical_cancer,cancer,phenol,0.27944005743772243
cervical_cancer,cancer,propanol,-0.037873187538160935
cervical_cancer,cancer,propionaldehyde,0.31834274902749504
cervical_cancer,cancer,pyrrole,-0.01898895105848673
cervical_cancer,cancer,styrene,0.09901262626361969
cervical_cancer,cancer,toluene,-0.006072481196941563
cervical_cancer,cancer,trimethylamine,-0.003629091148007798
cervical_cancer,cancer,undecane,0.037128799528828575
cervical_cancer,cancer,xylene,0.013446960918225297
chronic_bronchitis,pulmonary,2_butanone,0.03881808441729274
chronic_bronchitis,pulmonary,2_pentanone,0.034198221348161244
chronic_bronchitis,pulmonary,3_methylbutanal,0.06721355273497205
chronic_bronchitis,pulmonary,acetaldehyde,-0.007737307399069209
chronic_bronchitis,pulmonary,acetone,0.31417853571112864
chronic_bronchitis,pulmonary,acetonitrile,-0.13386325265325427
chronic_bronchitis,pulmonary,allyl_methyl_sulfide,-0.12097928557743882
chronic_bronchitis,pulmonary,ammonia,1.6026942419203831
chronic_bronchitis,pulmonary,benzaldehyde,0.011226450764874314
chronic_bronchitis,pulmonary,benzene,-0.060560720274311954
chronic_bronchitis,pulmonary,butane,0.15953946451730308
chronic_bronchitis,pulmonary,carbon_disulfide,0.01559061026401465
chronic_bronchitis,pulmonary,crotonaldehyde,0.18119618313994285
chronic_bronchitis,pulmonary,cyclohexane,0.1462019013299932
chronic_bronchitis,pulmonary,decanal,0.23764332401059018
chronic_bronchitis,pulmonary,dimethyl_amine,0.06516422669183992
chronic_bronchitis,pulmonary,dimethyl_disulfide,0.037018163435961066
chronic_bronchitis,pulmonary,dms,0.017406828501258458
chronic_bronchitis,pulmonary,dmts,0.015593857442523326
chronic_bronchitis,pulmonary,dodecane,0.12501486966947378
chronic_bronchitis,pulmonary,ethane,0.984567245035067
chronic_bronchitis,pulmonary,ethanol,-0.00020839014922645325
chronic_bronchitis,pulmonary,ethyl_acetate,0.010722416488552922
chronic_bronchitis,pulmonary,ethylbenzene,-0.04219120040737927
chronic_bronchitis,pulmonary,formaldehyde,0.017619867280737177
chronic_bronchitis,pulmonary,furan,0.05017463860531198
chronic_bronchitis,pulmonary,heptanal,0.27451765200467465
chronic_bronchitis,pulmonary,hexanal,4.348684473025377
chronic_bronchitis,pulmonary,hexane,0.18824018154868025
chronic_bronchitis,pulmonary,hydrogen_sulfide,0.36711693633779036
chronic_bronchitis,pulmonary,indole,0.03062816157964614
chronic_bronchitis,pulmonary,isoprene,-0.25228057390609354
chronic_bronchitis,pulmonary,isopropanol,0.05402766820037593
chronic_bronchitis,pulmonary,limonene,0.03183022828412302
chronic_bronchitis,pulmonary,methanol,0.018872550832662878
chronic_bronchitis,pulmonary,methyl_acetate,-0.13486960479581825
chronic_bronchitis,pulmonary,methyl_mercaptan,0.0158226263619017
chronic_bronchitis,pulmonary,nonanal,0.7922287043526313
chronic_bronchitis,pulmonary,octanal,0.11315079993760298
chronic_bronchitis,pulmonary,octane,0.30097394984229014
chronic_bronchitis,pulmonary,pentane,4.537617090930231
chronic_bronchitis,pulmonary,phenol,0.25693499345575993
chronic_bronchitis,pulmonary,propanol,0.2157929834619382
chronic_bronchitis,pulmonary,propionaldehyde,0.15472365491238055
chronic_bronchitis,pulmonary,pyrrole,0.011810798197040966
chronic_bronchitis,pulmonary,styrene,0.02063665677156629
chronic_bronchitis,pulmonary,toluene,0.19052295581775502
chronic_bronchitis,pulmonary,trimethylamine,0.019977936810192935
chronic_bronchitis,pulmonary,undecane,0.147562998601613
chronic_bronchitis,pulmonary,xylene,0.01614180468939418
chronic_kidney_disease,metabolic,2_butanone,0.5073623706853835
chronic_kidney_disease,metabolic,2_pentanone,0.3539739321592289
chronic_kidney_disease,metabolic,3_methylbutanal,0.001118975079048052
chronic_kidney_disease,metabolic,acetaldehyde,-0.006691548310912755
chronic_kidney_disease,metabolic,acetone,0.4369524345493364
chronic_kidney_disease,metabolic,acetonitrile,-0.16347466462865382
chronic_kidney_disease,metabolic,allyl_methyl_sulfide,-0.16727054877775338
chronic_kidney_disease,metabolic,ammonia,3.07962875191813
chronic_kidney_disease,metabolic,benzaldehyde,-0.002631790146969322
chronic_kidney_disease,metabolic,benzene,0.04635951844379424
chronic_kidney_disease,metabolic,butane,-0.006319782477856551
chronic_kidney_disease,metabolic,carbon_disulfide,0.008778448649478632
chronic_kidney_disease,metabolic,crotonaldehyde,-0.0057078880739668
chronic_kidney_disease,metabolic,cyclohexane,0.0016591979978921513
chronic_kidney_disease,metabolic,decanal,-0.010232390318271509
chronic_kidney_disease,metabolic,dimethyl_amine,0.5464877971081661
chronic_kidney_disease,metabolic,dimethyl_disulfide,3.981280461735194e-05
chronic_kidney_disease,metabolic,dms,0.499950647701284
chronic_kidney_disease,metabolic,dmts,0.00741550681117983
chronic_kidney_disease,metabolic,dodecane,-0.004889891733551362
chronic_kidney_disease,metabolic,ethane,0.007327714385037994
chronic_kidney_disease,metabolic,ethanol,0.0005867416556261358
chronic_kidney_disease,metabolic,ethyl_acetate,0.010401986559901604
chronic_kidney_disease,metabolic,ethylbenzene,-0.059579200407379365
chronic_kidney_disease,metabolic,formaldehyde,0.0019240668452434732
chronic_kidney_disease,metabolic,furan,-0.002004207632979448
chronic_kidney_disease,metabolic,heptanal,0.02197976137967472
chronic_kidney_disease,metabolic,hexanal,0.9341018976665281
chronic_kidney_disease,metabolic,hexane,-0.003106569332710392
chronic_kidney_disease,metabolic,hydrogen_sulfide,-0.001068127549935545
chronic_kidney_disease,metabolic,indole,0.0034380226791812804
chronic_kidney_disease,metabolic,isoprene,0.13747930176848408
chronic_kidney_disease,metabolic,isopropanol,0.45090567113619123
chronic_kidney_disease,metabolic,limonene,-0.0011881223472207279
chronic_kidney_disease,metabolic,methanol,-0.00335593315475652
chronic_kidney_disease,metabolic,methyl_acetate,-0.16584720578802575
chronic_kidney_disease,metabolic,methyl_mercaptan,-0.001068127549935545
chronic_kidney_disease,metabolic,nonanal,0.024519384721044857
chronic_kidney_disease,metabolic,octanal,-0.002086920461018561
chronic_kidney_disease,metabolic,octane,0.11959271406141694
chronic_kidney_disease,metabolic,pentane,0.9461144287415753
chronic_kidney_disease,metabolic,phenol,0.10747694516835488
chronic_kidney_disease,metabolic,propanol,-0.010229177170484305
chronic_kidney_disease,metabolic,propionaldehyde,-0.0057078880739668
chronic_kidney_disease,metabolic,pyrrole,-0.007303442714802512
chronic_kidney_disease,metabolic,styrene,-0.003563504842969559
chronic_kidney_disease,metabolic,toluene,-0.002335569691131557
chronic_kidney_disease,metabolic,trimethylamine,0.2734493354510318
chronic_kidney_disease,metabolic,undecane,0.00924030751108797
chronic_kidney_disease,metabolic,xylene,0.0034380226791812804
chronic_liver_disease,metabolic,2_butanone,0.5063640839367483
chronic_liver_disease,metabolic,2_pentanone,0.3539739321592289
chronic_liver_disease,metabolic,3_methylbutanal,0.001118975079048052
chronic_liver_disease,metabolic,acetaldehyde,-0.006691548310912755
chronic_liver_disease,metabolic,acetone,0.3291659579773252
chronic_liver_disease,metabolic,acetonitrile,-0.16286955372135178
chronic_liver_disease,metabolic,allyl_methyl_sulfide,-0.16666543787045118
chronic_liver_disease,metabolic,ammonia,3.3912854320599286
chronic_liver_disease,metabolic,benzaldehyde,0.0963979369513775
chronic_liver_disease,metabolic,benzene,0.1051595184437942
chronic_liver_disease,metabolic,butane,-0.006319782477856551
chronic_liver_disease,metabolic,carbon_disulfide,0.1822804486494788
chronic_liver_disease,metabolic,crotonaldehyde,-0.0057078880739668
chronic_liver_disease,metabolic,cyclohexane,0.0016591979978921513
chronic_liver_disease,metabolic,decanal,-0.010127634231970025
chronic_liver_disease,metabolic,dimethyl_amine,-0.006691548310912594
chronic_liver_disease,metabolic,dimethyl_disulfide,3.981280461735194e-05
chronic_liver_disease,metabolic,dms,3.0848481694293035
chronic_liver_disease,metabolic,dmts,0.31586350681117964
chronic_liver_disease,metabolic,dodecane,-0.004889891733551362
chronic_liver_disease,metabolic,ethane,0.007327714385037994
chronic_liver_disease,metabolic,ethanol,0.0005867416556261358
chronic_liver_disease,metabolic,ethyl_acetate,0.010401986559901604
chronic_liver_disease,metabolic,ethylbenzene,-0.0007792004073793427
chronic_liver_disease,metabolic,formaldehyde,-0.009350822247454494
chronic_liver_disease,metabolic,furan,-0.002004207632979448
chronic_liver_disease,metabolic,heptanal,0.02197976137967472
chronic_liver_disease,metabolic,hexanal,0.03360509653791953
chronic_liver_disease,metabolic,hexane,-0.003106569332710392
chronic_liver_disease,metabolic,hydrogen_sulfide,1.0922995982428323
chronic_liver_disease,metabolic,indole,0.0034380226791812804
chronic_liver_disease,metabolic,isoprene,-0.01994162275322662
chronic_liver_disease,metabolic,isopropanol,0.45090567113619123
chronic_liver_disease,metabolic,limonene,0.8875848840558058
chronic_liver_disease,metabolic,methanol,0.1550067128667366
chronic_liver_disease,metabolic,methyl_acetate,-0.16524209488072364
chronic_liver_disease,metabolic,methyl_mercaptan,0.07218491600774361
chronic_liver_disease,metabolic,nonanal,0.024519384721044857
chronic_liver_disease,metabolic,octanal,-0.002086920461018561
chronic_liver_disease,metabolic,octane,0.11959271406141694
chronic_liver_disease,metabolic,pentane,0.05583002832742373
chronic_liver_disease,metabolic,phenol,0.10747694516835488
chronic_liver_disease,metabolic,propanol,-0.010229177170484305
chronic_liver_disease,metabolic,propionaldehyde,-0.0057078880739668
chronic_liver_disease,metabolic,pyrrole,-0.007303442714802512
chronic_liver_disease,metabolic,styrene,0.05340100942166917
chronic_liver_disease,metabolic,toluene,0.08504105067696303
chronic_liver_disease,metabolic,trimethylamine,0.20136056321216642
chronic_liver_disease,metabolic,undecane,0.00924030751108797
chronic_liver_disease,metabolic,xylene,0.031570902808419996
chronic_pain,unspecified,2_butanone,0.10580077710244654
chronic_pain,unspecified,2_pentanone,-0.38535505622696714
chronic_pain,unspecified,3_methylbutanal,0.005136607932797258
chronic_pain,unspecified,acetaldehyde,-0.009903358941706419
chronic_pain,unspecified,acetone,0.28689024298271204
chronic_pain,unspecified,acetonitrile,-0.42503412803449997
chronic_pain,unspecified,allyl_methyl_sulfide,-0.43490342682215893
chronic_pain,unspecified,ammonia,0.10155652453452596
chronic_pain,unspecified,benzaldehyde,-0.0068426543821201
chronic_pain,unspecified,benzene,0.12053474795386482
chronic_pain,unspecified,butane,-0.009669434442427105
chronic_pain,unspecified,carbon_disulfide,0.022823966488644563
chronic_pain,unspecified,crotonaldehyde,-0.007112508992313598
chronic_pain,unspecified,cyclohexane,0.010109914794519295
chronic_pain,unspecified,decanal,-0.015978214827506134
chronic_pain,unspecified,dimethyl_amine,-0.015807116517464023
chronic_pain,unspecified,dimethyl_disulfide,0.00010351329200491581
chronic_pain,unspecified,dms,0.013446960918225297
chronic_pain,unspecified,dmts,0.019280317709067088
chronic_pain,unspecified,dodecane,-0.007304118507233482
chronic_pain,unspecified,ethane,-0.0042539425989014
chronic_pain,unspecified,ethanol,0.005249858551974376
chronic_pain,unspecified,ethyl_acetate,0.027045165055744034
chronic_pain,unspecified,ethylbenzene,-0.15490592105918605
chronic_pain,unspecified,formaldehyde,-0.02588542620236717
chronic_pain,unspecified,furan,-0.005642066576427045
chronic_pain,unspecified,heptanal,0.06873937958715444
chronic_pain,unspecified,hexanal,1.1716855800476829
chronic_pain,unspecified,hexane,-0.0003490802650465204
chronic_pain,unspecified,hydrogen_sulfide,-0.004161938961984116
chronic_pain,unspecified,indole,0.013446960918225614
chronic_pain,unspecified,isoprene,-0.07642489056930739
chronic_pain,unspecified,isopropanol,0.0824228677712776
chronic_pain,unspecified,limonene,-0.0030891181027738347
chronic_pain,unspecified,methanol,-0.025885426202367008
chronic_pain,unspecified,methyl_acetate,-0.43120273504886686
chronic_pain,unspecified,methyl_mercaptan,-0.004161938961984116
chronic_pain,unspecified,nonanal,0.07630840027471689
chronic_pain,unspecified,octanal,0.13926413964270243
chronic_pain,unspecified,octane,0.317703056559684
chronic_pain,unspecified,pentane,1.8221909143014912
chronic_pain,unspecified,phenol,0.27944005743772243
chronic_pain,unspecified,propanol,-0.039544300824638765
chronic_pain,unspecified,propionaldehyde,-0.006146508992313526
chronic_pain,unspecified,pyrrole,-0.01898895105848673
chronic_pain,unspecified,styrene,-0.009265112591720479
chronic_pain,unspecified,toluene,-0.006072481196941563
chronic_pain,unspecified,trimethylamine,-0.003629091148007798
chronic_pain,unspecified,undecane,0.029820799528828507
chronic_pain,unspecified,xylene,0.013446960918225297
clostridioides_difficile_infection,microbiome,2_butanone,0.025994425286169336
clostridioides_difficile_infection,microbiome,2_pentanone,-0.1482134831642181
clostridioides_difficile_infection,microbiome,3_methylbutanal,0.02843806598813879
clostridioides_difficile_infection,microbiome,acetaldehyde,0.022116538718874434
clostridioides_difficile_infection,microbiome,acetone,0.07048566049910343
clostridioides_difficile_infection,microbiome,acetonitrile,-0.16347466462865382
clostridioides_difficile_infection,microbiome,allyl_methyl_sulfide,-0.042854548777753465
clostridioides_difficile_infection,microbiome,ammonia,4.290904926085944
clostridioides_difficile_infection,microbiome,benzaldehyde,-0.002631790146969322
clostridioides_difficile_infection,microbiome,benzene,0.046625831632693744
clostridioides_difficile_infection,microbiome,butane,-0.006319782477856551
clostridioides_difficile_infection,microbiome,carbon_disulfide,0.008778448649478632
clostridioides_difficile_infection,microbiome,crotonaldehyde,-0.0057078880739668
clostridioides_difficile_infection,microbiome,cyclohexane,0.0016591979978921513
clostridioides_difficile_infection,microbiome,decanal,-0.005710919111750302
clostridioides_difficile_infection,microbiome,dimethyl_amine,0.5918407370655954
clostridioides_difficile_infection,microbiome,dimethyl_disulfide,1.1185449771980205
clostridioides_difficile_infection,microbiome,dms,0.048783838617290166
clostridioides_difficile_infection,microbiome,dmts,0.01193697801770102
clostridioides_difficile_infection,microbiome,dodecane,-0.004889891733551362
clostridioides_difficile_infection,microbiome,ethane,0.010452714385037991
clostridioides_difficile_infection,microbiome,ethanol,1.8768192195184956
clostridioides_difficile_infection,microbiome,ethyl_acetate,0.3738635305241288
clostridioides_difficile_infection,microbiome,ethylbenzene,-0.059579200407379365
clostridioides_difficile_infection,microbiome,formaldehyde,-0.009955933154756604
clostridioides_difficile_infection,microbiome,furan,-0.002004207632979448
clostridioides_difficile_infection,microbiome,heptanal,0.02197976137967472
clostridioides_difficile_infection,microbiome,hexanal,0.0895414936129308
clostridioides_difficile_infection,microbiome,hexane,-0.003106569332710392
clostridioides_difficile_infection,microbiome,hydrogen_sulfide,4.418374663566616
clostridioides_difficile_infection,microbiome,indole,4.466804926540654
clostridioides_difficile_infection,microbiome,isoprene,-0.01994162275322662
clostridioides_difficile_infection,microbiome,isopropanol,0.05078124276705493
clostridioides_difficile_infection,microbiome,limonene,-0.0011881223472207279
clostridioides_difficile_infection,microbiome,methanol,0.03950145320887981
clostridioides_difficile_infection,microbiome,methyl_acetate,-0.16584720578802575
clostridioides_difficile_infection,microbiome,methyl_mercaptan,0.5383936641183814
clostridioides_difficile_infection,microbiome,nonanal,0.02842563472104492
clostridioides_difficile_infection,microbiome,octanal,-0.000733575117743876
clostridioides_difficile_infection,microbiome,octane,0.11959271406141694
clostridioides_difficile_infection,microbiome,pentane,0.14083695481629546
clostridioides_difficile_infection,microbiome,phenol,1.1696785733976116
clostridioides_difficile_infection,microbiome,propanol,0.3509578652488965
clostridioides_difficile_infection,microbiome,propionaldehyde,-0.0057078880739668
clostridioides_difficile_infection,microbiome,pyrrole,0.40963788729281597
clostridioides_difficile_infection,microbiome,styrene,-0.003563504842969559
clostridioides_difficile_infection,microbiome,toluene,-0.002335569691131557
clostridioides_difficile_infection,microbiome,trimethylamine,0.7142141979521266
clostridioides_difficile_infection,microbiome,undecane,0.00924030751108797
clostridioides_difficile_infection,microbiome,xylene,0.0034380226791812804
cmv,infectious,2_butanone,0.04027080552659802
cmv,infectious,2_pentanone,-0.1482134831642181
cmv,infectious,3_methylbutanal,0.02700624780632071
cmv,infectious,acetaldehyde,-0.0016915483109127907
cmv,infectious,acetone,0.3518015502027903
cmv,infectious,acetonitrile,0.5808014991962616
cmv,infectious,allyl_methyl_sulfide,-0.16727054877775338
cmv,infectious,ammonia,0.35667550373344425
cmv,infectious,benzaldehyde,0.009788209853030874
cmv,infectious,benzene,0.060849518443794264
cmv,infectious,butane,0.019930217522143304
cmv,infectious,carbon_disulfide,0.008778448649478632
cmv,infectious,crotonaldehyde,0.20242778071654888
cmv,infectious,cyclohexane,0.02415919799789203
cmv,infectious,decanal,0.031017609681728585
cmv,infectious,dimethyl_amine,0.011799360779996293
cmv,infectious,dimethyl_disulfide,3.981280461735194e-05
cmv,infectious,dms,0.005153966517019903
cmv,infectious,dmts,0.00741550681117983
cmv,infectious,dodecane,0.016110108266448615
cmv,infectious,ethane,0.04107771438503778
cmv,infectious,ethanol,0.0028518825633034486
cmv,infectious,ethyl_acetate,0.010401986559901604
cmv,infectious,ethylbenzene,-0.04508920040737925
cmv,infectious,formaldehyde,-0.009955933154756604
cmv,infectious,furan,0.0054387792070311565
cmv,infectious,heptanal,0.06697976137967471
cmv,infectious,hexanal,2.15304200819976
cmv,infectious,hexane,0.026893430667289706
cmv,infectious,hydrogen_sulfide,-0.0016024880247879397
cmv,infectious,indole,0.005153966517019584
cmv,infectious,isoprene,-0.030016761792365097
cmv,infectious,isopropanol,0.05614180086574822
cmv,infectious,limonene,0.019511877652779234
cmv,infectious,methanol,-0.009955933154756604
cmv,infectious,methyl_acetate,-0.16584720578802575
cmv,infectious,methyl_mercaptan,-0.0016024880247879397
cmv,infectious,nonanal,0.07326938472104484
cmv,infectious,octanal,0.015527708267154033
cmv,infectious,octane,0.1458427140614168
cmv,infectious,pentane,0.09296154132689606
cmv,infectious,phenol,0.10747694516835488
cmv,infectious,propanol,-0.015371093020478363
cmv,infectious,propionaldehyde,0.028042111926033085
cmv,infectious,pyrrole,-0.007303442714802512
cmv,infectious,styrene,0.010926495157030583
cmv,infectious,toluene,0.014224430308868543
cmv,infectious,trimethylamine,-0.0013971284452868643
cmv,infectious,undecane,0.03174030751108802
cmv,infectious,xylene,0.011720915877008355
colon_adenocarcinoma,cancer,2_butanone,1.5194908786985495
colon_adenocarcinoma,cancer,2_pentanone,-0.4819132973136886
colon_adenocarcinoma,cancer,3_methylbutanal,0.007363880660069892
colon_adenocarcinoma,cancer,acetaldehyde,1.7503000893593539
colon_adenocarcinoma,cancer,acetone,0.4578374422331353
colon_adenocarcinoma,cancer,acetonitrile,-0.42503412803449997
colon_adenocarcinoma,cancer,allyl_methyl_sulfide,-0.43490342682215893
colon_adenocarcinoma,cancer,ammonia,0.10217697324776435
colon_adenocarcinoma,cancer,benzaldehyde,-0.0068426543821201
colon_adenocarcinoma,cancer,benzene,0.15868675044413477
colon_adenocarcinoma,cancer,butane,0.28653282357738136
colon_adenocarcinoma,cancer,carbon_disulfide,0.022823966488644563
colon_adenocarcinoma,cancer,crotonaldehyde,-0.009912508992313697
colon_adenocarcinoma,cancer,cyclohexane,0.008009914794519126
colon_adenocarcinoma,cancer,decanal,-0.01982821482750601
colon_adenocarcinoma,cancer,dimethyl_amine,-0.014216207426554776
colon_adenocarcinoma,cancer,dimethyl_disulfide,0.00010351329200491581
colon_adenocarcinoma,cancer,dms,0.013446960918225297
colon_adenocarcinoma,cancer,dmts,0.019280317709067088
colon_adenocarcinoma,cancer,dodecane,-0.009264118507233417
colon_adenocarcinoma,cancer,ethane,-0.007403942598901538
colon_adenocarcinoma,cancer,ethanol,2.3253443378725964
colon_adenocarcinoma,cancer,ethyl_acetate,0.027045165055744034
colon_adenocarcinoma,cancer,ethylbenzene,-0.12074954100841716
colon_adenocarcinoma,cancer,formaldehyde,-0.012579826202367047
colon_adenocarcinoma,cancer,furan,0.1667700233343673
colon_adenocarcinoma,cancer,heptanal,0.3618353395359147
colon_adenocarcinoma,cancer,hexanal,2.4407721570659264
colon_adenocarcinoma,cancer,hexane,0.31037817775476195
colon_adenocarcinoma,cancer,hydrogen_sulfide,0.5818789243653214
colon_adenocarcinoma,cancer,indole,0.029713727255935546
colon_adenocarcinoma,cancer,isoprene,-1.3232029369474587
colon_adenocarcinoma,cancer,isopropanol,0.08231778876594291
colon_adenocarcinoma,cancer,limonene,-0.0030891181027738347
colon_adenocarcinoma,cancer,methanol,-0.01849342620236712
colon_adenocarcinoma,cancer,methyl_acetate,-0.43120273504886686
colon_adenocarcinoma,cancer,methyl_mercaptan,-0.004161938961984116
colon_adenocarcinoma,cancer,nonanal,0.4657043092111886
colon_adenocarcinoma,cancer,octanal,0.38981065968091216
colon_adenocarcinoma,cancer,octane,0.3441430212637257
colon_adenocarcinoma,cancer,pentane,1.9532092448947247
colon_adenocarcinoma,cancer,phenol,0.27944005743772243
colon_adenocarcinoma,cancer,propanol,-0.037873187538160935
colon_adenocarcinoma,cancer,propionaldehyde,0.304230749027495
colon_adenocarcinoma,cancer,pyrrole,-0.01898895105848673
colon_adenocarcinoma,cancer,styrene,0.09901262626361969
colon_adenocarcinoma,cancer,toluene,-0.006072481196941563
colon_adenocarcinoma,cancer,trimethylamine,-0.003629091148007798
colon_adenocarcinoma,cancer,undecane,0.027720799528828666
colon_adenocarcinoma,cancer,xylene,0.013446960918225297
copd,pulmonary,2_butanone,0.28981768363114585
copd,pulmonary,2_pentanone,-0.5143338937149126
copd,pulmonary,3_methylbutanal,0.041948244657861344
copd,pulmonary,acetaldehyde,0.007895717358758275
copd,pulmonary,acetone,0.4793262415453778
copd,pulmonary,acetonitrile,-0.16173028414253857
copd,pulmonary,allyl_methyl_sulfide,-0.16552616829163805
copd,pulmonary,ammonia,0.05043783132819059
copd,pulmonary,benzaldehyde,-0.32587454946618033
copd,pulmonary,benzene,0.6941824470751479
copd,pulmonary,butane,0.29328960053366887
copd,pulmonary,carbon_disulfide,0.008870823435507037
copd,pulmonary,crotonaldehyde,0.33093027273119896
copd,pulmonary,cyclohexane,0.23483523630901146
copd,pulmonary,decanal,-0.03332237713534101
copd,pulmonary,dimethyl_amine,0.02279772126790058
copd,pulmonary,dimethyl_disulfide,-0.0023059782043280963
copd,pulmonary,dms,0.005195717082167731
copd,pulmonary,dmts,0.006630227235765559
copd,pulmonary,dodecane,0.15123819234798122
copd,pulmonary,ethane,1.7267280089989725
copd,pulmonary,ethanol,0.00800447969509212
copd,pulmonary,ethyl_acetate,-0.43865266028754063
copd,pulmonary,ethylbenzene,-0.3995400914609246
copd,pulmonary,formaldehyde,-0.005773386873667301
copd,pulmonary,furan,-0.4821336065364421
copd,pulmonary,heptanal,1.1724622682278285
copd,pulmonary,hexanal,4.85650126771712
copd,pulmonary,hexane,0.34246149060580583
copd,pulmonary,hydrogen_sulfide,-0.002656188231872902
copd,pulmonary,indole,0.005195717082167731
copd,pulmonary,isoprene,-0.3897043819673348
copd,pulmonary,isopropanol,0.6454789649491414
copd,pulmonary,limonene,0.11095420067387778
copd,pulmonary,methanol,-0.005773386873667462
copd,pulmonary,methyl_acetate,-0.16410282530191034
copd,pulmonary,methyl_mercaptan,-0.0026561882318727414
copd,pulmonary,nonanal,0.8895406158257149
copd,pulmonary,octanal,0.2155415079479351
copd,pulmonary,octane,-0.1299469728636945
copd,pulmonary,pentane,4.839427754358179
copd,pulmonary,phenol,0.5803984527717428
copd,pulmonary,propanol,-0.4376866124967064
copd,pulmonary,propionaldehyde,0.36870214773119897
copd,pulmonary,pyrrole,-0.006164173135989264
copd,pulmonary,styrene,0.07446538173502813
copd,pulmonary,toluene,0.4526193240866131
copd,pulmonary,trimethylamine,-0.0024510124788706964
copd,pulmonary,undecane,0.24699010927060028
copd,pulmonary,xylene,0.05937188117889508
covid19,infectious,2_butanone,0.6230456521448952
covid19,infectious,2_pentanone,-0.21784891576855103
covid19,infectious,3_methylbutanal,0.12927213228042664
covid19,infectious,acetaldehyde,0.03354499883120398
covid19,infectious,acetone,0.6837163896884684
covid19,infectious,acetonitrile,-0.13455362509997973
covid19,infectious,allyl_methyl_sulfide,-0.13894965802416437
covid19,infectious,ammonia,0.08915677663155597
covid19,infectious,benzaldehyde,-0.0036775492351255766
covid19,infectious,benzene,0.06348364863697523
covid19,infectious,butane,0.1760256949860532
covid19,infectious,carbon_disulfide,0.01559061026401465
covid19,infectious,crotonaldehyde,0.14950940444930877
covid19,infectious,cyclohexane,0.16033295601749328
covid19,infectious,decanal,0.26405455212025725
covid19,infectious,dimethyl_amine,0.08357178351002183
covid19,infectious,dimethyl_disulfide,0.008218163435961098
covid19,infectious,dms,0.008236784468005307
covid19,infectious,dmts,0.015593857442523326
covid19,infectious,dodecane,0.13820385404447377
covid19,infectious,ethane,0.2655131015739675
covid19,infectious,ethanol,0.42823321125142566
covid19,infectious,ethyl_acetate,0.010722416488552922
covid19,infectious,ethylbenzene,-0.07880972725571604
covid19,infectious,formaldehyde,0.01692949483401174
covid19,infectious,furan,0.05570713285580451
covid19,infectious,heptanal,0.904163580456805
covid19,infectious,hexanal,4.729490353747856
covid19,infectious,hexane,0.14949171565931751
covid19,infectious,hydrogen_sulfide,0.001462800885384349
covid19,infectious,indole,0.008236784468005624
covid19,infectious,isoprene,-0.49806372443741537
covid19,infectious,isopropanol,0.05656752255853409
covid19,infectious,limonene,0.006990228284123086
covid19,infectious,methanol,-0.46570779811982216
covid19,infectious,methyl_acetate,-0.13555997724254368
covid19,infectious,methyl_mercaptan,0.0014628008853840289
covid19,infectious,nonanal,0.9628207413382712
covid19,infectious,octanal,0.7260952915483053
covid19,infectious,octane,0.26385304747000027
covid19,infectious,pentane,4.839427754358179
covid19,infectious,phenol,0.09678517448320728
covid19,infectious,propanol,-0.018097433106348475
covid19,infectious,propionaldehyde,0.21283090575799993
covid19,infectious,pyrrole,-0.008349201802958986
covid19,infectious,styrene,0.003248656771566374
covid19,infectious,toluene,0.004476591923404524
covid19,infectious,trimethylamine,0.0016686944663632307
covid19,infectious,undecane,0.1616940532891129
covid19,infectious,xylene,0.008236784468005307
creutzfeldt_jakob,neurological,2_butanone,0.24543091824257862
creutzfeldt_jakob,neurological,2_pentanone,0.022888647641658818
creutzfeldt_jakob,neurological,3_methylbutanal,0.09175313765493653
creutzfeldt_jakob,neurological,acetaldehyde,0.3099267686257673
creutzfeldt_jakob,neurological,acetone,0.5235794094364274
creutzfeldt_jakob,neurological,acetonitrile,-0.13501627949594713
creutzfeldt_jakob,neurological,allyl_methyl_sulfide,-0.13941231242013186
creutzfeldt_jakob,neurological,ammonia,0.45118321260505473
creutzfeldt_jakob,neurological,benzaldehyde,-0.0007686819726704837
creutzfeldt_jakob,neurological,benzene,-0.0779487202743118
creutzfeldt_jakob,neurological,butane,0.13008856224850832
creutzfeldt_jakob,neurological,carbon_disulfide,0.037129477526469966
creutzfeldt_jakob,neurological,crotonaldehyde,0.1471224566523982
creutzfeldt_jakob,neurological,cyclohexane,0.12137382327994833
creutzfeldt_jakob,neurological,decanal,0.1746560433436617
creutzfeldt_jakob,neurological,dimethyl_amine,0.056836425248168024
creutzfeldt_jakob,neurological,dimethyl_disulfide,0.011127030698416251
creutzfeldt_jakob,neurological,dms,0.015859077055758918
creutzfeldt_jakob,neurological,dmts,0.051622724704978466
creutzfeldt_jakob,neurological,dodecane,0.09935078669171106
creutzfeldt_jakob,neurological,ethane,0.8296809348994545
creutzfeldt_jakob,neurological,ethanol,-0.00013892342155014196
creutzfeldt_jakob,neurological,ethyl_acetate,0.010946149135790192
creutzfeldt_jakob,neurological,ethylbenzene,-0.059579200407379365
creutzfeldt_jakob,neurological,formaldehyde,0.03857984043804429
creutzfeldt_jakob,neurological,furan,0.026445626728906865
creutzfeldt_jakob,neurological,heptanal,0.644767850155913
creutzfeldt_jakob,neurological,hexanal,4.85650126771712
creutzfeldt_jakob,neurological,hexane,0.15730997665203855
creutzfeldt_jakob,neurological,hydrogen_sulfide,0.26872319319897514
creutzfeldt_jakob,neurological,indole,0.01764749007774069
creutzfeldt_jakob,neurological,isoprene,-0.2766655139908478
creutzfeldt_jakob,neurological,isopropanol,0.05037161186508652
creutzfeldt_jakob,neurological,limonene,0.009899095546578343
creutzfeldt_jakob,neurological,methanol,0.017719523989969736
creutzfeldt_jakob,neurological,methyl_acetate,-0.13602263163851117
creutzfeldt_jakob,neurological,methyl_mercaptan,0.009369387684344022
creutzfeldt_jakob,neurological,nonanal,0.9485306472081245
creutzfeldt_jakob,neurological,octanal,0.4666919940748528
creutzfeldt_jakob,neurological,octane,0.26861418031103995
creutzfeldt_jakob,neurological,pentane,4.839427754358179
creutzfeldt_jakob,neurological,phenol,-0.011265006544239831
creutzfeldt_jakob,neurological,propanol,0.19207517519475906
creutzfeldt_jakob,neurological,propionaldehyde,0.16354445665239817
creutzfeldt_jakob,neurological,pyrrole,-0.00812546915572179
creutzfeldt_jakob,neurological,styrene,0.0061575240340216745
creutzfeldt_jakob,neurological,toluene,0.007385459185859597
creutzfeldt_jakob,neurological,trimethylamine,0.001987524031469394
creutzfeldt_jakob,neurological,undecane,0.12273492055156814
creutzfeldt_jakob,neurological,xylene,0.006377433575932126
cystic_fibrosis,pulmonary,2_butanone,0.04027080552659802
cystic_fibrosis,pulmonary,2_pentanone,-0.02101348316421814
cystic_fibrosis,pulmonary,3_methylbutanal,0.005891702351775134
cystic_fibrosis,pulmonary,acetaldehyde,0.01793565174906988
cystic_fibrosis,pulmonary,acetone,0.4344472616251537
cystic_fibrosis,pulmonary,acetonitrile,-0.16347466462865382
cystic_fibrosis,pulmonary,allyl_methyl_sulfide,-0.09542804877775328
cystic_fibrosis,pulmonary,ammonia,2.846349665199989
cystic_fibrosis,pulmonary,benzaldehyde,-0.002631790146969322
cystic_fibrosis,pulmonary,benzene,0.046625831632693744
cystic_fibrosis,pulmonary,butane,0.06626146752214329
cystic_fibrosis,pulmonary,carbon_disulfide,0.0734771986494788
cystic_fibrosis,pulmonary,crotonaldehyde,0.08897542777540708
cystic_fibrosis,pulmonary,cyclohexane,0.06387169799789214
cystic_fibrosis,pulmonary,decanal,0.11555717553110212
cystic_fibrosis,pulmonary,dimethyl_amine,0.10448129259817807
cystic_fibrosis,pulmonary,dimethyl_disulfide,0.11977731280461731
cystic_fibrosis,pulmonary,dms,1.3010745526492993
cystic_fibrosis,pulmonary,dmts,0.1224355068111796
cystic_fibrosis,pulmonary,dodecane,0.053175108266448744
cystic_fibrosis,pulmonary,ethane,1.390137726526815
cystic_fibrosis,pulmonary,ethanol,0.241131599102421
cystic_fibrosis,pulmonary,ethyl_acetate,0.04649573655990171
cystic_fibrosis,pulmonary,ethylbenzene,-0.059579200407379365
cystic_fibrosis,pulmonary,formaldehyde,-0.009955933154756604
cystic_fibrosis,pulmonary,furan,0.02049354158055888
cystic_fibrosis,pulmonary,heptanal,0.14640476137967476
cystic_fibrosis,pulmonary,hexanal,4.397817449975676
cystic_fibrosis,pulmonary,hexane,0.09916294777504742
cystic_fibrosis,pulmonary,hydrogen_sulfide,2.0768709775253362
cystic_fibrosis,pulmonary,indole,1.8416556314519343
cystic_fibrosis,pulmonary,isoprene,-0.2986831537616402
cystic_fibrosis,pulmonary,isopropanol,0.05614180086574822
cystic_fibrosis,pulmonary,limonene,-0.0011881223472207279
cystic_fibrosis,pulmonary,methanol,0.015825316845243277
cystic_fibrosis,pulmonary,methyl_acetate,-0.16584720578802575
cystic_fibrosis,pulmonary,methyl_mercaptan,0.10044512246854426
cystic_fibrosis,pulmonary,nonanal,0.15931313472104494
cystic_fibrosis,pulmonary,octanal,0.05468366123673366
cystic_fibrosis,pulmonary,octane,0.19217396406141693
cystic_fibrosis,pulmonary,pentane,4.694864910111621
cystic_fibrosis,pulmonary,phenol,0.5870831951683548
cystic_fibrosis,pulmonary,propanol,0.002500445051347953
cystic_fibrosis,pulmonary,propionaldehyde,0.0993441777754069
cystic_fibrosis,pulmonary,pyrrole,0.0765128072851975
cystic_fibrosis,pulmonary,styrene,-0.003563504842969559
cystic_fibrosis,pulmonary,toluene,-0.002335569691131557
cystic_fibrosis,pulmonary,trimethylamine,0.09624553719754657
cystic_fibrosis,pulmonary,undecane,0.071452807511088
cystic_fibrosis,pulmonary,xylene,0.005153966517019584
diabetic_retinopathy,unspecified,2_butanone,0.10580077710244654
diabetic_retinopathy,unspecified,2_pentanone,-0.38535505622696714
diabetic_retinopathy,unspecified,3_methylbutanal,0.005136607932797258
diabetic_retinopathy,unspecified,acetaldehyde,-0.009903358941706419
diabetic_retinopathy,unspecified,acetone,0.28689024298271204
diabetic_retinopathy,unspecified,acetonitrile,-0.42503412803449997
diabetic_retinopathy,unspecified,allyl_methyl_sulfide,-0.43490342682215893
diabetic_retinopathy,unspecified,ammonia,0.10155652453452596
diabetic_retinopathy,unspecified,benzaldehyde,-0.0068426543821201
diabetic_retinopathy,unspecified,benzene,0.12053474795386482
diabetic_retinopathy,unspecified,butane,-0.009669434442427105
diabetic_retinopathy,unspecified,carbon_disulfide,0.022823966488644563
diabetic_retinopathy,unspecified,crotonaldehyde,-0.007112508992313598
diabetic_retinopathy,unspecified,cyclohexane,0.010109914794519295
diabetic_retinopathy,unspecified,decanal,-0.015978214827506134
diabetic_retinopathy,unspecified,dimethyl_amine,-0.015807116517464023
diabetic_retinopathy,unspecified,dimethyl_disulfide,0.00010351329200491581
diabetic_retinopathy,unspecified,dms,0.013446960918225297
diabetic_retinopathy,unspecified,dmts,0.019280317709067088
diabetic_retinopathy,unspecified,dodecane,-0.007304118507233482
diabetic_retinopathy,unspecified,ethane,-0.0042539425989014
diabetic_retinopathy,unspecified,ethanol,0.005249858551974376
diabetic_retinopathy,unspecified,ethyl_acetate,0.027045165055744034
diabetic_retinopathy,unspecified,ethylbenzene,-0.15490592105918605
diabetic_retinopathy,unspecified,formaldehyde,-0.02588542620236717
diabetic_retinopathy,unspecified,furan,-0.005642066576427045
diabetic_retinopathy,unspecified,heptanal,0.06873937958715444
diabetic_retinopathy,unspecified,hexanal,1.1716855800476829
diabetic_retinopathy,unspecified,hexane,-0.0003490802650465204
diabetic_retinopathy,unspecified,hydrogen_sulfide,-0.004161938961984116
diabetic_retinopathy,unspecified,indole,0.013446960918225614
diabetic_retinopathy,unspecified,isoprene,-0.07642489056930739
diabetic_retinopathy,unspecified,isopropanol,0.0824228677712776
diabetic_retinopathy,unspecified,limonene,-0.0030891181027738347
diabetic_retinopathy,unspecified,methanol,-0.025885426202367008
diabetic_retinopathy,unspecified,methyl_acetate,-0.43120273504886686
diabetic_retinopathy,unspecified,methyl_mercaptan,-0.004161938961984116
diabetic_retinopathy,unspecified,nonanal,0.07630840027471689
diabetic_retinopathy,unspecified,octanal,0.13926413964270243
diabetic_retinopathy,unspecified,octane,0.317703056559684
diabetic_retinopathy,unspecified,pentane,1.8221909143014912
diabetic_retinopathy,unspecified,phenol,0.27944005743772243
diabetic_retinopathy,unspecified,propanol,-0.039544300824638765
diabetic_retinopathy,unspecified,propionaldehyde,-0.006146508992313526
diabetic_retinopathy,unspecified,pyrrole,-0.01898895105848673
diabetic_retinopathy,unspecified,styrene,-0.009265112591720479
diabetic_retinopathy,unspecified,toluene,-0.006072481196941563
diabetic_retinopathy,unspecified,trimethylamine,-0.003629091148007798
diabetic_retinopathy,unspecified,undecane,0.029820799528828507
diabetic_retinopathy,unspecified,xylene,0.013446960918225297
down_syndrome,unspecified,2_butanone,0.10580077710244654
down_syndrome,unspecified,2_pentanone,-0.38535505622696714
down_syndrome,unspecified,3_methylbutanal,0.005136607932797258
down_syndrome,unspecified,acetaldehyde,-0.009903358941706419
down_syndrome,unspecified,acetone,0.28689024298271204
down_syndrome,unspecified,acetonitrile,-0.42503412803449997
down_syndrome,unspecified,allyl_methyl_sulfide,-0.43490342682215893
down_syndrome,unspecified,ammonia,0.10155652453452596
down_syndrome,unspecified,benzaldehyde,-0.0068426543821201
down_syndrome,unspecified,benzene,0.12053474795386482
down_syndrome,unspecified,butane,-0.009669434442427105
down_syndrome,unspecified,carbon_disulfide,0.022823966488644563
down_syndrome,unspecified,crotonaldehyde,-0.007112508992313598
down_syndrome,unspecified,cyclohexane,0.010109914794519295
down_syndrome,unspecified,decanal,-0.015978214827506134
down_syndrome,unspecified,dimethyl_amine,-0.015807116517464023
down_syndrome,unspecified,dimethyl_disulfide,0.00010351329200491581
down_syndrome,unspecified,dms,0.013446960918225297
down_syndrome,unspecified,dmts,0.019280317709067088
down_syndrome,unspecified,dodecane,-0.007304118507233482
down_syndrome,unspecified,ethane,-0.0042539425989014
down_syndrome,unspecified,ethanol,0.005249858551974376
down_syndrome,unspecified,ethyl_acetate,0.027045165055744034
down_syndrome,unspecified,ethylbenzene,-0.15490592105918605
down_syndrome,unspecified,formaldehyde,-0.02588542620236717
down_syndrome,unspecified,furan,-0.005642066576427045
down_syndrome,unspecified,heptanal,0.06873937958715444
down_syndrome,unspecified,hexanal,1.5139382464066167
down_syndrome,unspecified,hexane,-0.0003490802650465204
down_syndrome,unspecified,hydrogen_sulfide,-0.004161938961984116
down_syndrome,unspecified,indole,0.013446960918225614
down_syndrome,unspecified,isoprene,-0.07642489056930739
down_syndrome,unspecified,isopropanol,0.0824228677712776
down_syndrome,unspecified,limonene,-0.0030891181027738347
down_syndrome,unspecified,methanol,-0.025885426202367008
down_syndrome,unspecified,methyl_acetate,-0.43120273504886686
down_syndrome,unspecified,methyl_mercaptan,-0.004161938961984116
down_syndrome,unspecified,nonanal,0.07630840027471689
down_syndrome,unspecified,octanal,0.13926413964270243
down_syndrome,unspecified,octane,0.317703056559684
down_syndrome,unspecified,pentane,2.1318196595647043
down_syndrome,unspecified,phenol,0.27944005743772243
down_syndrome,unspecified,propanol,-0.039544300824638765
down_syndrome,unspecified,propionaldehyde,-0.006146508992313526
down_syndrome,unspecified,pyrrole,-0.01898895105848673
down_syndrome,unspecified,styrene,-0.009265112591720479
down_syndrome,unspecified,toluene,-0.006072481196941563
down_syndrome,unspecified,trimethylamine,-0.003629091148007798
down_syndrome,unspecified,undecane,0.029820799528828507
down_syndrome,unspecified,xylene,0.013446960918225297
endometrial_cancer,cancer,2_butanone,0.6154913832462209
endometrial_cancer,cancer,2_pentanone,-0.4819132973136886
endometrial_cancer,cancer,3_methylbutanal,0.014153721569161063
endometrial_cancer,cancer,acetaldehyde,0.4453573812695372
endometrial_cancer,cancer,acetone,0.330114148375813
endometrial_cancer,cancer,acetonitrile,-0.42503412803449997
endometrial_cancer,cancer,allyl_methyl_sulfide,-0.43490342682215893
endometrial_cancer,cancer,ammonia,0.10407014226520354
endometrial_cancer,cancer,benzaldehyde,-0.0068426543821201
endometrial_cancer,cancer,benzene,0.15868675044413477
endometrial_cancer,cancer,butane,0.29750882357738123
endometrial_cancer,cancer,carbon_disulfide,0.022823966488644563
endometrial_cancer,cancer,crotonaldehyde,0.002631491007686332
endometrial_cancer,cancer,cyclohexane,0.017417914794519342
endometrial_cancer,cancer,decanal,-0.002580214827506005
endometrial_cancer,cancer,dimethyl_amine,-0.009366321062918586
endometrial_cancer,cancer,dimethyl_disulfide,0.00010351329200491581
endometrial_cancer,cancer,dms,0.013446960918225297
endometrial_cancer,cancer,dmts,0.019280317709067088
endometrial_cancer,cancer,dodecane,-0.0004833185072335221
endometrial_cancer,cancer,ethane,0.006708057401098634
endometrial_cancer,cancer,ethanol,0.8960764831045231
endometrial_cancer,cancer,ethyl_acetate,0.027045165055744034
endometrial_cancer,cancer,ethylbenzene,-0.12074954100841716
endometrial_cancer,cancer,formaldehyde,-0.02588542620236717
endometrial_cancer,cancer,furan,0.1701643831710118
endometrial_cancer,cancer,heptanal,0.40690133953591434
endometrial_cancer,cancer,hexanal,2.24547886401223
endometrial_cancer,cancer,hexane,0.32292217775476195
endometrial_cancer,cancer,hydrogen_sulfide,-0.004161938961984116
endometrial_cancer,cancer,indole,0.013446960918225614
endometrial_cancer,cancer,isoprene,-0.07642489056930739
endometrial_cancer,cancer,isopropanol,0.08231778876594291
endometrial_cancer,cancer,limonene,-0.0030891181027738347
endometrial_cancer,cancer,methanol,-0.025885426202367008
endometrial_cancer,cancer,methyl_acetate,-0.43120273504886686
endometrial_cancer,cancer,methyl_mercaptan,-0.004161938961984116
endometrial_cancer,cancer,nonanal,0.5282733295321644
endometrial_cancer,cancer,octanal,0.4578836402729057
endometrial_cancer,cancer,octane,0.3551190212637258
endometrial_cancer,cancer,pentane,2.593231837499445
endometrial_cancer,cancer,phenol,0.27944005743772243
endometrial_cancer,cancer,propanol,-0.037873187538160935
endometrial_cancer,cancer,propionaldehyde,0.31834274902749504
endometrial_cancer,cancer,pyrrole,-0.01898895105848673
endometrial_cancer,cancer,styrene,0.09901262626361969
endometrial_cancer,cancer,toluene,-0.006072481196941563
endometrial_cancer,cancer,trimethylamine,-0.003629091148007798
endometrial_cancer,cancer,undecane,0.037128799528828575
endometrial_cancer,cancer,xylene,0.013446960918225297
endometriosis,unspecified,2_butanone,0.10669227253279462
endometriosis,unspecified,2_pentanone,-0.38535505622696714
endometriosis,unspecified,3_methylbutanal,0.021092789750979155
endometriosis,unspecified,acetaldehyde,-0.006986692275039823
endometriosis,unspecified,acetone,0.3958653120522016
endometriosis,unspecified,acetonitrile,-0.42503412803449997
endometriosis,unspecified,allyl_methyl_sulfide,-0.43490342682215893
endometriosis,unspecified,ammonia,0.10600761314638732
endometriosis,unspecified,benzaldehyde,-0.0068426543821201
endometriosis,unspecified,benzene,0.12053474795386482
endometriosis,unspecified,butane,0.0055205655575726745
endometriosis,unspecified,carbon_disulfide,0.022823966488644563
endometriosis,unspecified,crotonaldehyde,0.010247491007686462
endometriosis,unspecified,cyclohexane,0.02312991479451918
endometriosis,unspecified,decanal,0.007891785172494054
endometriosis,unspecified,dimethyl_amine,-0.00440984379019108
endometriosis,unspecified,dimethyl_disulfide,0.00010351329200491581
endometriosis,unspecified,dms,0.013446960918225297
endometriosis,unspecified,dmts,0.019280317709067088
endometriosis,unspecified,dodecane,0.004847881492766646
endometriosis,unspecified,ethane,0.0152760574010987
endometriosis,unspecified,ethanol,0.006403953681267812
endometriosis,unspecified,ethyl_acetate,0.027045165055744034
endometriosis,unspecified,ethylbenzene,-0.15490592105918605
endometriosis,unspecified,formaldehyde,-0.02588542620236717
endometriosis,unspecified,furan,-0.0007728583535181368
endometriosis,unspecified,heptanal,0.09477937958715442
endometriosis,unspecified,hexanal,2.893196824653569
endometriosis,unspecified,hexane,0.0170109197349536
endometriosis,unspecified,hydrogen_sulfide,-0.004161938961984116
endometriosis,unspecified,indole,0.013446960918225614
endometriosis,unspecified,isoprene,-0.07642489056930739
endometriosis,unspecified,isopropanol,0.0824228677712776
endometriosis,unspecified,limonene,-0.0030891181027738347
endometriosis,unspecified,methanol,-0.025885426202367008
endometriosis,unspecified,methyl_acetate,-0.43120273504886686
endometriosis,unspecified,methyl_mercaptan,-0.004161938961984116
endometriosis,unspecified,nonanal,0.10451840027471668
endometriosis,unspecified,octanal,0.2788204210866365
endometriosis,unspecified,octane,0.33289305655968393
endometriosis,unspecified,pentane,3.3512157293907103
endometriosis,unspecified,phenol,0.27944005743772243
endometriosis,unspecified,propanol,-0.039544300824638765
endometriosis,unspecified,propionaldehyde,0.013383491007686548
endometriosis,unspecified,pyrrole,-0.01898895105848673
endometriosis,unspecified,styrene,-0.009265112591720479
endometriosis,unspecified,toluene,-0.006072481196941563
endometriosis,unspecified,trimethylamine,-0.003629091148007798
endometriosis,unspecified,undecane,0.04284079952882854
endometriosis,unspecified,xylene,0.013446960918225297
epilepsy,neurological,2_butanone,0.04291050234379739
epilepsy,neurological,2_pentanone,-0.1482134831642181
epilepsy,neurological,3_methylbutanal,0.001118975079048052
epilepsy,neurological,acetaldehyde,0.008533980139311689
epilepsy,neurological,acetone,0.6226357552907533
epilepsy,neurological,acetonitrile,-0.16424832158735217
epilepsy,neurological,allyl_methyl_sulfide,-0.1680442057364516
epilepsy,neurological,ammonia,0.04567257730820442
epilepsy,neurological,benzaldehyde,-0.002631790146969322
epilepsy,neurological,benzene,0.04635951844379424
epilepsy,neurological,butane,-0.006319782477856551
epilepsy,neurological,carbon_disulfide,0.008778448649478632
epilepsy,neurological,crotonaldehyde,-0.0057078880739668
epilepsy,neurological,cyclohexane,0.0016591979978921513
epilepsy,neurological,decanal,-0.010232390318271509
epilepsy,neurological,dimethyl_amine,-0.006691548310912594
epilepsy,neurological,dimethyl_disulfide,3.981280461735194e-05
epilepsy,neurological,dms,0.16396907112285164
epilepsy,neurological,dmts,0.00741550681117983
epilepsy,neurological,dodecane,-0.004889891733551362
epilepsy,neurological,ethane,0.36821660153479546
epilepsy,neurological,ethanol,0.0005867416556261358
epilepsy,neurological,ethyl_acetate,0.010401986559901604
epilepsy,neurological,ethylbenzene,-0.059579200407379365
epilepsy,neurological,formaldehyde,0.01547840988654496
epilepsy,neurological,furan,-0.002004207632979448
epilepsy,neurological,heptanal,0.02197976137967472
epilepsy,neurological,hexanal,1.5057074916200426
epilepsy,neurological,hexane,-0.003106569332710392
epilepsy,neurological,hydrogen_sulfide,-0.001068127549935545
epilepsy,neurological,indole,0.016754654815851373
epilepsy,neurological,isoprene,0.25250489869622733
epilepsy,neurological,isopropanol,0.0517881847775151
epilepsy,neurological,limonene,-0.0011881223472207279
epilepsy,neurological,methanol,-0.0107295901134549
epilepsy,neurological,methyl_acetate,-0.1666208627467239
epilepsy,neurological,methyl_mercaptan,-0.001068127549935545
epilepsy,neurological,nonanal,0.3350328645088812
epilepsy,neurological,octanal,0.2972588939563328
epilepsy,neurological,octane,0.11959271406141694
epilepsy,neurological,pentane,2.685359687384168
epilepsy,neurological,phenol,0.10747694516835488
epilepsy,neurological,propanol,0.1473621801156634
epilepsy,neurological,propionaldehyde,-0.0057078880739668
epilepsy,neurological,pyrrole,-0.007303442714802512
epilepsy,neurological,styrene,-0.003563504842969559
epilepsy,neurological,toluene,-0.002335569691131557
epilepsy,neurological,trimethylamine,-0.0009312686139032644
epilepsy,neurological,undecane,0.00924030751108797
epilepsy,neurological,xylene,0.0034380226791812804
esophageal_cancer,cancer,2_butanone,1.4331649283775036
esophageal_cancer,cancer,2_pentanone,-0.4819132973136886
esophageal_cancer,cancer,3_methylbutanal,0.018636107932797387
esophageal_cancer,cancer,acetaldehyde,1.6248751484004818
esophageal_cancer,cancer,acetone,0.3310078998609997
esophageal_cancer,cancer,acetonitrile,-0.42503412803449997
esophageal_cancer,cancer,allyl_methyl_sulfide,-0.43490342682215893
esophageal_cancer,cancer,ammonia,0.10532136679961165
esophageal_cancer,cancer,benzaldehyde,-0.0037801543821200613
esophageal_cancer,cancer,benzene,0.16225966711080136
esophageal_cancer,cancer,butane,0.30099241732738125
esophageal_cancer,cancer,carbon_disulfide,0.022823966488644563
esophageal_cancer,cancer,crotonaldehyde,0.0066127410076864904
esophageal_cancer,cancer,cyclohexane,0.020403852294519062
esophageal_cancer,cancer,decanal,0.0028940039224940022
esophageal_cancer,cancer,dimethyl_amine,-0.006164616517463956
esophageal_cancer,cancer,dimethyl_disulfide,0.00010351329200491581
esophageal_cancer,cancer,dms,0.013446960918225297
esophageal_cancer,cancer,dmts,0.019280317709067088
esophageal_cancer,cancer,dodecane,0.002303556492766662
esophageal_cancer,cancer,ethane,0.011186963651098647
esophageal_cancer,cancer,ethanol,2.5806152178429858
esophageal_cancer,cancer,ethyl_acetate,0.027045165055744034
esophageal_cancer,cancer,ethylbenzene,-0.11717662434175041
esophageal_cancer,cancer,formaldehyde,-0.02588542620236717
esophageal_cancer,cancer,furan,0.17124388174336838
esophageal_cancer,cancer,heptanal,0.4128732145359147
esophageal_cancer,cancer,hexanal,3.1612313485435872
esophageal_cancer,cancer,hexane,0.32690342775476194
esophageal_cancer,cancer,hydrogen_sulfide,-0.004161938961984116
esophageal_cancer,cancer,indole,0.013446960918225614
esophageal_cancer,cancer,isoprene,-0.07642489056930739
esophageal_cancer,cancer,isopropanol,0.08231778876594291
esophageal_cancer,cancer,limonene,0.0020150485638930436
esophageal_cancer,cancer,methanol,-0.025885426202367008
esophageal_cancer,cancer,methyl_acetate,-0.43120273504886686
esophageal_cancer,cancer,methyl_mercaptan,-0.004161938961984116
esophageal_cancer,cancer,nonanal,0.5347428607821645
esophageal_cancer,cancer,octanal,0.46036602034449314
esophageal_cancer,cancer,octane,0.35860261501372576
esophageal_cancer,cancer,pentane,2.9725655046552846
esophageal_cancer,cancer,phenol,0.27944005743772243
esophageal_cancer,cancer,propanol,-0.037873187538160935
esophageal_cancer,cancer,propionaldehyde,0.32282165527749496
esophageal_cancer,cancer,pyrrole,-0.01898895105848673
esophageal_cancer,cancer,styrene,0.10258554293028647
esophageal_cancer,cancer,toluene,-0.0019891478636084427
esophageal_cancer,cancer,trimethylamine,-0.003629091148007798
esophageal_cancer,cancer,undecane,0.040114737028828555
esophageal_cancer,cancer,xylene,0.015074101743675941
frontotemporal,neurological,2_butanone,0.037171784280570774
frontotemporal,neurological,2_pentanone,-0.1482134831642181
frontotemporal,neurological,3_methylbutanal,0.001439405007699143
frontotemporal,neurological,acetaldehyde,0.0035388886846442424
frontotemporal,neurological,acetone,0.3627779793789252
frontotemporal,neurological,acetonitrile,-0.14179615694676684
frontotemporal,neurological,allyl_methyl_sulfide,-0.14559204109586646
frontotemporal,neurological,ammonia,0.046194113501003574
frontotemporal,neurological,benzaldehyde,-0.0036775492351255766
frontotemporal,neurological,benzene,0.04635951844379424
frontotemporal,neurological,butane,0.038166379136679134
frontotemporal,neurological,carbon_disulfide,0.01559061026401465
frontotemporal,neurological,crotonaldehyde,0.04416027354056919
frontotemporal,neurological,cyclohexane,0.032905438909735504
frontotemporal,neurological,decanal,0.05714796031307215
frontotemporal,neurological,dimethyl_amine,-0.007737307399069048
frontotemporal,neurological,dimethyl_disulfide,0.008218163435961098
frontotemporal,neurological,dms,0.005496411471059166
frontotemporal,neurological,dmts,0.015593857442523326
frontotemporal,neurological,dodecane,0.025569738195100118
frontotemporal,neurological,ethane,0.5088396043097527
frontotemporal,neurological,ethanol,0.0005867416556261358
frontotemporal,neurological,ethyl_acetate,0.010722416488552922
frontotemporal,neurological,ethylbenzene,-0.059579200407379365
frontotemporal,neurological,formaldehyde,0.025564646539149898
frontotemporal,neurological,furan,0.005778608605654981
frontotemporal,neurological,heptanal,0.08656376137967477
frontotemporal,neurological,hexanal,2.7567432399561493
frontotemporal,neurological,hexane,0.04676159228182553
frontotemporal,neurological,hydrogen_sulfide,0.00097536537023319
frontotemporal,neurological,indole,0.012917348817088739
frontotemporal,neurological,isoprene,-0.12490381391572769
frontotemporal,neurological,isopropanol,0.0517881847775151
frontotemporal,neurological,limonene,0.006990228284123086
frontotemporal,neurological,methanol,0.010939646539149887
frontotemporal,neurological,methyl_acetate,-0.14280250908933081
frontotemporal,neurological,methyl_mercaptan,0.0009753653702328698
frontotemporal,neurological,nonanal,0.4913088645088812
frontotemporal,neurological,octanal,0.31779751619206864
frontotemporal,neurological,octane,0.15726671406141696
frontotemporal,neurological,pentane,4.039701454443458
frontotemporal,neurological,phenol,0.10747694516835488
frontotemporal,neurological,propanol,0.1473621801156634
frontotemporal,neurological,propionaldehyde,0.04954227354056917
frontotemporal,neurological,pyrrole,-0.008349201802958986
frontotemporal,neurological,styrene,0.003248656771566374
frontotemporal,neurological,toluene,0.004476591923404524
frontotemporal,neurological,trimethylamine,0.0011126774052173413
frontotemporal,neurological,undecane,0.041852737439739315
frontotemporal,neurological,xylene,0.005496411471059485
gerd,inflammatory,2_butanone,0.03881808441729274
gerd,inflammatory,2_pentanone,-0.1482134831642181
gerd,inflammatory,3_methylbutanal,0.3016592141775755
gerd,inflammatory,acetaldehyde,0.007379737570423142
gerd,inflammatory,acetone,0.0857769171159053
gerd,inflammatory,acetonitrile,-0.16347466462865382
gerd,inflammatory,allyl_methyl_sulfide,-0.16727054877775338
gerd,inflammatory,ammonia,0.10467405378258367
gerd,inflammatory,benzaldehyde,-0.002631790146969322
gerd,inflammatory,benzene,0.04635951844379424
gerd,inflammatory,butane,0.03337021752214339
gerd,inflammatory,carbon_disulfide,0.008778448649478632
gerd,inflammatory,crotonaldehyde,0.03965211192603325
gerd,inflammatory,cyclohexane,0.03567919799789199
gerd,inflammatory,decanal,0.05213760968172836
gerd,inflammatory,dimethyl_amine,0.013844815325450751
gerd,inflammatory,dimethyl_disulfide,3.981280461735194e-05
gerd,inflammatory,dms,0.005153966517019903
gerd,inflammatory,dmts,0.00741550681117983
gerd,inflammatory,dodecane,0.026862108266448692
gerd,inflammatory,ethane,0.06554521438503799
gerd,inflammatory,ethanol,0.015232808394657906
gerd,inflammatory,ethyl_acetate,0.03056198655990155
gerd,inflammatory,ethylbenzene,-0.059579200407379365
gerd,inflammatory,formaldehyde,-0.009955933154756604
gerd,inflammatory,furan,0.009786560018108995
gerd,inflammatory,heptanal,0.09001976137967488
gerd,inflammatory,hexanal,2.242740387645266
gerd,inflammatory,hexane,0.04225343066728997
gerd,inflammatory,hydrogen_sulfide,0.4591902729182341
gerd,inflammatory,indole,0.012989501023377772
gerd,inflammatory,isoprene,-0.030016761792365097
gerd,inflammatory,isopropanol,0.05614180086574822
gerd,inflammatory,limonene,-0.0011881223472207279
gerd,inflammatory,methanol,0.0044440668452434785
gerd,inflammatory,methyl_acetate,-0.16584720578802575
gerd,inflammatory,methyl_mercaptan,-0.0016024880247879397
gerd,inflammatory,nonanal,0.10721375972104494
gerd,inflammatory,octanal,0.3255303371593836
gerd,inflammatory,octane,0.1592827140614168
gerd,inflammatory,pentane,2.888747623117595
gerd,inflammatory,phenol,0.10747694516835488
gerd,inflammatory,propanol,-0.005093381986556415
gerd,inflammatory,propionaldehyde,0.04532211192603325
gerd,inflammatory,pyrrole,-0.007303442714802512
gerd,inflammatory,styrene,-0.003563504842969559
gerd,inflammatory,toluene,-0.002335569691131557
gerd,inflammatory,trimethylamine,0.00900414199512099
gerd,inflammatory,undecane,0.04326030751108798
gerd,inflammatory,xylene,0.005153966517019584
glaucoma,unspecified,2_butanone,0.10580077710244654
glaucoma,unspecified,2_pentanone,-0.38535505622696714
glaucoma,unspecified,3_methylbutanal,0.005136607932797258
glaucoma,unspecified,acetaldehyde,-0.009903358941706419
glaucoma,unspecified,acetone,0.28689024298271204
glaucoma,unspecified,acetonitrile,-0.42503412803449997
glaucoma,unspecified,allyl_methyl_sulfide,-0.43490342682215893
glaucoma,unspecified,ammonia,0.10155652453452596
glaucoma,unspecified,benzaldehyde,-0.0068426543821201
glaucoma,unspecified,benzene,0.12053474795386482
glaucoma,unspecified,butane,-0.009669434442427105
glaucoma,unspecified,carbon_disulfide,0.022823966488644563
glaucoma,unspecified,crotonaldehyde,-0.007112508992313598
glaucoma,unspecified,cyclohexane,0.010109914794519295
glaucoma,unspecified,decanal,-0.015978214827506134
glaucoma,unspecified,dimethyl_amine,-0.015807116517464023
glaucoma,unspecified,dimethyl_disulfide,0.00010351329200491581
glaucoma,unspecified,dms,0.013446960918225297
glaucoma,unspecified,dmts,0.019280317709067088
glaucoma,unspecified,dodecane,-0.007304118507233482
glaucoma,unspecified,ethane,-0.0042539425989014
glaucoma,unspecified,ethanol,0.005249858551974376
glaucoma,unspecified,ethyl_acetate,0.027045165055744034
glaucoma,unspecified,ethylbenzene,-0.15490592105918605
glaucoma,unspecified,formaldehyde,-0.02588542620236717
glaucoma,unspecified,furan,-0.005642066576427045
glaucoma,unspecified,heptanal,0.06873937958715444
glaucoma,unspecified,hexanal,1.5139382464066167
glaucoma,unspecified,hexane,-0.0003490802650465204
glaucoma,unspecified,hydrogen_sulfide,-0.004161938961984116
glaucoma,unspecified,indole,0.013446960918225614
glaucoma,unspecified,isoprene,-0.07642489056930739
glaucoma,unspecified,isopropanol,0.0824228677712776
glaucoma,unspecified,limonene,-0.0030891181027738347
glaucoma,unspecified,methanol,-0.025885426202367008
glaucoma,unspecified,methyl_acetate,-0.43120273504886686
glaucoma,unspecified,methyl_mercaptan,-0.004161938961984116
glaucoma,unspecified,nonanal,0.07630840027471689
glaucoma,unspecified,octanal,0.13926413964270243
glaucoma,unspecified,octane,0.317703056559684
glaucoma,unspecified,pentane,2.1318196595647043
glaucoma,unspecified,phenol,0.27944005743772243
glaucoma,unspecified,propanol,-0.039544300824638765
glaucoma,unspecified,propionaldehyde,-0.006146508992313526
glaucoma,unspecified,pyrrole,-0.01898895105848673
glaucoma,unspecified,styrene,-0.009265112591720479
glaucoma,unspecified,toluene,-0.006072481196941563
glaucoma,unspecified,trimethylamine,-0.003629091148007798
glaucoma,unspecified,undecane,0.029820799528828507
glaucoma,unspecified,xylene,0.013446960918225297
glioblastoma,cancer,2_butanone,3.1975847271823263
glioblastoma,cancer,2_pentanone,-0.4819132973136886
glioblastoma,cancer,3_methylbutanal,0.011261607932797348
glioblastoma,cancer,acetaldehyde,3.3965880016619976
glioblastoma,cancer,acetone,0.6529895017187092
glioblastoma,cancer,acetonitrile,-0.42704563612711577
glioblastoma,cancer,allyl_methyl_sulfide,-0.4369149349147746
glioblastoma,cancer,ammonia,0.22903920574380837
glioblastoma,cancer,benzaldehyde,-0.0068426543821201
glioblastoma,cancer,benzene,0.1603158425309757
glioblastoma,cancer,butane,0.29630832357738146
glioblastoma,cancer,carbon_disulfide,0.03551624486271687
glioblastoma,cancer,crotonaldehyde,0.0012594910076864127
glioblastoma,cancer,cyclohexane,0.016388914794519188
glioblastoma,cancer,decanal,-0.004466714827506079
glioblastoma,cancer,dimethyl_amine,-0.011432116517463961
glioblastoma,cancer,dimethyl_disulfide,0.00010351329200491581
glioblastoma,cancer,dms,0.04240600563000756
glioblastoma,cancer,dmts,0.03197259608313915
glioblastoma,cancer,dodecane,-0.0014437185072335168
glioblastoma,cancer,ethane,0.0169581574010987
glioblastoma,cancer,ethanol,4.797916520263324
glioblastoma,cancer,ethyl_acetate,0.03973744342981624
glioblastoma,cancer,ethylbenzene,-0.12074954100841716
glioblastoma,cancer,formaldehyde,-0.015204655920910862
glioblastoma,cancer,furan,0.1697926155669245
glioblastoma,cancer,heptanal,0.3785933395359147
glioblastoma,cancer,hexanal,4.056595098206487
glioblastoma,cancer,hexane,0.32155017775476197
glioblastoma,cancer,hydrogen_sulfide,-0.004161938961984116
glioblastoma,cancer,indole,0.01923709834825247
glioblastoma,cancer,isoprene,-1.2640207143363562
glioblastoma,cancer,isopropanol,0.08631734674365665
glioblastoma,cancer,limonene,-0.0030891181027738347
glioblastoma,cancer,methanol,-0.0152046559209107
glioblastoma,cancer,methyl_acetate,-0.43321424314148244
glioblastoma,cancer,methyl_mercaptan,-0.004161938961984116
glioblastoma,cancer,nonanal,0.49860080921118866
glioblastoma,cancer,octanal,0.3967863097331605
glioblastoma,cancer,octane,0.24028804448593027
glioblastoma,cancer,pentane,2.478677227150045
glioblastoma,cancer,phenol,0.27944005743772243
glioblastoma,cancer,propanol,-0.037873187538160935
glioblastoma,cancer,propionaldehyde,0.31679924902749484
glioblastoma,cancer,pyrrole,-0.01898895105848673
glioblastoma,cancer,styrene,0.09901262626361969
glioblastoma,cancer,toluene,-0.006072481196941563
glioblastoma,cancer,trimethylamine,-0.003629091148007798
glioblastoma,cancer,undecane,0.03609979952882855
glioblastoma,cancer,xylene,0.019237098348252154
gout,metabolic,2_butanone,2.386436228623214
gout,metabolic,2_pentanone,0.38992027188848766
gout,metabolic,3_methylbutanal,0.001118975079048052
gout,metabolic,acetaldehyde,-0.006691548310912755
gout,metabolic,acetone,2.1250032619483217
gout,metabolic,acetonitrile,-0.16347466462865382
gout,metabolic,allyl_methyl_sulfide,-0.16727054877775338
gout,metabolic,ammonia,1.7074514974952415
gout,metabolic,benzaldehyde,-0.002631790146969322
gout,metabolic,benzene,0.04635951844379424
gout,metabolic,butane,-0.006319782477856551
gout,metabolic,carbon_disulfide,0.008778448649478632
gout,metabolic,crotonaldehyde,-0.0057078880739668
gout,metabolic,cyclohexane,0.0016591979978921513
gout,metabolic,decanal,-0.01009023449187237
gout,metabolic,dimethyl_amine,-0.006691548310912594
gout,metabolic,dimethyl_disulfide,3.981280461735194e-05
gout,metabolic,dms,0.0034380226791812804
gout,metabolic,dmts,0.00741550681117983
gout,metabolic,dodecane,-0.004889891733551362
gout,metabolic,ethane,0.007327714385037994
gout,metabolic,ethanol,0.0005867416556261358
gout,metabolic,ethyl_acetate,0.010401986559901604
gout,metabolic,ethylbenzene,-0.059579200407379365
gout,metabolic,formaldehyde,-0.009955933154756604
gout,metabolic,furan,-0.002004207632979448
gout,metabolic,heptanal,0.02197976137967472
gout,metabolic,hexanal,0.03349762106117132
gout,metabolic,hexane,-0.003106569332710392
gout,metabolic,hydrogen_sulfide,-0.001068127549935545
gout,metabolic,indole,0.0034380226791812804
gout,metabolic,isoprene,-0.01994162275322662
gout,metabolic,isopropanol,0.5603491994046432
gout,metabolic,limonene,-0.0011881223472207279
gout,metabolic,methanol,-0.009955933154756604
gout,metabolic,methyl_acetate,-0.16584720578802575
gout,metabolic,methyl_mercaptan,-0.001068127549935545
gout,metabolic,nonanal,0.024519384721044857
gout,metabolic,octanal,-0.002086920461018561
gout,metabolic,octane,0.11959271406141694
gout,metabolic,pentane,0.06306928295967204
gout,metabolic,phenol,0.12744402816347547
gout,metabolic,propanol,-0.010229177170484305
gout,metabolic,propionaldehyde,-0.0057078880739668
gout,metabolic,pyrrole,-0.007303442714802512
gout,metabolic,styrene,-0.003563504842969559
gout,metabolic,toluene,-0.002335569691131557
gout,metabolic,trimethylamine,0.20136056321216642
gout,metabolic,undecane,0.00924030751108797
gout,metabolic,xylene,0.0034380226791812804
gout_ckd_overlap,metabolic,2_butanone,2.386436228623214
gout_ckd_overlap,metabolic,2_pentanone,0.38992027188848766
gout_ckd_overlap,metabolic,3_methylbutanal,0.001118975079048052
gout_ckd_overlap,metabolic,acetaldehyde,-0.006691548310912755
gout_ckd_overlap,metabolic,acetone,2.1250032619483217
gout_ckd_overlap,metabolic,acetonitrile,-0.16347466462865382
gout_ckd_overlap,metabolic,allyl_methyl_sulfide,-0.16727054877775338
gout_ckd_overlap,metabolic,ammonia,1.7074514974952415
gout_ckd_overlap,metabolic,benzaldehyde,-0.002631790146969322
gout_ckd_overlap,metabolic,benzene,0.04635951844379424
gout_ckd_overlap,metabolic,butane,-0.006319782477856551
gout_ckd_overlap,metabolic,carbon_disulfide,0.008778448649478632
gout_ckd_overlap,metabolic,crotonaldehyde,-0.0057078880739668
gout_ckd_overlap,metabolic,cyclohexane,0.0016591979978921513
gout_ckd_overlap,metabolic,decanal,-0.01009023449187237
gout_ckd_overlap,metabolic,dimethyl_amine,-0.006691548310912594
gout_ckd_overlap,metabolic,dimethyl_disulfide,3.981280461735194e-05
gout_ckd_overlap,metabolic,dms,0.0034380226791812804
gout_ckd_overlap,metabolic,dmts,0.00741550681117983
gout_ckd_overlap,metabolic,dodecane,-0.004889891733551362
gout_ckd_overlap,metabolic,ethane,0.007327714385037994
gout_ckd_overlap,metabolic,ethanol,0.0005867416556261358
gout_ckd_overlap,metabolic,ethyl_acetate,0.010401986559901604
gout_ckd_overlap,metabolic,ethylbenzene,-0.059579200407379365
gout_ckd_overlap,metabolic,formaldehyde,-0.009955933154756604
gout_ckd_overlap,metabolic,furan,-0.002004207632979448
gout_ckd_overlap,metabolic,heptanal,0.02197976137967472
gout_ckd_overlap,metabolic,hexanal,0.03349762106117132
gout_ckd_overlap,metabolic,hexane,-0.003106569332710392
gout_ckd_overlap,metabolic,hydrogen_sulfide,-0.001068127549935545
gout_ckd_overlap,metabolic,indole,0.0034380226791812804
gout_ckd_overlap,metabolic,isoprene,-0.01994162275322662
gout_ckd_overlap,metabolic,isopropanol,0.5603491994046432
gout_ckd_overlap,metabolic,limonene,-0.0011881223472207279
gout_ckd_overlap,metabolic,methanol,-0.009955933154756604
gout_ckd_overlap,metabolic,methyl_acetate,-0.16584720578802575
gout_ckd_overlap,metabolic,methyl_mercaptan,-0.001068127549935545
gout_ckd_overlap,metabolic,nonanal,0.024519384721044857
gout_ckd_overlap,metabolic,octanal,-0.002086920461018561
gout_ckd_overlap,metabolic,octane,0.11959271406141694
gout_ckd_overlap,metabolic,pentane,0.06306928295967204
gout_ckd_overlap,metabolic,phenol,0.12744402816347547
gout_ckd_overlap,metabolic,propanol,-0.010229177170484305
gout_ckd_overlap,metabolic,propionaldehyde,-0.0057078880739668
gout_ckd_overlap,metabolic,pyrrole,-0.007303442714802512
gout_ckd_overlap,metabolic,styrene,-0.003563504842969559
gout_ckd_overlap,metabolic,toluene,-0.002335569691131557
gout_ckd_overlap,metabolic,trimethylamine,0.20136056321216642
gout_ckd_overlap,metabolic,undecane,0.00924030751108797
gout_ckd_overlap,metabolic,xylene,0.0034380226791812804
gut_dysbiosis,microbiome,2_butanone,0.025994425286169336
gut_dysbiosis,microbiome,2_pentanone,-0.1482134831642181
gut_dysbiosis,microbiome,3_methylbutanal,0.007084884169956925
gut_dysbiosis,microbiome,acetaldehyde,0.6153448013593309
gut_dysbiosis,microbiome,acetone,0.06761256101737606
gut_dysbiosis,microbiome,acetonitrile,-0.16347466462865382
gut_dysbiosis,microbiome,allyl_methyl_sulfide,-0.051602548777753506
gut_dysbiosis,microbiome,ammonia,4.020631542240845
gut_dysbiosis,microbiome,benzaldehyde,-0.002631790146969322
gut_dysbiosis,microbiome,benzene,0.046625831632693744
gut_dysbiosis,microbiome,butane,-0.006319782477856551
gut_dysbiosis,microbiome,carbon_disulfide,0.5381278790444719
gut_dysbiosis,microbiome,crotonaldehyde,-0.0057078880739668
gut_dysbiosis,microbiome,cyclohexane,0.0016591979978921513
gut_dysbiosis,microbiome,decanal,-0.005710919111750302
gut_dysbiosis,microbiome,dimethyl_amine,0.5634664643383226
gut_dysbiosis,microbiome,dimethyl_disulfide,1.1039649771980202
gut_dysbiosis,microbiome,dms,0.6154376163734779
gut_dysbiosis,microbiome,dmts,0.05801697801770075
gut_dysbiosis,microbiome,dodecane,-0.004889891733551362
gut_dysbiosis,microbiome,ethane,0.010452714385037991
gut_dysbiosis,microbiome,ethanol,3.268366788158667
gut_dysbiosis,microbiome,ethyl_acetate,0.4890012805241289
gut_dysbiosis,microbiome,ethylbenzene,-0.059579200407379365
gut_dysbiosis,microbiome,formaldehyde,-0.009955933154756604
gut_dysbiosis,microbiome,furan,-0.002004207632979448
gut_dysbiosis,microbiome,heptanal,0.02197976137967472
gut_dysbiosis,microbiome,hexanal,0.07428922088565787
gut_dysbiosis,microbiome,hexane,-0.003106569332710392
gut_dysbiosis,microbiome,hydrogen_sulfide,4.652797008142218
gut_dysbiosis,microbiome,indole,4.699387650179203
gut_dysbiosis,microbiome,isoprene,-0.01994162275322662
gut_dysbiosis,microbiome,isopropanol,0.05078124276705493
gut_dysbiosis,microbiome,limonene,-0.0011881223472207279
gut_dysbiosis,microbiome,methanol,0.12174270320887971
gut_dysbiosis,microbiome,methyl_acetate,-0.16584720578802575
gut_dysbiosis,microbiome,methyl_mercaptan,0.5445984483012998
gut_dysbiosis,microbiome,nonanal,0.02842563472104492
gut_dysbiosis,microbiome,octanal,-0.000733575117743876
gut_dysbiosis,microbiome,octane,0.11959271406141694
gut_dysbiosis,microbiome,pentane,0.14083695481629546
gut_dysbiosis,microbiome,phenol,1.222808573397612
gut_dysbiosis,microbiome,propanol,0.3924181778258806
gut_dysbiosis,microbiome,propionaldehyde,-0.0057078880739668
gut_dysbiosis,microbiome,pyrrole,0.399431887292816
gut_dysbiosis,microbiome,styrene,-0.003563504842969559
gut_dysbiosis,microbiome,toluene,-0.002335569691131557
gut_dysbiosis,microbiome,trimethylamine,0.7547270860734584
gut_dysbiosis,microbiome,undecane,0.00924030751108797
gut_dysbiosis,microbiome,xylene,0.0034380226791812804
head_neck_cancer,cancer,2_butanone,2.618161647561288
head_neck_cancer,cancer,2_pentanone,-0.5596451809982328
head_neck_cancer,cancer,3_methylbutanal,0.06202338066007016
head_neck_cancer,cancer,acetaldehyde,2.538649728984352
head_neck_cancer,cancer,acetone,0.48700258386196915
head_neck_cancer,cancer,acetonitrile,-0.3343335524215013
head_neck_cancer,cancer,allyl_methyl_sulfide,-0.3457632380243816
head_neck_cancer,cancer,ammonia,0.11749133485370268
head_neck_cancer,cancer,benzaldehyde,0.0012213456178800535
head_neck_cancer,cancer,benzene,0.17715891979472675
head_neck_cancer,cancer,butane,0.0055205655575726745
head_neck_cancer,cancer,carbon_disulfide,0.04421269702214404
head_neck_cancer,cancer,crotonaldehyde,0.010247491007686462
head_neck_cancer,cancer,cyclohexane,0.02312991479451918
head_neck_cancer,cancer,decanal,0.4722888995178019
head_neck_cancer,cancer,dimethyl_amine,0.024826292573445166
head_neck_cancer,cancer,dimethyl_disulfide,0.00010351329200491581
head_neck_cancer,cancer,dms,0.023220362310343877
head_neck_cancer,cancer,dmts,0.04204763188357821
head_neck_cancer,cancer,dodecane,0.004847881492766646
head_neck_cancer,cancer,ethane,0.0152760574010987
head_neck_cancer,cancer,ethanol,5.058893689053568
head_neck_cancer,cancer,ethyl_acetate,0.048433895589243416
head_neck_cancer,cancer,ethylbenzene,-0.19549729086486195
head_neck_cancer,cancer,formaldehyde,0.08294690270912472
head_neck_cancer,cancer,furan,-0.0007728583535181368
head_neck_cancer,cancer,heptanal,0.4755810376204944
head_neck_cancer,cancer,hexanal,4.274010516570769
head_neck_cancer,cancer,hexane,0.0170109197349536
head_neck_cancer,cancer,hydrogen_sulfide,-0.290685514410527
head_neck_cancer,cancer,indole,0.05110245778943497
head_neck_cancer,cancer,isoprene,-0.2889329288558248
head_neck_cancer,cancer,isopropanol,0.08164909718399212
head_neck_cancer,cancer,limonene,0.010350881897226213
head_neck_cancer,cancer,methanol,0.08620387994413105
head_neck_cancer,cancer,methyl_acetate,-0.34050215943586803
head_neck_cancer,cancer,methyl_mercaptan,-0.004161938961984116
head_neck_cancer,cancer,nonanal,0.5406493295321644
head_neck_cancer,cancer,octanal,0.008017857931243069
head_neck_cancer,cancer,octane,0.1684594466442052
head_neck_cancer,cancer,pentane,3.5978924633568248
head_neck_cancer,cancer,phenol,0.2970675441370764
head_neck_cancer,cancer,propanol,-0.04646935261324109
head_neck_cancer,cancer,propionaldehyde,0.013383491007686548
head_neck_cancer,cancer,pyrrole,-0.01898895105848673
head_neck_cancer,cancer,styrene,0.00014288740827944545
head_neck_cancer,cancer,toluene,0.004679518803058168
head_neck_cancer,cancer,trimethylamine,-0.003629091148007798
head_neck_cancer,cancer,undecane,0.05153725168825571
head_neck_cancer,cancer,xylene,0.02754419638558273
hearing_loss,unspecified,2_butanone,0.10580077710244654
hearing_loss,unspecified,2_pentanone,-0.38535505622696714
hearing_loss,unspecified,3_methylbutanal,0.005136607932797258
hearing_loss,unspecified,acetaldehyde,-0.009903358941706419
hearing_loss,unspecified,acetone,0.28689024298271204
hearing_loss,unspecified,acetonitrile,-0.42503412803449997
hearing_loss,unspecified,allyl_methyl_sulfide,-0.43490342682215893
hearing_loss,unspecified,ammonia,0.10155652453452596
hearing_loss,unspecified,benzaldehyde,-0.0068426543821201
hearing_loss,unspecified,benzene,0.12053474795386482
hearing_loss,unspecified,butane,-0.009669434442427105
hearing_loss,unspecified,carbon_disulfide,0.022823966488644563
hearing_loss,unspecified,crotonaldehyde,-0.007112508992313598
hearing_loss,unspecified,cyclohexane,0.010109914794519295
hearing_loss,unspecified,decanal,-0.015978214827506134
hearing_loss,unspecified,dimethyl_amine,-0.015807116517464023
hearing_loss,unspecified,dimethyl_disulfide,0.00010351329200491581
hearing_loss,unspecified,dms,0.013446960918225297
hearing_loss,unspecified,dmts,0.019280317709067088
hearing_loss,unspecified,dodecane,-0.007304118507233482
hearing_loss,unspecified,ethane,-0.0042539425989014
hearing_loss,unspecified,ethanol,0.005249858551974376
hearing_loss,unspecified,ethyl_acetate,0.027045165055744034
hearing_loss,unspecified,ethylbenzene,-0.15490592105918605
hearing_loss,unspecified,formaldehyde,-0.02588542620236717
hearing_loss,unspecified,furan,-0.005642066576427045
hearing_loss,unspecified,heptanal,0.06873937958715444
hearing_loss,unspecified,hexanal,1.1716855800476829
hearing_loss,unspecified,hexane,-0.0003490802650465204
hearing_loss,unspecified,hydrogen_sulfide,-0.004161938961984116
hearing_loss,unspecified,indole,0.013446960918225614
hearing_loss,unspecified,isoprene,-0.07642489056930739
hearing_loss,unspecified,isopropanol,0.0824228677712776
hearing_loss,unspecified,limonene,-0.0030891181027738347
hearing_loss,unspecified,methanol,-0.025885426202367008
hearing_loss,unspecified,methyl_acetate,-0.43120273504886686
hearing_loss,unspecified,methyl_mercaptan,-0.004161938961984116
hearing_loss,unspecified,nonanal,0.07630840027471689
hearing_loss,unspecified,octanal,0.13926413964270243
hearing_loss,unspecified,octane,0.317703056559684
hearing_loss,unspecified,pentane,1.8221909143014912
hearing_loss,unspecified,phenol,0.27944005743772243
hearing_loss,unspecified,propanol,-0.039544300824638765
hearing_loss,unspecified,propionaldehyde,-0.006146508992313526
hearing_loss,unspecified,pyrrole,-0.01898895105848673
hearing_loss,unspecified,styrene,-0.009265112591720479
hearing_loss,unspecified,toluene,-0.006072481196941563
hearing_loss,unspecified,trimethylamine,-0.003629091148007798
hearing_loss,unspecified,undecane,0.029820799528828507
hearing_loss,unspecified,xylene,0.013446960918225297
heart_disease,cardiovascular,2_butanone,2.1232498767148478
heart_disease,cardiovascular,2_pentanone,-0.06931348316421805
heart_disease,cardiovascular,3_methylbutanal,0.001118975079048052
heart_disease,cardiovascular,acetaldehyde,-0.006691548310912755
heart_disease,cardiovascular,acetone,1.7610269486240506
heart_disease,cardiovascular,acetonitrile,-0.16347466462865382
heart_disease,cardiovascular,allyl_methyl_sulfide,-0.16727054877775338
heart_disease,cardiovascular,ammonia,0.796525538071422
heart_disease,cardiovascular,benzaldehyde,-0.002631790146969322
heart_disease,cardiovascular,benzene,0.04635951844379424
heart_disease,cardiovascular,butane,0.050128217522143234
heart_disease,cardiovascular,carbon_disulfide,0.008778448649478632
heart_disease,cardiovascular,crotonaldehyde,0.05880411192603337
heart_disease,cardiovascular,cyclohexane,0.050043197997892024
heart_disease,cardiovascular,decanal,0.09020492553110225
heart_disease,cardiovascular,dimethyl_amine,0.39882810070195873
heart_disease,cardiovascular,dimethyl_disulfide,3.981280461735194e-05
heart_disease,cardiovascular,dms,0.005153966517019903
heart_disease,cardiovascular,dmts,0.00741550681117983
heart_disease,cardiovascular,dodecane,0.040268508266448684
heart_disease,cardiovascular,ethane,0.07990371438503782
heart_disease,cardiovascular,ethanol,0.000880023022626491
heart_disease,cardiovascular,ethyl_acetate,0.010401986559901604
heart_disease,cardiovascular,ethylbenzene,-0.059579200407379365
heart_disease,cardiovascular,formaldehyde,-0.009955933154756604
heart_disease,cardiovascular,furan,0.015229879327279728
heart_disease,cardiovascular,heptanal,0.11874776137967483
heart_disease,cardiovascular,hexanal,3.2371889077122162
heart_disease,cardiovascular,hexane,0.0614054306672899
heart_disease,cardiovascular,hydrogen_sulfide,-0.0016024880247879397
heart_disease,cardiovascular,indole,0.005153966517019584
heart_disease,cardiovascular,isoprene,-0.18965196746008403
heart_disease,cardiovascular,isopropanol,0.09146842213868173
heart_disease,cardiovascular,limonene,0.013094877652779174
heart_disease,cardiovascular,methanol,-0.009955933154756604
heart_disease,cardiovascular,methyl_acetate,-0.16584720578802575
heart_disease,cardiovascular,methyl_mercaptan,-0.0016024880247879397
heart_disease,cardiovascular,nonanal,0.12935138472104488
heart_disease,cardiovascular,octanal,0.04281199341098474
heart_disease,cardiovascular,octane,0.17604071406141675
heart_disease,cardiovascular,pentane,3.751509290610585
heart_disease,cardiovascular,phenol,0.10747694516835488
heart_disease,cardiovascular,propanol,-0.015371093020478363
heart_disease,cardiovascular,propionaldehyde,0.0668681119260331
heart_disease,cardiovascular,pyrrole,-0.007303442714802512
heart_disease,cardiovascular,styrene,-0.003563504842969559
heart_disease,cardiovascular,toluene,-0.002335569691131557
heart_disease,cardiovascular,trimethylamine,0.4502884118403574
heart_disease,cardiovascular,undecane,0.05762430751108781
heart_disease,cardiovascular,xylene,0.005153966517019584
heart_failure,cardiovascular,2_butanone,3.413678717744814
heart_failure,cardiovascular,2_pentanone,0.08970593947731656
heart_failure,cardiovascular,3_methylbutanal,0.001118975079048052
heart_failure,cardiovascular,acetaldehyde,-0.006691548310912755
heart_failure,cardiovascular,acetone,4.821534268671337
heart_failure,cardiovascular,acetonitrile,-0.1654037351878256
heart_failure,cardiovascular,allyl_methyl_sulfide,-0.1691996193369252
heart_failure,cardiovascular,ammonia,1.435103304130694
heart_failure,cardiovascular,benzaldehyde,-0.002631790146969322
heart_failure,cardiovascular,benzene,0.03269507248629906
heart_failure,cardiovascular,butane,0.1147815333715173
heart_failure,cardiovascular,carbon_disulfide,0.008778448649478632
heart_failure,cardiovascular,crotonaldehyde,0.13101742777540687
heart_failure,cardiovascular,cyclohexane,0.11472271510564955
heart_failure,cardiovascular,decanal,0.12334526212623714
heart_failure,cardiovascular,dimethyl_amine,-0.006691548310912594
heart_failure,cardiovascular,dimethyl_disulfide,3.981280461735194e-05
heart_failure,cardiovascular,dms,0.005153966517019903
heart_failure,cardiovascular,dmts,0.00741550681117983
heart_failure,cardiovascular,dodecane,0.09433782411582241
heart_failure,cardiovascular,ethane,0.1596770302344118
heart_failure,cardiovascular,ethanol,0.0009137558232560463
heart_failure,cardiovascular,ethyl_acetate,0.010401986559901604
heart_failure,cardiovascular,ethylbenzene,-0.022503136488608685
heart_failure,cardiovascular,formaldehyde,-0.011885003713928597
heart_failure,cardiovascular,furan,0.0380170783660075
heart_failure,cardiovascular,heptanal,0.20825626397706312
heart_failure,cardiovascular,hexanal,3.6818697457408507
heart_failure,cardiovascular,hexane,0.14120494777504736
heart_failure,cardiovascular,hydrogen_sulfide,-0.0016024880247879397
heart_failure,cardiovascular,indole,0.005153966517019584
heart_failure,cardiovascular,isoprene,-0.16151749440523447
heart_failure,cardiovascular,isopropanol,0.5612517020667519
heart_failure,cardiovascular,limonene,-0.0011881223472207279
heart_failure,cardiovascular,methanol,0.17527253140026286
heart_failure,cardiovascular,methyl_acetate,-0.16777627634719744
heart_failure,cardiovascular,methyl_mercaptan,-0.0016024880247879397
heart_failure,cardiovascular,nonanal,0.22697234064134253
heart_failure,cardiovascular,octanal,0.058285790588539034
heart_failure,cardiovascular,octane,0.21494281051807665
heart_failure,cardiovascular,pentane,4.5932476805323565
heart_failure,cardiovascular,phenol,0.12744402816347547
heart_failure,cardiovascular,propanol,-0.009677001478015344
heart_failure,cardiovascular,propionaldehyde,0.14664142777540684
heart_failure,cardiovascular,pyrrole,-0.007303442714802512
heart_failure,cardiovascular,styrene,-0.003563504842969559
heart_failure,cardiovascular,toluene,-0.002335569691131557
heart_failure,cardiovascular,trimethylamine,-0.0013971284452868643
heart_failure,cardiovascular,undecane,0.11471762336046173
heart_failure,cardiovascular,xylene,0.005153966517019584
helicobacter_pylori_infection,microbiome,2_butanone,0.025994425286169336
helicobacter_pylori_infection,microbiome,2_pentanone,-0.1482134831642181
helicobacter_pylori_infection,microbiome,3_methylbutanal,0.008278065988138692
helicobacter_pylori_infection,microbiome,acetaldehyde,0.0059699333180108175
helicobacter_pylori_infection,microbiome,acetone,0.34468849373628707
helicobacter_pylori_infection,microbiome,acetonitrile,-0.16347466462865382
helicobacter_pylori_infection,microbiome,allyl_methyl_sulfide,-0.16727054877775338
helicobacter_pylori_infection,microbiome,ammonia,3.825679971426334
helicobacter_pylori_infection,microbiome,benzaldehyde,-0.002631790146969322
helicobacter_pylori_infection,microbiome,benzene,0.04635951844379424
helicobacter_pylori_infection,microbiome,butane,0.008170217522143357
helicobacter_pylori_infection,microbiome,carbon_disulfide,0.008778448649478632
helicobacter_pylori_infection,microbiome,crotonaldehyde,0.010852111926033333
helicobacter_pylori_infection,microbiome,cyclohexane,0.014079197997892142
helicobacter_pylori_infection,microbiome,decanal,0.012537609681728477
helicobacter_pylori_infection,microbiome,dimethyl_amine,0.39081673706559517
helicobacter_pylori_infection,microbiome,dimethyl_disulfide,3.981280461735194e-05
helicobacter_pylori_infection,microbiome,dms,0.0034380226791812804
helicobacter_pylori_infection,microbiome,dmts,0.00741550681117983
helicobacter_pylori_infection,microbiome,dodecane,0.006702108266448618
helicobacter_pylori_infection,microbiome,ethane,0.03377021438503788
helicobacter_pylori_infection,microbiome,ethanol,0.43250026652855433
helicobacter_pylori_infection,microbiome,ethyl_acetate,0.3278071896150379
helicobacter_pylori_infection,microbiome,ethylbenzene,-0.059579200407379365
helicobacter_pylori_infection,microbiome,formaldehyde,-0.009955933154756604
helicobacter_pylori_infection,microbiome,furan,0.0010985099491064572
helicobacter_pylori_infection,microbiome,heptanal,0.04681976137967463
helicobacter_pylori_infection,microbiome,hexanal,0.11225586838509141
helicobacter_pylori_infection,microbiome,hexane,0.013453430667289743
helicobacter_pylori_infection,microbiome,hydrogen_sulfide,0.6048834696471267
helicobacter_pylori_infection,microbiome,indole,0.8460815749717358
helicobacter_pylori_infection,microbiome,isoprene,-0.01994162275322662
helicobacter_pylori_infection,microbiome,isopropanol,0.05078124276705493
helicobacter_pylori_infection,microbiome,limonene,-0.0011881223472207279
helicobacter_pylori_infection,microbiome,methanol,0.0066040668452435084
helicobacter_pylori_infection,microbiome,methyl_acetate,-0.16584720578802575
helicobacter_pylori_infection,microbiome,methyl_mercaptan,0.46624394833831767
helicobacter_pylori_infection,microbiome,nonanal,0.061195009721044934
helicobacter_pylori_infection,microbiome,octanal,0.004758747535221651
helicobacter_pylori_infection,microbiome,octane,0.134082714061417
helicobacter_pylori_infection,microbiome,pentane,0.1706382048162954
helicobacter_pylori_infection,microbiome,phenol,0.6155418920140537
helicobacter_pylori_infection,microbiome,propanol,0.33565405142595484
helicobacter_pylori_infection,microbiome,propionaldehyde,0.012922111926033309
helicobacter_pylori_infection,microbiome,pyrrole,0.26448588729281597
helicobacter_pylori_infection,microbiome,styrene,-0.003563504842969559
helicobacter_pylori_infection,microbiome,toluene,-0.002335569691131557
helicobacter_pylori_infection,microbiome,trimethylamine,0.6014028648078055
helicobacter_pylori_infection,microbiome,undecane,0.021660307511088026
helicobacter_pylori_infection,microbiome,xylene,0.0034380226791812804
hepatocellular_carcinoma,cancer,2_butanone,2.301612652562287
hepatocellular_carcinoma,cancer,2_pentanone,-0.5603209250290828
hepatocellular_carcinoma,cancer,3_methylbutanal,0.006807062478251724
hepatocellular_carcinoma,cancer,acetaldehyde,1.4320573703552315
hepatocellular_carcinoma,cancer,acetone,0.5643989125269587
hepatocellular_carcinoma,cancer,acetonitrile,-0.4234608396755149
hepatocellular_carcinoma,cancer,allyl_methyl_sulfide,-0.4333301384631738
hepatocellular_carcinoma,cancer,ammonia,2.6428126433168133
hepatocellular_carcinoma,cancer,benzaldehyde,0.15991463607358203
hepatocellular_carcinoma,cancer,benzene,0.16757474795386493
hepatocellular_carcinoma,cancer,butane,0.2822208235773814
hepatocellular_carcinoma,cancer,carbon_disulfide,0.12080156648864462
hepatocellular_carcinoma,cancer,crotonaldehyde,-0.014840508992313785
hepatocellular_carcinoma,cancer,cyclohexane,0.004313914794519137
hepatocellular_carcinoma,cancer,decanal,-0.02633184900312234
hepatocellular_carcinoma,cancer,dimethyl_amine,-0.014613934699282197
hepatocellular_carcinoma,cancer,dimethyl_disulfide,0.00010351329200491581
hepatocellular_carcinoma,cancer,dms,2.9889930863610643
hepatocellular_carcinoma,cancer,dmts,0.19346271770906728
hepatocellular_carcinoma,cancer,dodecane,-0.012713718507233577
hepatocellular_carcinoma,cancer,ethane,-0.012947942598901334
hepatocellular_carcinoma,cancer,ethanol,1.5854143182018412
hepatocellular_carcinoma,cancer,ethyl_acetate,0.027045165055744034
hepatocellular_carcinoma,cancer,ethylbenzene,-0.20729941105212893
hepatocellular_carcinoma,cancer,formaldehyde,-0.024312137843381803
hepatocellular_carcinoma,cancer,furan,0.16543938593442126
hepatocellular_carcinoma,cancer,heptanal,0.24028001040537375
hepatocellular_carcinoma,cancer,hexanal,2.038443082477431
hepatocellular_carcinoma,cancer,hexane,0.30545017775476185
hepatocellular_carcinoma,cancer,hydrogen_sulfide,1.1270713192745963
hepatocellular_carcinoma,cancer,indole,0.013446960918225614
hepatocellular_carcinoma,cancer,isoprene,-0.07642489056930739
hepatocellular_carcinoma,cancer,isopropanol,0.08854332388562539
hepatocellular_carcinoma,cancer,limonene,0.9915870349737346
hepatocellular_carcinoma,cancer,methanol,-0.024312137843381966
hepatocellular_carcinoma,cancer,methyl_acetate,-0.42962944668988134
hepatocellular_carcinoma,cancer,methyl_mercaptan,0.05588402690179535
hepatocellular_carcinoma,cancer,nonanal,0.30673783493463497
hepatocellular_carcinoma,cancer,octanal,0.3867465644927917
hepatocellular_carcinoma,cancer,octane,0.22865486532662077
hepatocellular_carcinoma,cancer,pentane,0.953652770222777
hepatocellular_carcinoma,cancer,phenol,0.27850944502883457
hepatocellular_carcinoma,cancer,propanol,-0.039544300824638765
hepatocellular_carcinoma,cancer,propionaldehyde,0.29868674902749487
hepatocellular_carcinoma,cancer,pyrrole,-0.01898895105848673
hepatocellular_carcinoma,cancer,styrene,0.16285854347815643
hepatocellular_carcinoma,cancer,toluene,0.10463278267967505
hepatocellular_carcinoma,cancer,trimethylamine,-0.003629091148007798
hepatocellular_carcinoma,cancer,undecane,0.024024799528828654
hepatocellular_carcinoma,cancer,xylene,0.08466952429317068
hiv,infectious,2_butanone,0.04027080552659802
hiv,infectious,2_pentanone,-0.1482134831642181
hiv,infectious,3_methylbutanal,0.047252156897229836
hiv,infectious,acetaldehyde,-0.0016915483109127907
hiv,infectious,acetone,0.40006524345219635
hiv,infectious,acetonitrile,0.36492094393388147
hiv,infectious,allyl_methyl_sulfide,-0.16727054877775338
hiv,infectious,ammonia,0.3619224639953438
hiv,infectious,benzaldehyde,0.009788209853030874
hiv,infectious,benzene,0.060849518443794264
hiv,infectious,butane,0.04072021752214345
hiv,infectious,carbon_disulfide,0.008778448649478632
hiv,infectious,crotonaldehyde,0.04805211192603308
hiv,infectious,cyclohexane,0.041979197997891834
hiv,infectious,decanal,0.0636876096817284
hiv,infectious,dimethyl_amine,0.026260724416359873
hiv,infectious,dimethyl_disulfide,3.981280461735194e-05
hiv,infectious,dms,0.005153966517019903
hiv,infectious,dmts,0.00741550681117983
hiv,infectious,dodecane,0.03274210826644874
hiv,infectious,ethane,0.06780771438503788
hiv,infectious,ethanol,0.0028518825633034486
hiv,infectious,ethyl_acetate,0.010401986559901604
hiv,infectious,ethylbenzene,-0.04508920040737925
hiv,infectious,formaldehyde,-0.009955933154756604
hiv,infectious,furan,0.012170949076815669
hiv,infectious,heptanal,0.10261976137967482
hiv,infectious,hexanal,3.478457325890699
hiv,infectious,hexane,0.05065343066728974
hiv,infectious,hydrogen_sulfide,-0.0016024880247879397
hiv,infectious,indole,0.005153966517019584
hiv,infectious,isoprene,-0.030016761792365097
hiv,infectious,isopropanol,0.05614180086574822
hiv,infectious,limonene,0.019511877652779234
hiv,infectious,methanol,-0.009955933154756604
hiv,infectious,methyl_acetate,-0.16584720578802575
hiv,infectious,methyl_mercaptan,-0.0016024880247879397
hiv,infectious,nonanal,0.11187938472104487
hiv,infectious,octanal,0.0305133823685161
hiv,infectious,octane,0.16663271406141678
hiv,infectious,pentane,3.8743928979173266
hiv,infectious,phenol,0.10747694516835488
hiv,infectious,propanol,-0.015371093020478363
hiv,infectious,propionaldehyde,0.05477211192603333
hiv,infectious,pyrrole,-0.007303442714802512
hiv,infectious,styrene,0.010926495157030583
hiv,infectious,toluene,0.014224430308868543
hiv,infectious,trimethylamine,-0.0013971284452868643
hiv,infectious,undecane,0.04956030751108805
hiv,infectious,xylene,0.011720915877008355
huntington,neurological,2_butanone,0.037171784280570774
huntington,neurological,2_pentanone,-0.1482134831642181
huntington,neurological,3_methylbutanal,0.001439405007699143
huntington,neurological,acetaldehyde,0.0035388886846442424
huntington,neurological,acetone,0.3627779793789252
huntington,neurological,acetonitrile,-0.14179615694676684
huntington,neurological,allyl_methyl_sulfide,-0.14559204109586646
huntington,neurological,ammonia,0.046194113501003574
huntington,neurological,benzaldehyde,-0.0036775492351255766
huntington,neurological,benzene,0.04635951844379424
huntington,neurological,butane,0.038166379136679134
huntington,neurological,carbon_disulfide,0.01559061026401465
huntington,neurological,crotonaldehyde,0.04416027354056919
huntington,neurological,cyclohexane,0.032905438909735504
huntington,neurological,decanal,0.05714796031307215
huntington,neurological,dimethyl_amine,-0.007737307399069048
huntington,neurological,dimethyl_disulfide,0.008218163435961098
huntington,neurological,dms,0.005496411471059166
huntington,neurological,dmts,0.015593857442523326
huntington,neurological,dodecane,0.025569738195100118
huntington,neurological,ethane,0.5088396043097527
huntington,neurological,ethanol,0.0005867416556261358
huntington,neurological,ethyl_acetate,0.010722416488552922
huntington,neurological,ethylbenzene,-0.059579200407379365
huntington,neurological,formaldehyde,0.025564646539149898
huntington,neurological,furan,0.005778608605654981
huntington,neurological,heptanal,0.08656376137967477
huntington,neurological,hexanal,2.9009380297986245
huntington,neurological,hexane,0.04676159228182553
huntington,neurological,hydrogen_sulfide,0.00097536537023319
huntington,neurological,indole,0.012917348817088739
huntington,neurological,isoprene,-0.12490381391572769
huntington,neurological,isopropanol,0.0517881847775151
huntington,neurological,limonene,0.006990228284123086
huntington,neurological,methanol,0.010939646539149887
huntington,neurological,methyl_acetate,-0.14280250908933081
huntington,neurological,methyl_mercaptan,0.0009753653702328698
huntington,neurological,nonanal,0.4913088645088812
huntington,neurological,octanal,0.31779751619206864
huntington,neurological,octane,0.15726671406141696
huntington,neurological,pentane,3.7392211358615635
huntington,neurological,phenol,0.10747694516835488
huntington,neurological,propanol,0.1473621801156634
huntington,neurological,propionaldehyde,0.04954227354056917
huntington,neurological,pyrrole,-0.008349201802958986
huntington,neurological,styrene,0.003248656771566374
huntington,neurological,toluene,0.004476591923404524
huntington,neurological,trimethylamine,0.0011126774052173413
huntington,neurological,undecane,0.041852737439739315
huntington,neurological,xylene,0.005496411471059485
hyperlipidemia,metabolic,2_butanone,2.386436228623214
hyperlipidemia,metabolic,2_pentanone,0.38992027188848766
hyperlipidemia,metabolic,3_methylbutanal,0.001118975079048052
hyperlipidemia,metabolic,acetaldehyde,-0.006691548310912755
hyperlipidemia,metabolic,acetone,2.1250032619483217
hyperlipidemia,metabolic,acetonitrile,-0.16347466462865382
hyperlipidemia,metabolic,allyl_methyl_sulfide,-0.16727054877775338
hyperlipidemia,metabolic,ammonia,1.7074514974952415
hyperlipidemia,metabolic,benzaldehyde,-0.002631790146969322
hyperlipidemia,metabolic,benzene,0.04635951844379424
hyperlipidemia,metabolic,butane,-0.006319782477856551
hyperlipidemia,metabolic,carbon_disulfide,0.008778448649478632
hyperlipidemia,metabolic,crotonaldehyde,-0.0057078880739668
hyperlipidemia,metabolic,cyclohexane,0.0016591979978921513
hyperlipidemia,metabolic,decanal,-0.01009023449187237
hyperlipidemia,metabolic,dimethyl_amine,-0.006691548310912594
hyperlipidemia,metabolic,dimethyl_disulfide,3.981280461735194e-05
hyperlipidemia,metabolic,dms,0.0034380226791812804
hyperlipidemia,metabolic,dmts,0.00741550681117983
hyperlipidemia,metabolic,dodecane,-0.004889891733551362
hyperlipidemia,metabolic,ethane,0.007327714385037994
hyperlipidemia,metabolic,ethanol,0.0005867416556261358
hyperlipidemia,metabolic,ethyl_acetate,0.010401986559901604
hyperlipidemia,metabolic,ethylbenzene,-0.059579200407379365
hyperlipidemia,metabolic,formaldehyde,-0.009955933154756604
hyperlipidemia,metabolic,furan,-0.002004207632979448
hyperlipidemia,metabolic,heptanal,0.02197976137967472
hyperlipidemia,metabolic,hexanal,0.03349762106117132
hyperlipidemia,metabolic,hexane,-0.003106569332710392
hyperlipidemia,metabolic,hydrogen_sulfide,-0.001068127549935545
hyperlipidemia,metabolic,indole,0.0034380226791812804
hyperlipidemia,metabolic,isoprene,-0.01994162275322662
hyperlipidemia,metabolic,isopropanol,0.5603491994046432
hyperlipidemia,metabolic,limonene,-0.0011881223472207279
hyperlipidemia,metabolic,methanol,-0.009955933154756604
hyperlipidemia,metabolic,methyl_acetate,-0.16584720578802575
hyperlipidemia,metabolic,methyl_mercaptan,-0.001068127549935545
hyperlipidemia,metabolic,nonanal,0.024519384721044857
hyperlipidemia,metabolic,octanal,-0.002086920461018561
hyperlipidemia,metabolic,octane,0.11959271406141694
hyperlipidemia,metabolic,pentane,0.06306928295967204
hyperlipidemia,metabolic,phenol,0.12744402816347547
hyperlipidemia,metabolic,propanol,-0.010229177170484305
hyperlipidemia,metabolic,propionaldehyde,-0.0057078880739668
hyperlipidemia,metabolic,pyrrole,-0.007303442714802512
hyperlipidemia,metabolic,styrene,-0.003563504842969559
hyperlipidemia,metabolic,toluene,-0.002335569691131557
hyperlipidemia,metabolic,trimethylamine,0.20136056321216642
hyperlipidemia,metabolic,undecane,0.00924030751108797
hyperlipidemia,metabolic,xylene,0.0034380226791812804
hypertension,cardiovascular,2_butanone,0.11647389119533577
hypertension,cardiovascular,2_pentanone,-0.12492598316421828
hypertension,cardiovascular,3_methylbutanal,0.005891702351775134
hypertension,cardiovascular,acetaldehyde,-0.0016915483109127907
hypertension,cardiovascular,acetone,0.3751591924464659
hypertension,cardiovascular,acetonitrile,-0.16347466462865382
hypertension,cardiovascular,allyl_methyl_sulfide,-0.16727054877775338
hypertension,cardiovascular,ammonia,0.03914112595102315
hypertension,cardiovascular,benzaldehyde,0.019868209853030668
hypertension,cardiovascular,benzene,0.07260951844379429
hypertension,cardiovascular,butane,0.050128217522143234
hypertension,cardiovascular,carbon_disulfide,0.008778448649478632
hypertension,cardiovascular,crotonaldehyde,0.05880411192603337
hypertension,cardiovascular,cyclohexane,0.050043197997892024
hypertension,cardiovascular,decanal,0.09020492553110225
hypertension,cardiovascular,dimethyl_amine,-0.003282457401821748
hypertension,cardiovascular,dimethyl_disulfide,3.981280461735194e-05
hypertension,cardiovascular,dms,0.005153966517019903
hypertension,cardiovascular,dmts,0.00741550681117983
hypertension,cardiovascular,dodecane,0.040268508266448684
hypertension,cardiovascular,ethane,0.07990371438503782
hypertension,cardiovascular,ethanol,0.0028518825633034486
hypertension,cardiovascular,ethyl_acetate,0.010401986559901604
hypertension,cardiovascular,ethylbenzene,-0.03332920040737934
hypertension,cardiovascular,formaldehyde,-0.009955933154756604
hypertension,cardiovascular,furan,0.015229879327279728
hypertension,cardiovascular,heptanal,0.11874776137967483
hypertension,cardiovascular,hexanal,3.0865474209594135
hypertension,cardiovascular,hexane,0.0614054306672899
hypertension,cardiovascular,hydrogen_sulfide,-0.0016024880247879397
hypertension,cardiovascular,indole,0.005153966517019584
hypertension,cardiovascular,isoprene,-0.20788130357451037
hypertension,cardiovascular,isopropanol,0.0632437842820647
hypertension,cardiovascular,limonene,0.0363118776527792
hypertension,cardiovascular,methanol,-0.009955933154756604
hypertension,cardiovascular,methyl_acetate,-0.16584720578802575
hypertension,cardiovascular,methyl_mercaptan,-0.0016024880247879397
hypertension,cardiovascular,nonanal,0.12935138472104488
hypertension,cardiovascular,octanal,0.04281199341098474
hypertension,cardiovascular,octane,0.17604071406141675
hypertension,cardiovascular,pentane,3.664312699900177
hypertension,cardiovascular,phenol,0.10747694516835488
hypertension,cardiovascular,propanol,-0.015371093020478363
hypertension,cardiovascular,propionaldehyde,0.0668681119260331
hypertension,cardiovascular,pyrrole,-0.007303442714802512
hypertension,cardiovascular,styrene,0.022686495157030487
hypertension,cardiovascular,toluene,0.02766443030886862
hypertension,cardiovascular,trimethylamine,-0.0013971284452868643
hypertension,cardiovascular,undecane,0.05762430751108781
hypertension,cardiovascular,xylene,0.017077137134110406
ild,pulmonary,2_butanone,0.40121378346101577
ild,pulmonary,2_pentanone,-0.1482134831642181
ild,pulmonary,3_methylbutanal,0.001118975079048052
ild,pulmonary,acetaldehyde,0.0044491586533956145
ild,pulmonary,acetone,0.08389007939389413
ild,pulmonary,acetonitrile,-0.16347466462865382
ild,pulmonary,allyl_methyl_sulfide,-0.16727054877775338
ild,pulmonary,ammonia,0.037874345691895066
ild,pulmonary,benzaldehyde,0.030696334853030888
ild,pulmonary,benzene,0.41426887541421153
ild,pulmonary,butane,0.05965795189714341
ild,pulmonary,carbon_disulfide,0.008778448649478632
ild,pulmonary,crotonaldehyde,0.08142855277540698
ild,pulmonary,cyclohexane,0.058211541747891886
ild,pulmonary,decanal,0.1051802224061021
ild,pulmonary,dimethyl_amine,-0.006691548310912594
ild,pulmonary,dimethyl_disulfide,3.981280461735194e-05
ild,pulmonary,dms,0.005153966517019903
ild,pulmonary,dmts,0.00741550681117983
ild,pulmonary,dodecane,0.04789229576644855
ild,pulmonary,ethane,0.10388954585941164
ild,pulmonary,ethanol,0.0074234009080385065
ild,pulmonary,ethyl_acetate,0.010401986559901604
ild,pulmonary,ethylbenzene,-0.020696387907379127
ild,pulmonary,formaldehyde,-0.009955933154756604
ild,pulmonary,furan,0.21523514512500927
ild,pulmonary,heptanal,0.13508444887967463
ild,pulmonary,hexanal,3.2960670147787985
ild,pulmonary,hexane,0.09161607277504741
ild,pulmonary,hydrogen_sulfide,-0.0016024880247879397
ild,pulmonary,indole,0.005153966517019584
ild,pulmonary,isoprene,-0.030016761792365097
ild,pulmonary,isopropanol,0.05614180086574822
ild,pulmonary,limonene,0.051443644681401765
ild,pulmonary,methanol,-0.009955933154756604
ild,pulmonary,methyl_acetate,-0.16584720578802575
ild,pulmonary,methyl_mercaptan,-0.0016024880247879397
ild,pulmonary,nonanal,0.14704946284604484
ild,pulmonary,octanal,0.04981104740423767
ild,pulmonary,octane,0.18557044843641682
ild,pulmonary,pentane,3.62872531975524
ild,pulmonary,phenol,0.10747694516835488
ild,pulmonary,propanol,-0.015371093020478363
ild,pulmonary,propionaldehyde,0.09085394340040709
ild,pulmonary,pyrrole,-0.007303442714802512
ild,pulmonary,styrene,0.18157997644754595
ild,pulmonary,toluene,0.35291145776755756
ild,pulmonary,trimethylamine,-0.0013971284452868643
ild,pulmonary,undecane,0.06579265126108787
ild,pulmonary,xylene,0.21669329867522943
infertility,unspecified,2_butanone,0.10580077710244654
infertility,unspecified,2_pentanone,-0.38535505622696714
infertility,unspecified,3_methylbutanal,0.005136607932797258
infertility,unspecified,acetaldehyde,-0.009903358941706419
infertility,unspecified,acetone,0.28689024298271204
infertility,unspecified,acetonitrile,-0.42503412803449997
infertility,unspecified,allyl_methyl_sulfide,-0.43490342682215893
infertility,unspecified,ammonia,0.10155652453452596
infertility,unspecified,benzaldehyde,-0.0068426543821201
infertility,unspecified,benzene,0.12053474795386482
infertility,unspecified,butane,-0.009669434442427105
infertility,unspecified,carbon_disulfide,0.022823966488644563
infertility,unspecified,crotonaldehyde,-0.007112508992313598
infertility,unspecified,cyclohexane,0.010109914794519295
infertility,unspecified,decanal,-0.015978214827506134
infertility,unspecified,dimethyl_amine,-0.015807116517464023
infertility,unspecified,dimethyl_disulfide,0.00010351329200491581
infertility,unspecified,dms,0.013446960918225297
infertility,unspecified,dmts,0.019280317709067088
infertility,unspecified,dodecane,-0.007304118507233482
infertility,unspecified,ethane,-0.0042539425989014
infertility,unspecified,ethanol,0.005249858551974376
infertility,unspecified,ethyl_acetate,0.027045165055744034
infertility,unspecified,ethylbenzene,-0.15490592105918605
infertility,unspecified,formaldehyde,-0.02588542620236717
infertility,unspecified,furan,-0.005642066576427045
infertility,unspecified,heptanal,0.06873937958715444
infertility,unspecified,hexanal,1.1716855800476829
infertility,unspecified,hexane,-0.0003490802650465204
infertility,unspecified,hydrogen_sulfide,-0.004161938961984116
infertility,unspecified,indole,0.013446960918225614
infertility,unspecified,isoprene,-0.07642489056930739
infertility,unspecified,isopropanol,0.0824228677712776
infertility,unspecified,limonene,-0.0030891181027738347
infertility,unspecified,methanol,-0.025885426202367008
infertility,unspecified,methyl_acetate,-0.43120273504886686
infertility,unspecified,methyl_mercaptan,-0.004161938961984116
infertility,unspecified,nonanal,0.07630840027471689
infertility,unspecified,octanal,0.13926413964270243
infertility,unspecified,octane,0.317703056559684
infertility,unspecified,pentane,1.8221909143014912
infertility,unspecified,phenol,0.27944005743772243
infertility,unspecified,propanol,-0.039544300824638765
infertility,unspecified,propionaldehyde,-0.006146508992313526
infertility,unspecified,pyrrole,-0.01898895105848673
infertility,unspecified,styrene,-0.009265112591720479
infertility,unspecified,toluene,-0.006072481196941563
infertility,unspecified,trimethylamine,-0.003629091148007798
infertility,unspecified,undecane,0.029820799528828507
infertility,unspecified,xylene,0.013446960918225297
inflammatory_bowel_disease,inflammatory,2_butanone,0.03881808441729274
inflammatory_bowel_disease,inflammatory,2_pentanone,-0.1482134831642181
inflammatory_bowel_disease,inflammatory,3_methylbutanal,0.3030910323593939
inflammatory_bowel_disease,inflammatory,acetaldehyde,0.5997062171223152
inflammatory_bowel_disease,inflammatory,acetone,0.08606362677237067
inflammatory_bowel_disease,inflammatory,acetonitrile,-0.16347466462865382
inflammatory_bowel_disease,inflammatory,allyl_methyl_sulfide,-0.16727054877775338
inflammatory_bowel_disease,inflammatory,ammonia,0.5372857218230532
inflammatory_bowel_disease,inflammatory,benzaldehyde,-0.002631790146969322
inflammatory_bowel_disease,inflammatory,benzene,0.04635951844379424
inflammatory_bowel_disease,inflammatory,butane,0.04072021752214345
inflammatory_bowel_disease,inflammatory,carbon_disulfide,0.512207879044472
inflammatory_bowel_disease,inflammatory,crotonaldehyde,0.04805211192603308
inflammatory_bowel_disease,inflammatory,cyclohexane,0.041979197997891834
inflammatory_bowel_disease,inflammatory,decanal,0.06820908088824962
inflammatory_bowel_disease,inflammatory,dimethyl_amine,0.4686149488500942
inflammatory_bowel_disease,inflammatory,dimethyl_disulfide,0.5513294133402634
inflammatory_bowel_disease,inflammatory,dms,0.005153966517019903
inflammatory_bowel_disease,inflammatory,dmts,0.01193697801770102
inflammatory_bowel_disease,inflammatory,dodecane,0.03274210826644874
inflammatory_bowel_disease,inflammatory,ethane,0.08827646438503776
inflammatory_bowel_disease,inflammatory,ethanol,1.1064825857607794
inflammatory_bowel_disease,inflammatory,ethyl_acetate,0.6485896219606674
inflammatory_bowel_disease,inflammatory,ethylbenzene,-0.059579200407379365
inflammatory_bowel_disease,inflammatory,formaldehyde,-0.009955933154756604
inflammatory_bowel_disease,inflammatory,furan,0.012170949076815669
inflammatory_bowel_disease,inflammatory,heptanal,0.10261976137967482
inflammatory_bowel_disease,inflammatory,hexanal,3.638178756609387
inflammatory_bowel_disease,inflammatory,hexane,0.05065343066728974
inflammatory_bowel_disease,inflammatory,hydrogen_sulfide,2.2032976689091455
inflammatory_bowel_disease,inflammatory,indole,2.108030867019632
inflammatory_bowel_disease,inflammatory,isoprene,-1.2195414670488798
inflammatory_bowel_disease,inflammatory,isopropanol,0.05614180086574822
inflammatory_bowel_disease,inflammatory,limonene,-0.0011881223472207279
inflammatory_bowel_disease,inflammatory,methanol,0.05987716343615264
inflammatory_bowel_disease,inflammatory,methyl_acetate,-0.16584720578802575
inflammatory_bowel_disease,inflammatory,methyl_mercaptan,0.5498271409179696
inflammatory_bowel_disease,inflammatory,nonanal,0.13746532222104504
inflammatory_bowel_disease,inflammatory,octanal,0.33295482845438973
inflammatory_bowel_disease,inflammatory,octane,0.16663271406141678
inflammatory_bowel_disease,inflammatory,pentane,3.9843108762951602
inflammatory_bowel_disease,inflammatory,phenol,0.5788885733976119
inflammatory_bowel_disease,inflammatory,propanol,0.5579576515517333
inflammatory_bowel_disease,inflammatory,propionaldehyde,0.05477211192603333
inflammatory_bowel_disease,inflammatory,pyrrole,-0.007303442714802512
inflammatory_bowel_disease,inflammatory,styrene,-0.003563504842969559
inflammatory_bowel_disease,inflammatory,toluene,-0.002335569691131557
inflammatory_bowel_disease,inflammatory,trimethylamine,0.7718085877013958
inflammatory_bowel_disease,inflammatory,undecane,0.04956030751108805
inflammatory_bowel_disease,inflammatory,xylene,0.005153966517019584
influenza,infectious,2_butanone,0.04027080552659802
influenza,infectious,2_pentanone,-0.1482134831642181
influenza,infectious,3_methylbutanal,0.04008352053359325
influenza,infectious,acetaldehyde,-0.0016915483109127907
influenza,infectious,acetone,0.3986717836690153
influenza,infectious,acetonitrile,0.36492094393388147
influenza,infectious,allyl_methyl_sulfide,-0.16727054877775338
influenza,infectious,ammonia,0.31363177639337214
influenza,infectious,benzaldehyde,0.012272209853030623
influenza,infectious,benzene,0.06374751844379413
influenza,infectious,butane,0.05248021752214326
influenza,infectious,carbon_disulfide,0.008778448649478632
influenza,infectious,crotonaldehyde,0.06149211192603325
influenza,infectious,cyclohexane,0.05205919799789207
influenza,infectious,decanal,0.09390092553110217
influenza,infectious,dimethyl_amine,0.021140269870905594
influenza,infectious,dimethyl_disulfide,3.981280461735194e-05
influenza,infectious,dms,0.005153966517019903
influenza,infectious,dmts,0.00741550681117983
influenza,infectious,dodecane,0.04215010826644873
influenza,infectious,ethane,0.09466103023441169
influenza,infectious,ethanol,0.0028518825633034486
influenza,infectious,ethyl_acetate,0.010401986559901604
influenza,infectious,ethylbenzene,-0.04219120040737927
influenza,infectious,formaldehyde,-0.009955933154756604
influenza,infectious,furan,0.015995824910179514
influenza,infectious,heptanal,0.12277976137967483
influenza,infectious,hexanal,3.974176006172675
influenza,infectious,hexane,0.06409343066728984
influenza,infectious,hydrogen_sulfide,-0.0016024880247879397
influenza,infectious,indole,0.005153966517019584
influenza,infectious,isoprene,-0.030016761792365097
influenza,infectious,isopropanol,0.05614180086574822
influenza,infectious,limonene,0.023651877652779235
influenza,infectious,methanol,-0.009955933154756604
influenza,infectious,methyl_acetate,-0.16584720578802575
influenza,infectious,methyl_mercaptan,-0.0016024880247879397
influenza,infectious,nonanal,0.1337193847210448
influenza,infectious,octanal,0.04453580872245167
influenza,infectious,octane,0.178392714061417
influenza,infectious,pentane,4.152340168018825
influenza,infectious,phenol,0.10747694516835488
influenza,infectious,propanol,-0.015371093020478363
influenza,infectious,propionaldehyde,0.08162542777540684
influenza,infectious,pyrrole,-0.007303442714802512
influenza,infectious,styrene,0.013824495157030532
influenza,infectious,toluene,0.01753643030886861
influenza,infectious,trimethylamine,-0.0013971284452868643
influenza,infectious,undecane,0.05964030751108788
influenza,infectious,xylene,0.013038634441321674
lewy_body,neurological,2_butanone,0.037171784280570774
lewy_body,neurological,2_pentanone,-0.1482134831642181
lewy_body,neurological,3_methylbutanal,0.001439405007699143
lewy_body,neurological,acetaldehyde,0.0035388886846442424
lewy_body,neurological,acetone,0.3627779793789252
lewy_body,neurological,acetonitrile,-0.14179615694676684
lewy_body,neurological,allyl_methyl_sulfide,-0.14559204109586646
lewy_body,neurological,ammonia,0.046194113501003574
lewy_body,neurological,benzaldehyde,-0.0036775492351255766
lewy_body,neurological,benzene,0.04635951844379424
lewy_body,neurological,butane,0.038166379136679134
lewy_body,neurological,carbon_disulfide,0.01559061026401465
lewy_body,neurological,crotonaldehyde,0.04416027354056919
lewy_body,neurological,cyclohexane,0.032905438909735504
lewy_body,neurological,decanal,0.05714796031307215
lewy_body,neurological,dimethyl_amine,-0.007737307399069048
lewy_body,neurological,dimethyl_disulfide,0.008218163435961098
lewy_body,neurological,dms,0.005496411471059166
lewy_body,neurological,dmts,0.015593857442523326
lewy_body,neurological,dodecane,0.025569738195100118
lewy_body,neurological,ethane,0.5088396043097527
lewy_body,neurological,ethanol,0.0005867416556261358
lewy_body,neurological,ethyl_acetate,0.010722416488552922
lewy_body,neurological,ethylbenzene,-0.059579200407379365
lewy_body,neurological,formaldehyde,0.025564646539149898
lewy_body,neurological,furan,0.005778608605654981
lewy_body,neurological,heptanal,0.08656376137967477
lewy_body,neurological,hexanal,2.76907186190887
lewy_body,neurological,hexane,0.04676159228182553
lewy_body,neurological,hydrogen_sulfide,0.00097536537023319
lewy_body,neurological,indole,0.012917348817088739
lewy_body,neurological,isoprene,-0.12490381391572769
lewy_body,neurological,isopropanol,0.0517881847775151
lewy_body,neurological,limonene,0.006990228284123086
lewy_body,neurological,methanol,0.010939646539149887
lewy_body,neurological,methyl_acetate,-0.14280250908933081
lewy_body,neurological,methyl_mercaptan,0.0009753653702328698
lewy_body,neurological,nonanal,0.4913088645088812
lewy_body,neurological,octanal,0.31779751619206864
lewy_body,neurological,octane,0.15726671406141696
lewy_body,neurological,pentane,4.034994183062585
lewy_body,neurological,phenol,0.10747694516835488
lewy_body,neurological,propanol,0.1473621801156634
lewy_body,neurological,propionaldehyde,0.04954227354056917
lewy_body,neurological,pyrrole,-0.008349201802958986
lewy_body,neurological,styrene,0.003248656771566374
lewy_body,neurological,toluene,0.004476591923404524
lewy_body,neurological,trimethylamine,0.0011126774052173413
lewy_body,neurological,undecane,0.041852737439739315
lewy_body,neurological,xylene,0.005496411471059485
lung_adenocarcinoma,cancer,2_butanone,1.3852324596032746
lung_adenocarcinoma,cancer,2_pentanone,-0.6765351661158041
lung_adenocarcinoma,cancer,3_methylbutanal,0.018778653387342914
lung_adenocarcinoma,cancer,acetaldehyde,2.458207450001692
lung_adenocarcinoma,cancer,acetone,0.31054604702431926
lung_adenocarcinoma,cancer,acetonitrile,-0.3480112721903439
lung_adenocarcinoma,cancer,allyl_methyl_sulfide,-0.35788057097800297
lung_adenocarcinoma,cancer,ammonia,0.10536117593607318
lung_adenocarcinoma,cancer,benzaldehyde,0.14628143607358196
lung_adenocarcinoma,cancer,benzene,0.2190679699643395
lung_adenocarcinoma,cancer,butane,0.3582553354107532
lung_adenocarcinoma,cancer,carbon_disulfide,0.04421269702214404
lung_adenocarcinoma,cancer,crotonaldehyde,0.06769798721605828
lung_adenocarcinoma,cancer,cyclohexane,0.09356856552468899
lung_adenocarcinoma,cancer,decanal,0.0757186003302494
lung_adenocarcinoma,cancer,dimethyl_amine,-0.00606279833564584
lung_adenocarcinoma,cancer,dimethyl_disulfide,0.00010351329200491581
lung_adenocarcinoma,cancer,dms,0.023220362310343877
lung_adenocarcinoma,cancer,dmts,0.040669048242566536
lung_adenocarcinoma,cancer,dodecane,0.05421521520113824
lung_adenocarcinoma,cancer,ethane,0.07609453798447045
lung_adenocarcinoma,cancer,ethanol,2.7717763513443607
lung_adenocarcinoma,cancer,ethyl_acetate,0.048433895589243416
lung_adenocarcinoma,cancer,ethylbenzene,-0.24854843100135998
lung_adenocarcinoma,cancer,formaldehyde,0.0725261601752885
lung_adenocarcinoma,cancer,furan,0.1795703050200961
lung_adenocarcinoma,cancer,heptanal,0.5069871144128739
lung_adenocarcinoma,cancer,hexanal,4.502438726102979
lung_adenocarcinoma,cancer,hexane,0.4077127972349318
lung_adenocarcinoma,cancer,hydrogen_sulfide,-1.1558802976375664
lung_adenocarcinoma,cancer,indole,0.05110245778943497
lung_adenocarcinoma,cancer,isoprene,-1.4788634782687378
lung_adenocarcinoma,cancer,isopropanol,0.08231778876594291
lung_adenocarcinoma,cancer,limonene,0.028553463236518587
lung_adenocarcinoma,cancer,methanol,0.0725261601752885
lung_adenocarcinoma,cancer,methyl_acetate,-0.35417987920471067
lung_adenocarcinoma,cancer,methyl_mercaptan,-0.004161938961984116
lung_adenocarcinoma,cancer,nonanal,0.6836157243545046
lung_adenocarcinoma,cancer,octanal,0.43289522518616697
lung_adenocarcinoma,cancer,octane,0.18431193079260505
lung_adenocarcinoma,cancer,pentane,3.986890160961719
lung_adenocarcinoma,cancer,phenol,0.27850944502883457
lung_adenocarcinoma,cancer,propanol,-0.037873187538160935
lung_adenocarcinoma,cancer,propionaldehyde,0.38772922961086675
lung_adenocarcinoma,cancer,pyrrole,-0.01898895105848673
lung_adenocarcinoma,cancer,styrene,0.13193928210143827
lung_adenocarcinoma,cancer,toluene,0.08196913176010417
lung_adenocarcinoma,cancer,trimethylamine,-0.003629091148007798
lung_adenocarcinoma,cancer,undecane,0.10225177914662768
lung_adenocarcinoma,cancer,xylene,0.07733395034391301
lung_squamous_cell_carcinoma,cancer,2_butanone,0.7399181749321111
lung_squamous_cell_carcinoma,cancer,2_pentanone,-0.6765351661158041
lung_squamous_cell_carcinoma,cancer,3_methylbutanal,0.061267221569161034
lung_squamous_cell_carcinoma,cancer,acetaldehyde,0.9960404170615978
lung_squamous_cell_carcinoma,cancer,acetone,0.49484094713093957
lung_squamous_cell_carcinoma,cancer,acetonitrile,-0.33623697731188995
lung_squamous_cell_carcinoma,cancer,allyl_methyl_sulfide,-0.34766666291477033
lung_squamous_cell_carcinoma,cancer,ammonia,0.11727832330546945
lung_squamous_cell_carcinoma,cancer,benzaldehyde,0.14958526107358197
lung_squamous_cell_carcinoma,cancer,benzene,0.5178027858577597
lung_squamous_cell_carcinoma,cancer,butane,0.07550271606281947
lung_squamous_cell_carcinoma,cancer,carbon_disulfide,0.04421269702214404
lung_squamous_cell_carcinoma,cancer,crotonaldehyde,0.08586900284105829
lung_squamous_cell_carcinoma,cancer,cyclohexane,0.10719682724343914
lung_squamous_cell_carcinoma,cancer,decanal,0.07161121025668696
lung_squamous_cell_carcinoma,cancer,dimethyl_amine,0.024286178937081505
lung_squamous_cell_carcinoma,cancer,dimethyl_disulfide,0.00010351329200491581
lung_squamous_cell_carcinoma,cancer,dms,0.023220362310343877
lung_squamous_cell_carcinoma,cancer,dmts,0.040669048242566536
lung_squamous_cell_carcinoma,cancer,dodecane,0.06693492613863829
lung_squamous_cell_carcinoma,cancer,ethane,0.1658106916204582
lung_squamous_cell_carcinoma,cancer,ethanol,1.0540434935791545
lung_squamous_cell_carcinoma,cancer,ethyl_acetate,0.048433895589243416
lung_squamous_cell_carcinoma,cancer,ethylbenzene,-0.3041939685013601
lung_squamous_cell_carcinoma,cancer,formaldehyde,0.08104347781873598
lung_squamous_cell_carcinoma,cancer,furan,0.02592232676315931
lung_squamous_cell_carcinoma,cancer,heptanal,0.6477187692518269
lung_squamous_cell_carcinoma,cancer,hexanal,4.065902507733288
lung_squamous_cell_carcinoma,cancer,hexane,0.11235655484012334
lung_squamous_cell_carcinoma,cancer,hydrogen_sulfide,-0.004161938961984116
lung_squamous_cell_carcinoma,cancer,indole,0.023220362310344193
lung_squamous_cell_carcinoma,cancer,isoprene,-0.33444341672827776
lung_squamous_cell_carcinoma,cancer,isopropanol,0.07671082568926359
lung_squamous_cell_carcinoma,cancer,limonene,0.035967408405041514
lung_squamous_cell_carcinoma,cancer,methanol,0.08430045505374249
lung_squamous_cell_carcinoma,cancer,methyl_acetate,-0.3424055843262566
lung_squamous_cell_carcinoma,cancer,methyl_mercaptan,-0.004161938961984116
lung_squamous_cell_carcinoma,cancer,nonanal,0.7838086247451297
lung_squamous_cell_carcinoma,cancer,octanal,0.4446613714540493
lung_squamous_cell_carcinoma,cancer,octane,0.2002115694644802
lung_squamous_cell_carcinoma,cancer,pentane,3.9411641328280687
lung_squamous_cell_carcinoma,cancer,phenol,0.27850944502883457
lung_squamous_cell_carcinoma,cancer,propanol,-0.037873187538160935
lung_squamous_cell_carcinoma,cancer,propionaldehyde,0.045140386371705754
lung_squamous_cell_carcinoma,cancer,pyrrole,-0.01898895105848673
lung_squamous_cell_carcinoma,cancer,styrene,0.01536945300699713
lung_squamous_cell_carcinoma,cancer,toluene,0.08637423176010409
lung_squamous_cell_carcinoma,cancer,trimethylamine,-0.003629091148007798
lung_squamous_cell_carcinoma,cancer,undecane,0.11588004086537747
lung_squamous_cell_carcinoma,cancer,xylene,0.07918038905789067
lupus,inflammatory,2_butanone,0.03881808441729274
lupus,inflammatory,2_pentanone,-0.1482134831642181
lupus,inflammatory,3_methylbutanal,0.3016592141775755
lupus,inflammatory,acetaldehyde,0.007379737570423142
lupus,inflammatory,acetone,0.0857769171159053
lupus,inflammatory,acetonitrile,-0.16347466462865382
lupus,inflammatory,allyl_methyl_sulfide,-0.16727054877775338
lupus,inflammatory,ammonia,0.10467405378258367
lupus,inflammatory,benzaldehyde,-0.002631790146969322
lupus,inflammatory,benzene,0.04635951844379424
lupus,inflammatory,butane,0.03337021752214339
lupus,inflammatory,carbon_disulfide,0.008778448649478632
lupus,inflammatory,crotonaldehyde,0.03965211192603325
lupus,inflammatory,cyclohexane,0.03567919799789199
lupus,inflammatory,decanal,0.05213760968172836
lupus,inflammatory,dimethyl_amine,0.013844815325450751
lupus,inflammatory,dimethyl_disulfide,3.981280461735194e-05
lupus,inflammatory,dms,0.005153966517019903
lupus,inflammatory,dmts,0.00741550681117983
lupus,inflammatory,dodecane,0.026862108266448692
lupus,inflammatory,ethane,0.06554521438503799
lupus,inflammatory,ethanol,0.015232808394657906
lupus,inflammatory,ethyl_acetate,0.03056198655990155
lupus,inflammatory,ethylbenzene,-0.059579200407379365
lupus,inflammatory,formaldehyde,-0.009955933154756604
lupus,inflammatory,furan,0.009786560018108995
lupus,inflammatory,heptanal,0.09001976137967488
lupus,inflammatory,hexanal,2.6921551586391725
lupus,inflammatory,hexane,0.04225343066728997
lupus,inflammatory,hydrogen_sulfide,0.4591902729182341
lupus,inflammatory,indole,0.012989501023377772
lupus,inflammatory,isoprene,-0.030016761792365097
lupus,inflammatory,isopropanol,0.05614180086574822
lupus,inflammatory,limonene,-0.0011881223472207279
lupus,inflammatory,methanol,0.0044440668452434785
lupus,inflammatory,methyl_acetate,-0.16584720578802575
lupus,inflammatory,methyl_mercaptan,-0.0016024880247879397
lupus,inflammatory,nonanal,0.10721375972104494
lupus,inflammatory,octanal,0.3255303371593836
lupus,inflammatory,octane,0.1592827140614168
lupus,inflammatory,pentane,3.2733926716614197
lupus,inflammatory,phenol,0.10747694516835488
lupus,inflammatory,propanol,-0.005093381986556415
lupus,inflammatory,propionaldehyde,0.04532211192603325
lupus,inflammatory,pyrrole,-0.007303442714802512
lupus,inflammatory,styrene,-0.003563504842969559
lupus,inflammatory,toluene,-0.002335569691131557
lupus,inflammatory,trimethylamine,0.00900414199512099
lupus,inflammatory,undecane,0.04326030751108798
lupus,inflammatory,xylene,0.005153966517019584
macular_degeneration,unspecified,2_butanone,0.10580077710244654
macular_degeneration,unspecified,2_pentanone,-0.38535505622696714
macular_degeneration,unspecified,3_methylbutanal,0.005136607932797258
macular_degeneration,unspecified,acetaldehyde,-0.009903358941706419
macular_degeneration,unspecified,acetone,0.28689024298271204
macular_degeneration,unspecified,acetonitrile,-0.42503412803449997
macular_degeneration,unspecified,allyl_methyl_sulfide,-0.43490342682215893
macular_degeneration,unspecified,ammonia,0.10155652453452596
macular_degeneration,unspecified,benzaldehyde,-0.0068426543821201
macular_degeneration,unspecified,benzene,0.12053474795386482
macular_degeneration,unspecified,butane,-0.009669434442427105
macular_degeneration,unspecified,carbon_disulfide,0.022823966488644563
macular_degeneration,unspecified,crotonaldehyde,-0.007112508992313598
macular_degeneration,unspecified,cyclohexane,0.010109914794519295
macular_degeneration,unspecified,decanal,-0.015978214827506134
macular_degeneration,unspecified,dimethyl_amine,-0.015807116517464023
macular_degeneration,unspecified,dimethyl_disulfide,0.00010351329200491581
macular_degeneration,unspecified,dms,0.013446960918225297
macular_degeneration,unspecified,dmts,0.019280317709067088
macular_degeneration,unspecified,dodecane,-0.007304118507233482
macular_degeneration,unspecified,ethane,-0.0042539425989014
macular_degeneration,unspecified,ethanol,0.005249858551974376
macular_degeneration,unspecified,ethyl_acetate,0.027045165055744034
macular_degeneration,unspecified,ethylbenzene,-0.15490592105918605
macular_degeneration,unspecified,formaldehyde,-0.02588542620236717
macular_degeneration,unspecified,furan,-0.005642066576427045
macular_degeneration,unspecified,heptanal,0.06873937958715444
macular_degeneration,unspecified,hexanal,1.458942823666622
macular_degeneration,unspecified,hexane,-0.0003490802650465204
macular_degeneration,unspecified,hydrogen_sulfide,-0.004161938961984116
macular_degeneration,unspecified,indole,0.013446960918225614
macular_degeneration,unspecified,isoprene,-0.07642489056930739
macular_degeneration,unspecified,isopropanol,0.0824228677712776
macular_degeneration,unspecified,limonene,-0.0030891181027738347
macular_degeneration,unspecified,methanol,-0.025885426202367008
macular_degeneration,unspecified,methyl_acetate,-0.43120273504886686
macular_degeneration,unspecified,methyl_mercaptan,-0.004161938961984116
macular_degeneration,unspecified,nonanal,0.07630840027471689
macular_degeneration,unspecified,octanal,0.13926413964270243
macular_degeneration,unspecified,octane,0.317703056559684
macular_degeneration,unspecified,pentane,2.0816048939460834
macular_degeneration,unspecified,phenol,0.27944005743772243
macular_degeneration,unspecified,propanol,-0.039544300824638765
macular_degeneration,unspecified,propionaldehyde,-0.006146508992313526
macular_degeneration,unspecified,pyrrole,-0.01898895105848673
macular_degeneration,unspecified,styrene,-0.009265112591720479
macular_degeneration,unspecified,toluene,-0.006072481196941563
macular_degeneration,unspecified,trimethylamine,-0.003629091148007798
macular_degeneration,unspecified,undecane,0.029820799528828507
macular_degeneration,unspecified,xylene,0.013446960918225297
major_depressive_disorder,neurological,2_butanone,0.025994425286169336
major_depressive_disorder,neurological,2_pentanone,-0.1482134831642181
major_depressive_disorder,neurological,3_methylbutanal,0.001118975079048052
major_depressive_disorder,neurological,acetaldehyde,0.02905961667611066
major_depressive_disorder,neurological,acetone,0.2975459684751915
major_depressive_disorder,neurological,acetonitrile,-0.16347466462865382
major_depressive_disorder,neurological,allyl_methyl_sulfide,-0.16727054877775338
major_depressive_disorder,neurological,ammonia,0.3479546776169621
major_depressive_disorder,neurological,benzaldehyde,-0.002631790146969322
major_depressive_disorder,neurological,benzene,0.04635951844379424
major_depressive_disorder,neurological,butane,-0.006319782477856551
major_depressive_disorder,neurological,carbon_disulfide,0.008778448649478632
major_depressive_disorder,neurological,crotonaldehyde,-0.0057078880739668
major_depressive_disorder,neurological,cyclohexane,0.0016591979978921513
major_depressive_disorder,neurological,decanal,-0.010232390318271509
major_depressive_disorder,neurological,dimethyl_amine,-0.006691548310912594
major_depressive_disorder,neurological,dimethyl_disulfide,3.981280461735194e-05
major_depressive_disorder,neurological,dms,0.0034380226791812804
major_depressive_disorder,neurological,dmts,0.00741550681117983
major_depressive_disorder,neurological,dodecane,-0.004889891733551362
major_depressive_disorder,neurological,ethane,0.3779366015347954
major_depressive_disorder,neurological,ethanol,0.007462056971535668
major_depressive_disorder,neurological,ethyl_acetate,0.024891986559901446
major_depressive_disorder,neurological,ethylbenzene,-0.059579200407379365
major_depressive_disorder,neurological,formaldehyde,0.07956686229978877
major_depressive_disorder,neurological,furan,-0.002004207632979448
major_depressive_disorder,neurological,heptanal,0.02197976137967472
major_depressive_disorder,neurological,hexanal,0.5856171379865259
major_depressive_disorder,neurological,hexane,-0.003106569332710392
major_depressive_disorder,neurological,hydrogen_sulfide,0.0032866464451665666
major_depressive_disorder,neurological,indole,0.4871058336542339
major_depressive_disorder,neurological,isoprene,-0.39790397557149304
major_depressive_disorder,neurological,isopropanol,0.05078124276705493
major_depressive_disorder,neurological,limonene,-0.0011881223472207279
major_depressive_disorder,neurological,methanol,0.014794066845243507
major_depressive_disorder,neurological,methyl_acetate,-0.16584720578802575
major_depressive_disorder,neurological,methyl_mercaptan,-0.001068127549935545
major_depressive_disorder,neurological,nonanal,0.3471828645088812
major_depressive_disorder,neurological,octanal,0.2972588939563328
major_depressive_disorder,neurological,octane,0.11959271406141694
major_depressive_disorder,neurological,pentane,3.119914148052372
major_depressive_disorder,neurological,phenol,0.10747694516835488
major_depressive_disorder,neurological,propanol,0.15216640933436146
major_depressive_disorder,neurological,propionaldehyde,-0.0057078880739668
major_depressive_disorder,neurological,pyrrole,-0.007303442714802512
major_depressive_disorder,neurological,styrene,-0.003563504842969559
major_depressive_disorder,neurological,toluene,-0.002335569691131557
major_depressive_disorder,neurological,trimethylamine,0.0040492184373785035
major_depressive_disorder,neurological,undecane,0.00924030751108797
major_depressive_disorder,neurological,xylene,0.0034380226791812804
malaria,infectious,2_butanone,2.2367037376337366
malaria,infectious,2_pentanone,-0.08474098316421817
malaria,infectious,3_methylbutanal,0.049628975079047774
malaria,infectious,acetaldehyde,-0.006691548310912755
malaria,infectious,acetone,1.3780536612414196
malaria,infectious,acetonitrile,-0.16347466462865382
malaria,infectious,allyl_methyl_sulfide,-0.16727054877775338
malaria,infectious,ammonia,0.8436885105827988
malaria,infectious,benzaldehyde,-0.002631790146969322
malaria,infectious,benzene,0.5628860629142117
malaria,infectious,butane,0.06526396752214338
malaria,infectious,carbon_disulfide,0.008778448649478632
malaria,infectious,crotonaldehyde,0.08783542777540693
malaria,infectious,cyclohexane,0.06301669799789197
malaria,infectious,decanal,0.11413183135750131
malaria,infectious,dimethyl_amine,0.02795845168908729
malaria,infectious,dimethyl_disulfide,3.981280461735194e-05
malaria,infectious,dms,0.005153966517019903
malaria,infectious,dmts,0.00741550681117983
malaria,infectious,dodecane,0.05237710826644863
malaria,infectious,ethane,0.11109728023441195
malaria,infectious,ethanol,0.000880023022626491
malaria,infectious,ethyl_acetate,0.010401986559901604
malaria,infectious,ethylbenzene,-0.059579200407379365
malaria,infectious,formaldehyde,-0.009955933154756604
malaria,infectious,furan,0.020167433001135607
malaria,infectious,heptanal,0.14469476137967469
malaria,infectious,hexanal,0.017353685270195856
malaria,infectious,hexane,0.09802294777504747
malaria,infectious,hydrogen_sulfide,-0.0016024880247879397
malaria,infectious,indole,0.005153966517019584
malaria,infectious,isoprene,-0.06605409669161855
malaria,infectious,isopropanol,0.10249319707092479
malaria,infectious,limonene,0.04662437765277937
malaria,infectious,methanol,-0.009955933154756604
malaria,infectious,methyl_acetate,-0.16584720578802575
malaria,infectious,methyl_mercaptan,-0.0016024880247879397
malaria,infectious,nonanal,-0.1425393652789549
malaria,infectious,octanal,0.053946432097378434
malaria,infectious,octane,0.19117646406141697
malaria,infectious,pentane,3.9267281558980702
malaria,infectious,phenol,0.13986195848749378
malaria,infectious,propanol,-0.015371093020478363
malaria,infectious,propionaldehyde,0.09806167777540706
malaria,infectious,pyrrole,-0.007303442714802512
malaria,infectious,styrene,-0.003563504842969559
malaria,infectious,toluene,-0.002335569691131557
malaria,infectious,trimethylamine,-0.0013971284452868643
malaria,infectious,undecane,0.07059780751108796
malaria,infectious,xylene,0.005153966517019584
mesothelioma,cancer,2_butanone,0.6154913832462209
mesothelioma,cancer,2_pentanone,-0.4819132973136886
mesothelioma,cancer,3_methylbutanal,0.014153721569161063
mesothelioma,cancer,acetaldehyde,0.4453573812695372
mesothelioma,cancer,acetone,0.330114148375813
mesothelioma,cancer,acetonitrile,-0.42503412803449997
mesothelioma,cancer,allyl_methyl_sulfide,-0.43490342682215893
mesothelioma,cancer,ammonia,0.10407014226520354
mesothelioma,cancer,benzaldehyde,-0.0068426543821201
mesothelioma,cancer,benzene,0.15868675044413477
mesothelioma,cancer,butane,0.29750882357738123
mesothelioma,cancer,carbon_disulfide,0.022823966488644563
mesothelioma,cancer,crotonaldehyde,0.002631491007686332
mesothelioma,cancer,cyclohexane,0.017417914794519342
mesothelioma,cancer,decanal,-0.002580214827506005
mesothelioma,cancer,dimethyl_amine,-0.009366321062918586
mesothelioma,cancer,dimethyl_disulfide,0.00010351329200491581
mesothelioma,cancer,dms,0.013446960918225297
mesothelioma,cancer,dmts,0.019280317709067088
mesothelioma,cancer,dodecane,-0.0004833185072335221
mesothelioma,cancer,ethane,0.006708057401098634
mesothelioma,cancer,ethanol,0.8960764831045231
mesothelioma,cancer,ethyl_acetate,0.027045165055744034
mesothelioma,cancer,ethylbenzene,-0.12074954100841716
mesothelioma,cancer,formaldehyde,-0.02588542620236717
mesothelioma,cancer,furan,0.1701643831710118
mesothelioma,cancer,heptanal,0.40690133953591434
mesothelioma,cancer,hexanal,2.24547886401223
mesothelioma,cancer,hexane,0.32292217775476195
mesothelioma,cancer,hydrogen_sulfide,-0.004161938961984116
mesothelioma,cancer,indole,0.013446960918225614
mesothelioma,cancer,isoprene,-0.07642489056930739
mesothelioma,cancer,isopropanol,0.08231778876594291
mesothelioma,cancer,limonene,-0.0030891181027738347
mesothelioma,cancer,methanol,-0.025885426202367008
mesothelioma,cancer,methyl_acetate,-0.43120273504886686
mesothelioma,cancer,methyl_mercaptan,-0.004161938961984116
mesothelioma,cancer,nonanal,0.5282733295321644
mesothelioma,cancer,octanal,0.4578836402729057
mesothelioma,cancer,octane,0.3551190212637258
mesothelioma,cancer,pentane,2.593231837499445
mesothelioma,cancer,phenol,0.27944005743772243
mesothelioma,cancer,propanol,-0.037873187538160935
mesothelioma,cancer,propionaldehyde,0.31834274902749504
mesothelioma,cancer,pyrrole,-0.01898895105848673
mesothelioma,cancer,styrene,0.09901262626361969
mesothelioma,cancer,toluene,-0.006072481196941563
mesothelioma,cancer,trimethylamine,-0.003629091148007798
mesothelioma,cancer,undecane,0.037128799528828575
mesothelioma,cancer,xylene,0.013446960918225297
migraine,neurological,2_butanone,0.037171784280570774
migraine,neurological,2_pentanone,-0.1482134831642181
migraine,neurological,3_methylbutanal,0.001439405007699143
migraine,neurological,acetaldehyde,0.0035388886846442424
migraine,neurological,acetone,0.3627779793789252
migraine,neurological,acetonitrile,-0.14179615694676684
migraine,neurological,allyl_methyl_sulfide,-0.14559204109586646
migraine,neurological,ammonia,0.046194113501003574
migraine,neurological,benzaldehyde,-0.0036775492351255766
migraine,neurological,benzene,0.04635951844379424
migraine,neurological,butane,0.038166379136679134
migraine,neurological,carbon_disulfide,0.01559061026401465
migraine,neurological,crotonaldehyde,0.04416027354056919
migraine,neurological,cyclohexane,0.032905438909735504
migraine,neurological,decanal,0.05714796031307215
migraine,neurological,dimethyl_amine,-0.007737307399069048
migraine,neurological,dimethyl_disulfide,0.008218163435961098
migraine,neurological,dms,0.005496411471059166
migraine,neurological,dmts,0.015593857442523326
migraine,neurological,dodecane,0.025569738195100118
migraine,neurological,ethane,0.5088396043097527
migraine,neurological,ethanol,0.0005867416556261358
migraine,neurological,ethyl_acetate,0.010722416488552922
migraine,neurological,ethylbenzene,-0.059579200407379365
migraine,neurological,formaldehyde,0.025564646539149898
migraine,neurological,furan,0.005778608605654981
migraine,neurological,heptanal,0.08656376137967477
migraine,neurological,hexanal,2.9009380297986245
migraine,neurological,hexane,0.04676159228182553
migraine,neurological,hydrogen_sulfide,0.00097536537023319
migraine,neurological,indole,0.012917348817088739
migraine,neurological,isoprene,-0.12490381391572769
migraine,neurological,isopropanol,0.0517881847775151
migraine,neurological,limonene,0.006990228284123086
migraine,neurological,methanol,0.010939646539149887
migraine,neurological,methyl_acetate,-0.14280250908933081
migraine,neurological,methyl_mercaptan,0.0009753653702328698
migraine,neurological,nonanal,0.4913088645088812
migraine,neurological,octanal,0.31779751619206864
migraine,neurological,octane,0.15726671406141696
migraine,neurological,pentane,3.7392211358615635
migraine,neurological,phenol,0.10747694516835488
migraine,neurological,propanol,0.1473621801156634
migraine,neurological,propionaldehyde,0.04954227354056917
migraine,neurological,pyrrole,-0.008349201802958986
migraine,neurological,styrene,0.003248656771566374
migraine,neurological,toluene,0.004476591923404524
migraine,neurological,trimethylamine,0.0011126774052173413
migraine,neurological,undecane,0.041852737439739315
migraine,neurological,xylene,0.005496411471059485
multiple_sclerosis,neurological,2_butanone,0.030691141056635153
multiple_sclerosis,neurological,2_pentanone,0.022888647641658818
multiple_sclerosis,neurological,3_methylbutanal,0.001439405007699143
multiple_sclerosis,neurological,acetaldehyde,-0.007737307399069209
multiple_sclerosis,neurological,acetone,0.3101702598996117
multiple_sclerosis,neurological,acetonitrile,-0.1404193974568367
multiple_sclerosis,neurological,allyl_methyl_sulfide,-0.14421528160593636
multiple_sclerosis,neurological,ammonia,0.047575201303183774
multiple_sclerosis,neurological,benzaldehyde,-0.0036775492351255766
multiple_sclerosis,neurological,benzene,-0.0779487202743118
multiple_sclerosis,neurological,butane,0.0729423791366793
multiple_sclerosis,neurological,carbon_disulfide,0.01559061026401465
multiple_sclerosis,neurological,crotonaldehyde,0.09563758938994292
multiple_sclerosis,neurological,cyclohexane,0.06271343890973566
multiple_sclerosis,neurological,decanal,0.12352927616244586
multiple_sclerosis,neurological,dimethyl_amine,-0.007737307399069048
multiple_sclerosis,neurological,dimethyl_disulfide,0.008218163435961098
multiple_sclerosis,neurological,dms,0.005496411471059166
multiple_sclerosis,neurological,dmts,0.015593857442523326
multiple_sclerosis,neurological,dodecane,0.053390538195100076
multiple_sclerosis,neurological,ethane,0.6093124134137707
multiple_sclerosis,neurological,ethanol,0.0005867416556261358
multiple_sclerosis,neurological,ethyl_acetate,0.010722416488552922
multiple_sclerosis,neurological,ethylbenzene,-0.059579200407379365
multiple_sclerosis,neurological,formaldehyde,0.012316406029080343
multiple_sclerosis,neurological,furan,0.013345362632132811
multiple_sclerosis,neurological,heptanal,0.1461797613796747
multiple_sclerosis,neurological,hexanal,4.580718597952179
multiple_sclerosis,neurological,hexane,0.10582510938958319
multiple_sclerosis,neurological,hydrogen_sulfide,0.00097536537023319
multiple_sclerosis,neurological,indole,0.005496411471059485
multiple_sclerosis,neurological,isoprene,-0.14447784669161873
multiple_sclerosis,neurological,isopropanol,0.05078124276705493
multiple_sclerosis,neurological,limonene,0.006990228284123086
multiple_sclerosis,neurological,methanol,0.012316406029080343
multiple_sclerosis,neurological,methyl_acetate,-0.14142574959940055
multiple_sclerosis,neurological,methyl_mercaptan,0.0009753653702328698
multiple_sclerosis,neurological,nonanal,0.6492828645088813
multiple_sclerosis,neurological,octanal,0.3386895065514051
multiple_sclerosis,neurological,octane,0.22611018031104008
multiple_sclerosis,neurological,pentane,4.839427754358179
multiple_sclerosis,neurological,phenol,-0.011265006544239831
multiple_sclerosis,neurological,propanol,0.18284022130875102
multiple_sclerosis,neurological,propionaldehyde,0.10598758938994275
multiple_sclerosis,neurological,pyrrole,-0.008349201802958986
multiple_sclerosis,neurological,styrene,0.003248656771566374
multiple_sclerosis,neurological,toluene,0.004476591923404524
multiple_sclerosis,neurological,trimethylamine,0.0011126774052173413
multiple_sclerosis,neurological,undecane,0.07166073743973932
multiple_sclerosis,neurological,xylene,0.005496411471059485
myasthenia,inflammatory,2_butanone,0.03881808441729274
myasthenia,inflammatory,2_pentanone,-0.1482134831642181
myasthenia,inflammatory,3_methylbutanal,0.3016592141775755
myasthenia,inflammatory,acetaldehyde,0.007379737570423142
myasthenia,inflammatory,acetone,0.0857769171159053
myasthenia,inflammatory,acetonitrile,-0.16347466462865382
myasthenia,inflammatory,allyl_methyl_sulfide,-0.16727054877775338
myasthenia,inflammatory,ammonia,0.10467405378258367
myasthenia,inflammatory,benzaldehyde,-0.002631790146969322
myasthenia,inflammatory,benzene,0.04635951844379424
myasthenia,inflammatory,butane,0.03337021752214339
myasthenia,inflammatory,carbon_disulfide,0.008778448649478632
myasthenia,inflammatory,crotonaldehyde,0.03965211192603325
myasthenia,inflammatory,cyclohexane,0.03567919799789199
myasthenia,inflammatory,decanal,0.05213760968172836
myasthenia,inflammatory,dimethyl_amine,0.013844815325450751
myasthenia,inflammatory,dimethyl_disulfide,3.981280461735194e-05
myasthenia,inflammatory,dms,0.005153966517019903
myasthenia,inflammatory,dmts,0.00741550681117983
myasthenia,inflammatory,dodecane,0.026862108266448692
myasthenia,inflammatory,ethane,0.06554521438503799
myasthenia,inflammatory,ethanol,0.015232808394657906
myasthenia,inflammatory,ethyl_acetate,0.03056198655990155
myasthenia,inflammatory,ethylbenzene,-0.059579200407379365
myasthenia,inflammatory,formaldehyde,-0.009955933154756604
myasthenia,inflammatory,furan,0.009786560018108995
myasthenia,inflammatory,heptanal,0.09001976137967488
myasthenia,inflammatory,hexanal,2.242740387645266
myasthenia,inflammatory,hexane,0.04225343066728997
myasthenia,inflammatory,hydrogen_sulfide,0.4591902729182341
myasthenia,inflammatory,indole,0.012989501023377772
myasthenia,inflammatory,isoprene,-0.030016761792365097
myasthenia,inflammatory,isopropanol,0.05614180086574822
myasthenia,inflammatory,limonene,-0.0011881223472207279
myasthenia,inflammatory,methanol,0.0044440668452434785
myasthenia,inflammatory,methyl_acetate,-0.16584720578802575
myasthenia,inflammatory,methyl_mercaptan,-0.0016024880247879397
myasthenia,inflammatory,nonanal,0.10721375972104494
myasthenia,inflammatory,octanal,0.3255303371593836
myasthenia,inflammatory,octane,0.1592827140614168
myasthenia,inflammatory,pentane,2.888747623117595
myasthenia,inflammatory,phenol,0.10747694516835488
myasthenia,inflammatory,propanol,-0.005093381986556415
myasthenia,inflammatory,propionaldehyde,0.04532211192603325
myasthenia,inflammatory,pyrrole,-0.007303442714802512
myasthenia,inflammatory,styrene,-0.003563504842969559
myasthenia,inflammatory,toluene,-0.002335569691131557
myasthenia,inflammatory,trimethylamine,0.00900414199512099
myasthenia,inflammatory,undecane,0.04326030751108798
myasthenia,inflammatory,xylene,0.005153966517019584
nafld,metabolic,2_butanone,2.386436228623214
nafld,metabolic,2_pentanone,0.38992027188848766
nafld,metabolic,3_methylbutanal,0.001118975079048052
nafld,metabolic,acetaldehyde,-0.006691548310912755
nafld,metabolic,acetone,2.1250032619483217
nafld,metabolic,acetonitrile,-0.16347466462865382
nafld,metabolic,allyl_methyl_sulfide,-0.16727054877775338
nafld,metabolic,ammonia,1.7074514974952415
nafld,metabolic,benzaldehyde,-0.002631790146969322
nafld,metabolic,benzene,0.04635951844379424
nafld,metabolic,butane,-0.006319782477856551
nafld,metabolic,carbon_disulfide,0.008778448649478632
nafld,metabolic,crotonaldehyde,-0.0057078880739668
nafld,metabolic,cyclohexane,0.0016591979978921513
nafld,metabolic,decanal,-0.01009023449187237
nafld,metabolic,dimethyl_amine,-0.006691548310912594
nafld,metabolic,dimethyl_disulfide,3.981280461735194e-05
nafld,metabolic,dms,0.0034380226791812804
nafld,metabolic,dmts,0.00741550681117983
nafld,metabolic,dodecane,-0.004889891733551362
nafld,metabolic,ethane,0.007327714385037994
nafld,metabolic,ethanol,0.0005867416556261358
nafld,metabolic,ethyl_acetate,0.010401986559901604
nafld,metabolic,ethylbenzene,-0.059579200407379365
nafld,metabolic,formaldehyde,-0.009955933154756604
nafld,metabolic,furan,-0.002004207632979448
nafld,metabolic,heptanal,0.02197976137967472
nafld,metabolic,hexanal,0.03349762106117132
nafld,metabolic,hexane,-0.003106569332710392
nafld,metabolic,hydrogen_sulfide,-0.001068127549935545
nafld,metabolic,indole,0.0034380226791812804
nafld,metabolic,isoprene,-0.01994162275322662
nafld,metabolic,isopropanol,0.5603491994046432
nafld,metabolic,limonene,-0.0011881223472207279
nafld,metabolic,methanol,-0.009955933154756604
nafld,metabolic,methyl_acetate,-0.16584720578802575
nafld,metabolic,methyl_mercaptan,-0.001068127549935545
nafld,metabolic,nonanal,0.024519384721044857
nafld,metabolic,octanal,-0.002086920461018561
nafld,metabolic,octane,0.11959271406141694
nafld,metabolic,pentane,0.06306928295967204
nafld,metabolic,phenol,0.12744402816347547
nafld,metabolic,propanol,-0.010229177170484305
nafld,metabolic,propionaldehyde,-0.0057078880739668
nafld,metabolic,pyrrole,-0.007303442714802512
nafld,metabolic,styrene,-0.003563504842969559
nafld,metabolic,toluene,-0.002335569691131557
nafld,metabolic,trimethylamine,0.20136056321216642
nafld,metabolic,undecane,0.00924030751108797
nafld,metabolic,xylene,0.0034380226791812804
neuroblastoma,cancer,2_butanone,0.9425039758076013
neuroblastoma,cancer,2_pentanone,-0.4819132973136886
neuroblastoma,cancer,3_methylbutanal,0.014153721569161063
neuroblastoma,cancer,acetaldehyde,1.089068482993239
neuroblastoma,cancer,acetone,0.330114148375813
neuroblastoma,cancer,acetonitrile,-0.42503412803449997
neuroblastoma,cancer,allyl_methyl_sulfide,-0.43490342682215893
neuroblastoma,cancer,ammonia,0.10407014226520354
neuroblastoma,cancer,benzaldehyde,-0.0068426543821201
neuroblastoma,cancer,benzene,0.15868675044413477
neuroblastoma,cancer,butane,0.29750882357738123
neuroblastoma,cancer,carbon_disulfide,0.022823966488644563
neuroblastoma,cancer,crotonaldehyde,0.002631491007686332
neuroblastoma,cancer,cyclohexane,0.017417914794519342
neuroblastoma,cancer,decanal,-0.002580214827506005
neuroblastoma,cancer,dimethyl_amine,-0.009366321062918586
neuroblastoma,cancer,dimethyl_disulfide,0.00010351329200491581
neuroblastoma,cancer,dms,0.013446960918225297
neuroblastoma,cancer,dmts,0.019280317709067088
neuroblastoma,cancer,dodecane,-0.0004833185072335221
neuroblastoma,cancer,ethane,0.006708057401098634
neuroblastoma,cancer,ethanol,1.8152129969763533
neuroblastoma,cancer,ethyl_acetate,0.027045165055744034
neuroblastoma,cancer,ethylbenzene,-0.12074954100841716
neuroblastoma,cancer,formaldehyde,-0.02588542620236717
neuroblastoma,cancer,furan,0.1701643831710118
neuroblastoma,cancer,heptanal,0.40690133953591434
neuroblastoma,cancer,hexanal,2.431604523477035
neuroblastoma,cancer,hexane,0.32292217775476195
neuroblastoma,cancer,hydrogen_sulfide,-0.004161938961984116
neuroblastoma,cancer,indole,0.013446960918225614
neuroblastoma,cancer,isoprene,-0.07642489056930739
neuroblastoma,cancer,isopropanol,0.08231778876594291
neuroblastoma,cancer,limonene,-0.0030891181027738347
neuroblastoma,cancer,methanol,-0.025885426202367008
neuroblastoma,cancer,methyl_acetate,-0.43120273504886686
neuroblastoma,cancer,methyl_mercaptan,-0.004161938961984116
neuroblastoma,cancer,nonanal,0.5282733295321644
neuroblastoma,cancer,octanal,0.4578836402729057
neuroblastoma,cancer,octane,0.3551190212637258
neuroblastoma,cancer,pentane,2.787520987371465
neuroblastoma,cancer,phenol,0.27944005743772243
neuroblastoma,cancer,propanol,-0.037873187538160935
neuroblastoma,cancer,propionaldehyde,0.31834274902749504
neuroblastoma,cancer,pyrrole,-0.01898895105848673
neuroblastoma,cancer,styrene,0.09901262626361969
neuroblastoma,cancer,toluene,-0.006072481196941563
neuroblastoma,cancer,trimethylamine,-0.003629091148007798
neuroblastoma,cancer,undecane,0.037128799528828575
neuroblastoma,cancer,xylene,0.013446960918225297
obesity,metabolic,2_butanone,2.370351643732926
obesity,metabolic,2_pentanone,0.38992027188848766
obesity,metabolic,3_methylbutanal,0.001118975079048052
obesity,metabolic,acetaldehyde,-0.006691548310912755
obesity,metabolic,acetone,2.108160375595254
obesity,metabolic,acetonitrile,-0.16347466462865382
obesity,metabolic,allyl_methyl_sulfide,-0.16727054877775338
obesity,metabolic,ammonia,1.7074514974952415
obesity,metabolic,benzaldehyde,-0.002631790146969322
obesity,metabolic,benzene,0.04635951844379424
obesity,metabolic,butane,-0.006319782477856551
obesity,metabolic,carbon_disulfide,0.008778448649478632
obesity,metabolic,crotonaldehyde,-0.0057078880739668
obesity,metabolic,cyclohexane,0.0016591979978921513
obesity,metabolic,decanal,-0.01009023449187237
obesity,metabolic,dimethyl_amine,-0.006691548310912594
obesity,metabolic,dimethyl_disulfide,3.981280461735194e-05
obesity,metabolic,dms,0.0034380226791812804
obesity,metabolic,dmts,0.00741550681117983
obesity,metabolic,dodecane,-0.004889891733551362
obesity,metabolic,ethane,0.007327714385037994
obesity,metabolic,ethanol,0.0005867416556261358
obesity,metabolic,ethyl_acetate,0.010401986559901604
obesity,metabolic,ethylbenzene,-0.059579200407379365
obesity,metabolic,formaldehyde,-0.009955933154756604
obesity,metabolic,furan,-0.002004207632979448
obesity,metabolic,heptanal,0.02197976137967472
obesity,metabolic,hexanal,0.03349762106117132
obesity,metabolic,hexane,-0.003106569332710392
obesity,metabolic,hydrogen_sulfide,-0.001068127549935545
obesity,metabolic,indole,0.0034380226791812804
obesity,metabolic,isoprene,-0.01994162275322662
obesity,metabolic,isopropanol,0.5603491994046432
obesity,metabolic,limonene,-0.0011881223472207279
obesity,metabolic,methanol,-0.009955933154756604
obesity,metabolic,methyl_acetate,-0.16584720578802575
obesity,metabolic,methyl_mercaptan,-0.001068127549935545
obesity,metabolic,nonanal,0.024519384721044857
obesity,metabolic,octanal,-0.002086920461018561
obesity,metabolic,octane,0.11959271406141694
obesity,metabolic,pentane,0.06306928295967204
obesity,metabolic,phenol,0.12744402816347547
obesity,metabolic,propanol,-0.010229177170484305
obesity,metabolic,propionaldehyde,-0.0057078880739668
obesity,metabolic,pyrrole,-0.007303442714802512
obesity,metabolic,styrene,-0.003563504842969559
obesity,metabolic,toluene,-0.002335569691131557
obesity,metabolic,trimethylamine,0.20136056321216642
obesity,metabolic,undecane,0.00924030751108797
obesity,metabolic,xylene,0.0034380226791812804
opioid_use,unspecified,2_butanone,0.10580077710244654
opioid_use,unspecified,2_pentanone,-0.38535505622696714
opioid_use,unspecified,3_methylbutanal,0.005136607932797258
opioid_use,unspecified,acetaldehyde,-0.009903358941706419
opioid_use,unspecified,acetone,0.28689024298271204
opioid_use,unspecified,acetonitrile,-0.42503412803449997
opioid_use,unspecified,allyl_methyl_sulfide,-0.43490342682215893
opioid_use,unspecified,ammonia,0.10155652453452596
opioid_use,unspecified,benzaldehyde,-0.0068426543821201
opioid_use,unspecified,benzene,0.12053474795386482
opioid_use,unspecified,butane,-0.009669434442427105
opioid_use,unspecified,carbon_disulfide,0.022823966488644563
opioid_use,unspecified,crotonaldehyde,-0.007112508992313598
opioid_use,unspecified,cyclohexane,0.010109914794519295
opioid_use,unspecified,decanal,-0.015978214827506134
opioid_use,unspecified,dimethyl_amine,-0.015807116517464023
opioid_use,unspecified,dimethyl_disulfide,0.00010351329200491581
opioid_use,unspecified,dms,0.013446960918225297
opioid_use,unspecified,dmts,0.019280317709067088
opioid_use,unspecified,dodecane,-0.007304118507233482
opioid_use,unspecified,ethane,-0.0042539425989014
opioid_use,unspecified,ethanol,0.005249858551974376
opioid_use,unspecified,ethyl_acetate,0.027045165055744034
opioid_use,unspecified,ethylbenzene,-0.15490592105918605
opioid_use,unspecified,formaldehyde,-0.02588542620236717
opioid_use,unspecified,furan,-0.005642066576427045
opioid_use,unspecified,heptanal,0.06873937958715444
opioid_use,unspecified,hexanal,1.1716855800476829
opioid_use,unspecified,hexane,-0.0003490802650465204
opioid_use,unspecified,hydrogen_sulfide,-0.004161938961984116
opioid_use,unspecified,indole,0.013446960918225614
opioid_use,unspecified,isoprene,-0.07642489056930739
opioid_use,unspecified,isopropanol,0.0824228677712776
opioid_use,unspecified,limonene,-0.0030891181027738347
opioid_use,unspecified,methanol,-0.025885426202367008
opioid_use,unspecified,methyl_acetate,-0.43120273504886686
opioid_use,unspecified,methyl_mercaptan,-0.004161938961984116
opioid_use,unspecified,nonanal,0.07630840027471689
opioid_use,unspecified,octanal,0.13926413964270243
opioid_use,unspecified,octane,0.317703056559684
opioid_use,unspecified,pentane,1.8221909143014912
opioid_use,unspecified,phenol,0.27944005743772243
opioid_use,unspecified,propanol,-0.039544300824638765
opioid_use,unspecified,propionaldehyde,-0.006146508992313526
opioid_use,unspecified,pyrrole,-0.01898895105848673
opioid_use,unspecified,styrene,-0.009265112591720479
opioid_use,unspecified,toluene,-0.006072481196941563
opioid_use,unspecified,trimethylamine,-0.003629091148007798
opioid_use,unspecified,undecane,0.029820799528828507
opioid_use,unspecified,xylene,0.013446960918225297
osteoarthritis,unspecified,2_butanone,0.10580077710244654
osteoarthritis,unspecified,2_pentanone,-0.38535505622696714
osteoarthritis,unspecified,3_methylbutanal,0.005136607932797258
osteoarthritis,unspecified,acetaldehyde,-0.009903358941706419
osteoarthritis,unspecified,acetone,0.28689024298271204
osteoarthritis,unspecified,acetonitrile,-0.42503412803449997
osteoarthritis,unspecified,allyl_methyl_sulfide,-0.43490342682215893
osteoarthritis,unspecified,ammonia,0.10155652453452596
osteoarthritis,unspecified,benzaldehyde,-0.0068426543821201
osteoarthritis,unspecified,benzene,0.12053474795386482
osteoarthritis,unspecified,butane,-0.009669434442427105
osteoarthritis,unspecified,carbon_disulfide,0.022823966488644563
osteoarthritis,unspecified,crotonaldehyde,-0.007112508992313598
osteoarthritis,unspecified,cyclohexane,0.010109914794519295
osteoarthritis,unspecified,decanal,-0.015978214827506134
osteoarthritis,unspecified,dimethyl_amine,-0.015807116517464023
osteoarthritis,unspecified,dimethyl_disulfide,0.00010351329200491581
osteoarthritis,unspecified,dms,0.013446960918225297
osteoarthritis,unspecified,dmts,0.019280317709067088
osteoarthritis,unspecified,dodecane,-0.007304118507233482
osteoarthritis,unspecified,ethane,-0.0042539425989014
osteoarthritis,unspecified,ethanol,0.005249858551974376
osteoarthritis,unspecified,ethyl_acetate,0.027045165055744034
osteoarthritis,unspecified,ethylbenzene,-0.15490592105918605
osteoarthritis,unspecified,formaldehyde,-0.02588542620236717
osteoarthritis,unspecified,furan,-0.005642066576427045
osteoarthritis,unspecified,heptanal,0.06873937958715444
osteoarthritis,unspecified,hexanal,1.3277626277509054
osteoarthritis,unspecified,hexane,-0.0003490802650465204
osteoarthritis,unspecified,hydrogen_sulfide,-0.004161938961984116
osteoarthritis,unspecified,indole,0.013446960918225614
osteoarthritis,unspecified,isoprene,-0.07642489056930739
osteoarthritis,unspecified,isopropanol,0.0824228677712776
osteoarthritis,unspecified,limonene,-0.0030891181027738347
osteoarthritis,unspecified,methanol,-0.025885426202367008
osteoarthritis,unspecified,methyl_acetate,-0.43120273504886686
osteoarthritis,unspecified,methyl_mercaptan,-0.004161938961984116
osteoarthritis,unspecified,nonanal,0.07630840027471689
osteoarthritis,unspecified,octanal,0.13926413964270243
osteoarthritis,unspecified,octane,0.317703056559684
osteoarthritis,unspecified,pentane,1.907900045878432
osteoarthritis,unspecified,phenol,0.27944005743772243
osteoarthritis,unspecified,propanol,-0.039544300824638765
osteoarthritis,unspecified,propionaldehyde,-0.006146508992313526
osteoarthritis,unspecified,pyrrole,-0.01898895105848673
osteoarthritis,unspecified,styrene,-0.009265112591720479
osteoarthritis,unspecified,toluene,-0.006072481196941563
osteoarthritis,unspecified,trimethylamine,-0.003629091148007798
osteoarthritis,unspecified,undecane,0.029820799528828507
osteoarthritis,unspecified,xylene,0.013446960918225297
osteoporosis,unspecified,2_butanone,0.10580077710244654
osteoporosis,unspecified,2_pentanone,-0.38535505622696714
osteoporosis,unspecified,3_methylbutanal,0.005136607932797258
osteoporosis,unspecified,acetaldehyde,-0.009903358941706419
osteoporosis,unspecified,acetone,0.28689024298271204
osteoporosis,unspecified,acetonitrile,-0.42503412803449997
osteoporosis,unspecified,allyl_methyl_sulfide,-0.43490342682215893
osteoporosis,unspecified,ammonia,0.10155652453452596
osteoporosis,unspecified,benzaldehyde,-0.0068426543821201
osteoporosis,unspecified,benzene,0.12053474795386482
osteoporosis,unspecified,butane,-0.009669434442427105
osteoporosis,unspecified,carbon_disulfide,0.022823966488644563
osteoporosis,unspecified,crotonaldehyde,-0.007112508992313598
osteoporosis,unspecified,cyclohexane,0.010109914794519295
osteoporosis,unspecified,decanal,-0.015978214827506134
osteoporosis,unspecified,dimethyl_amine,-0.015807116517464023
osteoporosis,unspecified,dimethyl_disulfide,0.00010351329200491581
osteoporosis,unspecified,dms,0.013446960918225297
osteoporosis,unspecified,dmts,0.019280317709067088
osteoporosis,unspecified,dodecane,-0.007304118507233482
osteoporosis,unspecified,ethane,-0.0042539425989014
osteoporosis,unspecified,ethanol,0.005249858551974376
osteoporosis,unspecified,ethyl_acetate,0.027045165055744034
osteoporosis,unspecified,ethylbenzene,-0.15490592105918605
osteoporosis,unspecified,formaldehyde,-0.02588542620236717
osteoporosis,unspecified,furan,-0.005642066576427045
osteoporosis,unspecified,heptanal,0.06873937958715444
osteoporosis,unspecified,hexanal,1.1716855800476829
osteoporosis,unspecified,hexane,-0.0003490802650465204
osteoporosis,unspecified,hydrogen_sulfide,-0.004161938961984116
osteoporosis,unspecified,indole,0.013446960918225614
osteoporosis,unspecified,isoprene,-0.07642489056930739
osteoporosis,unspecified,isopropanol,0.0824228677712776
osteoporosis,unspecified,limonene,-0.0030891181027738347
osteoporosis,unspecified,methanol,-0.025885426202367008
osteoporosis,unspecified,methyl_acetate,-0.43120273504886686
osteoporosis,unspecified,methyl_mercaptan,-0.004161938961984116
osteoporosis,unspecified,nonanal,0.07630840027471689
osteoporosis,unspecified,octanal,0.13926413964270243
osteoporosis,unspecified,octane,0.317703056559684
osteoporosis,unspecified,pentane,1.8221909143014912
osteoporosis,unspecified,phenol,0.27944005743772243
osteoporosis,unspecified,propanol,-0.039544300824638765
osteoporosis,unspecified,propionaldehyde,-0.006146508992313526
osteoporosis,unspecified,pyrrole,-0.01898895105848673
osteoporosis,unspecified,styrene,-0.009265112591720479
osteoporosis,unspecified,toluene,-0.006072481196941563
osteoporosis,unspecified,trimethylamine,-0.003629091148007798
osteoporosis,unspecified,undecane,0.029820799528828507
osteoporosis,unspecified,xylene,0.013446960918225297
ovarian_cancer,cancer,2_butanone,0.4026806397264259
ovarian_cancer,cancer,2_pentanone,-0.4819132973136886
ovarian_cancer,cancer,3_methylbutanal,0.006807062478251724
ovarian_cancer,cancer,acetaldehyde,0.36970096986988576
ovarian_cancer,cancer,acetone,0.30372341186115787
ovarian_cancer,cancer,acetonitrile,-0.42503412803449997
ovarian_cancer,cancer,allyl_methyl_sulfide,-0.43490342682215893
ovarian_cancer,cancer,ammonia,0.10202183477061866
ovarian_cancer,cancer,benzaldehyde,-0.0068426543821201
ovarian_cancer,cancer,benzene,0.15868675044413477
ovarian_cancer,cancer,butane,0.2998020235773813
ovarian_cancer,cancer,carbon_disulfide,0.022823966488644563
ovarian_cancer,cancer,crotonaldehyde,0.005252291007686319
ovarian_cancer,cancer,cyclohexane,0.019383514794519337
ovarian_cancer,cancer,decanal,0.5076749506277617
ovarian_cancer,cancer,dimethyl_amine,-0.014613934699282197
ovarian_cancer,cancer,dimethyl_disulfide,0.00010351329200491581
ovarian_cancer,cancer,dms,0.013446960918225297
ovarian_cancer,cancer,dmts,0.019280317709067088
ovarian_cancer,cancer,dodecane,0.0013512414927665823
ovarian_cancer,cancer,ethane,0.009656457401098762
ovarian_cancer,cancer,ethanol,0.31667563622650885
ovarian_cancer,cancer,ethyl_acetate,0.027045165055744034
ovarian_cancer,cancer,ethylbenzene,-0.12074954100841716
ovarian_cancer,cancer,formaldehyde,-0.02588542620236717
ovarian_cancer,cancer,furan,0.1708748830981125
ovarian_cancer,cancer,heptanal,0.3812464630604155
ovarian_cancer,cancer,hexanal,2.640117926806365
ovarian_cancer,cancer,hexane,0.3255429777547619
ovarian_cancer,cancer,hydrogen_sulfide,-0.004161938961984116
ovarian_cancer,cancer,indole,0.013446960918225614
ovarian_cancer,cancer,isoprene,-0.07359814638003276
ovarian_cancer,cancer,isopropanol,0.08231778876594291
ovarian_cancer,cancer,limonene,-0.0030891181027738347
ovarian_cancer,cancer,methanol,-0.025885426202367008
ovarian_cancer,cancer,methyl_acetate,-0.43120273504886686
ovarian_cancer,cancer,methyl_mercaptan,-0.004161938961984116
ovarian_cancer,cancer,nonanal,0.6323797274795047
ovarian_cancer,cancer,octanal,0.3992891994281782
ovarian_cancer,cancer,octane,0.35741222126372574
ovarian_cancer,cancer,pentane,2.9675146475238314
ovarian_cancer,cancer,phenol,0.27944005743772243
ovarian_cancer,cancer,propanol,-0.037873187538160935
ovarian_cancer,cancer,propionaldehyde,0.32129114902749495
ovarian_cancer,cancer,pyrrole,-0.01898895105848673
ovarian_cancer,cancer,styrene,0.09901262626361969
ovarian_cancer,cancer,toluene,-0.006072481196941563
ovarian_cancer,cancer,trimethylamine,-0.003629091148007798
ovarian_cancer,cancer,undecane,0.03909439952882848
ovarian_cancer,cancer,xylene,0.013446960918225297
pancreatic_adenocarcinoma,cancer,2_butanone,2.8761363416653993
pancreatic_adenocarcinoma,cancer,2_pentanone,-0.4819132973136886
pancreatic_adenocarcinoma,cancer,3_methylbutanal,0.023342335205524492
pancreatic_adenocarcinoma,cancer,acetaldehyde,2.466605320737794
pancreatic_adenocarcinoma,cancer,acetone,1.2802756074267525
pancreatic_adenocarcinoma,cancer,acetonitrile,-0.42503412803449997
pancreatic_adenocarcinoma,cancer,allyl_methyl_sulfide,-0.43490342682215893
pancreatic_adenocarcinoma,cancer,ammonia,0.5624714834825744
pancreatic_adenocarcinoma,cancer,benzaldehyde,-0.0068426543821201
pancreatic_adenocarcinoma,cancer,benzene,0.15868675044413477
pancreatic_adenocarcinoma,cancer,butane,0.29750882357738123
pancreatic_adenocarcinoma,cancer,carbon_disulfide,0.022823966488644563
pancreatic_adenocarcinoma,cancer,crotonaldehyde,0.002631491007686332
pancreatic_adenocarcinoma,cancer,cyclohexane,0.017417914794519342
pancreatic_adenocarcinoma,cancer,decanal,-0.002580214827506005
pancreatic_adenocarcinoma,cancer,dimethyl_amine,-0.0028030256083730674
pancreatic_adenocarcinoma,cancer,dimethyl_disulfide,0.00010351329200491581
pancreatic_adenocarcinoma,cancer,dms,0.013446960918225297
pancreatic_adenocarcinoma,cancer,dmts,0.019280317709067088
pancreatic_adenocarcinoma,cancer,dodecane,-0.0004833185072335221
pancreatic_adenocarcinoma,cancer,ethane,0.006708057401098634
pancreatic_adenocarcinoma,cancer,ethanol,3.93304404599851
pancreatic_adenocarcinoma,cancer,ethyl_acetate,0.027045165055744034
pancreatic_adenocarcinoma,cancer,ethylbenzene,-0.12074954100841716
pancreatic_adenocarcinoma,cancer,formaldehyde,-0.02588542620236717
pancreatic_adenocarcinoma,cancer,furan,0.1701643831710118
pancreatic_adenocarcinoma,cancer,heptanal,0.38065133953591457
pancreatic_adenocarcinoma,cancer,hexanal,3.3936851749929584
pancreatic_adenocarcinoma,cancer,hexane,0.32292217775476195
pancreatic_adenocarcinoma,cancer,hydrogen_sulfide,-0.009265112591720479
pancreatic_adenocarcinoma,cancer,indole,0.2545019043241616
pancreatic_adenocarcinoma,cancer,isoprene,-0.07642489056930739
pancreatic_adenocarcinoma,cancer,isopropanol,0.08231778876594291
pancreatic_adenocarcinoma,cancer,limonene,-0.0030891181027738347
pancreatic_adenocarcinoma,cancer,methanol,-0.025885426202367008
pancreatic_adenocarcinoma,cancer,methyl_acetate,-0.43120273504886686
pancreatic_adenocarcinoma,cancer,methyl_mercaptan,-0.004161938961984116
pancreatic_adenocarcinoma,cancer,nonanal,0.4860883092111888
pancreatic_adenocarcinoma,cancer,octanal,0.39764576454499123
pancreatic_adenocarcinoma,cancer,octane,0.3551190212637258
pancreatic_adenocarcinoma,cancer,pentane,2.707660710336946
pancreatic_adenocarcinoma,cancer,phenol,0.27944005743772243
pancreatic_adenocarcinoma,cancer,propanol,-0.037873187538160935
pancreatic_adenocarcinoma,cancer,propionaldehyde,0.31834274902749504
pancreatic_adenocarcinoma,cancer,pyrrole,-0.01898895105848673
pancreatic_adenocarcinoma,cancer,styrene,0.09901262626361969
pancreatic_adenocarcinoma,cancer,toluene,-0.006072481196941563
pancreatic_adenocarcinoma,cancer,trimethylamine,-0.003629091148007798
pancreatic_adenocarcinoma,cancer,undecane,0.037128799528828575
pancreatic_adenocarcinoma,cancer,xylene,0.013446960918225297
parkinson_disease,neurological,2_butanone,0.3386974922025931
parkinson_disease,neurological,2_pentanone,-0.1482134831642181
parkinson_disease,neurological,3_methylbutanal,0.001439405007699143
parkinson_disease,neurological,acetaldehyde,0.01584901907063535
parkinson_disease,neurological,acetone,0.500243071931649
parkinson_disease,neurological,acetonitrile,-0.14136265975275658
parkinson_disease,neurological,allyl_methyl_sulfide,-0.14515854390185615
parkinson_disease,neurological,ammonia,0.3890662343175472
parkinson_disease,neurological,benzaldehyde,-0.0036775492351255766
parkinson_disease,neurological,benzene,0.04635951844379424
parkinson_disease,neurological,butane,0.038166379136679134
parkinson_disease,neurological,carbon_disulfide,0.01559061026401465
parkinson_disease,neurological,crotonaldehyde,0.04416027354056919
parkinson_disease,neurological,cyclohexane,0.032905438909735504
parkinson_disease,neurological,decanal,0.05714796031307215
parkinson_disease,neurological,dimethyl_amine,-0.007737307399069048
parkinson_disease,neurological,dimethyl_disulfide,0.008218163435961098
parkinson_disease,neurological,dms,0.005496411471059166
parkinson_disease,neurological,dmts,0.015593857442523326
parkinson_disease,neurological,dodecane,0.025569738195100118
parkinson_disease,neurological,ethane,0.4486568424466389
parkinson_disease,neurological,ethanol,0.0005867416556261358
parkinson_disease,neurological,ethyl_acetate,0.010722416488552922
parkinson_disease,neurological,ethylbenzene,0.06762079959262074
parkinson_disease,neurological,formaldehyde,0.056301143733160336
parkinson_disease,neurological,furan,0.005778608605654981
parkinson_disease,neurological,heptanal,0.08656376137967477
parkinson_disease,neurological,hexanal,3.7309833231202973
parkinson_disease,neurological,hexane,0.19272226107234125
parkinson_disease,neurological,hydrogen_sulfide,0.00097536537023319
parkinson_disease,neurological,indole,0.028572638907149145
parkinson_disease,neurological,isoprene,-0.018968755782527626
parkinson_disease,neurological,isopropanol,0.0517881847775151
parkinson_disease,neurological,limonene,0.006990228284123086
parkinson_disease,neurological,methanol,0.011373143733160429
parkinson_disease,neurological,methyl_acetate,-0.14236901189532053
parkinson_disease,neurological,methyl_mercaptan,0.0009753653702328698
parkinson_disease,neurological,nonanal,0.4463088645088814
parkinson_disease,neurological,octanal,0.31779751619206864
parkinson_disease,neurological,octane,0.15726671406141696
parkinson_disease,neurological,pentane,4.507443182502589
parkinson_disease,neurological,phenol,0.10747694516835488
parkinson_disease,neurological,propanol,0.1473621801156634
parkinson_disease,neurological,propionaldehyde,0.04954227354056917
parkinson_disease,neurological,pyrrole,-0.008349201802958986
parkinson_disease,neurological,styrene,0.14920932556208208
parkinson_disease,neurological,toluene,0.004476591923404524
parkinson_disease,neurological,trimethylamine,0.0011126774052173413
parkinson_disease,neurological,undecane,0.041852737439739315
parkinson_disease,neurological,xylene,0.005496411471059485
pcos,unspecified,2_butanone,0.10580077710244654
pcos,unspecified,2_pentanone,-0.38535505622696714
pcos,unspecified,3_methylbutanal,0.005136607932797258
pcos,unspecified,acetaldehyde,-0.009903358941706419
pcos,unspecified,acetone,0.28689024298271204
pcos,unspecified,acetonitrile,-0.42503412803449997
pcos,unspecified,allyl_methyl_sulfide,-0.43490342682215893
pcos,unspecified,ammonia,0.10155652453452596
pcos,unspecified,benzaldehyde,-0.0068426543821201
pcos,unspecified,benzene,0.12053474795386482
pcos,unspecified,butane,-0.009669434442427105
pcos,unspecified,carbon_disulfide,0.022823966488644563
pcos,unspecified,crotonaldehyde,-0.007112508992313598
pcos,unspecified,cyclohexane,0.010109914794519295
pcos,unspecified,decanal,-0.015978214827506134
pcos,unspecified,dimethyl_amine,-0.015807116517464023
pcos,unspecified,dimethyl_disulfide,0.00010351329200491581
pcos,unspecified,dms,0.013446960918225297
pcos,unspecified,dmts,0.019280317709067088
pcos,unspecified,dodecane,-0.007304118507233482
pcos,unspecified,ethane,-0.0042539425989014
pcos,unspecified,ethanol,0.005249858551974376
pcos,unspecified,ethyl_acetate,0.027045165055744034
pcos,unspecified,ethylbenzene,-0.15490592105918605
pcos,unspecified,formaldehyde,-0.02588542620236717
pcos,unspecified,furan,-0.005642066576427045
pcos,unspecified,heptanal,0.06873937958715444
pcos,unspecified,hexanal,1.1716855800476829
pcos,unspecified,hexane,-0.0003490802650465204
pcos,unspecified,hydrogen_sulfide,-0.004161938961984116
pcos,unspecified,indole,0.013446960918225614
pcos,unspecified,isoprene,-0.07642489056930739
pcos,unspecified,isopropanol,0.0824228677712776
pcos,unspecified,limonene,-0.0030891181027738347
pcos,unspecified,methanol,-0.025885426202367008
pcos,unspecified,methyl_acetate,-0.43120273504886686
pcos,unspecified,methyl_mercaptan,-0.004161938961984116
pcos,unspecified,nonanal,0.07630840027471689
pcos,unspecified,octanal,0.13926413964270243
pcos,unspecified,octane,0.317703056559684
pcos,unspecified,pentane,1.8221909143014912
pcos,unspecified,phenol,0.27944005743772243
pcos,unspecified,propanol,-0.039544300824638765
pcos,unspecified,propionaldehyde,-0.006146508992313526
pcos,unspecified,pyrrole,-0.01898895105848673
pcos,unspecified,styrene,-0.009265112591720479
pcos,unspecified,toluene,-0.006072481196941563
pcos,unspecified,trimethylamine,-0.003629091148007798
pcos,unspecified,undecane,0.029820799528828507
pcos,unspecified,xylene,0.013446960918225297
periodontitis,inflammatory,2_butanone,0.03881808441729274
periodontitis,inflammatory,2_pentanone,-0.1482134831642181
periodontitis,inflammatory,3_methylbutanal,0.3016592141775755
periodontitis,inflammatory,acetaldehyde,0.007379737570423142
periodontitis,inflammatory,acetone,0.0857769171159053
periodontitis,inflammatory,acetonitrile,-0.16347466462865382
periodontitis,inflammatory,allyl_methyl_sulfide,-0.16727054877775338
periodontitis,inflammatory,ammonia,0.10467405378258367
periodontitis,inflammatory,benzaldehyde,-0.002631790146969322
periodontitis,inflammatory,benzene,0.04635951844379424
periodontitis,inflammatory,butane,0.03337021752214339
periodontitis,inflammatory,carbon_disulfide,0.008778448649478632
periodontitis,inflammatory,crotonaldehyde,0.03965211192603325
periodontitis,inflammatory,cyclohexane,0.03567919799789199
periodontitis,inflammatory,decanal,0.05213760968172836
periodontitis,inflammatory,dimethyl_amine,0.013844815325450751
periodontitis,inflammatory,dimethyl_disulfide,3.981280461735194e-05
periodontitis,inflammatory,dms,0.005153966517019903
periodontitis,inflammatory,dmts,0.00741550681117983
periodontitis,inflammatory,dodecane,0.026862108266448692
periodontitis,inflammatory,ethane,0.06554521438503799
periodontitis,inflammatory,ethanol,0.015232808394657906
periodontitis,inflammatory,ethyl_acetate,0.03056198655990155
periodontitis,inflammatory,ethylbenzene,-0.059579200407379365
periodontitis,inflammatory,formaldehyde,-0.009955933154756604
periodontitis,inflammatory,furan,0.009786560018108995
periodontitis,inflammatory,heptanal,0.09001976137967488
periodontitis,inflammatory,hexanal,2.6248386948381186
periodontitis,inflammatory,hexane,0.04225343066728997
periodontitis,inflammatory,hydrogen_sulfide,0.4591902729182341
periodontitis,inflammatory,indole,0.5574356551402239
periodontitis,inflammatory,isoprene,-0.030016761792365097
periodontitis,inflammatory,isopropanol,0.05614180086574822
periodontitis,inflammatory,limonene,-0.0011881223472207279
periodontitis,inflammatory,methanol,0.0044440668452434785
periodontitis,inflammatory,methyl_acetate,-0.16584720578802575
periodontitis,inflammatory,methyl_mercaptan,0.5498271409179696
periodontitis,inflammatory,nonanal,0.10721375972104494
periodontitis,inflammatory,octanal,0.3255303371593836
periodontitis,inflammatory,octane,0.1592827140614168
periodontitis,inflammatory,pentane,3.214708074328833
periodontitis,inflammatory,phenol,0.10747694516835488
periodontitis,inflammatory,propanol,-0.005093381986556415
periodontitis,inflammatory,propionaldehyde,0.04532211192603325
periodontitis,inflammatory,pyrrole,-0.007303442714802512
periodontitis,inflammatory,styrene,-0.003563504842969559
periodontitis,inflammatory,toluene,-0.002335569691131557
periodontitis,inflammatory,trimethylamine,0.00900414199512099
periodontitis,inflammatory,undecane,0.04326030751108798
periodontitis,inflammatory,xylene,0.005153966517019584
peripheral_artery,cardiovascular,2_butanone,0.05882564921501778
peripheral_artery,cardiovascular,2_pentanone,0.13891487689698054
peripheral_artery,cardiovascular,3_methylbutanal,0.005891702351775134
peripheral_artery,cardiovascular,acetaldehyde,-0.0016915483109127907
peripheral_artery,cardiovascular,acetone,0.3148934125357539
peripheral_artery,cardiovascular,acetonitrile,-0.16347466462865382
peripheral_artery,cardiovascular,allyl_methyl_sulfide,-0.16727054877775338
peripheral_artery,cardiovascular,ammonia,0.03914112595102315
peripheral_artery,cardiovascular,benzaldehyde,-0.002631790146969322
peripheral_artery,cardiovascular,benzene,0.04635951844379424
peripheral_artery,cardiovascular,butane,0.03299221752214338
peripheral_artery,cardiovascular,carbon_disulfide,0.008778448649478632
peripheral_artery,cardiovascular,crotonaldehyde,0.03922011192603331
peripheral_artery,cardiovascular,cyclohexane,0.03535519799789202
peripheral_artery,cardiovascular,decanal,0.05154360968172848
peripheral_artery,cardiovascular,dimethyl_amine,-0.003282457401821748
peripheral_artery,cardiovascular,dimethyl_disulfide,3.981280461735194e-05
peripheral_artery,cardiovascular,dms,0.005153966517019903
peripheral_artery,cardiovascular,dmts,0.00741550681117983
peripheral_artery,cardiovascular,dodecane,0.026559708266448653
peripheral_artery,cardiovascular,ethane,0.057871714385037805
peripheral_artery,cardiovascular,ethanol,0.0028518825633034486
peripheral_artery,cardiovascular,ethyl_acetate,0.010401986559901604
peripheral_artery,cardiovascular,ethylbenzene,-0.059579200407379365
peripheral_artery,cardiovascular,formaldehyde,-0.009955933154756604
peripheral_artery,cardiovascular,furan,0.009664062335568104
peripheral_artery,cardiovascular,heptanal,0.08937176137967469
peripheral_artery,cardiovascular,hexanal,2.133566995577173
peripheral_artery,cardiovascular,hexane,0.04182143066728982
peripheral_artery,cardiovascular,hydrogen_sulfide,-0.0016024880247879397
peripheral_artery,cardiovascular,indole,0.005153966517019584
peripheral_artery,cardiovascular,isoprene,-0.18965196746008403
peripheral_artery,cardiovascular,isopropanol,0.06603411131328867
peripheral_artery,cardiovascular,limonene,0.013094877652779174
peripheral_artery,cardiovascular,methanol,-0.009955933154756604
peripheral_artery,cardiovascular,methyl_acetate,-0.16584720578802575
peripheral_artery,cardiovascular,methyl_mercaptan,-0.0016024880247879397
peripheral_artery,cardiovascular,nonanal,0.09752738472104498
peripheral_artery,cardiovascular,octanal,0.02492149834396321
peripheral_artery,cardiovascular,octane,0.15890471406141685
peripheral_artery,cardiovascular,pentane,2.792132039221091
peripheral_artery,cardiovascular,phenol,0.10747694516835488
peripheral_artery,cardiovascular,propanol,-0.015371093020478363
peripheral_artery,cardiovascular,propionaldehyde,0.04483611192603326
peripheral_artery,cardiovascular,pyrrole,-0.007303442714802512
peripheral_artery,cardiovascular,styrene,-0.003563504842969559
peripheral_artery,cardiovascular,toluene,-0.002335569691131557
peripheral_artery,cardiovascular,trimethylamine,-0.0013971284452868643
peripheral_artery,cardiovascular,undecane,0.042936307511087866
peripheral_artery,cardiovascular,xylene,0.005153966517019584
pneumonia_bacterial,infectious,2_butanone,0.043786932399404864
pneumonia_bacterial,infectious,2_pentanone,-0.1482134831642181
pneumonia_bacterial,infectious,3_methylbutanal,0.1204366209167901
pneumonia_bacterial,infectious,acetaldehyde,0.029949399552721818
pneumonia_bacterial,infectious,acetone,0.04705004471919329
pneumonia_bacterial,infectious,acetonitrile,-0.13455362509997973
pneumonia_bacterial,infectious,allyl_methyl_sulfide,-0.0891796580241645
pneumonia_bacterial,infectious,ammonia,2.4579127488409758
pneumonia_bacterial,infectious,benzaldehyde,-0.0036775492351255766
pneumonia_bacterial,infectious,benzene,0.04635951844379424
pneumonia_bacterial,infectious,butane,0.10574131998605313
pneumonia_bacterial,infectious,carbon_disulfide,0.01559061026401465
pneumonia_bacterial,infectious,crotonaldehyde,0.11971258938994285
pneumonia_bacterial,infectious,cyclohexane,0.10008920601749316
pneumonia_bacterial,infectious,decanal,0.16115387236896725
pneumonia_bacterial,infectious,dimethyl_amine,0.15191570396456722
pneumonia_bacterial,infectious,dimethyl_disulfide,0.0911681634359611
pneumonia_bacterial,infectious,dms,0.5791836903201599
pneumonia_bacterial,infectious,dmts,0.020115328649044476
pneumonia_bacterial,infectious,dodecane,0.07024303819510001
pneumonia_bacterial,infectious,ethane,0.18793714614625529
pneumonia_bacterial,infectious,ethanol,1.062925990628301
pneumonia_bacterial,infectious,ethyl_acetate,0.07063088239764384
pneumonia_bacterial,infectious,ethylbenzene,0.5998954758011159
pneumonia_bacterial,infectious,formaldehyde,0.01692949483401174
pneumonia_bacterial,infectious,furan,0.026876386197593794
pneumonia_bacterial,infectious,heptanal,0.3094922613796749
pneumonia_bacterial,infectious,hexanal,4.794587153361724
pneumonia_bacterial,infectious,hexane,0.12990010938958343
pneumonia_bacterial,infectious,hydrogen_sulfide,1.3673799105355724
pneumonia_bacterial,infectious,indole,0.6452549798512741
pneumonia_bacterial,infectious,isoprene,-0.3887617335639701
pneumonia_bacterial,infectious,isopropanol,-0.35977692749311135
pneumonia_bacterial,infectious,limonene,0.006990228284123086
pneumonia_bacterial,infectious,methanol,0.06097393974957349
pneumonia_bacterial,infectious,methyl_acetate,-0.13555997724254368
pneumonia_bacterial,infectious,methyl_mercaptan,0.04328959115522533
pneumonia_bacterial,infectious,nonanal,0.2603006347210449
pneumonia_bacterial,infectious,octanal,0.07631455662019646
pneumonia_bacterial,infectious,octane,0.2131083390614169
pneumonia_bacterial,infectious,pentane,4.839427754358179
pneumonia_bacterial,infectious,phenol,0.23499862655191295
pneumonia_bacterial,infectious,propanol,-0.3522013344144941
pneumonia_bacterial,infectious,propionaldehyde,0.13307196438994304
pneumonia_bacterial,infectious,pyrrole,0.04971579819704097
pneumonia_bacterial,infectious,styrene,0.003248656771566374
pneumonia_bacterial,infectious,toluene,0.004476591923404524
pneumonia_bacterial,infectious,trimethylamine,0.08778866541767126
pneumonia_bacterial,infectious,undecane,0.10145030328911293
pneumonia_bacterial,infectious,xylene,0.008236784468005307
psoriasis,inflammatory,2_butanone,0.03881808441729274
psoriasis,inflammatory,2_pentanone,-0.1482134831642181
psoriasis,inflammatory,3_methylbutanal,0.3016592141775755
psoriasis,inflammatory,acetaldehyde,0.007379737570423142
psoriasis,inflammatory,acetone,0.0857769171159053
psoriasis,inflammatory,acetonitrile,-0.16347466462865382
psoriasis,inflammatory,allyl_methyl_sulfide,-0.16727054877775338
psoriasis,inflammatory,ammonia,0.10467405378258367
psoriasis,inflammatory,benzaldehyde,-0.002631790146969322
psoriasis,inflammatory,benzene,0.04635951844379424
psoriasis,inflammatory,butane,0.03337021752214339
psoriasis,inflammatory,carbon_disulfide,0.008778448649478632
psoriasis,inflammatory,crotonaldehyde,0.03965211192603325
psoriasis,inflammatory,cyclohexane,0.03567919799789199
psoriasis,inflammatory,decanal,0.05213760968172836
psoriasis,inflammatory,dimethyl_amine,0.013844815325450751
psoriasis,inflammatory,dimethyl_disulfide,3.981280461735194e-05
psoriasis,inflammatory,dms,0.005153966517019903
psoriasis,inflammatory,dmts,0.00741550681117983
psoriasis,inflammatory,dodecane,0.026862108266448692
psoriasis,inflammatory,ethane,0.06554521438503799
psoriasis,inflammatory,ethanol,0.015232808394657906
psoriasis,inflammatory,ethyl_acetate,0.03056198655990155
psoriasis,inflammatory,ethylbenzene,-0.059579200407379365
psoriasis,inflammatory,formaldehyde,-0.009955933154756604
psoriasis,inflammatory,furan,0.009786560018108995
psoriasis,inflammatory,heptanal,0.09001976137967488
psoriasis,inflammatory,hexanal,2.242740387645266
psoriasis,inflammatory,hexane,0.04225343066728997
psoriasis,inflammatory,hydrogen_sulfide,0.4591902729182341
psoriasis,inflammatory,indole,0.012989501023377772
psoriasis,inflammatory,isoprene,-0.030016761792365097
psoriasis,inflammatory,isopropanol,0.05614180086574822
psoriasis,inflammatory,limonene,-0.0011881223472207279
psoriasis,inflammatory,methanol,0.0044440668452434785
psoriasis,inflammatory,methyl_acetate,-0.16584720578802575
psoriasis,inflammatory,methyl_mercaptan,-0.0016024880247879397
psoriasis,inflammatory,nonanal,0.10721375972104494
psoriasis,inflammatory,octanal,0.3255303371593836
psoriasis,inflammatory,octane,0.1592827140614168
psoriasis,inflammatory,pentane,2.888747623117595
psoriasis,inflammatory,phenol,0.10747694516835488
psoriasis,inflammatory,propanol,-0.005093381986556415
psoriasis,inflammatory,propionaldehyde,0.04532211192603325
psoriasis,inflammatory,pyrrole,-0.007303442714802512
psoriasis,inflammatory,styrene,-0.003563504842969559
psoriasis,inflammatory,toluene,-0.002335569691131557
psoriasis,inflammatory,trimethylamine,0.00900414199512099
psoriasis,inflammatory,undecane,0.04326030751108798
psoriasis,inflammatory,xylene,0.005153966517019584
ptsd,neurological,2_butanone,0.037171784280570774
ptsd,neurological,2_pentanone,-0.1482134831642181
ptsd,neurological,3_methylbutanal,0.001439405007699143
ptsd,neurological,acetaldehyde,0.0035388886846442424
ptsd,neurological,acetone,0.3627779793789252
ptsd,neurological,acetonitrile,-0.14179615694676684
ptsd,neurological,allyl_methyl_sulfide,-0.14559204109586646
ptsd,neurological,ammonia,0.046194113501003574
ptsd,neurological,benzaldehyde,-0.0036775492351255766
ptsd,neurological,benzene,0.04635951844379424
ptsd,neurological,butane,0.038166379136679134
ptsd,neurological,carbon_disulfide,0.01559061026401465
ptsd,neurological,crotonaldehyde,0.04416027354056919
ptsd,neurological,cyclohexane,0.032905438909735504
ptsd,neurological,decanal,0.05714796031307215
ptsd,neurological,dimethyl_amine,-0.007737307399069048
ptsd,neurological,dimethyl_disulfide,0.008218163435961098
ptsd,neurological,dms,0.005496411471059166
ptsd,neurological,dmts,0.015593857442523326
ptsd,neurological,dodecane,0.025569738195100118
ptsd,neurological,ethane,0.5088396043097527
ptsd,neurological,ethanol,0.0005867416556261358
ptsd,neurological,ethyl_acetate,0.010722416488552922
ptsd,neurological,ethylbenzene,-0.059579200407379365
ptsd,neurological,formaldehyde,0.025564646539149898
ptsd,neurological,furan,0.005778608605654981
ptsd,neurological,heptanal,0.08656376137967477
ptsd,neurological,hexanal,2.9009380297986245
ptsd,neurological,hexane,0.04676159228182553
ptsd,neurological,hydrogen_sulfide,0.00097536537023319
ptsd,neurological,indole,0.012917348817088739
ptsd,neurological,isoprene,-0.12490381391572769
ptsd,neurological,isopropanol,0.0517881847775151
ptsd,neurological,limonene,0.006990228284123086
ptsd,neurological,methanol,0.010939646539149887
ptsd,neurological,methyl_acetate,-0.14280250908933081
ptsd,neurological,methyl_mercaptan,0.0009753653702328698
ptsd,neurological,nonanal,0.4913088645088812
ptsd,neurological,octanal,0.31779751619206864
ptsd,neurological,octane,0.15726671406141696
ptsd,neurological,pentane,3.7392211358615635
ptsd,neurological,phenol,0.10747694516835488
ptsd,neurological,propanol,0.1473621801156634
ptsd,neurological,propionaldehyde,0.04954227354056917
ptsd,neurological,pyrrole,-0.008349201802958986
ptsd,neurological,styrene,0.003248656771566374
ptsd,neurological,toluene,0.004476591923404524
ptsd,neurological,trimethylamine,0.0011126774052173413
ptsd,neurological,undecane,0.041852737439739315
ptsd,neurological,xylene,0.005496411471059485
pulmonary_hypertension,cardiovascular,2_butanone,0.05882564921501778
pulmonary_hypertension,cardiovascular,2_pentanone,0.13891487689698054
pulmonary_hypertension,cardiovascular,3_methylbutanal,0.005891702351775134
pulmonary_hypertension,cardiovascular,acetaldehyde,-0.0016915483109127907
pulmonary_hypertension,cardiovascular,acetone,0.3148934125357539
pulmonary_hypertension,cardiovascular,acetonitrile,-0.16347466462865382
pulmonary_hypertension,cardiovascular,allyl_methyl_sulfide,-0.16727054877775338
pulmonary_hypertension,cardiovascular,ammonia,0.03914112595102315
pulmonary_hypertension,cardiovascular,benzaldehyde,-0.002631790146969322
pulmonary_hypertension,cardiovascular,benzene,0.04635951844379424
pulmonary_hypertension,cardiovascular,butane,0.03299221752214338
pulmonary_hypertension,cardiovascular,carbon_disulfide,0.008778448649478632
pulmonary_hypertension,cardiovascular,crotonaldehyde,0.03922011192603331
pulmonary_hypertension,cardiovascular,cyclohexane,0.03535519799789202
pulmonary_hypertension,cardiovascular,decanal,0.05154360968172848
pulmonary_hypertension,cardiovascular,dimethyl_amine,-0.003282457401821748
pulmonary_hypertension,cardiovascular,dimethyl_disulfide,3.981280461735194e-05
pulmonary_hypertension,cardiovascular,dms,0.005153966517019903
pulmonary_hypertension,cardiovascular,dmts,0.00741550681117983
pulmonary_hypertension,cardiovascular,dodecane,0.026559708266448653
pulmonary_hypertension,cardiovascular,ethane,0.057871714385037805
pulmonary_hypertension,cardiovascular,ethanol,0.0028518825633034486
pulmonary_hypertension,cardiovascular,ethyl_acetate,0.010401986559901604
pulmonary_hypertension,cardiovascular,ethylbenzene,-0.059579200407379365
pulmonary_hypertension,cardiovascular,formaldehyde,-0.009955933154756604
pulmonary_hypertension,cardiovascular,furan,0.009664062335568104
pulmonary_hypertension,cardiovascular,heptanal,0.08937176137967469
pulmonary_hypertension,cardiovascular,hexanal,2.133566995577173
pulmonary_hypertension,cardiovascular,hexane,0.04182143066728982
pulmonary_hypertension,cardiovascular,hydrogen_sulfide,-0.0016024880247879397
pulmonary_hypertension,cardiovascular,indole,0.005153966517019584
pulmonary_hypertension,cardiovascular,isoprene,-0.18965196746008403
pulmonary_hypertension,cardiovascular,isopropanol,0.06603411131328867
pulmonary_hypertension,cardiovascular,limonene,0.013094877652779174
pulmonary_hypertension,cardiovascular,methanol,-0.009955933154756604
pulmonary_hypertension,cardiovascular,methyl_acetate,-0.16584720578802575
pulmonary_hypertension,cardiovascular,methyl_mercaptan,-0.0016024880247879397
pulmonary_hypertension,cardiovascular,nonanal,0.09752738472104498
pulmonary_hypertension,cardiovascular,octanal,0.02492149834396321
pulmonary_hypertension,cardiovascular,octane,0.15890471406141685
pulmonary_hypertension,cardiovascular,pentane,2.792132039221091
pulmonary_hypertension,cardiovascular,phenol,0.10747694516835488
pulmonary_hypertension,cardiovascular,propanol,-0.015371093020478363
pulmonary_hypertension,cardiovascular,propionaldehyde,0.04483611192603326
pulmonary_hypertension,cardiovascular,pyrrole,-0.007303442714802512
pulmonary_hypertension,cardiovascular,styrene,-0.003563504842969559
pulmonary_hypertension,cardiovascular,toluene,-0.002335569691131557
pulmonary_hypertension,cardiovascular,trimethylamine,-0.0013971284452868643
pulmonary_hypertension,cardiovascular,undecane,0.042936307511087866
pulmonary_hypertension,cardiovascular,xylene,0.005153966517019584
retinoblastoma,cancer,2_butanone,3.2117155435736615
retinoblastoma,cancer,2_pentanone,-0.4819132973136886
retinoblastoma,cancer,3_methylbutanal,0.014153721569161063
retinoblastoma,cancer,acetaldehyde,3.4791434426973056
retinoblastoma,cancer,acetone,0.330114148375813
retinoblastoma,cancer,acetonitrile,-0.42503412803449997
retinoblastoma,cancer,allyl_methyl_sulfide,-0.43490342682215893
retinoblastoma,cancer,ammonia,0.10407014226520354
retinoblastoma,cancer,benzaldehyde,-0.0068426543821201
retinoblastoma,cancer,benzene,0.15868675044413477
retinoblastoma,cancer,butane,0.29750882357738123
retinoblastoma,cancer,carbon_disulfide,0.022823966488644563
retinoblastoma,cancer,crotonaldehyde,0.002631491007686332
retinoblastoma,cancer,cyclohexane,0.017417914794519342
retinoblastoma,cancer,decanal,-0.002580214827506005
retinoblastoma,cancer,dimethyl_amine,-0.009366321062918586
retinoblastoma,cancer,dimethyl_disulfide,0.00010351329200491581
retinoblastoma,cancer,dms,0.013446960918225297
retinoblastoma,cancer,dmts,0.019280317709067088
retinoblastoma,cancer,dodecane,-0.0004833185072335221
retinoblastoma,cancer,ethane,0.006708057401098634
retinoblastoma,cancer,ethanol,4.234847165430703
retinoblastoma,cancer,ethyl_acetate,0.027045165055744034
retinoblastoma,cancer,ethylbenzene,-0.12074954100841716
retinoblastoma,cancer,formaldehyde,-0.02588542620236717
retinoblastoma,cancer,furan,0.1701643831710118
retinoblastoma,cancer,heptanal,0.40690133953591434
retinoblastoma,cancer,hexanal,3.9013733941226567
retinoblastoma,cancer,hexane,0.32292217775476195
retinoblastoma,cancer,hydrogen_sulfide,-0.004161938961984116
retinoblastoma,cancer,indole,0.013446960918225614
retinoblastoma,cancer,isoprene,-0.07642489056930739
retinoblastoma,cancer,isopropanol,0.08231778876594291
retinoblastoma,cancer,limonene,-0.0030891181027738347
retinoblastoma,cancer,methanol,-0.025885426202367008
retinoblastoma,cancer,methyl_acetate,-0.43120273504886686
retinoblastoma,cancer,methyl_mercaptan,-0.004161938961984116
retinoblastoma,cancer,nonanal,0.5282733295321644
retinoblastoma,cancer,octanal,0.4578836402729057
retinoblastoma,cancer,octane,0.3551190212637258
retinoblastoma,cancer,pentane,1.789248508763322
retinoblastoma,cancer,phenol,0.27944005743772243
retinoblastoma,cancer,propanol,-0.037873187538160935
retinoblastoma,cancer,propionaldehyde,0.31834274902749504
retinoblastoma,cancer,pyrrole,-0.01898895105848673
retinoblastoma,cancer,styrene,0.09901262626361969
retinoblastoma,cancer,toluene,-0.006072481196941563
retinoblastoma,cancer,trimethylamine,-0.003629091148007798
retinoblastoma,cancer,undecane,0.037128799528828575
retinoblastoma,cancer,xylene,0.013446960918225297
rheumatoid_arthritis,inflammatory,2_butanone,0.03881808441729274
rheumatoid_arthritis,inflammatory,2_pentanone,-0.1482134831642181
rheumatoid_arthritis,inflammatory,3_methylbutanal,0.04080897507904808
rheumatoid_arthritis,inflammatory,acetaldehyde,-0.006691548310912755
rheumatoid_arthritis,inflammatory,acetone,0.08796902697123325
rheumatoid_arthritis,inflammatory,acetonitrile,-0.16347466462865382
rheumatoid_arthritis,inflammatory,allyl_methyl_sulfide,-0.16727054877775338
rheumatoid_arthritis,inflammatory,ammonia,0.055037938678215256
rheumatoid_arthritis,inflammatory,benzaldehyde,-0.002631790146969322
rheumatoid_arthritis,inflammatory,benzene,0.04635951844379424
rheumatoid_arthritis,inflammatory,butane,0.06529021752214342
rheumatoid_arthritis,inflammatory,carbon_disulfide,0.008778448649478632
rheumatoid_arthritis,inflammatory,crotonaldehyde,0.0878654277754069
rheumatoid_arthritis,inflammatory,cyclohexane,0.06303919799789214
rheumatoid_arthritis,inflammatory,decanal,0.11403092553110217
rheumatoid_arthritis,inflammatory,dimethyl_amine,0.021658451689087366
rheumatoid_arthritis,inflammatory,dimethyl_disulfide,3.981280461735194e-05
rheumatoid_arthritis,inflammatory,dms,0.005153966517019903
rheumatoid_arthritis,inflammatory,dmts,0.00741550681117983
rheumatoid_arthritis,inflammatory,dodecane,0.052398108266448536
rheumatoid_arthritis,inflammatory,ethane,0.6823458689081343
rheumatoid_arthritis,inflammatory,ethanol,0.000880023022626491
rheumatoid_arthritis,inflammatory,ethyl_acetate,0.010401986559901604
rheumatoid_arthritis,inflammatory,ethylbenzene,-0.059579200407379365
rheumatoid_arthritis,inflammatory,formaldehyde,-0.009955933154756604
rheumatoid_arthritis,inflammatory,furan,0.0201760136868915
rheumatoid_arthritis,inflammatory,heptanal,0.14473976137967468
rheumatoid_arthritis,inflammatory,hexanal,4.192357508509577
rheumatoid_arthritis,inflammatory,hexane,0.09805294777504754
rheumatoid_arthritis,inflammatory,hydrogen_sulfide,0.2565321017837481
rheumatoid_arthritis,inflammatory,indole,0.005153966517019584
rheumatoid_arthritis,inflammatory,isoprene,-0.030016761792365097
rheumatoid_arthritis,inflammatory,isopropanol,0.05614180086574822
rheumatoid_arthritis,inflammatory,limonene,-0.0011881223472207279
rheumatoid_arthritis,inflammatory,methanol,-0.009955933154756604
rheumatoid_arthritis,inflammatory,methyl_acetate,-0.16584720578802575
rheumatoid_arthritis,inflammatory,methyl_mercaptan,-0.0016024880247879397
rheumatoid_arthritis,inflammatory,nonanal,0.180909384721045
rheumatoid_arthritis,inflammatory,octanal,0.40514458834412803
rheumatoid_arthritis,inflammatory,octane,0.1912027140614169
rheumatoid_arthritis,inflammatory,pentane,4.613798848328743
rheumatoid_arthritis,inflammatory,phenol,0.10747694516835488
rheumatoid_arthritis,inflammatory,propanol,-0.015371093020478363
rheumatoid_arthritis,inflammatory,propionaldehyde,0.09809542777540714
rheumatoid_arthritis,inflammatory,pyrrole,-0.007303442714802512
rheumatoid_arthritis,inflammatory,styrene,-0.003563504842969559
rheumatoid_arthritis,inflammatory,toluene,-0.002335569691131557
rheumatoid_arthritis,inflammatory,trimethylamine,-0.0013971284452868643
rheumatoid_arthritis,inflammatory,undecane,0.07062030751108803
rheumatoid_arthritis,inflammatory,xylene,0.005153966517019584
sarcoma,cancer,2_butanone,0.6154913832462209
sarcoma,cancer,2_pentanone,-0.4819132973136886
sarcoma,cancer,3_methylbutanal,0.014153721569161063
sarcoma,cancer,acetaldehyde,0.4453573812695372
sarcoma,cancer,acetone,0.330114148375813
sarcoma,cancer,acetonitrile,-0.42503412803449997
sarcoma,cancer,allyl_methyl_sulfide,-0.43490342682215893
sarcoma,cancer,ammonia,0.10407014226520354
sarcoma,cancer,benzaldehyde,-0.0068426543821201
sarcoma,cancer,benzene,0.15868675044413477
sarcoma,cancer,butane,0.29750882357738123
sarcoma,cancer,carbon_disulfide,0.022823966488644563
sarcoma,cancer,crotonaldehyde,0.002631491007686332
sarcoma,cancer,cyclohexane,0.017417914794519342
sarcoma,cancer,decanal,-0.002580214827506005
sarcoma,cancer,dimethyl_amine,-0.009366321062918586
sarcoma,cancer,dimethyl_disulfide,0.00010351329200491581
sarcoma,cancer,dms,0.013446960918225297
sarcoma,cancer,dmts,0.019280317709067088
sarcoma,cancer,dodecane,-0.0004833185072335221
sarcoma,cancer,ethane,0.006708057401098634
sarcoma,cancer,ethanol,0.8960764831045231
sarcoma,cancer,ethyl_acetate,0.027045165055744034
sarcoma,cancer,ethylbenzene,-0.12074954100841716
sarcoma,cancer,formaldehyde,-0.02588542620236717
sarcoma,cancer,furan,0.1701643831710118
sarcoma,cancer,heptanal,0.40690133953591434
sarcoma,cancer,hexanal,2.24547886401223
sarcoma,cancer,hexane,0.32292217775476195
sarcoma,cancer,hydrogen_sulfide,-0.004161938961984116
sarcoma,cancer,indole,0.013446960918225614
sarcoma,cancer,isoprene,-0.07642489056930739
sarcoma,cancer,isopropanol,0.08231778876594291
sarcoma,cancer,limonene,-0.0030891181027738347
sarcoma,cancer,methanol,-0.025885426202367008
sarcoma,cancer,methyl_acetate,-0.43120273504886686
sarcoma,cancer,methyl_mercaptan,-0.004161938961984116
sarcoma,cancer,nonanal,0.5282733295321644
sarcoma,cancer,octanal,0.4578836402729057
sarcoma,cancer,octane,0.3551190212637258
sarcoma,cancer,pentane,2.593231837499445
sarcoma,cancer,phenol,0.27944005743772243
sarcoma,cancer,propanol,-0.037873187538160935
sarcoma,cancer,propionaldehyde,0.31834274902749504
sarcoma,cancer,pyrrole,-0.01898895105848673
sarcoma,cancer,styrene,0.09901262626361969
sarcoma,cancer,toluene,-0.006072481196941563
sarcoma,cancer,trimethylamine,-0.003629091148007798
sarcoma,cancer,undecane,0.037128799528828575
sarcoma,cancer,xylene,0.013446960918225297
schizophrenia,neurological,2_butanone,0.03211652879977528
schizophrenia,neurological,2_pentanone,-0.1482134831642181
schizophrenia,neurological,3_methylbutanal,0.001118975079048052
schizophrenia,neurological,acetaldehyde,0.028953022012505877
schizophrenia,neurological,acetone,-0.7013964503301612
schizophrenia,neurological,acetonitrile,-0.16347466462865382
schizophrenia,neurological,allyl_methyl_sulfide,-0.16727054877775338
schizophrenia,neurological,ammonia,0.3099498553603718
schizophrenia,neurological,benzaldehyde,-0.002631790146969322
schizophrenia,neurological,benzene,0.04635951844379424
schizophrenia,neurological,butane,-0.006319782477856551
schizophrenia,neurological,carbon_disulfide,0.008778448649478632
schizophrenia,neurological,crotonaldehyde,-0.0057078880739668
schizophrenia,neurological,cyclohexane,0.0016591979978921513
schizophrenia,neurological,decanal,-0.010232390318271509
schizophrenia,neurological,dimethyl_amine,-0.006691548310912594
schizophrenia,neurological,dimethyl_disulfide,3.981280461735194e-05
schizophrenia,neurological,dms,0.0034380226791812804
schizophrenia,neurological,dmts,0.00741550681117983
schizophrenia,neurological,dodecane,-0.004889891733551362
schizophrenia,neurological,ethane,0.6370420677402588
schizophrenia,neurological,ethanol,0.0005867416556261358
schizophrenia,neurological,ethyl_acetate,0.010401986559901604
schizophrenia,neurological,ethylbenzene,-0.059579200407379365
schizophrenia,neurological,formaldehyde,0.27888973832307096
schizophrenia,neurological,furan,-0.002004207632979448
schizophrenia,neurological,heptanal,0.02197976137967472
schizophrenia,neurological,hexanal,0.33072587304734063
schizophrenia,neurological,hexane,-0.003106569332710392
schizophrenia,neurological,hydrogen_sulfide,-0.001068127549935545
schizophrenia,neurological,indole,0.04271003946784862
schizophrenia,neurological,isoprene,-0.508798154319725
schizophrenia,neurological,isopropanol,0.05078124276705493
schizophrenia,neurological,limonene,-0.0011881223472207279
schizophrenia,neurological,methanol,-0.479445909660516
schizophrenia,neurological,methyl_acetate,-0.16584720578802575
schizophrenia,neurological,methyl_mercaptan,-0.001068127549935545
schizophrenia,neurological,nonanal,0.05610938472104504
schizophrenia,neurological,octanal,-0.002086920461018561
schizophrenia,neurological,octane,0.11959271406141694
schizophrenia,neurological,pentane,3.6717648125293456
schizophrenia,neurological,phenol,0.10747694516835488
schizophrenia,neurological,propanol,0.0824402883421755
schizophrenia,neurological,propionaldehyde,-0.0057078880739668
schizophrenia,neurological,pyrrole,-0.007303442714802512
schizophrenia,neurological,styrene,-0.003563504842969559
schizophrenia,neurological,toluene,-0.002335569691131557
schizophrenia,neurological,trimethylamine,-0.7333633877799146
schizophrenia,neurological,undecane,0.00924030751108797
schizophrenia,neurological,xylene,0.0034380226791812804
scleroderma,inflammatory,2_butanone,0.03881808441729274
scleroderma,inflammatory,2_pentanone,-0.1482134831642181
scleroderma,inflammatory,3_methylbutanal,0.3016592141775755
scleroderma,inflammatory,acetaldehyde,0.007379737570423142
scleroderma,inflammatory,acetone,0.0857769171159053
scleroderma,inflammatory,acetonitrile,-0.16347466462865382
scleroderma,inflammatory,allyl_methyl_sulfide,-0.16727054877775338
scleroderma,inflammatory,ammonia,0.10467405378258367
scleroderma,inflammatory,benzaldehyde,-0.002631790146969322
scleroderma,inflammatory,benzene,0.04635951844379424
scleroderma,inflammatory,butane,0.03337021752214339
scleroderma,inflammatory,carbon_disulfide,0.008778448649478632
scleroderma,inflammatory,crotonaldehyde,0.03965211192603325
scleroderma,inflammatory,cyclohexane,0.03567919799789199
scleroderma,inflammatory,decanal,0.05213760968172836
scleroderma,inflammatory,dimethyl_amine,0.013844815325450751
scleroderma,inflammatory,dimethyl_disulfide,3.981280461735194e-05
scleroderma,inflammatory,dms,0.005153966517019903
scleroderma,inflammatory,dmts,0.00741550681117983
scleroderma,inflammatory,dodecane,0.026862108266448692
scleroderma,inflammatory,ethane,0.06554521438503799
scleroderma,inflammatory,ethanol,0.015232808394657906
scleroderma,inflammatory,ethyl_acetate,0.03056198655990155
scleroderma,inflammatory,ethylbenzene,-0.059579200407379365
scleroderma,inflammatory,formaldehyde,-0.009955933154756604
scleroderma,inflammatory,furan,0.009786560018108995
scleroderma,inflammatory,heptanal,0.09001976137967488
scleroderma,inflammatory,hexanal,2.242740387645266
scleroderma,inflammatory,hexane,0.04225343066728997
scleroderma,inflammatory,hydrogen_sulfide,0.4591902729182341
scleroderma,inflammatory,indole,0.012989501023377772
scleroderma,inflammatory,isoprene,-0.030016761792365097
scleroderma,inflammatory,isopropanol,0.05614180086574822
scleroderma,inflammatory,limonene,-0.0011881223472207279
scleroderma,inflammatory,methanol,0.0044440668452434785
scleroderma,inflammatory,methyl_acetate,-0.16584720578802575
scleroderma,inflammatory,methyl_mercaptan,-0.0016024880247879397
scleroderma,inflammatory,nonanal,0.10721375972104494
scleroderma,inflammatory,octanal,0.3255303371593836
scleroderma,inflammatory,octane,0.1592827140614168
scleroderma,inflammatory,pentane,2.888747623117595
scleroderma,inflammatory,phenol,0.10747694516835488
scleroderma,inflammatory,propanol,-0.005093381986556415
scleroderma,inflammatory,propionaldehyde,0.04532211192603325
scleroderma,inflammatory,pyrrole,-0.007303442714802512
scleroderma,inflammatory,styrene,-0.003563504842969559
scleroderma,inflammatory,toluene,-0.002335569691131557
scleroderma,inflammatory,trimethylamine,0.00900414199512099
scleroderma,inflammatory,undecane,0.04326030751108798
scleroderma,inflammatory,xylene,0.005153966517019584
sepsis,infectious,2_butanone,0.04027080552659802
sepsis,infectious,2_pentanone,-0.1482134831642181
sepsis,infectious,3_methylbutanal,0.02700624780632071
sepsis,infectious,acetaldehyde,-0.0016915483109127907
sepsis,infectious,acetone,0.3518015502027903
sepsis,infectious,acetonitrile,0.5808014991962616
sepsis,infectious,allyl_methyl_sulfide,-0.16727054877775338
sepsis,infectious,ammonia,0.35667550373344425
sepsis,infectious,benzaldehyde,0.009788209853030874
sepsis,infectious,benzene,0.060849518443794264
sepsis,infectious,butane,0.019930217522143304
sepsis,infectious,carbon_disulfide,0.008778448649478632
sepsis,infectious,crotonaldehyde,0.20242778071654888
sepsis,infectious,cyclohexane,0.02415919799789203
sepsis,infectious,decanal,0.031017609681728585
sepsis,infectious,dimethyl_amine,0.011799360779996293
sepsis,infectious,dimethyl_disulfide,3.981280461735194e-05
sepsis,infectious,dms,0.005153966517019903
sepsis,infectious,dmts,0.00741550681117983
sepsis,infectious,dodecane,0.016110108266448615
sepsis,infectious,ethane,0.04107771438503778
sepsis,infectious,ethanol,0.0028518825633034486
sepsis,infectious,ethyl_acetate,0.010401986559901604
sepsis,infectious,ethylbenzene,-0.04508920040737925
sepsis,infectious,formaldehyde,-0.009955933154756604
sepsis,infectious,furan,0.0054387792070311565
sepsis,infectious,heptanal,0.06697976137967471
sepsis,infectious,hexanal,1.950251220211626
sepsis,infectious,hexane,0.026893430667289706
sepsis,infectious,hydrogen_sulfide,-0.0016024880247879397
sepsis,infectious,indole,0.005153966517019584
sepsis,infectious,isoprene,-0.030016761792365097
sepsis,infectious,isopropanol,0.05614180086574822
sepsis,infectious,limonene,0.019511877652779234
sepsis,infectious,methanol,-0.009955933154756604
sepsis,infectious,methyl_acetate,-0.16584720578802575
sepsis,infectious,methyl_mercaptan,-0.0016024880247879397
sepsis,infectious,nonanal,0.07326938472104484
sepsis,infectious,octanal,0.015527708267154033
sepsis,infectious,octane,0.1458427140614168
sepsis,infectious,pentane,0.18246654391783879
sepsis,infectious,phenol,0.10747694516835488
sepsis,infectious,propanol,-0.015371093020478363
sepsis,infectious,propionaldehyde,0.028042111926033085
sepsis,infectious,pyrrole,-0.007303442714802512
sepsis,infectious,styrene,0.010926495157030583
sepsis,infectious,toluene,0.014224430308868543
sepsis,infectious,trimethylamine,-0.0013971284452868643
sepsis,infectious,undecane,0.03174030751108802
sepsis,infectious,xylene,0.011720915877008355
sibo,microbiome,2_butanone,0.025994425286169336
sibo,microbiome,2_pentanone,-0.1482134831642181
sibo,microbiome,3_methylbutanal,0.007084884169956925
sibo,microbiome,acetaldehyde,0.7768081407113299
sibo,microbiome,acetone,0.06761256101737606
sibo,microbiome,acetonitrile,-0.16347466462865382
sibo,microbiome,allyl_methyl_sulfide,-0.09707054877775331
sibo,microbiome,ammonia,2.745697602230135
sibo,microbiome,benzaldehyde,-0.002631790146969322
sibo,microbiome,benzene,0.046625831632693744
sibo,microbiome,butane,-0.006319782477856551
sibo,microbiome,carbon_disulfide,0.008778448649478632
sibo,microbiome,crotonaldehyde,-0.0057078880739668
sibo,microbiome,cyclohexane,0.0016591979978921513
sibo,microbiome,decanal,-0.005710919111750302
sibo,microbiome,dimethyl_amine,0.4952644643383221
sibo,microbiome,dimethyl_disulfide,0.11703981280461735
sibo,microbiome,dms,0.028637846674550778
sibo,microbiome,dmts,0.01193697801770102
sibo,microbiome,dodecane,-0.004889891733551362
sibo,microbiome,ethane,0.010452714385037991
sibo,microbiome,ethanol,4.358466640163912
sibo,microbiome,ethyl_acetate,0.5138397464332197
sibo,microbiome,ethylbenzene,-0.059579200407379365
sibo,microbiome,formaldehyde,-0.009955933154756604
sibo,microbiome,furan,-0.002004207632979448
sibo,microbiome,heptanal,0.02197976137967472
sibo,microbiome,hexanal,0.07428922088565787
sibo,microbiome,hexane,-0.003106569332710392
sibo,microbiome,hydrogen_sulfide,5.238944099310237
sibo,microbiome,indole,4.613525647723049
sibo,microbiome,isoprene,-0.01994162275322662
sibo,microbiome,isopropanol,0.05078124276705493
sibo,microbiome,limonene,-0.0011881223472207279
sibo,microbiome,methanol,0.8941758667784214
sibo,microbiome,methyl_acetate,-0.16584720578802575
sibo,microbiome,methyl_mercaptan,0.5059937407010372
sibo,microbiome,nonanal,0.02842563472104492
sibo,microbiome,octanal,-0.000733575117743876
sibo,microbiome,octane,0.11959271406141694
sibo,microbiome,pentane,0.14083695481629546
sibo,microbiome,phenol,0.7941385733976117
sibo,microbiome,propanol,0.40213820526692706
sibo,microbiome,propionaldehyde,-0.0057078880739668
sibo,microbiome,pyrrole,0.346385887292816
sibo,microbiome,styrene,-0.003563504842969559
sibo,microbiome,toluene,-0.002335569691131557
sibo,microbiome,trimethylamine,0.72620210317821
sibo,microbiome,undecane,0.00924030751108797
sibo,microbiome,xylene,0.0034380226791812804
sickle_cell,unspecified,2_butanone,0.10716985144261745
sickle_cell,unspecified,2_pentanone,-0.38535505622696714
sickle_cell,unspecified,3_methylbutanal,0.02766747611461543
sickle_cell,unspecified,acetaldehyde,-0.005424992275039784
sickle_cell,unspecified,acetone,0.36230218510907813
sickle_cell,unspecified,acetonitrile,-0.40978311990667216
sickle_cell,unspecified,allyl_methyl_sulfide,-0.4212128055095523
sickle_cell,unspecified,ammonia,0.10784585671779676
sickle_cell,unspecified,benzaldehyde,-0.0068426543821201
sickle_cell,unspecified,benzene,0.12053474795386482
sickle_cell,unspecified,butane,0.009146565557572723
sickle_cell,unspecified,carbon_disulfide,0.022823966488644563
sickle_cell,unspecified,crotonaldehyde,0.014391491007686372
sickle_cell,unspecified,cyclohexane,0.026237914794519084
sickle_cell,unspecified,decanal,0.04409640638086562
sickle_cell,unspecified,dimethyl_amine,0.0002863607552632073
sickle_cell,unspecified,dimethyl_disulfide,0.00010351329200491581
sickle_cell,unspecified,dms,0.013446960918225297
sickle_cell,unspecified,dmts,0.019280317709067088
sickle_cell,unspecified,dodecane,0.00774868149276655
sickle_cell,unspecified,ethane,0.37731396399046846
sickle_cell,unspecified,ethanol,0.004179895886782397
sickle_cell,unspecified,ethyl_acetate,0.027045165055744034
sickle_cell,unspecified,ethylbenzene,-0.15490592105918605
sickle_cell,unspecified,formaldehyde,-0.013891395309545562
sickle_cell,unspecified,furan,0.00039245369714495664
sickle_cell,unspecified,heptanal,0.1009953795871545
sickle_cell,unspecified,hexanal,3.475513701827859
sickle_cell,unspecified,hexane,0.0211549197349535
sickle_cell,unspecified,hydrogen_sulfide,-0.004161938961984116
sickle_cell,unspecified,indole,0.013446960918225614
sickle_cell,unspecified,isoprene,-0.07642489056930739
sickle_cell,unspecified,isopropanol,0.07681543563288307
sickle_cell,unspecified,limonene,-0.0030891181027738347
sickle_cell,unspecified,methanol,-0.01063441807453927
sickle_cell,unspecified,methyl_acetate,-0.41595172692103877
sickle_cell,unspecified,methyl_mercaptan,-0.004161938961984116
sickle_cell,unspecified,nonanal,0.1112524002747167
sickle_cell,unspecified,octanal,0.02389996607861238
sickle_cell,unspecified,octane,0.3365190565596841
sickle_cell,unspecified,pentane,3.966689943963306
sickle_cell,unspecified,phenol,0.27944005743772243
sickle_cell,unspecified,propanol,-0.039544300824638765
sickle_cell,unspecified,propionaldehyde,0.018045491007686265
sickle_cell,unspecified,pyrrole,-0.01898895105848673
sickle_cell,unspecified,styrene,-0.009265112591720479
sickle_cell,unspecified,toluene,-0.006072481196941563
sickle_cell,unspecified,trimethylamine,-0.003629091148007798
sickle_cell,unspecified,undecane,0.04594879952882853
sickle_cell,unspecified,xylene,0.013446960918225297
sjogren,inflammatory,2_butanone,0.03881808441729274
sjogren,inflammatory,2_pentanone,-0.1482134831642181
sjogren,inflammatory,3_methylbutanal,0.3016592141775755
sjogren,inflammatory,acetaldehyde,0.007379737570423142
sjogren,inflammatory,acetone,0.0857769171159053
sjogren,inflammatory,acetonitrile,-0.16347466462865382
sjogren,inflammatory,allyl_methyl_sulfide,-0.16727054877775338
sjogren,inflammatory,ammonia,0.10467405378258367
sjogren,inflammatory,benzaldehyde,-0.002631790146969322
sjogren,inflammatory,benzene,0.04635951844379424
sjogren,inflammatory,butane,0.03337021752214339
sjogren,inflammatory,carbon_disulfide,0.008778448649478632
sjogren,inflammatory,crotonaldehyde,0.03965211192603325
sjogren,inflammatory,cyclohexane,0.03567919799789199
sjogren,inflammatory,decanal,0.05213760968172836
sjogren,inflammatory,dimethyl_amine,0.013844815325450751
sjogren,inflammatory,dimethyl_disulfide,3.981280461735194e-05
sjogren,inflammatory,dms,0.005153966517019903
sjogren,inflammatory,dmts,0.00741550681117983
sjogren,inflammatory,dodecane,0.026862108266448692
sjogren,inflammatory,ethane,0.06554521438503799
sjogren,inflammatory,ethanol,0.015232808394657906
sjogren,inflammatory,ethyl_acetate,0.03056198655990155
sjogren,inflammatory,ethylbenzene,-0.059579200407379365
sjogren,inflammatory,formaldehyde,-0.009955933154756604
sjogren,inflammatory,furan,0.009786560018108995
sjogren,inflammatory,heptanal,0.09001976137967488
sjogren,inflammatory,hexanal,2.6248386948381186
sjogren,inflammatory,hexane,0.04225343066728997
sjogren,inflammatory,hydrogen_sulfide,0.4591902729182341
sjogren,inflammatory,indole,0.012989501023377772
sjogren,inflammatory,isoprene,-0.030016761792365097
sjogren,inflammatory,isopropanol,0.05614180086574822
sjogren,inflammatory,limonene,-0.0011881223472207279
sjogren,inflammatory,methanol,0.0044440668452434785
sjogren,inflammatory,methyl_acetate,-0.16584720578802575
sjogren,inflammatory,methyl_mercaptan,-0.0016024880247879397
sjogren,inflammatory,nonanal,0.10721375972104494
sjogren,inflammatory,octanal,0.3255303371593836
sjogren,inflammatory,octane,0.1592827140614168
sjogren,inflammatory,pentane,3.214708074328833
sjogren,inflammatory,phenol,0.10747694516835488
sjogren,inflammatory,propanol,-0.005093381986556415
sjogren,inflammatory,propionaldehyde,0.04532211192603325
sjogren,inflammatory,pyrrole,-0.007303442714802512
sjogren,inflammatory,styrene,-0.003563504842969559
sjogren,inflammatory,toluene,-0.002335569691131557
sjogren,inflammatory,trimethylamine,0.00900414199512099
sjogren,inflammatory,undecane,0.04326030751108798
sjogren,inflammatory,xylene,0.005153966517019584
sleep_apnea,pulmonary,2_butanone,1.6337589932027288
sleep_apnea,pulmonary,2_pentanone,-0.10726348316421822
sleep_apnea,pulmonary,3_methylbutanal,0.03273829326086596
sleep_apnea,pulmonary,acetaldehyde,0.02643345168908739
sleep_apnea,pulmonary,acetone,1.5617211998957286
sleep_apnea,pulmonary,acetonitrile,-0.16347466462865382
sleep_apnea,pulmonary,allyl_methyl_sulfide,-0.16727054877775338
sleep_apnea,pulmonary,ammonia,1.0279667078137893
sleep_apnea,pulmonary,benzaldehyde,0.020849772353030815
sleep_apnea,pulmonary,benzene,0.07375467469379415
sleep_apnea,pulmonary,butane,0.06357248314714328
sleep_apnea,pulmonary,carbon_disulfide,0.008778448649478632
sleep_apnea,pulmonary,crotonaldehyde,0.08590230277540711
sleep_apnea,pulmonary,cyclohexane,0.061566854247892086
sleep_apnea,pulmonary,decanal,0.1113316286561021
sleep_apnea,pulmonary,dimethyl_amine,0.01589367896181458
sleep_apnea,pulmonary,dimethyl_disulfide,3.981280461735194e-05
sleep_apnea,pulmonary,dms,0.005153966517019903
sleep_apnea,pulmonary,dmts,0.00741550681117983
sleep_apnea,pulmonary,dodecane,0.05102392076644867
sleep_apnea,pulmonary,ethane,0.12548501460941178
sleep_apnea,pulmonary,ethanol,0.20662809237324767
sleep_apnea,pulmonary,ethyl_acetate,0.010401986559901604
sleep_apnea,pulmonary,ethylbenzene,0.6272906320511161
sleep_apnea,pulmonary,formaldehyde,-0.009955933154756604
sleep_apnea,pulmonary,furan,0.019614642578588398
sleep_apnea,pulmonary,heptanal,0.14179507387967485
sleep_apnea,pulmonary,hexanal,4.262944543576413
sleep_apnea,pulmonary,hexane,0.09608982277504739
sleep_apnea,pulmonary,hydrogen_sulfide,-0.0016024880247879397
sleep_apnea,pulmonary,indole,0.005153966517019584
sleep_apnea,pulmonary,isoprene,1.1246714277260532
sleep_apnea,pulmonary,isopropanol,0.08584954372909567
sleep_apnea,pulmonary,limonene,0.06719781515277934
sleep_apnea,pulmonary,methanol,0.3483535720073776
sleep_apnea,pulmonary,methyl_acetate,-0.16584720578802575
sleep_apnea,pulmonary,methyl_mercaptan,-0.0016024880247879397
sleep_apnea,pulmonary,nonanal,0.17502243159604483
sleep_apnea,pulmonary,octanal,0.052697264863227
sleep_apnea,pulmonary,octane,0.18948497968641695
sleep_apnea,pulmonary,pentane,4.583682121701887
sleep_apnea,pulmonary,phenol,0.10747694516835488
sleep_apnea,pulmonary,propanol,-0.015371093020478363
sleep_apnea,pulmonary,propionaldehyde,0.09588691215040694
sleep_apnea,pulmonary,pyrrole,-0.007303442714802512
sleep_apnea,pulmonary,styrene,0.023831651407030408
sleep_apnea,pulmonary,toluene,0.6259227154033308
sleep_apnea,pulmonary,trimethylamine,-0.0013971284452868643
sleep_apnea,pulmonary,undecane,0.06914796376108799
sleep_apnea,pulmonary,xylene,0.01759998160872232
stroke,neurological,2_butanone,0.037171784280570774
stroke,neurological,2_pentanone,-0.1482134831642181
stroke,neurological,3_methylbutanal,0.001439405007699143
stroke,neurological,acetaldehyde,0.0035388886846442424
stroke,neurological,acetone,0.3627779793789252
stroke,neurological,acetonitrile,-0.14179615694676684
stroke,neurological,allyl_methyl_sulfide,-0.14559204109586646
stroke,neurological,ammonia,0.046194113501003574
stroke,neurological,benzaldehyde,-0.0036775492351255766
stroke,neurological,benzene,0.04635951844379424
stroke,neurological,butane,0.038166379136679134
stroke,neurological,carbon_disulfide,0.01559061026401465
stroke,neurological,crotonaldehyde,0.04416027354056919
stroke,neurological,cyclohexane,0.032905438909735504
stroke,neurological,decanal,0.05714796031307215
stroke,neurological,dimethyl_amine,-0.007737307399069048
stroke,neurological,dimethyl_disulfide,0.008218163435961098
stroke,neurological,dms,0.005496411471059166
stroke,neurological,dmts,0.015593857442523326
stroke,neurological,dodecane,0.025569738195100118
stroke,neurological,ethane,0.5088396043097527
stroke,neurological,ethanol,0.0005867416556261358
stroke,neurological,ethyl_acetate,0.010722416488552922
stroke,neurological,ethylbenzene,-0.059579200407379365
stroke,neurological,formaldehyde,0.025564646539149898
stroke,neurological,furan,0.005778608605654981
stroke,neurological,heptanal,0.08656376137967477
stroke,neurological,hexanal,2.9009380297986245
stroke,neurological,hexane,0.04676159228182553
stroke,neurological,hydrogen_sulfide,0.00097536537023319
stroke,neurological,indole,0.012917348817088739
stroke,neurological,isoprene,-0.12490381391572769
stroke,neurological,isopropanol,0.0517881847775151
stroke,neurological,limonene,0.006990228284123086
stroke,neurological,methanol,0.010939646539149887
stroke,neurological,methyl_acetate,-0.14280250908933081
stroke,neurological,methyl_mercaptan,0.0009753653702328698
stroke,neurological,nonanal,0.4913088645088812
stroke,neurological,octanal,0.31779751619206864
stroke,neurological,octane,0.15726671406141696
stroke,neurological,pentane,3.7392211358615635
stroke,neurological,phenol,0.10747694516835488
stroke,neurological,propanol,0.1473621801156634
stroke,neurological,propionaldehyde,0.04954227354056917
stroke,neurological,pyrrole,-0.008349201802958986
stroke,neurological,styrene,0.003248656771566374
stroke,neurological,toluene,0.004476591923404524
stroke,neurological,trimethylamine,0.0011126774052173413
stroke,neurological,undecane,0.041852737439739315
stroke,neurological,xylene,0.005496411471059485
thyroid,metabolic,2_butanone,2.286744620408585
thyroid,metabolic,2_pentanone,-0.07477348316421803
thyroid,metabolic,3_methylbutanal,0.001118975079048052
thyroid,metabolic,acetaldehyde,-0.006691548310912755
thyroid,metabolic,acetone,2.405022781871212
thyroid,metabolic,acetonitrile,-0.16347466462865382
thyroid,metabolic,allyl_methyl_sulfide,-0.16727054877775338
thyroid,metabolic,ammonia,1.0037757452021034
thyroid,metabolic,benzaldehyde,-0.002631790146969322
thyroid,metabolic,benzene,0.04635951844379424
thyroid,metabolic,butane,-0.006319782477856551
thyroid,metabolic,carbon_disulfide,0.008778448649478632
thyroid,metabolic,crotonaldehyde,-0.0057078880739668
thyroid,metabolic,cyclohexane,0.0016591979978921513
thyroid,metabolic,decanal,-0.010232390318271509
thyroid,metabolic,dimethyl_amine,-0.006691548310912594
thyroid,metabolic,dimethyl_disulfide,3.981280461735194e-05
thyroid,metabolic,dms,0.0034380226791812804
thyroid,metabolic,dmts,0.00741550681117983
thyroid,metabolic,dodecane,-0.004889891733551362
thyroid,metabolic,ethane,0.007327714385037994
thyroid,metabolic,ethanol,0.0005867416556261358
thyroid,metabolic,ethyl_acetate,0.010401986559901604
thyroid,metabolic,ethylbenzene,-0.059579200407379365
thyroid,metabolic,formaldehyde,-0.009955933154756604
thyroid,metabolic,furan,-0.002004207632979448
thyroid,metabolic,heptanal,0.02197976137967472
thyroid,metabolic,hexanal,0.6332117278355055
thyroid,metabolic,hexane,-0.003106569332710392
thyroid,metabolic,hydrogen_sulfide,-0.001068127549935545
thyroid,metabolic,indole,0.0034380226791812804
thyroid,metabolic,isoprene,2.5301677518614647
thyroid,metabolic,isopropanol,0.4070581822595274
thyroid,metabolic,limonene,0.04579187765277923
thyroid,metabolic,methanol,-0.009955933154756604
thyroid,metabolic,methyl_acetate,-0.16584720578802575
thyroid,metabolic,methyl_mercaptan,-0.001068127549935545
thyroid,metabolic,nonanal,0.024519384721044857
thyroid,metabolic,octanal,-0.002086920461018561
thyroid,metabolic,octane,0.11959271406141694
thyroid,metabolic,pentane,0.9830362820867298
thyroid,metabolic,phenol,0.1198948754923729
thyroid,metabolic,propanol,-0.010229177170484305
thyroid,metabolic,propionaldehyde,-0.0057078880739668
thyroid,metabolic,pyrrole,-0.007303442714802512
thyroid,metabolic,styrene,-0.003563504842969559
thyroid,metabolic,toluene,-0.002335569691131557
thyroid,metabolic,trimethylamine,-0.0009312686139032644
thyroid,metabolic,undecane,0.00924030751108797
thyroid,metabolic,xylene,0.0034380226791812804
