disease,tissue_general,cell_type,n_cells,fraction_in_disease_tissue,exhalepath_state
normal,brain,neuron,3490689,0.18828051884615346,neuron_stressed
normal,blood,"naive thymus-derived CD4-positive, alpha-beta T cell",2228975,0.16125511858714334,oxidative_stress_cell
normal,brain,oligodendrocyte,2211932,0.11930702065191424,microglia_activated
normal,brain,glutamatergic neuron,1904286,0.10271323400952252,neuron_stressed
normal,brain,L2/3-6 intratelencephalic projecting glutamatergic neuron,1496676,0.08072759670786643,neuron_stressed
normal,blood,"central memory CD4-positive, alpha-beta T cell",1431041,0.10352861120383323,oxidative_stress_cell
normal,eye,retinal rod cell,1303310,0.16695061589227522,
cytomegalovirus infection,blood,"naive thymus-derived CD4-positive, alpha-beta T cell",1242170,0.19360930469326088,oxidative_stress_cell
normal,blood,"CD14-positive, CD16-negative classical monocyte",1210529,0.08757567825936856,oxidative_stress_cell
normal,brain,astrocyte,1082131,0.05836789990156868,microglia_activated
Parkinson disease,brain,oligodendrocyte,940070,0.5193392507818512,microglia_activated
cytomegalovirus infection,blood,"CD14-positive, CD16-negative classical monocyte",895239,0.1395353295638199,oxidative_stress_cell
normal,brain,radial glial cell,839385,0.0452746845427016,
cytomegalovirus infection,blood,"effector memory CD8-positive, alpha-beta T cell",834385,0.13005039543418895,oxidative_stress_cell
normal,blood,"CD16-positive, CD56-dim natural killer cell, human",810899,0.05866445985585121,
normal,eye,fibroblast,732342,0.09381110245742043,oxidative_stress_cell
normal,blood,"naive thymus-derived CD8-positive, alpha-beta T cell",715606,0.0517704910964328,oxidative_stress_cell
normal,lung,unknown,702439,0.2230795076771421,
normal,blood,"effector memory CD4-positive, alpha-beta T cell",681277,0.049286960789462986,oxidative_stress_cell
normal,blood,naive B cell,654810,0.04737220659812126,oxidative_stress_cell
normal,blood,"effector memory CD8-positive, alpha-beta T cell",641394,0.04640162654631937,oxidative_stress_cell
cytomegalovirus infection,blood,"central memory CD4-positive, alpha-beta T cell",615392,0.0959173198787567,oxidative_stress_cell
normal,brain,unknown,546147,0.0294580355128372,
normal,brain,neural cell,531051,0.028643788608429064,
dementia,brain,L2/3-6 intratelencephalic projecting glutamatergic neuron,526953,0.3777782079241566,neuron_stressed
normal,brain,GABAergic neuron,505345,0.02725726032777753,neuron_stressed
cytomegalovirus infection,blood,"effector memory CD4-positive, alpha-beta T cell",503206,0.07843158647969041,oxidative_stress_cell
normal,blood,CD14-positive monocyte,499467,0.036133922684357035,oxidative_stress_cell
COVID-19,blood,B cell,489468,0.13412136269636912,oxidative_stress_cell
COVID-19,blood,"CD8-positive, alpha-beta T cell",469326,0.12860216126250568,oxidative_stress_cell
normal,brain,oligodendrocyte precursor cell,463461,0.024998124308684366,microglia_activated
normal,blood,natural killer cell,445457,0.032226571119224355,
normal,brain,neuroblast (sensu Vertebrata),420470,0.022679279007451578,neuron_stressed
cytomegalovirus infection,blood,"CD16-positive, CD56-dim natural killer cell, human",410935,0.06404988014855065,
COVID-19,blood,classical monocyte,403303,0.11051089742237236,oxidative_stress_cell
glioblastoma,brain,malignant cell,390761,0.2883640716229699,tumor_epithelial_warburg
normal,brain,Purkinje cell,381978,0.020603100427398716,
COVID-19,blood,"CD4-positive, alpha-beta T cell",365524,0.10015890104813313,oxidative_stress_cell
normal,blood,"CD4-positive, alpha-beta T cell",358673,0.025948185667854715,oxidative_stress_cell
normal,eye,GABAergic amacrine cell,351411,0.04501483367834232,neuron_stressed
normal,heart,fibroblast,351055,0.17883259459704529,oxidative_stress_cell
glioblastoma,brain,macrophage,344499,0.2542247929297998,oxidative_stress_cell
cytomegalovirus infection,blood,"naive thymus-derived CD8-positive, alpha-beta T cell",329600,0.05137270005466143,oxidative_stress_cell
normal,adrenal gland,cortical cell of adrenal gland,328920,0.7511492638545385,
normal,breast,luminal adaptive secretory precursor cell of mammary gland,321201,0.13642537741971655,
normal,blood,mucosal invariant T cell,321036,0.0232253382163291,oxidative_stress_cell
breast cancer,breast,malignant cell,318103,0.542003605371936,tumor_epithelial_warburg
normal,eye,Mueller cell,306168,0.03921932323584268,
normal,eye,epithelial cell,306152,0.03921727367752249,oxidative_stress_cell
normal,brain,VIP GABAergic cortical interneuron,299239,0.016140330513260883,neuron_stressed
normal,blood,memory B cell,295298,0.021363323504546373,oxidative_stress_cell
cytomegalovirus infection,blood,naive B cell,290801,0.04532534147025363,oxidative_stress_cell
normal,blood,"CD14-low, CD16-positive monocyte",289844,0.020968754064882727,oxidative_stress_cell
normal,lung,pulmonary alveolar type 2 cell,289832,0.09204440509294251,
normal,blood,B cell,288159,0.02084685279868668,oxidative_stress_cell
normal,brain,pvalb GABAergic cortical interneuron,287868,0.015527002376666757,neuron_stressed
normal,blood,"CD8-positive, alpha-beta T cell",287438,0.020794692078848487,oxidative_stress_cell
normal,brain,sst GABAergic cortical interneuron,286947,0.015477325548436768,neuron_stressed
normal,breast,fibroblast of mammary gland,270739,0.11499238874485646,oxidative_stress_cell
normal,eye,pigmented ciliary epithelial cell,270381,0.034635101760570594,oxidative_stress_cell
normal,brain,L2/3 intratelencephalic projecting glutamatergic neuron,268706,0.014493443872276936,neuron_stressed
normal,lung,alveolar macrophage,267079,0.08481854200991606,oxidative_stress_cell
normal,heart,regular ventricular cardiac myocyte,265132,0.13506215114641243,
normal,blood,classical monocyte,265034,0.019173875480714208,oxidative_stress_cell
Alzheimer disease,brain,glutamatergic neuron,259670,0.4269238041217622,neuron_stressed
normal,eye,melanocyte,259528,0.03324486073251214,
normal,brain,microglial cell,259526,0.013998293727704421,microglia_activated
normal,heart,cardiac muscle cell,252428,0.1285905461792111,
Parkinson disease,brain,glutamatergic neuron,249928,0.1380720800253242,neuron_stressed
normal,blood,hematopoietic precursor cell,246892,0.01786139312384257,
glioblastoma,brain,microglial cell,245015,0.18081006806897815,microglia_activated
normal,breast,fibroblast,240865,0.10230384878067013,oxidative_stress_cell
normal,eye,ciliary muscle cell,239140,0.03063321104302023,
normal,eye,retinal pigment epithelial cell,235610,0.030181027238630077,oxidative_stress_cell
normal,central nervous system,oligodendrocyte,229891,0.3094620480216672,microglia_activated
normal,eye,keratocyte,223734,0.028659742575474986,
COVID-19,blood,"CD14-positive, CD16-negative classical monocyte",221807,0.060778349341721105,oxidative_stress_cell
systemic lupus erythematosus,blood,classical monocyte,221222,0.2846184921866356,oxidative_stress_cell
normal,blood,hematopoietic multipotent progenitor cell,211563,0.015305517851771243,
COVID-19,blood,mature alpha-beta T cell,209937,0.05752579641649228,oxidative_stress_cell
dementia,brain,oligodendrocyte,209034,0.14985869691456002,microglia_activated
normal,endocrine gland,"double-positive, alpha-beta thymocyte",208551,0.2973972340977734,
normal,breast,luminal hormone-sensing cell of mammary gland,207411,0.08809475672865535,
Parkinson disease,brain,astrocyte,201995,0.1115916176047316,microglia_activated
COVID-19,lung,unknown,201118,0.24738735103964732,
normal,eye,OFF midget ganglion cell,195409,0.025031383861777785,
systemic lupus erythematosus,blood,"CD4-positive, alpha-beta T cell",195325,0.25130008311268587,oxidative_stress_cell
COVID-19,blood,natural killer cell,182212,0.04992874251152437,
normal,eye,Schwann cell,181525,0.023252879629439855,
breast cancer,liver,malignant cell,180961,0.5009786415292831,tumor_epithelial_warburg
normal,brain,glioblast,180786,0.009751221572623828,
normal,central nervous system,astrocyte,180013,0.24232001970727163,microglia_activated
normal,blood,mature gamma-delta T cell,171397,0.012399709983503902,oxidative_stress_cell
normal,blood,"central memory CD8-positive, alpha-beta T cell",169414,0.012256249917707603,oxidative_stress_cell
normal,lung,macrophage,169230,0.05374380563180968,oxidative_stress_cell
cytomegalovirus infection,blood,"CD4-positive, alpha-beta memory T cell",168070,0.026196024569741946,oxidative_stress_cell
normal,brain,neural progenitor cell,167764,0.009048841923100593,
normal,eye,non-pigmented ciliary epithelial cell,166913,0.021381120493533644,oxidative_stress_cell
normal,brain,cerebral cortex pyramidal neuron,165500,0.008926726462609072,neuron_stressed
normal,brain,lamp5 GABAergic cortical interneuron,163218,0.008803640119481133,neuron_stressed
normal,breast,basal-myoepithelial cell of mammary gland,162976,0.06922164722511986,oxidative_stress_cell
cytomegalovirus infection,blood,memory B cell,162915,0.025392546812515675,oxidative_stress_cell
normal,brain,inhibitory interneuron,162008,0.008738375231144232,neuron_stressed
systemic lupus erythematosus,blood,"CD8-positive, alpha-beta T cell",160146,0.20603969338366412,oxidative_stress_cell
normal,eye,retinal cone cell,157548,0.020181488389252118,
normal,breast,luminal epithelial cell of mammary gland,157543,0.06691406077451317,oxidative_stress_cell
normal,eye,amacrine cell,157230,0.020140753417638498,
normal,eye,ON midget ganglion cell,148308,0.01899786845934701,
cytomegalovirus infection,blood,"CD14-low, CD16-positive monocyte",148085,0.023081087037604784,oxidative_stress_cell
normal,eye,macrophage,146870,0.018813664405320653,oxidative_stress_cell
cytomegalovirus infection,blood,mature gamma-delta T cell,144063,0.022454202936816412,oxidative_stress_cell
dilated cardiomyopathy,heart,cardiac muscle cell,142946,0.29621141321353306,
COVID-19,blood,CD14-positive monocyte,142230,0.03897309204341158,oxidative_stress_cell
normal,eye,flat midget bipolar cell,138737,0.01777184829169314,
B-cell non-Hodgkin lymphoma,lymph node,"CD8-positive, alpha-beta T cell",138249,0.23709108994091974,oxidative_stress_cell
normal,lung,pulmonary alveolar type 1 cell,135211,0.04294010342895833,
normal,small intestine,stem cell,134611,0.11336703747965077,
normal,heart,pericyte,134219,0.06837313815277042,oxidative_stress_cell
normal,breast,blood vessel endothelial cell,133608,0.05674802328228582,oxidative_stress_cell
normal,breast,perivascular cell,131160,0.05570827146356961,
normal,eye,glycinergic amacrine cell,129539,0.016593608452378512,
COVID-19,blood,"naive thymus-derived CD4-positive, alpha-beta T cell",129489,0.03548187242922957,oxidative_stress_cell
normal,small intestine,"CD8-positive, alpha-beta memory T cell",128647,0.10834426065213565,oxidative_stress_cell
normal,eye,retinal bipolar neuron,126798,0.016242493492652332,neuron_stressed
normal,breast,basal cell,125667,0.05337520089975909,
neuroblastoma,abdomen,neuroblast (sensu Vertebrata),125407,0.6727951630122803,neuron_stressed
normal,small intestine,enterocyte,125261,0.10549263048145051,oxidative_stress_cell
cytomegalovirus infection,blood,mucosal invariant T cell,124864,0.01946177433138727,oxidative_stress_cell
B-cell non-Hodgkin lymphoma,lymph node,macrophage,123283,0.2114250435170338,oxidative_stress_cell
normal,reproductive system,mesenchymal cell,121084,0.3322604102353022,
normal,kidney,epithelial cell of proximal tubule,120324,0.18284960542452006,oxidative_stress_cell
normal,lymph node,memory B cell,119424,0.129889735552399,oxidative_stress_cell
normal,uterus,cell in vitro,118672,0.38556158419701747,
normal,heart,endocardial cell,118638,0.06043594695362339,
gastric cancer,stomach,unknown,118175,0.5422786947683356,
Parkinson disease,brain,GABAergic neuron,117444,0.06488163537696526,neuron_stressed
normal,eye,retinal progenitor cell,117442,0.015044014264925909,
normal,skin of body,fibroblast,115159,0.17080709873109812,oxidative_stress_cell
normal,placenta,stromal cell,112746,0.21644586165787094,oxidative_stress_cell
normal,brain,pyramidal neuron,112685,0.0060779949935897476,neuron_stressed
normal,brain,astrocyte of the cerebral cortex,112590,0.006072870890786437,microglia_activated
normal,skin of body,skin fibroblast,111944,0.16603851944141618,oxidative_stress_cell
COVID-19,lung,lung macrophage,111820,0.1375453892404129,oxidative_stress_cell
normal,eye,retinal ganglion cell,111387,0.014268384538132032,
normal,brain,central nervous system macrophage,111323,0.006004531540767551,oxidative_stress_cell
normal,musculature,fibroblast,109863,0.18848531326721257,oxidative_stress_cell
normal,eye,rod bipolar cell,109661,0.014047288434342399,
normal,eye,trabecular meshwork cell,109432,0.014017954130884795,
lung adenocarcinoma,lung,"CD4-positive, alpha-beta T cell",108064,0.14976709763882326,oxidative_stress_cell
pulmonary fibrosis,lung,unknown,107772,0.4007407076881888,
normal,lung,epithelial cell of lower respiratory tract,106635,0.033864980875424125,oxidative_stress_cell
COVID-19,blood,"CD16-positive, CD56-dim natural killer cell, human",104325,0.028586569833571773,
glioblastoma,brain,mature T cell,101589,0.07496812033981357,oxidative_stress_cell
normal,liver,T cell,100871,0.1055107287877108,oxidative_stress_cell
Alzheimer disease,brain,oligodendrocyte,100593,0.16538508964462748,microglia_activated
atherosclerosis,vasculature,T cell,99417,0.4443793832496726,oxidative_stress_cell
normal,brain,neuroblast (sensu Nematoda and Protostomia),99242,0.005352907477959211,neuron_stressed
normal,eye,invaginating midget bipolar cell,98625,0.012633605582996863,
colon adenocarcinoma,large intestine,stem cell,97900,0.38056217468542397,
cytomegalovirus infection,blood,"central memory CD8-positive, alpha-beta T cell",97857,0.015252361375148675,oxidative_stress_cell
normal,brain,granule cell,97844,0.005277502259864181,
dementia,brain,VIP GABAergic cortical interneuron,96921,0.0694836953015111,neuron_stressed
normal,eye,astrocyte,96887,0.012410972310467094,microglia_activated
Parkinson disease,brain,central nervous system macrophage,96514,0.053318910772559056,oxidative_stress_cell
dementia,brain,pvalb GABAergic cortical interneuron,95184,0.06823842153484831,neuron_stressed
Parkinson disease,brain,oligodendrocyte precursor cell,95100,0.05253775011366606,microglia_activated
B-cell non-Hodgkin lymphoma,lymph node,"CD4-positive, alpha-beta T cell",94730,0.16245787636875006,oxidative_stress_cell
normal,central nervous system,fibroblast,93871,0.1263621103472599,oxidative_stress_cell
dilated cardiomyopathy,heart,mural cell,93095,0.1929106201860413,
normal,kidney,unknown,92625,0.14075699529974212,
normal,pancreas,type B pancreatic cell,92529,0.21763284967341784,
systemic lupus erythematosus,blood,B cell,91835,0.11815253107719702,oxidative_stress_cell
normal,lung,stromal cell,90298,0.02867670129965816,oxidative_stress_cell
follicular lymphoma,lymph node,malignant cell,89203,0.7269889651350426,tumor_epithelial_warburg
amyotrophic lateral sclerosis,brain,neuron,88736,0.5172934434734958,neuron_stressed
malignant ovarian serous tumor,abdomen,T cell,87672,0.3603067489705169,oxidative_stress_cell
normal,respiratory system,respiratory basal cell,86913,0.1680465432833974,
normal,blood,T cell,86862,0.00628402835864756,oxidative_stress_cell
normal,brain,cerebral cortex neuron,85869,0.004631595617025851,neuron_stressed
normal,heart,capillary endothelial cell,85430,0.04351930197953477,oxidative_stress_cell
normal,pancreas,pancreatic A cell,83830,0.19717236529220694,
normal,lymph node,"naive thymus-derived CD4-positive, alpha-beta T cell",83785,0.09112750781465828,oxidative_stress_cell
myelodysplastic syndrome,blood,hematopoietic multipotent progenitor cell,83558,0.47429246086255633,
normal,heart,regular atrial cardiac myocyte,83550,0.04256160225202072,
lung adenocarcinoma,lung,"CD8-positive, alpha-beta T cell",83367,0.11553925108135714,oxidative_stress_cell
schizophrenia,brain,oligodendrocyte,81805,0.3407561992593796,microglia_activated
normal,blood,memory regulatory T cell,81494,0.005895680585982642,oxidative_stress_cell
normal,eye,pericyte,81411,0.010428537025271054,oxidative_stress_cell
normal,blood,transitional stage B cell,81161,0.005871589712603839,oxidative_stress_cell
dilated cardiomyopathy,heart,endothelial cell,80278,0.16635134827106746,oxidative_stress_cell
normal,lymph node,"group 3 innate lymphoid cell, human",80271,0.08730555803294664,
normal,lymph node,"central memory CD4-positive, alpha-beta T cell",80201,0.08722942357514363,oxidative_stress_cell
normal,pancreas,pancreatic acinar cell,80164,0.18854974938905497,
normal,blood,CD1c-positive myeloid dendritic cell,79946,0.005783690580005501,oxidative_stress_cell
dilated cardiomyopathy,heart,fibroblast of cardiac tissue,79381,0.16449259295330732,oxidative_stress_cell
normal,blood,"CD16-negative, CD56-bright natural killer cell, human",78905,0.005708379471334827,
normal,blood,gamma-delta T cell,78846,0.005704111118393838,oxidative_stress_cell
dementia,brain,astrocyte of the cerebral cortex,78824,0.05650976360588842,microglia_activated
normal,heart,endothelial cell,78201,0.039836742761343774,oxidative_stress_cell
normal,brain,cerebral cortex GABAergic interneuron,76218,0.004111040710133766,neuron_stressed
normal,brain,forebrain radial glial cell,76075,0.004103327586966677,
normal,blood,monocyte,75169,0.005438098681715577,oxidative_stress_cell
COVID-19,blood,"CD4-positive, alpha-beta memory T cell",73975,0.020270227686925203,oxidative_stress_cell
normal,blood,"CD4-positive, alpha-beta memory T cell",73333,0.0053052733257892,oxidative_stress_cell
COVID-19,blood,naive B cell,73119,0.020035671216495896,oxidative_stress_cell
normal,skin of body,keratinocyte,72566,0.10763195170608346,oxidative_stress_cell
normal,liver,macrophage,72521,0.07585672356191149,oxidative_stress_cell
normal,brain,L6b glutamatergic cortical neuron,71970,0.0038819124079394252,neuron_stressed
normal,blood,naive regulatory T cell,71329,0.00516029401572577,oxidative_stress_cell
normal,placenta,placental villous trophoblast,70794,0.13590786662238408,
normal,brain,glial cell,70687,0.003812710051132613,
normal,eye,endothelial cell of venule,70546,0.009036758828472465,oxidative_stress_cell
normal,heart,myeloid cell,70530,0.03592902222423724,
normal,brain,extratelencephalic-projecting glutamatergic cortical neuron,70109,0.003781533930918788,neuron_stressed
glioblastoma,brain,oligodendrocyte,70092,0.05172474865249399,microglia_activated
normal,liver,hepatoblast,69987,0.07320616803308697,
normal,lymph node,B cell,69670,0.07577553821623491,oxidative_stress_cell
normal,endocrine gland,thymocyte,69607,0.09926075287984097,
dementia,brain,lamp5 GABAergic cortical interneuron,68584,0.049168598740818165,neuron_stressed
myelodysplastic/myeloproliferative disease,blood,hematopoietic multipotent progenitor cell,68329,0.5245263610403169,
normal,brain,corticothalamic-projecting glutamatergic cortical neuron,68306,0.003684283853504382,neuron_stressed
normal,blood,regulatory T cell,67894,0.004911789060602075,oxidative_stress_cell
breast cancer,liver,hepatocyte,67435,0.18668936782802487,hepatocyte_ketogenic
epilepsy,brain,oligodendrocyte,67212,0.5173934798506601,microglia_activated
normal,lung,epithelial cell of lung,67007,0.021279980996103946,oxidative_stress_cell
normal,eye,diffuse bipolar 2 cell,66728,0.008547682974319034,
normal,musculature,fast muscle cell,66462,0.11402483903011462,
chronic kidney disease,kidney,epithelial cell of proximal tubule,65460,0.2455898132376886,oxidative_stress_cell
B-cell non-Hodgkin lymphoma,lymph node,fibroblast,65319,0.11201927611665137,oxidative_stress_cell
normal,adipose tissue,mesothelial cell,64651,0.14115877223243567,
cytomegalovirus infection,blood,memory regulatory T cell,64288,0.010020170331049981,oxidative_stress_cell
normal,lymph node,naive B cell,64172,0.06979572037336339,oxidative_stress_cell
Alzheimer disease,brain,GABAergic neuron,64078,0.10535072792588392,neuron_stressed
myelodysplastic syndrome,blood,hematopoietic precursor cell,63798,0.36213062086346454,
normal,brain,neuron associated cell (sensu Vertebrata),63657,0.0034335264436876475,neuron_stressed
lung adenocarcinoma,lung,alveolar macrophage,63656,0.08822155729287212,oxidative_stress_cell
normal,breast,vein endothelial cell,62276,0.02645081056469397,oxidative_stress_cell
normal,fallopian tube,stromal cell,61578,0.28806399550908707,oxidative_stress_cell
normal,eye,H1 horizontal cell,61318,0.007854676067307496,
normal,ovary,stromal cell of ovary,61291,0.35023028308247905,oxidative_stress_cell
normal,brain,interneuron,61223,0.003302241536074412,neuron_stressed
lung adenocarcinoma,lung,T cell,60601,0.08398759886743344,oxidative_stress_cell
normal,eye,blood vessel endothelial cell,60344,0.007729909204566416,oxidative_stress_cell
normal,liver,natural killer cell,60290,0.06306313845020951,
normal,brain,stellate neuron,60284,0.0032515938252080075,neuron_stressed
glioblastoma,brain,neoplastic cell,59418,0.04384781594809519,tumor_epithelial_warburg
normal,lung,classical monocyte,59335,0.018843518921960806,oxidative_stress_cell
normal,cortex,radial glial cell,59069,0.3944086107661285,
normal,brain,cerebellar granule cell,58639,0.0031628659398243706,
cytomegalovirus infection,blood,naive regulatory T cell,58635,0.00913907241415374,oxidative_stress_cell
normal,lung,natural killer cell,58481,0.01857230690275874,
malignant ovarian serous tumor,omentum,T cell,58397,0.27955326624986837,oxidative_stress_cell
normal,liver,erythrocyte,58282,0.060962777162964187,
normal,brain,endothelial cell,57956,0.0031260263375647813,oxidative_stress_cell
normal,liver,periportal region hepatocyte,57756,0.06041258292138498,hepatocyte_ketogenic
dementia,brain,sst GABAergic cortical interneuron,57730,0.041387250748096245,neuron_stressed
normal,ovary,stromal cell,57451,0.32828767671226616,oxidative_stress_cell
normal,blood,"CD8-positive, alpha-beta cytotoxic T cell",57215,0.004139217178283025,oxidative_stress_cell
COVID-19,blood,monocyte,56984,0.015614446157644417,oxidative_stress_cell
normal,adipose tissue,macrophage,56786,0.12398635813817407,oxidative_stress_cell
normal,brain,unipolar brush cell,56478,0.0030463060855301215,
normal,blood,platelet,55908,0.004044662308895349,
normal,brain,progenitor cell,55894,0.0030148063377708244,
normal,lymph node,"CD4-positive, alpha-beta T cell",55669,0.06054755902051932,oxidative_stress_cell
COVID-19,blood,mature NK T cell,55355,0.015168076425951263,oxidative_stress_cell
malignant ovarian serous tumor,omentum,fallopian tube secretory epithelial cell,55224,0.26436374429136306,oxidative_stress_cell
malignant ovarian serous tumor,abdomen,monocyte,55020,0.22611640350805093,oxidative_stress_cell
systemic lupus erythematosus,blood,natural killer cell,54250,0.06979664410015722,
normal,endocrine gland,double negative thymocyte,54151,0.07722023688991435,
normal,colon,enterocyte,54102,0.08064778196984987,oxidative_stress_cell
normal,reproductive system,granulosa cell,53994,0.1481621732866845,
normal,eye,oligodendrocyte,53962,0.00691239162960382,microglia_activated
malignant ovarian serous tumor,abdomen,fallopian tube secretory epithelial cell,53831,0.2212299548753524,oxidative_stress_cell
normal,breast,endothelial tip cell,53780,0.022842260135031822,oxidative_stress_cell
normal,blood,intermediate monocyte,53701,0.0038849969709163113,oxidative_stress_cell
normal,kidney,kidney loop of Henle thick ascending limb epithelial cell,53289,0.08098029174119252,oxidative_stress_cell
chronic kidney disease,kidney,kidney loop of Henle thick ascending limb epithelial cell,53280,0.19989345018796287,oxidative_stress_cell
nonpapillary renal cell carcinoma,kidney,"CD8-positive, alpha-beta T cell",53107,0.26761706073249886,oxidative_stress_cell
normal,colon,stem cell,52928,0.07889774507597158,
dementia,brain,microglial cell,52863,0.037898046705293814,microglia_activated
normal,adipose tissue,preadipocyte,52482,0.11458901926192462,adipocyte_lipolytic
blastoma,liver,neoplastic cell,52431,0.9127165114457307,tumor_epithelial_warburg
heart valve disorder,heart,endocardial cell,52279,0.28471919658417566,
lung adenocarcinoma,lung,macrophage,52157,0.07228496549774305,oxidative_stress_cell
bronchopulmonary dysplasia,lung,pulmonary alveolar type 2 cell,52082,0.3456670493990217,
normal,spleen,memory B cell,51953,0.08993434047053976,oxidative_stress_cell
interstitial lung disease,lung,ciliated cell,51619,0.1629382483009839,
cytomegalovirus infection,blood,CD1c-positive myeloid dendritic cell,51601,0.008042726624759054,oxidative_stress_cell
frontotemporal dementia,brain,neuron,51568,0.4350408314773571,neuron_stressed
normal,esophagus,stratified epithelial cell,51307,0.30638727322671955,oxidative_stress_cell
COVID-19,blood,non-classical monocyte,51182,0.014024613632608391,oxidative_stress_cell
neuroblastoma,adrenal gland,neuroblast (sensu Vertebrata),51131,0.4829374262101535,neuron_stressed
interstitial lung disease,lung,macrophage,50985,0.1609369919918182,oxidative_stress_cell
Lewy body dementia,brain,oligodendrocyte,50179,0.41735145385587863,microglia_activated
Alzheimer disease,brain,neuron,50059,0.08230207074568217,neuron_stressed
COVID-19,blood,"central memory CD4-positive, alpha-beta T cell",49718,0.013623456304677895,oxidative_stress_cell
normal,blood,"CD8-positive, alpha-beta memory T cell",49634,0.0035907699978484607,oxidative_stress_cell
normal,lymph node,natural killer cell,49394,0.05372264869603426,
normal,eye,diffuse bipolar 1 cell,49355,0.006322246930786416,
normal,blood,plasmacytoid dendritic cell,49146,0.0035554656548789226,oxidative_stress_cell
normal,intestine,stem cell,48962,0.17339046674693676,
normal,eye,progenitor cell,48956,0.0062711360701768765,
malignant ovarian serous tumor,uterus,fallopian tube secretory epithelial cell,48781,0.3052360869510806,oxidative_stress_cell
normal,embryo,neural progenitor cell,48779,0.12178157260732252,
myelodysplastic/myeloproliferative disease,blood,hematopoietic precursor cell,48219,0.37015230140940214,
myocardial infarction,heart,cardiac muscle myoblast,48025,0.25533261026753434,
normal,musculature,type I muscle cell,47932,0.08223403726026081,
COVID-19,blood,blood cell,47409,0.012990756666568935,
normal,bone marrow,"CD16-positive, CD56-dim natural killer cell, human",47345,0.06233197553326786,
malignant ovarian serous tumor,uterus,monocyte,47017,0.2941982554719862,oxidative_stress_cell
COVID-19,blood,"effector CD8-positive, alpha-beta T cell",47011,0.012881698868402038,oxidative_stress_cell
normal,lung,"CD4-positive, alpha-beta T cell",46862,0.014882362580617297,oxidative_stress_cell
COVID-19,blood,"naive thymus-derived CD8-positive, alpha-beta T cell",46812,0.012827169969318588,oxidative_stress_cell
normal,placenta,syncytiotrophoblast cell,46722,0.08969527564950461,oxidative_stress_cell
tauopathy,brain,oligodendrocyte,46641,0.3737589050316935,microglia_activated
normal,colon,plasma cell,46133,0.06876869848831992,oxidative_stress_cell
normal,brain,near-projecting glutamatergic cortical neuron,46112,0.002487185562802595,neuron_stressed
normal,liver,erythroblast,46008,0.048124214195011436,
normal,small intestine,plasma cell,45972,0.03871681695414569,oxidative_stress_cell
amyotrophic lateral sclerosis 26 with or without frontotemporal dementia,brain,neuron,45321,0.6141306557177121,neuron_stressed
normal,musculature,slow muscle cell,45268,0.07766357336846963,
normal,eye,diffuse bipolar 4 cell,45250,0.005796407124264721,
normal,eye,T cell,45144,0.005782828800393516,oxidative_stress_cell
normal,adipose tissue,adipocyte,45037,0.0983336317308658,adipocyte_lipolytic
B-cell non-Hodgkin lymphoma,lymph node,endothelial cell,45019,0.0772056490683496,oxidative_stress_cell
normal,blood,non-classical monocyte,44956,0.003252340251103586,oxidative_stress_cell
normal,pancreas,pancreatic ductal cell,44954,0.10573406309609772,
normal,kidney,mesangial cell,44892,0.0682198438110232,
amyotrophic lateral sclerosis,brain,oligodendrocyte,44757,0.2609144276228729,microglia_activated
atherosclerosis,brain,oligodendrocyte,44662,0.31559905310391123,microglia_activated
normal,colon,fibroblast,44465,0.06628227469020322,oxidative_stress_cell
normal,placenta,extravillous trophoblast,44253,0.08495537505495328,
normal,eye,endothelial cell,44176,0.005658830522022504,oxidative_stress_cell
normal,skin of body,macrophage,43928,0.06515525693223871,oxidative_stress_cell
normal,blood,mature alpha-beta T cell,43891,0.0031752928632704756,oxidative_stress_cell
normal,respiratory system,unknown,43891,0.0848633786804229,
normal,liver,hepatocyte,43866,0.04588368935572882,hepatocyte_ketogenic
normal,heart,unknown,43668,0.022245123245257223,
progressive supranuclear palsy,brain,glutamatergic neuron,43217,0.33884524313559455,neuron_stressed
normal,exocrine gland,acinar cell of salivary gland,43083,0.22322335288387807,
heart valve disorder,heart,cardiac muscle cell,42323,0.2304973422795399,
normal,brain,macroglial cell,42294,0.002281250568033765,
triple-negative breast carcinoma,breast,T cell,42042,0.3719444763918502,oxidative_stress_cell
glioblastoma,brain,monocyte,41843,0.030878255119932464,oxidative_stress_cell
myocardial infarction,heart,fibroblast of cardiac tissue,41682,0.2216090340691591,oxidative_stress_cell
normal,brain,sncg GABAergic cortical interneuron,41677,0.0022479708687743703,neuron_stressed
normal,lung,capillary endothelial cell,41578,0.013204277909114121,oxidative_stress_cell
normal,respiratory system,multiciliated columnar cell of tracheobronchial tree,41259,0.07977439887392787,
normal,blood,Be cell,41150,0.0029769953139272306,
COVID-19,blood,"CD8-positive, alpha-beta memory T cell",41124,0.011268575105064035,oxidative_stress_cell
hematologic disorder,blood,hematopoietic precursor cell,40961,0.4087679380476219,
bipolar I disorder,brain,oligodendrocyte,40911,0.26880646538979597,microglia_activated
breast cancer,axilla,malignant cell,40778,0.4651465203554359,tumor_epithelial_warburg
normal,intestine,stromal cell,40689,0.14409306608116723,oxidative_stress_cell
cytomegalovirus infection,blood,intermediate monocyte,40613,0.006330095471237756,oxidative_stress_cell
normal,embryo,pluripotent stem cell,40562,0.10126702368023568,
acute kidney failure,kidney,epithelial cell of proximal tubule,40347,0.3220263227207062,oxidative_stress_cell
normal,blood,neutrophil,40311,0.0029162978882070617,oxidative_stress_cell
normal,central nervous system,microglial cell,40219,0.054139805861836414,microglia_activated
normal,placenta,macrophage,40180,0.0771361708744723,oxidative_stress_cell
normal,liver,monocyte,40063,0.041905764069178036,oxidative_stress_cell
normal,small intestine,fibroblast,40017,0.03370161976973044,oxidative_stress_cell
cytomegalovirus infection,blood,Be cell,39965,0.0062290957454021354,
normal,adipose tissue,endothelial cell,39945,0.08721577635032161,oxidative_stress_cell
normal,milk,epithelial cell,39825,0.8215066628161227,oxidative_stress_cell
normal,heart,macrophage,39813,0.02028132938910474,oxidative_stress_cell
normal,liver,epithelial cell,39670,0.04149468738297912,oxidative_stress_cell
normal,small intestine,"CD4-positive, alpha-beta memory T cell",39634,0.03337906384670256,oxidative_stress_cell
normal,eye,retina horizontal cell,39593,0.005071760160685372,
normal,heart,smooth muscle cell,39456,0.020099468323826804,
lung adenocarcinoma,lung,natural killer cell,39262,0.05441364180018765,
normal,nose,nasal mucosa goblet cell,39158,0.1649473245238988,oxidative_stress_cell
malignant ovarian serous tumor,ovary,fallopian tube secretory epithelial cell,38943,0.2768157973301488,oxidative_stress_cell
dilated cardiomyopathy,heart,myeloid cell,38754,0.08030568961480042,
COVID-19,lung,"CD4-positive, alpha-beta T cell",38754,0.04766977297999429,oxidative_stress_cell
normal,breast,mammary gland epithelial cell,38668,0.01642366148942749,oxidative_stress_cell
normal,eye,fenestrated endothelial cell,38441,0.004924191961632268,oxidative_stress_cell
lung adenocarcinoma,lung,B cell,38407,0.053228687805506776,oxidative_stress_cell
normal,placenta,"decidual natural killer cell, human",38405,0.07372858741747408,
malignant ovarian serous tumor,omentum,fibroblast,38319,0.18343753291142875,oxidative_stress_cell
normal,heart,cardiac blood vessel endothelial cell,38309,0.0195151696070935,oxidative_stress_cell
normal,eye,conjunctival epithelial cell,37984,0.0048656514521120695,oxidative_stress_cell
normal,small intestine,mesenchymal cell,37848,0.031874925782661316,
frontotemporal dementia,brain,oligodendrocyte,37812,0.31899169872443817,microglia_activated
normal,cortex,neuron,37756,0.2520999425770869,neuron_stressed
dementia,brain,oligodendrocyte precursor cell,37701,0.02702824771269663,microglia_activated
normal,brain,L6 intratelencephalic projecting glutamatergic neuron,37513,0.002023373352216641,neuron_stressed
normal,brain,caudal ganglionic eminence derived cortical interneuron,37211,0.0020070840990945387,neuron_stressed
normal,uterus,stromal cell of ovary,37111,0.12057246824133337,oxidative_stress_cell
normal,musculature,mesenchymal stem cell,37086,0.06362621016928216,
normal,bone marrow,"naive thymus-derived CD4-positive, alpha-beta T cell",36817,0.0484713558603511,oxidative_stress_cell
progressive supranuclear palsy,brain,oligodendrocyte,36627,0.28717598908594816,microglia_activated
normal,blood,"CD4-positive, alpha-beta cytotoxic T cell",36573,0.0026458724086576087,oxidative_stress_cell
normal,spleen,B cell,36535,0.06324468517874175,oxidative_stress_cell
malignant ovarian serous tumor,omentum,monocyte,36477,0.1746196635614235,oxidative_stress_cell
normal,endocrine gland,"CD4-positive, alpha-beta T cell",36402,0.051909864328759624,oxidative_stress_cell
normal,small intestine,mesodermal cell,36231,0.030513116572384327,
normal,eye,diffuse bipolar 3b cell,36189,0.004635716628066651,oxidative_stress_cell
normal,nose,tracheal goblet cell,36022,0.1517373850554135,oxidative_stress_cell
atherosclerosis,vasculature,macrophage,35966,0.1607627357288766,oxidative_stress_cell
normal,lung,club cell,35945,0.011415358349201672,oxidative_stress_cell
clear cell renal carcinoma,kidney,abnormal cell,35898,0.2355341806037622,
normal,musculature,type II muscle cell,35891,0.06157602084845241,
prediabetes syndrome,pancreas,type B pancreatic cell,35679,0.4483694627709708,
normal,heart,fibroblast of cardiac tissue,35362,0.018013924342740358,oxidative_stress_cell
chronic kidney disease,kidney,kidney collecting duct principal cell,35320,0.13251194933631472,
breast cancer,breast,fibroblast,35306,0.06015655083812971,oxidative_stress_cell
normal,reproductive system,Sertoli cell,35281,0.09681278726761336,
normal,stomach,unknown,35273,0.12407750051005692,
breast cancer,breast,macrophage,35249,0.0600594307056374,oxidative_stress_cell
opiate dependence,brain,oligodendrocyte,35151,0.6461699663596757,microglia_activated
B-cell non-Hodgkin lymphoma,lymph node,regulatory T cell,35076,0.06015383164267156,oxidative_stress_cell
COVID-19,respiratory system,myeloid cell,34935,0.4906738953341386,
heart valve disorder,heart,fibroblast,34933,0.19025030498431508,oxidative_stress_cell
normal,skin of body,helper T cell,34929,0.0518076846063141,oxidative_stress_cell
normal,lung,monocyte,34849,0.011067292338609794,oxidative_stress_cell
normal,intestine,enterocyte,34728,0.12298321410864792,oxidative_stress_cell
B-cell non-Hodgkin lymphoma,bone marrow,unknown,34592,0.5789843671542865,
cytomegalovirus infection,blood,transitional stage B cell,34588,0.005391016230250696,oxidative_stress_cell
normal,spleen,fibroblast,34459,0.05965098143079956,oxidative_stress_cell
cytomegalovirus infection,blood,"CD16-negative, CD56-bright natural killer cell, human",34351,0.005354076515708964,
normal,brain,hippocampal granule cell,34220,0.001845755767676631,
normal,eye,lymphocyte,34191,0.004379778032833924,
normal,bone marrow,CD14-positive monocyte,34104,0.04489956053620376,oxidative_stress_cell
schizophrenia,brain,astrocyte,33926,0.1413177044932915,microglia_activated
normal,brain,pericyte,33910,0.0018290350111605656,oxidative_stress_cell
normal,lung,"CD8-positive, alpha-beta T cell",33901,0.010766227942586892,oxidative_stress_cell
normal,lung,elicited macrophage,33755,0.010719861484971551,oxidative_stress_cell
normal,colon,gut absorptive cell,33743,0.05029939941238114,
malignant ovarian serous tumor,ovary,monocyte,33723,0.23971083720731864,oxidative_stress_cell
normal,colon,IgA plasma cell,33722,0.05026809551564226,oxidative_stress_cell
systemic lupus erythematosus,blood,non-classical monocyte,33709,0.04336912582437234,oxidative_stress_cell
squamous cell lung carcinoma,lung,malignant cell,33673,0.1434737407221195,tumor_epithelial_warburg
breast cancer,liver,T cell,33462,0.09263734894730286,oxidative_stress_cell
normal,vasculature,fibroblast,33357,0.23984037963761864,oxidative_stress_cell
normal,lung,mesenchymal cell,33235,0.0105547206770265,
normal,brain,choroid plexus epithelial cell,33148,0.0017879343128855921,oxidative_stress_cell
normal,breast,capillary endothelial cell,33148,0.014079123074675248,oxidative_stress_cell
malignant ovarian serous tumor,ovary,T cell,32871,0.2336546253252015,oxidative_stress_cell
normal,musculature,skeletal muscle satellite stem cell,32753,0.05619234378672541,
normal,small intestine,macrophage,32753,0.027584005605567164,oxidative_stress_cell
COVID-19,lung,pulmonary alveolar type 1 cell,32701,0.04022421546727546,
normal,spleen,naive B cell,32660,0.056536784396816905,oxidative_stress_cell
normal,liver,hepatic stellate cell,32645,0.03414656086759147,
triple-negative breast carcinoma,breast,malignant cell,32501,0.28753549848274396,tumor_epithelial_warburg
COVID-19,lung,"CD8-positive, alpha-beta T cell",32450,0.03991547022761043,oxidative_stress_cell
COVID-19,lung,pulmonary alveolar type 2 cell,32422,0.03988102852756812,
Pick disease,brain,oligodendrocyte,32407,0.33053864120844934,microglia_activated
malignant ovarian serous tumor,uterus,T cell,32353,0.20244158834645276,oxidative_stress_cell
B-cell acute lymphoblastic leukemia,blood,early pro-B cell,32221,0.21962374752913913,oxidative_stress_cell
pulmonary fibrosis,lung,alveolar macrophage,32187,0.11968452991834368,oxidative_stress_cell
normal,heart,cardiac endothelial cell,31868,0.016234029210860517,oxidative_stress_cell
normal,embryo,GABAergic neuron,31773,0.07932442047709995,neuron_stressed
normal,lymph node,"naive thymus-derived CD8-positive, alpha-beta T cell",31742,0.034523713708335416,oxidative_stress_cell
COVID-19,lung,pulmonary capillary endothelial cell,31723,0.039021216087226064,oxidative_stress_cell
normal,lung,pulmonary alveolar epithelial cell,31649,0.010051041212794093,oxidative_stress_cell
normal,lymph node,"CD4-positive, alpha-beta memory T cell",31535,0.03429857324026077,oxidative_stress_cell
normal,small intestine,stromal cell,31503,0.026531277397251623,oxidative_stress_cell
normal,eye,endothelial cell of arteriole,31468,0.00403096882621795,oxidative_stress_cell
normal,spleen,natural killer cell,31412,0.054376407577244726,
normal,heart,endothelial cell of artery,31267,0.015927870946905228,oxidative_stress_cell
Alzheimer disease,brain,astrocyte,31037,0.05102797438490057,microglia_activated
malignant ovarian serous tumor,abdomen,fibroblast,31004,0.12741753861075264,oxidative_stress_cell
normal,esophagus,epithelial cell,30884,0.1844283342688913,oxidative_stress_cell
normal,lung,basal cell,30865,0.009802059686969247,
malignant ovarian serous tumor,intestine,fallopian tube secretory epithelial cell,30827,0.4053144352262119,oxidative_stress_cell
dilated cardiomyopathy,heart,unknown,30769,0.0637592445620528,
COVID-19,blood,gamma-delta T cell,30629,0.0083927922111907,oxidative_stress_cell
normal,small intestine,"CD4-positive, alpha-beta T cell",30582,0.025755627253364728,oxidative_stress_cell
myocardial infarction,heart,cardiac endothelial cell,30564,0.162498405001914,oxidative_stress_cell
COVID-19,nose,tracheal goblet cell,30549,0.3465923917359685,oxidative_stress_cell
normal,bone marrow,classical monocyte,30483,0.0401323394271962,oxidative_stress_cell
Pick disease,brain,glutamatergic neuron,30394,0.3100068337362178,neuron_stressed
normal,skin of body,endothelial cell of vascular tree,30322,0.044974451390897424,oxidative_stress_cell
normal,lung,fibroblast of lung,30273,0.009614053228693343,oxidative_stress_cell
normal,breast,leukocyte,30259,0.012852063023910894,
normal,lung,"CD16-positive, CD56-dim natural killer cell, human",30159,0.009577849282336157,
normal,breast,endothelial cell of lymphatic vessel,30119,0.01279260009310196,oxidative_stress_cell
normal,lung,T cell,30002,0.009527989461475825,oxidative_stress_cell
normal,vasculature,blood vessel smooth muscle cell,29903,0.21500575208513087,
normal,eye,pigmented epithelial cell,29856,0.0038244758254596133,oxidative_stress_cell
normal,hindlimb,mesenchymal cell,29822,0.342891965230189,
normal,nose,club cell,29716,0.12517428611145043,oxidative_stress_cell
normal,brain,central nervous system neuron,29561,0.0015944589786174427,neuron_stressed
bronchopulmonary dysplasia,lung,pulmonary alveolar type 1 cell,29546,0.19609612997856257,
open-angle glaucoma,blood,"CD4-positive, alpha-beta memory T cell",29505,0.21130391812823615,oxidative_stress_cell
hematologic disorder,blood,hematopoietic multipotent progenitor cell,29479,0.2941839809991418,
normal,cortex,neuroblast (sensu Vertebrata),29406,0.19634630022835622,neuron_stressed
normal,adipose tissue,mesenchymal stem cell of adipose tissue,29308,0.06399098693892166,
normal,liver,centrilobular region hepatocyte,29214,0.030557746337442706,hepatocyte_ketogenic
normal,lung,endothelial cell,29187,0.009269163002869639,oxidative_stress_cell
normal,skin of body,basal cell of epidermis,29185,0.043288020705868395,
normal,placenta,Hofbauer cell,28936,0.05555032952771853,
normal,small intestine,"CD8-positive, alpha-beta T cell",28901,0.024339918358821988,oxidative_stress_cell
normal,bone marrow,erythroid progenitor cell,28900,0.03804824359301808,
normal,eye,corneal epithelial cell,28805,0.003689845463302658,oxidative_stress_cell
normal,eye,non-myelinating Schwann cell,28776,0.0036861306388473285,
Alzheimer disease,brain,microglial cell,28651,0.04710514850345672,microglia_activated
breast cancer,liver,macrophage,28609,0.07920213723128884,oxidative_stress_cell
normal,heart,mesothelial cell,28504,0.014520357996308781,
dementia,brain,astrocyte,28439,0.020388221445091097,microglia_activated
malignant ovarian serous tumor,ovary,fibroblast,28405,0.2019092705534468,oxidative_stress_cell
normal,respiratory system,nasal mucosa goblet cell,28284,0.05468719789016156,oxidative_stress_cell
lung adenocarcinoma,lung,classical monocyte,28266,0.0391741632908182,oxidative_stress_cell
vascular dementia,brain,oligodendrocyte,28099,0.33879115976802227,microglia_activated
COVID-19,blood,platelet,27974,0.007665283532464287,
normal,kidney,endothelial cell,27959,0.04248771748000529,oxidative_stress_cell
normal,breast,vascular associated smooth muscle cell,27928,0.011862005225942147,
estrogen-receptor positive breast cancer,breast,malignant cell,27927,0.3186267798466594,tumor_epithelial_warburg
normal,breast,T cell,27894,0.011847564228459978,oxidative_stress_cell
normal,lung,lung secretory cell,27777,0.008821377350557096,
interstitial lung disease,lung,unknown,27661,0.08731348701550816,
type 2 diabetes mellitus,pancreas,pancreatic A cell,27583,0.3546193206654496,
normal,heart,mural cell,27553,0.014035904570316301,
B-cell acute lymphoblastic leukemia,blood,T cell,27330,0.18628587008383887,oxidative_stress_cell
neuroblastoma,lymph node,neuroblast (sensu Vertebrata),27318,0.7989821882951654,neuron_stressed
normal,bladder organ,bladder urothelial cell,27241,0.3611284185966354,
open-angle glaucoma,blood,"effector CD4-positive, alpha-beta T cell",27191,0.1947319043492584,oxidative_stress_cell
lung adenocarcinoma,lung,epithelial cell,27125,0.03759283872013881,oxidative_stress_cell
lung adenocarcinoma,lung,malignant cell,27122,0.03758868098682414,tumor_epithelial_warburg
normal,brain,hippocampal astrocyte,27092,0.0014612862436556191,microglia_activated
schizophrenia,brain,L2/3 intratelencephalic projecting glutamatergic neuron,27016,0.11253431305166431,neuron_stressed
cytomegalovirus infection,blood,platelet,26992,0.00420707499962203,
interstitial lung disease,lung,lung secretory cell,26800,0.08459569256410175,
normal,respiratory system,club cell,26782,0.05178307643523925,oxidative_stress_cell
dementia,brain,L2/3 intratelencephalic projecting glutamatergic neuron,26570,0.019048315475089506,neuron_stressed
respiratory system disorder,blood,classical monocyte,26493,0.27891185109541305,oxidative_stress_cell
normal,breast,unknown,26472,0.011243590745529237,
normal,heart,lymphocyte,26444,0.013470963614032746,
normal,breast,pericyte,26404,0.011214708750564897,oxidative_stress_cell
normal,adipose tissue,fibroblast,26401,0.05764385308361099,oxidative_stress_cell
normal,lung,multiciliated columnar cell of tracheobronchial tree,26382,0.008378355375396815,
normal,breast,CD4-positive helper T cell,26379,0.011204090370063303,oxidative_stress_cell
normal,brain,fibroblast,26371,0.0014223970002747058,oxidative_stress_cell
normal,skin of body,spinous cell of epidermis,26321,0.039040054582804934,
normal,respiratory system,basal cell,26276,0.050804723934446516,
neuroblastoma,abdomen,fibroblast,26212,0.14062458086771784,oxidative_stress_cell
normal,central nervous system,leptomeningeal cell,26205,0.035275208548432906,
diabetes mellitus,brain,oligodendrocyte,26161,0.3451455862369223,microglia_activated
COVID-19,lung,classical monocyte,26122,0.03213164601804745,oxidative_stress_cell
normal,blood,myeloid cell,26097,0.0018879865542541661,
small cell lung carcinoma,lung,epithelial cell,25988,0.8239695624603678,oxidative_stress_cell
normal,lung,alveolar type 1 fibroblast cell,25973,0.008248465778378495,oxidative_stress_cell
normal,colon,transit amplifying cell,25906,0.03861708328178128,
normal,large intestine,transit amplifying cell,25873,0.1394139580998362,
heart valve disorder,heart,cardiac blood vessel endothelial cell,25823,0.14063589229696757,oxidative_stress_cell
myocardial infarction,heart,immature innate lymphoid cell,25496,0.13555357066904852,
normal,lung,lung macrophage,25471,0.008089041383016157,oxidative_stress_cell
normal,small intestine,T cell,25427,0.021414176122271433,oxidative_stress_cell
normal,blood,conventional dendritic cell,25340,0.0018332214156723213,oxidative_stress_cell
normal,prostate gland,luminal cell of prostate epithelium,25283,0.2902588829573503,
normal,bone marrow,"effector memory CD8-positive, alpha-beta T cell",25139,0.03309670573304088,oxidative_stress_cell
normal,endocrine gland,"CD8-positive, alpha-beta T cell",25121,0.03582296856773722,oxidative_stress_cell
squamous cell lung carcinoma,lung,"CD4-positive, alpha-beta T cell",24958,0.10634091470741122,oxidative_stress_cell
malignant ovarian serous tumor,uterus,fibroblast,24848,0.15548074636765238,oxidative_stress_cell
normal,reproductive system,interstitial cell of ovary,24823,0.06811552445633533,
normal,spleen,macrophage,24710,0.042774768599061416,oxidative_stress_cell
normal,intestine,intestinal epithelial cell,24664,0.08734329626744104,oxidative_stress_cell
juvenile dermatomyositis,blood,"naive thymus-derived CD4-positive, alpha-beta T cell",24607,0.2976677231267994,oxidative_stress_cell
normal,vasculature,macrophage,24458,0.17585562266321542,oxidative_stress_cell
normal,brain,chandelier pvalb GABAergic cortical interneuron,24385,0.001315276282723397,neuron_stressed
COVID-19,lung,natural killer cell,24384,0.029993800493992383,
glioblastoma,brain,oligodendrocyte precursor cell,24327,0.017952233642487322,microglia_activated
squamous cell lung carcinoma,lung,"CD8-positive, alpha-beta T cell",24321,0.10362678846858515,oxidative_stress_cell
normal,lung,fibroblast,24225,0.007693338600901669,oxidative_stress_cell
normal,eye,giant bipolar cell,24203,0.0031003412514603104,
normal,endocrine gland,T cell,24187,0.03449106885664823,oxidative_stress_cell
arrhythmogenic right ventricular cardiomyopathy,heart,fibroblast of cardiac tissue,24077,0.23041073342520288,oxidative_stress_cell
normal,blood,erythrocyte,24000,0.0017362791624362947,
breast cancer,breast,T cell,23979,0.040856906263737384,oxidative_stress_cell
normal,lymph node,"CD34-negative, CD117-positive innate lymphoid cell, human",23970,0.02607061362197719,
COVID-19,lung,lung endothelial cell,23907,0.029407061532557247,oxidative_stress_cell
normal,adrenal gland,epithelial cell,23897,0.05457319092281377,oxidative_stress_cell
normal,lymph node,"CD4-positive, CD25-positive, alpha-beta regulatory T cell",23874,0.025966200651275903,oxidative_stress_cell
type 2 diabetes mellitus,pancreas,type B pancreatic cell,23866,0.30683191483890876,
acute kidney failure,kidney,kidney loop of Henle thick ascending limb epithelial cell,23776,0.18976622422999256,oxidative_stress_cell
COVID-19,blood,myeloid cell,23655,0.00648181461215567,
COVID-19,blood,plasmablast,23647,0.006479622495609602,
uveal melanoma,eye,epithelial cell,23628,0.45691522277227725,oxidative_stress_cell
arrhythmogenic right ventricular cardiomyopathy,heart,cardiac muscle cell,23573,0.22558758229980094,
normal,eye,ON-bipolar cell,23558,0.0030177184316779733,
estrogen-receptor positive breast cancer,breast,T cell,23534,0.2685058415480102,oxidative_stress_cell
COVID-19,lung,plasma cell,23502,0.02890888694265949,oxidative_stress_cell
cytomegalovirus infection,blood,plasmacytoid dendritic cell,23501,0.0036629545630600673,oxidative_stress_cell
normal,embryo,neuron,23458,0.05856520490831242,neuron_stressed
normal,bone marrow,granulocyte monocyte progenitor cell,23271,0.03063739365581743,oxidative_stress_cell
normal,breast,"CD8-positive, alpha-beta memory T cell",23220,0.009862351809881719,oxidative_stress_cell
normal,stomach,IgA plasma cell,23210,0.08164428278962439,oxidative_stress_cell
normal,brain,vascular leptomeningeal cell,23124,0.001247260560249983,
normal,brain,L6 corticothalamic-projecting glutamatergic cortical neuron,23119,0.001246990870628756,neuron_stressed
open-angle glaucoma,blood,"CD14-positive, CD16-negative classical monocyte",23075,0.16525463178475003,oxidative_stress_cell
normal,kidney,kidney collecting duct principal cell,23039,0.03501107060416474,
normal,colon,colon epithelial cell,23012,0.034303108178813824,oxidative_stress_cell
normal,embryo,glutamatergic neuron,22945,0.05728444993696089,neuron_stressed
B-cell acute lymphoblastic leukemia,blood,precursor B cell,22913,0.15617885624701794,oxidative_stress_cell
normal,lung,stem cell,22910,0.00727572290388678,
primary sclerosing cholangitis,liver,periportal region hepatocyte,22844,0.21825408199336946,hepatocyte_ketogenic
atherosclerosis,heart,T cell,22773,0.6433959598813391,oxidative_stress_cell
normal,lung,vein endothelial cell,22565,0.007166158329384774,oxidative_stress_cell
normal,endocrine gland,immature alpha-beta T cell,22542,0.032145271185618905,oxidative_stress_cell
Parkinson disease,brain,neuron,22488,0.0124234376924934,neuron_stressed
Alzheimer disease,brain,inhibitory interneuron,22475,0.03695117840966074,neuron_stressed
normal,spleen,classical monocyte,22290,0.03858557636880125,oxidative_stress_cell
normal,yolk sac,erythrocyte,22279,0.3928861143441611,
respiratory system disorder,blood,"CD4-positive, alpha-beta T cell",22113,0.23280027793276975,oxidative_stress_cell
prediabetes syndrome,pancreas,pancreatic A cell,22005,0.2765315739868049,
normal,lymph node,"effector memory CD4-positive, alpha-beta T cell",21989,0.023916008466151707,oxidative_stress_cell
nonpapillary renal cell carcinoma,kidney,"effector memory CD8-positive, alpha-beta T cell",21949,0.11060551087460442,oxidative_stress_cell
normal,small intestine,colonocyte,21864,0.018413479637288812,
normal,lymph node,"CD8-positive, alpha-beta T cell",21843,0.023757213739876836,oxidative_stress_cell
normal,lung,ciliated cell,21787,0.006919082274420832,
normal,small intestine,goblet cell,21671,0.018250938401924894,oxidative_stress_cell
COVID-19,lung,alveolar macrophage,21642,0.026620974011277197,oxidative_stress_cell
arrhythmogenic right ventricular cardiomyopathy,heart,mural cell,21509,0.20583563007196448,
pulmonary fibrosis,lung,multiciliated columnar cell of tracheobronchial tree,21379,0.0794959320571743,
normal,musculature,cell of skeletal muscle,21339,0.036610033403502995,
chronic kidney disease,kidney,endothelial cell,21325,0.08000615287646975,oxidative_stress_cell
normal,musculature,skeletal muscle fiber,21309,0.03655856421553237,
clear cell renal carcinoma,kidney,"CD4-positive, alpha-beta T cell",21294,0.13971432508152298,oxidative_stress_cell
normal,eye,diffuse bipolar 3a cell,21251,0.002722197741386731,
normal,spleen,plasma cell,21225,0.036741985573252874,oxidative_stress_cell
atherosclerosis,vasculature,smooth muscle cell,21210,0.09480558374046245,
clear cell renal carcinoma,kidney,"naive thymus-derived CD8-positive, alpha-beta T cell",21097,0.13842176745772944,oxidative_stress_cell
normal,yolk sac,macrophage,20811,0.36699820124854515,oxidative_stress_cell
normal,colon,goblet cell,20808,0.031017689682980965,oxidative_stress_cell
normal,large intestine,stem cell,20736,0.11173377015259936,
normal,bone marrow,unknown,20733,0.02729599427038214,
normal,spinal cord,oligodendrocyte,20708,0.4161910121392395,microglia_activated
normal,musculature,stromal cell,20666,0.03545540795336205,oxidative_stress_cell
digestive system disorder,small intestine,transit amplifying cell,20621,0.2295072844439003,
normal,kidney,epithelial cell,20565,0.03125147215480914,oxidative_stress_cell
normal,small intestine,mast cell,20545,0.01730264083187425,oxidative_stress_cell
normal,bone marrow,erythrocyte,20522,0.027018202595706472,
normal,adrenal gland,chromaffin cell,20456,0.046715035088801045,
normal,placenta,fibroblast,20316,0.03900195240133846,oxidative_stress_cell
normal,brain,L4 intratelencephalic projecting glutamatergic neuron,20288,0.0010942926070901077,neuron_stressed
normal,digestive system,epithelial cell,20264,0.2806959219858156,oxidative_stress_cell
normal,reproductive system,epithelial cell,20222,0.0554901557247719,oxidative_stress_cell
normal,uterus,epithelial cell,20206,0.06564865655154488,oxidative_stress_cell
normal,liver,midzonal region hepatocyte,20168,0.021095660578268793,hepatocyte_ketogenic
normal,eye,OFF-bipolar cell,20132,0.0025788567563690026,
normal,small intestine,B cell,20108,0.016934607050247137,oxidative_stress_cell
COVID-19,blood,dendritic cell,20057,0.005495910195561457,oxidative_stress_cell
pulmonary fibrosis,lung,elicited macrophage,20031,0.07448351256079604,oxidative_stress_cell
normal,embryo,epithelial cell,20017,0.04997440986655682,oxidative_stress_cell
normal,large intestine,enterocyte,19936,0.10742305371152686,oxidative_stress_cell
normal,embryo,splanchnic mesodermal cell,19921,0.049734736421625535,
estrogen-receptor positive breast cancer,breast,fibroblast,19805,0.22596066082511865,oxidative_stress_cell
chronic obstructive pulmonary disease,lung,unknown,19789,0.21972641069485466,
normal,brain,midbrain dopaminergic neuron,19760,0.0010658133830885514,neuron_stressed
normal,liver,endothelial cell,19642,0.020545466336689588,oxidative_stress_cell
normal,liver,neutrophil,19639,0.020542328346718604,oxidative_stress_cell
lung cancer,lung,T cell,19622,0.47883062056175113,oxidative_stress_cell
normal,endocrine gland,fibroblast,19586,0.02792996546187259,oxidative_stress_cell
digestive system disorder,small intestine,B cell,19508,0.2171198343888079,oxidative_stress_cell
lung adenocarcinoma,lung,plasma cell,19488,0.02700863561209457,oxidative_stress_cell
dementia,brain,corticothalamic-projecting glutamatergic cortical neuron,19485,0.013969003651942756,neuron_stressed
chronic obstructive pulmonary disease,lung,alveolar macrophage,19466,0.2161399924496458,oxidative_stress_cell
normal,lung,mast cell,19451,0.006177218952575371,oxidative_stress_cell
normal,forelimb,mesenchymal cell,19394,0.49749890978118666,
dementia,brain,sncg GABAergic cortical interneuron,19377,0.013891577303756468,neuron_stressed
normal,eye,B cell,19359,0.0024798374700252097,oxidative_stress_cell
normal,blood,double negative thymocyte,19332,0.0013985728653424356,
normal,nose,basal cell of epithelium of trachea,19237,0.08103303748573065,
normal,bone marrow,"central memory CD4-positive, alpha-beta T cell",19025,0.02504732990855256,oxidative_stress_cell
lung adenocarcinoma,lymph node,"CD4-positive, alpha-beta T cell",19022,0.35245506763016493,oxidative_stress_cell
normal,eye,corneal endothelial cell,18980,0.0024312885573158985,oxidative_stress_cell
colon adenocarcinoma,large intestine,macrophage,18976,0.07376453347120128,oxidative_stress_cell
normal,eye,blood vessel smooth muscle cell,18833,0.0024124582402492265,
normal,breast,endothelial cell of artery,18763,0.007969306934057308,oxidative_stress_cell
normal,bone marrow,hematopoietic multipotent progenitor cell,18737,0.02466816402084359,
normal,exocrine gland,lymphocyte,18705,0.09691508984269756,
normal,small intestine,intestinal epithelial cell,18695,0.01574460308356725,oxidative_stress_cell
normal,bone marrow,naive B cell,18682,0.024595753868676948,oxidative_stress_cell
normal,bone marrow,"effector memory CD8-positive, alpha-beta T cell, terminally differentiated",18670,0.024579955290022406,oxidative_stress_cell
normal,colon,intestinal epithelial cell,18606,0.02773525251064705,oxidative_stress_cell
nonpapillary renal cell carcinoma,kidney,macrophage,18597,0.093714095664268,oxidative_stress_cell
normal,embryo,mesodermal cell,18573,0.0463693217990488,
normal,eye,diffuse bipolar 6 cell,18491,0.002368648931155336,
COVID-19,blood,"effector memory CD8-positive, alpha-beta T cell",18489,0.0050662553525320725,oxidative_stress_cell
bipolar I disorder,brain,astrocyte,18487,0.12146916784388449,microglia_activated
normal,embryo,neural cell,18472,0.04611716536219401,
squamous cell lung carcinoma,lung,macrophage,18440,0.07856905470008266,oxidative_stress_cell
normal,brain,endothelial cell of vascular tree,18342,0.0009893294065086138,oxidative_stress_cell
normal,heart,cardiac muscle myoblast,18310,0.009327384048288442,
normal,endocrine gland,cortical thymic epithelial cell,18286,0.026076143594189836,oxidative_stress_cell
lung adenocarcinoma,lung,epithelial cell of lung,18236,0.0252734749087724,oxidative_stress_cell
normal,eye,starburst amacrine cell,18210,0.0023326535631571395,
chronic kidney disease,kidney,kidney collecting duct intercalated cell,18193,0.06825565952082599,
schizophrenia,brain,L2/3-6 intratelencephalic projecting glutamatergic neuron,18146,0.07558660218520509,neuron_stressed
uveal melanoma,eye,malignant cell,18137,0.3507309715346535,tumor_epithelial_warburg
normal,musculature,smooth muscle cell,18129,0.031102830290646505,
normal,lung,non-classical monocyte,18097,0.005747217694964603,oxidative_stress_cell
normal,placenta,epithelial cell,18072,0.03469399900556156,oxidative_stress_cell
oropharynx squamous cell carcinoma,digestive system,epithelial cell,18062,0.3527734375,oxidative_stress_cell
normal,esophagus,fibroblast,18058,0.1078359946971778,oxidative_stress_cell
atherosclerosis,brain,L2/3 intratelencephalic projecting glutamatergic neuron,18054,0.12757658198777513,neuron_stressed
normal,eye,glial cell,18011,0.002307162181549876,
amyotrophic lateral sclerosis,brain,astrocyte,18009,0.10498487224479565,microglia_activated
bipolar I disorder,brain,L2/3 intratelencephalic projecting glutamatergic neuron,17994,0.11822990242780643,neuron_stressed
normal,spleen,"naive thymus-derived CD4-positive, alpha-beta T cell",17965,0.031098693560588357,oxidative_stress_cell
normal,bone marrow,precursor B cell,17956,0.023639939860077255,oxidative_stress_cell
invasive ductal breast carcinoma,breast,"CD4-positive, alpha-beta T cell",17923,0.09589107056872291,oxidative_stress_cell
normal,fallopian tube,secretory cell,17899,0.0837321357565551,
normal,bone marrow,neutrophil,17853,0.02350433539329245,oxidative_stress_cell
open-angle glaucoma,blood,natural killer cell,17830,0.1276918779944569,
lung adenocarcinoma,lung,regulatory T cell,17787,0.02465120082267683,oxidative_stress_cell
normal,brain,dopaminergic neuron,17676,0.0009534067489611961,neuron_stressed
myocarditis,heart,cardiac muscle cell,17661,0.2816521808468224,
normal,respiratory system,"CD8-positive, alpha-beta T cell",17572,0.03397551411843866,oxidative_stress_cell
normal,embryo,sensory neuron,17571,0.043867730217578546,neuron_stressed
normal,prostate gland,basal cell of prostate epithelium,17570,0.20171057918603982,
epilepsy,brain,microglial cell,17562,0.13519110118933067,microglia_activated
normal,pancreas,acinar cell,17542,0.0412596639861135,
normal,large intestine,IgA plasma cell,17493,0.09425920337960168,oxidative_stress_cell
normal,brain,mature microglial cell,17492,0.0009434821709000476,microglia_activated
frontotemporal dementia,brain,astrocyte,17482,0.1474826213133563,microglia_activated
normal,bone marrow,progenitor cell,17465,0.02299351468346231,
malignant ovarian serous tumor,intestine,T cell,17453,0.2294726323678294,oxidative_stress_cell
normal,spleen,"CD16-positive, CD56-dim natural killer cell, human",17439,0.030188150125416105,
normal,kidney,kidney distal convoluted tubule epithelial cell,17428,0.02648434994962381,oxidative_stress_cell
normal,central nervous system,mesenchymal cell,17371,0.02338353931291082,
breast cancer,breast,"effector memory CD8-positive, alpha-beta T cell",17332,0.029531335725555545,oxidative_stress_cell
normal,kidney,kidney proximal convoluted tubule epithelial cell,17308,0.026301992708749652,oxidative_stress_cell
normal,lung,endothelial cell of lymphatic vessel,17299,0.0054937900704643125,oxidative_stress_cell
normal,endocrine gland,unknown,17278,0.024638718638325056,
neuroblastoma,adrenal gland,cortical cell of adrenal gland,17245,0.16288075560802834,
normal,colon,transit amplifying cell of colon,17225,0.02567664863462837,
normal,esophagus,epithelial cell of esophagus,17218,0.10281981153483262,oxidative_stress_cell
luminal B breast carcinoma,pleural fluid,malignant cell,17189,0.6004261562107028,tumor_epithelial_warburg
normal,central nervous system,oligodendrocyte precursor cell,17172,0.023115660415710358,microglia_activated
isolated focal cortical dysplasia type II,brain,oligodendrocyte,17108,0.27806582689963427,microglia_activated
amyotrophic lateral sclerosis 26 with or without frontotemporal dementia,brain,oligodendrocyte,17107,0.23181159125709716,microglia_activated
normal,brain,forebrain neuroblast,17107,0.0009227160700655794,neuron_stressed
normal,vasculature,endothelial cell of artery,17088,0.12286453839516825,oxidative_stress_cell
Alzheimer disease,brain,oligodendrocyte precursor cell,17088,0.028094404300969197,microglia_activated
normal,placenta,uterine smooth muscle cell,17042,0.032716640717838655,
normal,heart,vein endothelial cell,16975,0.00864731535880373,oxidative_stress_cell
normal,endocrine gland,capillary endothelial cell,16761,0.02390146794171584,oxidative_stress_cell
normal,nose,secretory cell,16635,0.07007249459765709,
normal,spleen,neutrophil,16610,0.02875309212587657,oxidative_stress_cell
COVID-19,blood,memory B cell,16476,0.00451466402662764,oxidative_stress_cell
bipolar I disorder,brain,L2/3-6 intratelencephalic projecting glutamatergic neuron,16476,0.10825585597424357,neuron_stressed
normal,brain,cortical interneuron,16416,0.0008854449644120272,neuron_stressed
interstitial lung disease,lung,alveolar macrophage,16416,0.051818018251205016,oxidative_stress_cell
normal,heart,stromal cell,16413,0.008361024270046872,oxidative_stress_cell
triple-negative breast carcinoma,pleural fluid,malignant cell,16361,0.6890582884097035,tumor_epithelial_warburg
normal,intestine,interstitial cell of Cajal,16344,0.057879453219066505,
glioblastoma,brain,endothelial cell,16317,0.012041213316252132,oxidative_stress_cell
interstitial lung disease,lung,pulmonary alveolar type 2 cell,16303,0.05146132745793101,
normal,spleen,follicular B cell,16286,0.028192225066949177,oxidative_stress_cell
normal,colon,mesodermal cell,16271,0.024254557325633568,
normal,tongue,basal cell,16263,0.41964700418021367,
normal,uterus,perivascular cell,16228,0.05272426004743494,
invasive ductal breast carcinoma,breast,malignant cell,16202,0.08668343052806163,tumor_epithelial_warburg
Sjogren syndrome,exocrine gland,acinar cell of salivary gland,16187,0.3578740244522562,
nonpapillary renal cell carcinoma,kidney,lymphocyte,16163,0.08144867065771703,
normal,blood,unknown,16158,0.0011689499461102356,
normal,bone marrow,promonocyte,16136,0.021243822097471964,oxidative_stress_cell
non-small cell lung carcinoma,lung,"CD4-positive, alpha-beta T cell",16063,0.17059804369298087,oxidative_stress_cell
normal,adipose tissue,fibro/adipogenic progenitor cell,16021,0.03498019659302798,
normal,mucosa,fibroblast,15990,0.17483435019353147,oxidative_stress_cell
normal,fallopian tube,lymphocyte,15982,0.07476434402264169,
normal,breast,lactocyte,15973,0.0067842956700792725,
hematologic disorder,blood,B cell,15966,0.15933177654032693,oxidative_stress_cell
normal,small intestine,endothelial cell,15948,0.013431127572973014,oxidative_stress_cell
normal,eye,OFFx cell,15923,0.002039694820766125,
normal,immune system,memory B cell,15906,0.31892368769298635,oxidative_stress_cell
normal,small intestine,gamma-delta T cell,15885,0.013378070071273911,oxidative_stress_cell
normal,adipose tissue,B cell,15877,0.03466578748564417,oxidative_stress_cell
normal,lymph node,regulatory T cell,15861,0.01725098050305299,oxidative_stress_cell
normal,lymph node,T cell,15847,0.017235753611492387,oxidative_stress_cell
progressive supranuclear palsy,brain,astrocyte,15824,0.12406893415502344,microglia_activated
breast cancer,breast,IgG plasma cell,15821,0.026956800283522632,oxidative_stress_cell
breast cancer,breast,natural killer cell,15773,0.02687501490879227,
normal,liver,Kupffer cell,15745,0.016469217364381304,hepatocyte_sulfur
pneumonia,lung,unknown,15734,0.4928734768035586,
normal,liver,endothelial cell of hepatic sinusoid,15732,0.016455619407840374,oxidative_stress_cell
normal,lung,endothelial cell of vascular tree,15725,0.004993921547953715,oxidative_stress_cell
normal,eye,microglial cell,15690,0.0020098481277284743,microglia_activated
dementia,brain,near-projecting glutamatergic cortical neuron,15689,0.011247610895321012,neuron_stressed
colon adenocarcinoma,large intestine,"CD8-positive, alpha-beta T cell",15687,0.06097935479356737,oxidative_stress_cell
benign prostatic hyperplasia,prostate gland,basal cell of prostate epithelium,15684,0.26204200290712243,
normal,spleen,"CD16-negative, CD56-bright natural killer cell, human",15627,0.02705144916622957,
normal,intestine,mesodermal cell,15626,0.055336780225228414,
normal,stomach,foveolar cell of stomach,15499,0.05451980779648377,
normal,adipose tissue,adipocyte of omentum tissue,15460,0.03375531111217855,adipocyte_lipolytic
normal,exocrine gland,luminal epithelial cell of mammary gland,15432,0.07995689208513813,oxidative_stress_cell
basal cell carcinoma,skin of body,"central memory CD8-positive, alpha-beta T cell",15425,0.13172727117457173,oxidative_stress_cell
normal,lung,conventional dendritic cell,15415,0.004895472220140319,oxidative_stress_cell
normal,endocrine gland,regulatory T cell,15359,0.021902192358261057,oxidative_stress_cell
normal,bone marrow,hematopoietic cell,15347,0.020205065550935934,
small cell lung carcinoma,lymph node,epithelial cell,15345,0.8252662149080349,oxidative_stress_cell
COVID-19,blood,mucosal invariant T cell,15305,0.004193792967196894,oxidative_stress_cell
schizophrenia,brain,oligodendrocyte precursor cell,15263,0.06357755478633226,microglia_activated
B-cell non-Hodgkin lymphoma,lymph node,T follicular helper cell,15234,0.0261256548992034,
ovarian cancer,ovary,fibroblast,15163,0.26241282037969643,oxidative_stress_cell
normal,pleura,fibroblast,15156,0.7695354150799696,oxidative_stress_cell
nonpapillary renal cell carcinoma,kidney,"CD4-positive, alpha-beta T cell",15149,0.07633891677248997,oxidative_stress_cell
normal,musculature,capillary endothelial cell,15049,0.02581866032566271,oxidative_stress_cell
normal,lung,neuroendocrine cell,15034,0.0047744748204728875,
Parkinson disease,brain,central nervous system neuron,15011,0.008292788296069834,neuron_stressed
diffuse large B-cell lymphoma,lymph node,malignant cell,14960,0.6417571103770752,tumor_epithelial_warburg
COVID-19,lung,elicited macrophage,14874,0.018295923086763564,oxidative_stress_cell
normal,uterus,glandular secretory epithelial cell,14850,0.04824718151986744,oxidative_stress_cell
COVID-19,blood,plasma cell,14799,0.004055141595658075,oxidative_stress_cell
myelodysplastic syndrome,blood,B cell,14781,0.08390000794668907,oxidative_stress_cell
normal,eye,midget ganglion cell of retina,14779,0.0018931514008731119,
lung adenocarcinoma,lung,unknown,14774,0.02047545066364353,
normal,blood,CD8aa(I) thymocyte,14707,0.0010639774017479411,
tauopathy,brain,astrocyte,14670,0.1175584386444318,microglia_activated
normal,kidney,kidney epithelial cell,14631,0.02223390659358194,oxidative_stress_cell
normal,musculature,macrophage,14592,0.025034613028910243,oxidative_stress_cell
normal,kidney,kidney collecting duct intercalated cell,14556,0.022119933318035585,
lung adenocarcinoma,lung,CD1c-positive myeloid dendritic cell,14524,0.020128972887421055,oxidative_stress_cell
normal,reproductive system,germ cell,14516,0.03983261302051176,
normal,lung,respiratory basal cell,14514,0.004609334012527836,
normal,reproductive system,endothelial cell,14484,0.039744803457501546,oxidative_stress_cell
normal,brain,ependymal cell,14484,0.0007812368947699686,
post-COVID-19 disorder,blood,"naive thymus-derived CD4-positive, alpha-beta T cell",14442,0.14854356948901506,oxidative_stress_cell
normal,respiratory system,B cell,14433,0.027906248308184906,oxidative_stress_cell
normal,stomach,epithelial cell,14429,0.05075593952483801,oxidative_stress_cell
normal,adrenal gland,endothelial cell of vascular tree,14417,0.032923868834339294,oxidative_stress_cell
normal,brain,intratelencephalic-projecting glutamatergic cortical neuron,14400,0.0007767061091333572,neuron_stressed
normal,spleen,"CD8-positive, alpha-beta T cell",14397,0.02492223162770891,oxidative_stress_cell
lung adenocarcinoma,lung,myeloid cell,14394,0.019948804443785367,
arrhythmogenic right ventricular cardiomyopathy,heart,endothelial cell,14376,0.13757464400551217,oxidative_stress_cell
normal,blood,CD4-positive helper T cell,14375,0.001039958873334239,oxidative_stress_cell
normal,stomach,mucous neck cell of gastric gland,14362,0.05052025805362281,
normal,brain,macrophage,14288,0.0007706650616178755,oxidative_stress_cell
colon adenocarcinoma,large intestine,IgG plasma cell,14266,0.05545556674220897,oxidative_stress_cell
normal,spleen,B-2 B cell,14262,0.024688537019822494,oxidative_stress_cell
normal,pancreas,pancreatic D cell,14243,0.03350025049334252,
normal,lung,alveolar adventitial fibroblast,14211,0.004513107734052162,oxidative_stress_cell
post-COVID-19 disorder,blood,classical monocyte,14197,0.14602361556817248,oxidative_stress_cell
tauopathy,brain,L2/3 intratelencephalic projecting glutamatergic neuron,14166,0.11351962112045132,neuron_stressed
malignant ovarian serous tumor,intestine,monocyte,14143,0.18595264078257095,oxidative_stress_cell
COVID-19,lung,fibroblast,14097,0.017340165910589348,oxidative_stress_cell
normal,liver,erythroid progenitor cell,14057,0.014703575007374277,
normal,bone marrow,hematopoietic stem cell,14012,0.018447473675618317,
dementia,brain,L6b glutamatergic cortical neuron,13992,0.010031013553912397,neuron_stressed
normal,small intestine,myofibroblast cell,13989,0.011781291924900896,oxidative_stress_cell
normal,bone marrow,"effector memory CD4-positive, alpha-beta T cell",13982,0.018407977228981964,oxidative_stress_cell
neuroblastoma,liver,neuroblast (sensu Vertebrata),13977,0.5753509241345244,neuron_stressed
normal,heart,adipocyte,13974,0.007118561698021993,adipocyte_lipolytic
normal,colon,"CD4-positive, alpha-beta T cell",13893,0.020709763685392856,oxidative_stress_cell
normal,eye,monocyte,13858,0.0017751737000676355,oxidative_stress_cell
normal,embryo,placental villous trophoblast,13856,0.03459286721841491,
normal,bladder organ,fibroblast,13846,0.18355361711717683,oxidative_stress_cell
normal,spleen,"CD4-positive, alpha-beta T cell",13823,0.023928596776399268,oxidative_stress_cell
Parkinson disease,brain,endothelial cell,13810,0.007629298938693252,oxidative_stress_cell
normal,lymph node,T follicular helper cell,13780,0.014987611836080337,
normal,central nervous system,erythroblast,13767,0.018532104410848155,
post-COVID-19 disorder,blood,"CD8-positive, alpha-beta cytotoxic T cell",13731,0.1412305603554678,oxidative_stress_cell
normal,nose,respiratory tract epithelial cell,13707,0.0577387245837142,oxidative_stress_cell
normal,breast,progenitor cell of mammary luminal epithelium,13702,0.005819721985314355,
triple-negative breast carcinoma,breast,myeloid cell,13686,0.12107968469385047,
lung adenocarcinoma,lymph node,B cell,13682,0.2535112099314434,oxidative_stress_cell
normal,respiratory system,pulmonary alveolar type 2 cell,13657,0.02640585000657391,
juvenile dermatomyositis,blood,naive B cell,13629,0.16486826506665375,oxidative_stress_cell
Parkinson disease,brain,mural cell,13608,0.007517704558851396,
primary sclerosing cholangitis,liver,centrilobular region hepatocyte,13607,0.1300027706918131,hepatocyte_ketogenic
breast cancer,axilla,T cell,13560,0.15467621796114844,oxidative_stress_cell
lung adenocarcinoma,lung,pulmonary alveolar type 2 cell,13530,0.018751377249160484,
normal,small intestine,enterocyte of epithelium proper of duodenum,13495,0.011365253736974595,oxidative_stress_cell
B-cell acute lymphoblastic leukemia,blood,pro-B cell,13479,0.09187512780314908,oxidative_stress_cell
Lewy body dementia,brain,astrocyte,13479,0.11210825736908643,microglia_activated
normal,lung,pulmonary artery endothelial cell,13425,0.00426349105127368,oxidative_stress_cell
colon adenocarcinoma,large intestine,monocyte,13401,0.05209309196076983,oxidative_stress_cell
COVID-19,lung,neutrophil,13354,0.016426230798752228,oxidative_stress_cell
normal,eye,retinal astrocyte,13351,0.0017102283207968683,microglia_activated
normal,eye,basal cell,13303,0.0017040796458363222,
COVID-19,blood,"CD16-negative, CD56-bright natural killer cell, human",13295,0.0036430236849972365,
normal,skin of body,pericyte,13284,0.01970320599817563,oxidative_stress_cell
bronchopulmonary dysplasia,lung,serous secreting cell,13189,0.08753509301723623,
normal,bone marrow,"naive thymus-derived CD8-positive, alpha-beta T cell",13186,0.017360004844897452,oxidative_stress_cell
normal,vasculature,microcirculation associated smooth muscle cell,13169,0.09468651136036814,
interstitial lung disease,lung,classical monocyte,13106,0.041369818908399913,oxidative_stress_cell
invasive ductal breast carcinoma,breast,macrophage,13104,0.07010860842116527,oxidative_stress_cell
normal,exocrine gland,epithelial cell,13102,0.06788460342790822,oxidative_stress_cell
normal,brain,leptomeningeal cell,13072,0.0007050765457355032,
post-COVID-19 disorder,blood,natural killer cell,13060,0.13432897227022134,
COVID-19,nose,ciliated cell,13026,0.14778593390136258,
normal,eye,natural killer cell,12967,0.0016610389211125002,
normal,placenta,decidual cell,12958,0.024876319118750923,
normal,nose,ciliated cell,12958,0.054583672076732224,
gastric cancer,stomach,IgA plasma cell,12923,0.05930076219582146,oxidative_stress_cell
breast cancer,breast,memory B cell,12903,0.02198493104470593,oxidative_stress_cell
atherosclerosis,brain,L2/3-6 intratelencephalic projecting glutamatergic neuron,12903,0.09117761368052857,neuron_stressed
normal,cortex,neuroblast (sensu Nematoda and Protostomia),12902,0.08614772378243393,neuron_stressed
normal,brain,L6b glutamatergic neuron of the primary motor cortex,12895,0.0006955295331440724,neuron_stressed
normal,blood,plasma cell,12893,0.0009327436350537978,oxidative_stress_cell
normal,spleen,"central memory CD4-positive, alpha-beta T cell",12889,0.02231177630405919,oxidative_stress_cell
normal,bone marrow,plasma cell,12861,0.01693212667300365,oxidative_stress_cell
myocarditis,heart,cardiac endothelial cell,12849,0.20491188900406665,oxidative_stress_cell
atherosclerosis,vasculature,monocyte,12823,0.05731692599264262,oxidative_stress_cell
squamous cell lung carcinoma,lung,alveolar macrophage,12820,0.05462338835439586,oxidative_stress_cell
normal,small intestine,epithelial cell,12807,0.01078583213111772,oxidative_stress_cell
normal,kidney,kidney connecting tubule epithelial cell,12793,0.019440801520859387,oxidative_stress_cell
Pick disease,brain,astrocyte,12789,0.1304427649092745,microglia_activated
normal,liver,mononuclear phagocyte,12781,0.013368883273049059,
normal,brain,L5 extratelencephalic projecting glutamatergic cortical neuron,12781,0.0006893806097801,neuron_stressed
COVID-19,blood,T follicular helper cell,12780,0.0035019061823440903,
breast cancer,liver,fibroblast,12764,0.03533629555804715,oxidative_stress_cell
breast cancer,breast,"effector memory CD4-positive, alpha-beta T cell",12751,0.021725944024726444,oxidative_stress_cell
glioblastoma,brain,astrocyte,12746,0.009405975665192724,microglia_activated
normal,fallopian tube,ciliated epithelial cell,12723,0.05951863027155989,oxidative_stress_cell
squamous cell lung carcinoma,lung,classical monocyte,12695,0.05409078901396688,oxidative_stress_cell
normal,reproductive system,mural cell,12679,0.034791795293956235,
normal,skin of body,Langerhans cell,12670,0.018792503763692053,
atherosclerosis,brain,astrocyte,12650,0.08938981733385154,microglia_activated
normal,lung,B cell,12625,0.004009428269819755,oxidative_stress_cell
normal,stomach,fibroblast,12622,0.04439957506982503,oxidative_stress_cell
normal,colon,colonocyte,12612,0.01880022598432122,
normal,fallopian tube,macrophage,12604,0.05896194419105092,oxidative_stress_cell
normal,lung,blood vessel endothelial cell,12596,0.00400021849399205,oxidative_stress_cell
malignant ovarian serous tumor,fallopian tube,fallopian tube secretory epithelial cell,12556,0.6383324860193188,oxidative_stress_cell
normal,placenta,endothelial cell of placenta,12553,0.024098814160956966,oxidative_stress_cell
non-small cell lung carcinoma,lung,"CD8-positive, alpha-beta T cell",12525,0.13302250496511148,oxidative_stress_cell
normal,brain,Bergmann glial cell,12513,0.0006749252460823402,
normal,liver,endothelial cell of pericentral hepatic sinusoid,12506,0.01308123419237552,oxidative_stress_cell
normal,skin of body,monocyte-derived dendritic cell,12490,0.018525522652605663,oxidative_stress_cell
squamous cell lung carcinoma,lung,plasma cell,12476,0.053157674969535315,oxidative_stress_cell
normal,embryo,endothelial cell,12409,0.030980289355752786,oxidative_stress_cell
normal,central nervous system,reticulocyte,12402,0.016694643633568592,
normal,eye,photoreceptor cell,12398,0.0015881515033510278,
normal,brain,hippocampal pyramidal neuron,12345,0.0006658636748091177,neuron_stressed
COVID-19,blood,megakaryocyte,12333,0.003379421670332525,
normal,tongue,stratified squamous epithelial cell,12323,0.31798007947566703,oxidative_stress_cell
normal,small intestine,glial cell,12313,0.010369793943191418,
normal,respiratory system,"CD4-positive, alpha-beta T cell",12306,0.023793687499516623,oxidative_stress_cell
ovarian cancer,ovary,malignant cell,12277,0.21246733468321133,tumor_epithelial_warburg
COVID-19,nose,secretory cell,12243,0.13890244040798266,
normal,reproductive system,mesothelial cell,12238,0.033581669753721614,
triple-negative breast carcinoma,breast,fibroblast,12231,0.10820733768014651,oxidative_stress_cell
normal,adipose tissue,subcutaneous adipocyte,12205,0.026648355247356998,adipocyte_lipolytic
Crohn disease,small intestine,plasma cell,12203,0.08386711018253794,oxidative_stress_cell
respiratory system disorder,blood,"CD8-positive, alpha-beta T cell",12188,0.12831229536673439,oxidative_stress_cell
normal,endocrine gland,pro-T cell,12182,0.017371736917008673,oxidative_stress_cell
juvenile dermatomyositis,blood,"CD14-positive, CD16-negative classical monocyte",12166,0.1471705416979169,oxidative_stress_cell
COVID-19,lung,fibroblast of lung,12064,0.014839452475374184,oxidative_stress_cell
normal,blood,dendritic cell,12038,0.0008708886898920049,oxidative_stress_cell
normal,skin of body,regulatory T cell,12028,0.01784027113415059,oxidative_stress_cell
normal,spleen,"effector memory CD8-positive, alpha-beta T cell, terminally differentiated",11996,0.020765929749669797,oxidative_stress_cell
heart valve disorder,heart,mesothelial cell,11942,0.0650379051934472,
normal,spleen,endothelial cell,11920,0.020634368340785594,oxidative_stress_cell
Parkinson disease,brain,inhibitory interneuron,11917,0.006583515963244568,neuron_stressed
COVID-19,lung,lung multiciliated epithelial cell,11893,0.014629112092972909,oxidative_stress_cell
normal,exocrine gland,fibroblast,11892,0.061615303309775965,oxidative_stress_cell
normal,eye,H2 horizontal cell,11840,0.0015166731569346806,
normal,embryo,lateral mesodermal cell,11823,0.02951728270231809,
normal,placenta,embryonic fibroblast,11816,0.022683947114304746,oxidative_stress_cell
epilepsy,brain,oligodendrocyte precursor cell,11792,0.09077402717370386,microglia_activated
post-COVID-19 disorder,blood,CD4-positive helper T cell,11776,0.12112235661976467,oxidative_stress_cell
normal,heart,endothelial cell of vascular tree,11757,0.005989189200203562,oxidative_stress_cell
COVID-19,blood,mature gamma-delta T cell,11744,0.003218027089628247,oxidative_stress_cell
normal,mucosa,endothelial cell of venule,11719,0.12813531894421484,oxidative_stress_cell
normal,lung,lung multiciliated epithelial cell,11712,0.003719479120485463,oxidative_stress_cell
normal,bone marrow,common myeloid progenitor,11686,0.015385182513079907,
gastric cancer,stomach,memory B cell,11683,0.05361067900129862,oxidative_stress_cell
neuroblastoma,chest,neuroblast (sensu Vertebrata),11668,0.7570232920262117,neuron_stressed
ovarian cancer,ovary,T cell,11619,0.2010799023934375,oxidative_stress_cell
normal,adipose tissue,"CD4-positive, alpha-beta T cell",11615,0.025360151265714996,oxidative_stress_cell
normal,embryo,extravillous trophoblast,11567,0.028878153515834674,
Down syndrome,bone marrow,erythrocyte,11566,0.6907961536164368,
normal,adipose tissue,T cell,11551,0.025220413884655526,oxidative_stress_cell
COVID-19,lung,capillary endothelial cell,11550,0.014207201267454561,oxidative_stress_cell
normal,skin of body,natural killer cell,11548,0.017128321504586885,
Crohn disease,small intestine,fibroblast,11539,0.0793036617550033,oxidative_stress_cell
normal,fallopian tube,pericyte,11535,0.05396112553505017,oxidative_stress_cell
breast cancer,axilla,macrophage,11505,0.1312352424515496,oxidative_stress_cell
progressive supranuclear palsy,brain,inhibitory interneuron,11498,0.09015069545718273,neuron_stressed
lung adenocarcinoma,lung,mast cell,11489,0.015922732684080176,oxidative_stress_cell
normal,bone marrow,mesenchymal cell,11448,0.015071844036431522,
tauopathy,brain,L2/3-6 intratelencephalic projecting glutamatergic neuron,11391,0.0912820841580588,neuron_stressed
nonpapillary renal cell carcinoma,kidney,natural killer cell,11367,0.057280643405696316,
atherosclerosis,vasculature,natural killer cell,11339,0.0506836640279634,
normal,endocrine gland,alpha-beta T cell,11295,0.01610685999652052,oxidative_stress_cell
normal,skin of body,cytotoxic T cell,11286,0.016739715665116693,oxidative_stress_cell
colon adenocarcinoma,large intestine,"CD4-positive, CD25-positive, alpha-beta regulatory T cell",11282,0.04385600055976459,oxidative_stress_cell
normal,small intestine,enterocyte of epithelium of small intestine,11250,0.00947455387483988,oxidative_stress_cell
schizophrenia,brain,microglial cell,11236,0.046803210743577885,microglia_activated
normal,endocrine gland,thymic fibroblast type 1,11233,0.016018446953600263,oxidative_stress_cell
normal,intestine,smooth muscle cell,11208,0.039691196260358386,
normal,lung,serous secreting cell,11180,0.003550527370818603,
normal,exocrine gland,basal cell,11172,0.05788481067749891,
colorectal cancer,colon,malignant cell,11155,0.26941190677454413,tumor_epithelial_warburg
normal,brain,cell,11150,0.0006014078553358981,
normal,lymph node,"CD8-positive, alpha-beta memory T cell",11146,0.01212278095246382,oxidative_stress_cell
neuroblastoma,adrenal gland,fibroblast,11118,0.10501062573789846,oxidative_stress_cell
COVID-19,blood,T-helper 22 cell,11118,0.0030464939698984037,
Alzheimer disease,brain,mature astrocyte,11094,0.01823966065747614,microglia_activated
normal,colon,macrophage,11084,0.016522494831130385,oxidative_stress_cell
breast cancer,breast,"CD4-positive, CD25-positive, CCR4-positive, alpha-beta regulatory T cell",11083,0.0188839022528463,oxidative_stress_cell
normal,bone marrow,pro-B cell,11074,0.014579455001698348,oxidative_stress_cell
COVID-19,lung,multiciliated columnar cell of tracheobronchial tree,11044,0.013584790545261315,
normal,reproductive system,supporting cell,10998,0.03017904918707553,
melanoma,skin of body,malignant cell,10992,0.8439803439803439,tumor_epithelial_warburg
normal,blood,memory CCR4-positive regulatory T cell,10981,0.0007944200617797064,oxidative_stress_cell
normal,fallopian tube,myofibroblast cell,10980,0.051364816504104974,oxidative_stress_cell
invasive ductal breast carcinoma,breast,mammary gland epithelial cell,10962,0.058648547429244025,oxidative_stress_cell
normal,brain,L5/6 near-projecting glutamatergic neuron,10961,0.0005912135876535228,neuron_stressed
epilepsy,brain,astrocyte,10960,0.08436934683037604,microglia_activated
influenza,blood,classical monocyte,10959,0.3683449852110782,oxidative_stress_cell
normal,lung,"effector memory CD4-positive, alpha-beta T cell",10954,0.0034787546350578693,oxidative_stress_cell
normal,small intestine,pericyte,10923,0.009199160175544533,oxidative_stress_cell
normal,adrenal gland,stromal cell,10923,0.024944677760802395,oxidative_stress_cell
normal,stomach,memory B cell,10922,0.03841959744197663,oxidative_stress_cell
juvenile dermatomyositis,blood,"naive thymus-derived CD8-positive, alpha-beta T cell",10886,0.1316865458592408,oxidative_stress_cell
Crohn disease,small intestine,enterocyte,10859,0.07463025071475698,oxidative_stress_cell
schizophrenia,brain,VIP GABAergic cortical interneuron,10856,0.045220332487743105,neuron_stressed
normal,pancreas,epithelial cell of pancreas,10837,0.025489167632967276,oxidative_stress_cell
normal,stomach,naive B cell,10824,0.03807486931990066,oxidative_stress_cell
invasive ductal breast carcinoma,breast,luminal epithelial cell of mammary gland,10795,0.057755069284682464,oxidative_stress_cell
B-cell non-Hodgkin lymphoma,lymph node,monocyte,10795,0.01851296078750825,oxidative_stress_cell
normal,central nervous system,blood vessel endothelial cell,10788,0.014521997703510559,oxidative_stress_cell
non-small cell lung carcinoma,lung,malignant cell,10773,0.11441528510891384,tumor_epithelial_warburg
myocarditis,heart,fibroblast of cardiac tissue,10755,0.17151742285304203,oxidative_stress_cell
invasive ductal breast carcinoma,breast,"CD8-positive, alpha-beta T cell",10745,0.05748756085816703,oxidative_stress_cell
dementia,brain,chandelier pvalb GABAergic cortical interneuron,10728,0.0076910172531712544,neuron_stressed
B-cell non-Hodgkin lymphoma,bone marrow,classical monocyte,10722,0.17945971278411943,oxidative_stress_cell
systemic lupus erythematosus,blood,conventional dendritic cell,10707,0.013775348725905684,oxidative_stress_cell
normal,central nervous system,capillary endothelial cell,10701,0.01440488481880483,oxidative_stress_cell
breast cancer,breast,exhausted T cell,10699,0.018229619255003392,oxidative_stress_cell
normal,intestine,epithelial cell,10691,0.037860330051703375,oxidative_stress_cell
nonpapillary renal cell carcinoma,kidney,unknown,10688,0.053859023200499886,
basal cell carcinoma,skin of body,regulatory T cell,10662,0.09105193940118533,oxidative_stress_cell
Parkinson disease,brain,ependymal cell,10655,0.005886327312945445,
prostatic acinar adenocarcinoma,prostate gland,vein endothelial cell,10649,0.1558648751500249,oxidative_stress_cell
interstitial lung disease,lung,vein endothelial cell of respiratory system,10638,0.033579439458840094,oxidative_stress_cell
Parkinson disease,brain,microglial cell,10635,0.005875278364446251,microglia_activated
normal,brain,medial ganglionic eminence derived GABAergic cortical interneuron,10617,0.0005726589417131149,neuron_stressed
breast cancer,neck,malignant cell,10556,0.7676532615809759,tumor_epithelial_warburg
breast cancer,axilla,fibroblast,10481,0.11955467849932129,oxidative_stress_cell
squamous cell lung carcinoma,lung,neutrophil,10450,0.04452530485986246,oxidative_stress_cell
normal,eye,OFF parasol ganglion cell,10430,0.0013360558299686418,
inflammatory bowel disease,colon,naive B cell,10421,0.27790815510160544,oxidative_stress_cell
rheumatoid arthritis,blood,"central memory CD4-positive, alpha-beta T cell",10400,0.21382897793860642,oxidative_stress_cell
type 2 diabetes mellitus,pancreas,pancreatic ductal cell,10332,0.1328327890771644,
colorectal cancer,liver,malignant cell,10332,1.0,tumor_epithelial_warburg
vascular dementia,brain,L2/3 intratelencephalic projecting glutamatergic neuron,10326,0.12450113939160105,neuron_stressed
neuroblastoma,abdomen,macrophage,10291,0.05521011604264017,oxidative_stress_cell
normal,spleen,"effector memory CD4-positive, alpha-beta T cell",10285,0.01780406697860569,oxidative_stress_cell
normal,large intestine,goblet cell,10268,0.05532804552116562,oxidative_stress_cell
normal,ureter,basal cell of urothelium,10257,0.2345636663007684,
normal,brain,neural stem cell,10227,0.0005516231512574198,
benign prostatic hyperplasia,prostate gland,prostate gland microvascular endothelial cell,10225,0.17083521293836565,oxidative_stress_cell
dilated cardiomyopathy,heart,lymphocyte,10218,0.0211736475327458,
normal,intestine,goblet cell,10203,0.03613216233444295,oxidative_stress_cell
myocardial infarction,heart,pericyte,10202,0.05424056824465144,oxidative_stress_cell
normal,immune system,tonsil germinal center B cell,10188,0.20427477242651482,oxidative_stress_cell
normal,respiratory system,ciliated cell,10176,0.019675326181950364,
normal,uterus,endothelial cell,10150,0.03297702979304071,oxidative_stress_cell
COVID-19,lung,mast cell,10116,0.012443294201001761,oxidative_stress_cell
atherosclerosis,vasculature,endothelial cell,10111,0.045194684450722104,oxidative_stress_cell
normal,colon,gamma-delta T cell,10096,0.015049721022653586,oxidative_stress_cell
hematologic disorder,blood,monocyte,10066,0.10045306668263378,oxidative_stress_cell
normal,liver,unknown,10050,0.010512266402796577,
squamous cell lung carcinoma,lung,B cell,10048,0.04281246538104287,oxidative_stress_cell
normal,liver,dendritic cell,10042,0.01050389842954062,oxidative_stress_cell
normal,embryo,primordial germ cell,10041,0.025068344380781187,
normal,colon,stromal cell,10010,0.014921524112199129,oxidative_stress_cell
bipolar I disorder,brain,oligodendrocyte precursor cell,9991,0.06564604619074214,microglia_activated
normal,gallbladder,epithelial cell,9983,0.5041919191919192,oxidative_stress_cell
normal,brain,hippocampal interneuron,9976,0.0005380847322718314,neuron_stressed
colon adenocarcinoma,large intestine,germinal center B cell,9955,0.03869761439216952,oxidative_stress_cell
normal,digestive system,B cell,9931,0.1375637189716312,oxidative_stress_cell
normal,lymph node,plasma cell,9927,0.01079695375157979,oxidative_stress_cell
acute myeloid leukemia,bone marrow,classical monocyte,9917,0.3560606060606061,oxidative_stress_cell
normal,small intestine,enteric smooth muscle cell,9913,0.008348555783225575,
normal,bone marrow,"plasmacytoid dendritic cell, human",9862,0.012983798557589769,oxidative_stress_cell
normal,colon,epithelial cell,9862,0.014700906173277503,oxidative_stress_cell
normal,fallopian tube,peg cell,9787,0.0457839215961453,
normal,blood,"effector CD4-positive, alpha-beta T cell",9783,0.0007077507935880947,oxidative_stress_cell
normal,breast,adipocyte of breast,9780,0.004153910452224083,adipocyte_lipolytic
normal,hindlimb,fibroblast of dermis,9772,0.11235800027595089,oxidative_stress_cell
clear cell renal carcinoma,kidney,unknown,9770,0.06410298469270591,
normal,blood,mature B cell,9762,0.0007062315493209629,oxidative_stress_cell
normal,lung,pericyte,9741,0.003093531942678355,oxidative_stress_cell
normal,small intestine,group 1 innate lymphoid cell,9701,0.00817001307909526,
COVID-19,nose,basal cell of epithelium of trachea,9649,0.1094723227555848,
normal,stomach,mesenchymal cell,9640,0.033909990783799186,
normal,brain,L5 intratelencephalic projecting glutamatergic neuron,9638,0.0005198537138768957,neuron_stressed
normal,embryo,intermediate mesodermal cell,9629,0.024039745846284436,
prostatic acinar adenocarcinoma,prostate gland,T cell,9587,0.1403208336992477,oxidative_stress_cell
digestive system disorder,small intestine,epithelial cell,9585,0.10667898362808713,oxidative_stress_cell
normal,eye,cone retinal bipolar cell,9562,0.0012248672910987683,
clear cell renal carcinoma,blood,naive T cell,9557,0.3029544157737907,oxidative_stress_cell
arrhythmogenic right ventricular cardiomyopathy,heart,myeloid cell,9554,0.09142933700811515,
normal,skin of body,melanocyte,9553,0.014169280856712721,
pulmonary emphysema,lung,T cell,9536,0.2999496728736789,oxidative_stress_cell
clear cell renal carcinoma,kidney,endothelial cell,9535,0.06256110123285065,oxidative_stress_cell
atherosclerosis,vasculature,B cell,9517,0.04253959172362005,oxidative_stress_cell
schizophrenia,brain,pvalb GABAergic cortical interneuron,9502,0.03958028733405813,neuron_stressed
normal,spleen,monocyte,9492,0.0164313275411692,oxidative_stress_cell
clear cell renal carcinoma,kidney,myofibroblast cell,9483,0.062219918509818846,oxidative_stress_cell
diabetes mellitus,brain,astrocyte,9475,0.12500494742535984,microglia_activated
normal,embryo,somatic stem cell,9473,0.023650276498271106,
type 1 diabetes mellitus,pancreas,pancreatic acinar cell,9467,0.42263392857142856,
breast cancer,chest wall,malignant cell,9456,0.4888084776428018,tumor_epithelial_warburg
breast cancer,breast,"CD8-positive, alpha-beta regulatory T cell",9430,0.016067418410569398,oxidative_stress_cell
normal,kidney,podocyte,9426,0.014324161270665254,
bronchopulmonary dysplasia,lung,alveolar type 1 fibroblast cell,9422,0.06253359969735384,oxidative_stress_cell
pneumonia,lung,alveolar macrophage,9418,0.2950223976443317,oxidative_stress_cell
normal,skin of body,vascular associated smooth muscle cell,9414,0.01396311210981823,
vascular dementia,brain,astrocyte,9414,0.11350510616236029,microglia_activated
chronic kidney disease,kidney,kidney interstitial fibroblast,9408,0.03529650111427092,oxidative_stress_cell
normal,bladder organ,monocyte,9392,0.12450784139567564,oxidative_stress_cell
chronic kidney disease,kidney,kidney loop of Henle thin descending limb epithelial cell,9369,0.03515018271041712,oxidative_stress_cell
atherosclerosis,brain,oligodendrocyte precursor cell,9320,0.06585874288944635,microglia_activated
normal,skeletal system,fibroblast,9308,0.26947685359427925,oxidative_stress_cell
normal,lung,alveolar capillary type 1 endothelial cell,9296,0.0029522095204946096,oxidative_stress_cell
open-angle glaucoma,blood,"CD14-low, CD16-positive monocyte",9289,0.06652438893384802,oxidative_stress_cell
periodontitis,mucosa,plasma cell,9252,0.24018691588785046,oxidative_stress_cell
normal,breast,endothelial cell of vascular tree,9241,0.003924978168609689,oxidative_stress_cell
normal,brain,brain vascular cell,9228,0.0004977391649362931,
epilepsy,brain,cerebral cortex neuron,9219,0.0709672452946384,neuron_stressed
normal,hindlimb,skeletal muscle myoblast,9205,0.10583866071839212,
normal,endocrine gland,"CD8-alpha-alpha-positive, alpha-beta intraepithelial T cell",9204,0.013125058823193878,oxidative_stress_cell
normal,stomach,stromal cell,9195,0.0323446436988624,oxidative_stress_cell
normal,kidney,kidney loop of Henle thin descending limb epithelial cell,9182,0.01395336821422113,oxidative_stress_cell
invasive ductal breast carcinoma,breast,endothelial cell,9169,0.04905569525440051,oxidative_stress_cell
normal,esophagus,enteric smooth muscle cell,9159,0.054694311409428036,
normal,fallopian tube,smooth muscle cell,9157,0.042836759993450754,
normal,kidney,taste receptor cell,9138,0.013886503892567272,
normal,respiratory system,lung secretory cell,9137,0.017666416600283064,
colon adenocarcinoma,large intestine,"CD4-positive, alpha-beta T cell",9132,0.035498404282199095,oxidative_stress_cell
schizophrenia,brain,sst GABAergic cortical interneuron,9123,0.038001574547317646,neuron_stressed
normal,ureter,intermediate cell of urothelium,9090,0.20787596048298573,
glioblastoma,brain,dendritic cell,9087,0.0067057979656053885,oxidative_stress_cell
normal,lung,"CD16-negative, CD56-bright natural killer cell, human",9073,0.0028813895201643277,
normal,breast,myeloid cell,9073,0.003853622651638968,
normal,breast,alternatively activated macrophage,9059,0.0038476763585580747,oxidative_stress_cell
normal,esophagogastric junction,epithelial cell of esophagus,9055,0.7090282671678021,oxidative_stress_cell
normal,uterus,smooth muscle cell,8997,0.029230969167289386,
isolated focal cortical dysplasia type II,brain,glutamatergic neuron,8984,0.1460219422998781,neuron_stressed
normal,uterus,uterine smooth muscle cell,8973,0.029152993924428994,
lung adenocarcinoma,lung,vein endothelial cell,8972,0.012434394433072274,oxidative_stress_cell
normal,cortex,glioblast,8960,0.05982666292750023,
normal,lung,pulmonary capillary endothelial cell,8950,0.002842327367515787,oxidative_stress_cell
normal,small intestine,regulatory T cell,8927,0.007518163772506276,oxidative_stress_cell
chronic kidney disease,kidney,kidney distal convoluted tubule epithelial cell,8921,0.033469396943070884,oxidative_stress_cell
Lewy body dementia,brain,microglial cell,8914,0.07413999600771841,microglia_activated
normal,lung,"CD8-positive, alpha-beta cytotoxic T cell",8886,0.0028220023449994727,oxidative_stress_cell
squamous cell lung carcinoma,lung,natural killer cell,8885,0.03785716111769167,
breast cancer,breast,naive T cell,8864,0.015103032533540523,oxidative_stress_cell
normal,breast,inflammatory macrophage,8853,0.0037601809032249294,oxidative_stress_cell
nonpapillary renal cell carcinoma,kidney,activated type II NK T cell,8847,0.04458184676785391,oxidative_stress_cell
Pick disease,brain,inhibitory interneuron,8842,0.09018491886213192,neuron_stressed
cytomegalovirus infection,blood,memory CCR4-positive regulatory T cell,8839,0.0013776799022547097,oxidative_stress_cell
aspiration pneumonia,brain,choroid plexus epithelial cell,8830,0.8653469227753822,oxidative_stress_cell
normal,pancreas,endothelial cell,8808,0.020716857849144208,oxidative_stress_cell
normal,breast,vascular lymphangioblast,8796,0.003735970995681292,
normal,placenta,T cell,8789,0.01687281746679286,oxidative_stress_cell
digestive system disorder,small intestine,T cell,8777,0.09768611781989783,oxidative_stress_cell
normal,fallopian tube,fibroblast,8755,0.040956190208874234,oxidative_stress_cell
malignant ovarian serous tumor,intestine,fibroblast,8719,0.11463770593107801,oxidative_stress_cell
Alzheimer disease,brain,mature microglial cell,8719,0.014334919891160489,microglia_activated
cytomegalovirus infection,blood,T cell,8690,0.0013544561998634944,oxidative_stress_cell
isolated focal cortical dysplasia type II,brain,L2/3 intratelencephalic projecting glutamatergic neuron,8686,0.1411783827712312,neuron_stressed
B-cell non-Hodgkin lymphoma,lymph node,follicular dendritic cell,8667,0.014863532296927655,oxidative_stress_cell
lung adenocarcinoma,brain,malignant cell,8664,0.3170374707259953,tumor_epithelial_warburg
gastric cancer,stomach,epithelial cell,8659,0.03973421804949455,oxidative_stress_cell
lung adenocarcinoma,lung,neutrophil,8656,0.011996446523927062,oxidative_stress_cell
ovarian cancer,ovary,mononuclear phagocyte,8646,0.14962878355225587,
normal,endocrine gland,thymic fibroblast type 2,8645,0.012327915420090296,oxidative_stress_cell
primary sclerosing cholangitis,liver,unknown,8640,0.08254750781048469,
B-cell acute lymphoblastic leukemia,blood,mature B cell,8636,0.05886442641946697,oxidative_stress_cell
normal,respiratory system,alveolar macrophage,8634,0.016693864608388308,oxidative_stress_cell
normal,kidney,kidney loop of Henle epithelial cell,8597,0.0130643766649596,oxidative_stress_cell
interstitial lung disease,lung,basal cell,8576,0.02707062162051256,
myocarditis,heart,mural cell,8574,0.13673550753528427,
normal,embryo,endodermal cell,8571,0.021398344755270943,
normal,eye,myelinating Schwann cell,8565,0.0010971541882724273,
non-small cell lung carcinoma,lung,macrophage,8564,0.09095446966237242,oxidative_stress_cell
normal,blood,"effector CD8-positive, alpha-beta T cell",8544,0.000618115381827321,oxidative_stress_cell
Crohn disease,small intestine,endothelial cell,8541,0.05869941719815263,oxidative_stress_cell
normal,small intestine,IgA plasma cell,8541,0.007193081301778437,oxidative_stress_cell
cystic fibrosis,skeletal system,respiratory tract multiciliated cell,8538,0.5385052034058656,
normal,brain,erythrocyte,8483,0.00045755541137349094,
normal,large intestine,germinal center B cell,8483,0.04570975946202259,oxidative_stress_cell
normal,nose,unknown,8443,0.035564897618756766,
normal,respiratory system,neutrophil,8442,0.016322632038917546,oxidative_stress_cell
dementia,brain,caudal ganglionic eminence derived cortical interneuron,8433,0.006045707354212638,neuron_stressed
normal,blood,cord blood hematopoietic stem cell,8413,0.0006086381913990228,
progressive supranuclear palsy,brain,oligodendrocyte precursor cell,8395,0.06582145489329005,microglia_activated
normal,stomach,goblet cell,8370,0.029442595732406554,oxidative_stress_cell
cytomegalovirus infection,blood,CD8aa(I) thymocyte,8367,0.0013041122007201218,
pulmonary fibrosis,lung,"CD8-positive, alpha-beta T cell",8359,0.031082206654470274,oxidative_stress_cell
normal,skin of body,monocyte,8350,0.012384957097618677,oxidative_stress_cell
normal,lung,pulmonary interstitial fibroblast,8344,0.0026498748105644385,oxidative_stress_cell
normal,blood,"activated CD4-positive, alpha-beta T cell",8339,0.000603284663981511,oxidative_stress_cell
neuroblastoma,adrenal gland,hepatocyte,8330,0.07867768595041322,hepatocyte_ketogenic
normal,kidney,kidney interstitial fibroblast,8330,0.012658631804014595,oxidative_stress_cell
COVID-19,lung,macrophage,8317,0.010230414973283081,oxidative_stress_cell
normal,uterus,endothelial cell of uterus,8314,0.027011923714220735,oxidative_stress_cell
follicular lymphoma,lymph node,"naive thymus-derived CD4-positive, alpha-beta T cell",8286,0.06752946162246744,oxidative_stress_cell
normal,respiratory system,natural killer cell,8283,0.016015205067324574,
normal,eye,ON parasol ganglion cell,8273,0.0010597497489291058,
normal,brain,mesenchymal cell,8264,0.00044574300596375446,
normal,musculature,skeletal muscle satellite cell,8260,0.014171183087911089,
B-cell non-Hodgkin lymphoma,lymph node,pericyte,8243,0.01413639053000746,oxidative_stress_cell
normal,central nervous system,pericyte,8238,0.011089378669032257,oxidative_stress_cell
prostatic acinar adenocarcinoma,prostate gland,basal cell of prostate epithelium,8220,0.12031263721788003,
normal,lung,respiratory tract epithelial cell,8208,0.0026066841377172714,oxidative_stress_cell
normal,eye,S cone cell,8206,0.0010511672234633437,
normal,kidney,T cell,8171,0.012417008459856332,oxidative_stress_cell
diabetes mellitus,brain,L2/3 intratelencephalic projecting glutamatergic neuron,8148,0.10749765821866301,neuron_stressed
normal,mucosa,basal epithelial cell of tracheobronchial tree,8145,0.08905727219051368,oxidative_stress_cell
normal,uterus,fibroblast,8141,0.02644985217193541,oxidative_stress_cell
COVID-19,blood,erythrocyte,8139,0.002230204571056225,
normal,stomach,peptic cell,8130,0.028598363596710308,
myocarditis,heart,myeloid cell,8120,0.12949525556175742,
normal,urinary bladder,intermediate cell of urothelium,8108,0.271770463229872,
normal,central nervous system,vascular associated smooth muscle cell,8101,0.010904959528748521,
normal,breast,macrophage,8099,0.003439930547296815,oxidative_stress_cell
normal,reproductive system,ovarian surface epithelial cell,8081,0.02217465870892502,oxidative_stress_cell
normal,brain,smooth muscle cell,8079,0.00043576448997836067,
normal,blood,"effector memory CD8-positive, alpha-beta T cell, terminally differentiated",8065,0.0005834621435436965,oxidative_stress_cell
normal,hindlimb,chondrocyte,8028,0.09230556960860967,
normal,exocrine gland,acinar cell,8026,0.04158463037035502,
invasive ductal breast carcinoma,breast,fibroblast,8020,0.04290835161307581,oxidative_stress_cell
digestive system disorder,small intestine,IgA plasma cell,8015,0.08920522209484802,oxidative_stress_cell
normal,bone marrow,primitive red blood cell,8006,0.010540285059020858,
normal,liver,megakaryocyte,7998,0.008365881262643485,
COVID-19,respiratory system,epithelial cell,7996,0.11230652546419843,oxidative_stress_cell
Lewy body dementia,brain,L2/3 intratelencephalic projecting glutamatergic neuron,7990,0.06645485394903188,neuron_stressed
normal,brain,direct pathway medium spiny neuron,7989,0.00043091007679627713,neuron_stressed
neuroblastoma,adrenal gland,macrophage,7979,0.07536245572609208,oxidative_stress_cell
normal,bone marrow,natural killer cell,7978,0.010503421708826928,
chronic kidney disease,kidney,T cell,7975,0.029920237711129952,oxidative_stress_cell
COVID-19,brain,choroid plexus epithelial cell,7972,0.2326708110790065,oxidative_stress_cell
normal,fallopian tube,endothelial cell,7953,0.03720440670830117,oxidative_stress_cell
normal,uterus,supporting cell,7943,0.02580655641833718,
basal cell carcinoma,skin of body,helper T cell,7939,0.06779791285931443,oxidative_stress_cell
normal,breast,"effector memory CD8-positive, alpha-beta T cell",7900,0.0033554082385041165,oxidative_stress_cell
clear cell renal carcinoma,kidney,"activated CD4-positive, alpha-beta T cell, human",7895,0.05180072304492458,oxidative_stress_cell
normal,small intestine,transit amplifying cell,7882,0.006638082990354483,
normal,respiratory system,vein endothelial cell,7837,0.01515286274449145,oxidative_stress_cell
normal,spinal cord,neuron,7831,0.15738805370206607,neuron_stressed
COVID-19,blood,conventional dendritic cell,7804,0.0021384096906896153,oxidative_stress_cell
non-small cell lung carcinoma,lung,plasma cell,7769,0.08251112503584439,oxidative_stress_cell
invasive ductal breast carcinoma,breast,"effector memory CD8-positive, alpha-beta T cell",7764,0.04153870846931678,oxidative_stress_cell
normal,colon,memory B cell,7759,0.011566044514141163,oxidative_stress_cell
COVID-19,lung,alveolar type 1 fibroblast cell,7747,0.00952928036527883,oxidative_stress_cell
normal,adipose tissue,smooth muscle cell,7735,0.016888572538984545,
breast cancer,breast,T follicular helper cell,7713,0.01314188740198534,
normal,blood,lymphocyte,7707,0.0005575626460373552,
normal,uterus,decidual cell,7706,0.025036550895090808,
normal,placenta,perivascular cell,7706,0.014793711616691976,
cytomegalovirus infection,blood,double negative thymocyte,7701,0.0012003069269446228,
normal,lamina propria,CD4-positive helper T cell,7699,0.32503060750622703,oxidative_stress_cell
normal,colon,naive B cell,7691,0.011464679515177172,oxidative_stress_cell
non-small cell lung carcinoma,lung,alveolar macrophage,7689,0.08166148029355226,oxidative_stress_cell
normal,testis,fibroblast,7688,0.37097085504728816,oxidative_stress_cell
normal,endocrine gland,vein endothelial cell,7682,0.010954661221183765,oxidative_stress_cell
normal,colon,mast cell,7666,0.011427412971440412,oxidative_stress_cell
chronic obstructive pulmonary disease,lung,"CD4-positive, alpha-beta T cell",7662,0.08507472629966023,oxidative_stress_cell
rheumatoid arthritis,blood,"naive thymus-derived CD4-positive, alpha-beta T cell",7649,0.15726710117811543,oxidative_stress_cell
basal cell carcinoma,skin of body,"CD4-positive, alpha-beta T cell",7649,0.06532135476267742,oxidative_stress_cell
myelodysplastic/myeloproliferative disease,blood,B cell,7580,0.058187736051831605,oxidative_stress_cell
atherosclerosis,vasculature,fibroblast,7577,0.03386807675631702,oxidative_stress_cell
normal,skin of body,innate lymphoid cell,7572,0.0112310054063675,
normal,lung,CD1c-positive myeloid dendritic cell,7555,0.002399305392355505,oxidative_stress_cell
normal,lung,"effector memory CD8-positive, alpha-beta T cell",7554,0.0023989878138786875,oxidative_stress_cell
B-cell non-Hodgkin lymphoma,lymph node,conventional dendritic cell,7549,0.012946210373774877,oxidative_stress_cell
pulmonary fibrosis,lung,pulmonary alveolar type 2 cell,7545,0.028055419213778948,
normal,fallopian tube,mature NK T cell,7542,0.03528173461511473,oxidative_stress_cell
nonpapillary renal cell carcinoma,kidney,myeloid cell,7535,0.03797040978815182,
B-cell non-Hodgkin lymphoma,lymph node,endothelial cell of lymphatic vessel,7528,0.01291019627682836,oxidative_stress_cell
Sjogren syndrome,exocrine gland,fibroblast,7527,0.16641241626318234,oxidative_stress_cell
COVID-19,blood,class switched memory B cell,7523,0.0020614115970089665,oxidative_stress_cell
non-small cell lung carcinoma,lung,B cell,7515,0.07981350297906688,oxidative_stress_cell
normal,liver,erythroid lineage cell,7513,0.007858572884001063,
acute kidney failure,kidney,endothelial cell,7509,0.059932477193094476,oxidative_stress_cell
interstitial lung disease,lung,"CD8-positive, alpha-beta cytotoxic T cell",7505,0.023689950473641183,oxidative_stress_cell
normal,lung,epithelial cell,7505,0.0023834264685146348,oxidative_stress_cell
normal,blood,plasmablast,7496,0.0005422978584009361,
normal,colon,B cell,7492,0.011168037827032554,oxidative_stress_cell
respiratory system disorder,blood,B cell,7489,0.07884236790297619,oxidative_stress_cell
normal,colon,enteric smooth muscle cell,7480,0.011150149886038909,
COVID-19,blood,"CD14-positive, CD16-positive monocyte",7465,0.0020455187520499714,oxidative_stress_cell
normal,lung,mononuclear phagocyte,7455,0.0023675475446737642,
normal,adipose tissue,pericyte,7448,0.01626193772079598,oxidative_stress_cell
normal,reproductive system,macrophage,7439,0.020412979351032447,oxidative_stress_cell
normal,colon,mesenchymal cell,7417,0.011056238195822271,
normal,lymph node,macrophage,7403,0.008051762730225162,oxidative_stress_cell
normal,pancreas,T cell,7401,0.017407523267656252,oxidative_stress_cell
normal,lung,"central memory CD4-positive, alpha-beta T cell",7395,0.00234849283606472,oxidative_stress_cell
normal,ovary,fibroblast,7381,0.04217666083816185,oxidative_stress_cell
interstitial lung disease,lung,lung interstitial macrophage,7373,0.023273285122206052,oxidative_stress_cell
malignant ovarian serous tumor,musculature,fibroblast,7362,0.37833393288452644,oxidative_stress_cell
B-cell acute lymphoblastic leukemia,blood,common lymphoid progenitor,7353,0.05011928293913162,
normal,brain,indirect pathway medium spiny neuron,7320,0.00039482560547612325,neuron_stressed
normal,embryo,blood cell,7315,0.018262617184086682,
prostatic acinar adenocarcinoma,prostate gland,cytotoxic T cell,7314,0.10705190129094581,oxidative_stress_cell
gastric cancer,stomach,naive B cell,7312,0.03355313574060563,oxidative_stress_cell
normal,endocrine gland,thyroid follicular cell,7297,0.010405644744985412,
normal,lung,innate lymphoid cell,7297,0.0023173701453366143,
normal,prostate gland,basal epithelial cell of prostatic duct,7295,0.08374949773262155,oxidative_stress_cell
normal,lung,dendritic cell,7294,0.002316417409906162,oxidative_stress_cell
normal,bone marrow,"CD4-positive, alpha-beta memory T cell",7274,0.009576571761093894,oxidative_stress_cell
neuroblastoma,abdomen,endothelial cell,7257,0.038933030038037095,oxidative_stress_cell
normal,esophagus,basal cell,7239,0.04322874989549618,
normal,endocrine gland,medullary thymic epithelial cell,7236,0.010318657718886452,oxidative_stress_cell
basal cell carcinoma,skin of body,natural killer cell,7234,0.061777314727834806,
Crohn disease,colon,plasma cell,7222,0.21310749800820325,oxidative_stress_cell
lung adenocarcinoma,pleural fluid,"CD4-positive, alpha-beta T cell",7209,0.3365389104150133,oxidative_stress_cell
COVID-19,lung,B cell,7202,0.008858897275169503,oxidative_stress_cell
normal,immune system,plasmablast,7194,0.14424349360388178,
invasive ductal breast carcinoma,breast,memory B cell,7192,0.038478412069980206,oxidative_stress_cell
open-angle glaucoma,blood,mature B cell,7178,0.05140618621672527,oxidative_stress_cell
malignant ovarian serous tumor,omentum,B cell,7174,0.03434277671929304,oxidative_stress_cell
pulmonary fibrosis,lung,classical monocyte,7171,0.02666473309238023,oxidative_stress_cell
normal,colon,intestine goblet cell,7164,0.01067910077320625,oxidative_stress_cell
COVID-19,saliva,"CD14-positive, CD16-negative classical monocyte",7162,0.49386291545993655,oxidative_stress_cell
bipolar I disorder,brain,pvalb GABAergic cortical interneuron,7159,0.047038338973028025,neuron_stressed
normal,brain,L4/5 intratelencephalic projecting glutamatergic neuron,7153,0.00038581797212714614,neuron_stressed
acute kidney failure,kidney,kidney collecting duct principal cell,7139,0.0569793520683848,
normal,brain,mural cell,7117,0.00038387620685431277,
small cell lung carcinoma,liver,T cell,7111,0.7288100850671313,oxidative_stress_cell
normal,spleen,T follicular helper cell,7108,0.012304453873012081,
digestive system disorder,small intestine,germinal center B cell,7107,0.07909937784505114,oxidative_stress_cell
triple-negative breast carcinoma,breast,B cell,7079,0.06262772818557412,oxidative_stress_cell
pulmonary fibrosis,lung,CD1c-positive myeloid dendritic cell,7078,0.0263189207680752,oxidative_stress_cell
normal,lamina propria,"CD8-positive, alpha-beta memory T cell",7072,0.2985603917760797,oxidative_stress_cell
rheumatoid arthritis,blood,classical monocyte,7067,0.14530090260501263,oxidative_stress_cell
normal,skin of body,dendritic cell,7063,0.010476042153350984,oxidative_stress_cell
atherosclerosis,vasculature,dendritic cell,7036,0.03144988624223922,oxidative_stress_cell
normal,spleen,"CD4-positive, alpha-beta memory T cell",7034,0.012176354606466936,oxidative_stress_cell
chronic obstructive pulmonary disease,lung,natural killer cell,7024,0.07799071750571829,
normal,stomach,epithelial cell of stomach,7023,0.02470434287081138,oxidative_stress_cell
malignant ovarian serous tumor,colon,fibroblast,7020,0.37257191380957433,oxidative_stress_cell
normal,endocrine gland,smooth muscle cell,7006,0.009990673849988734,
lung cancer,lung,mononuclear phagocyte,7002,0.17086800556382536,
chronic obstructive pulmonary disease,lung,"CD8-positive, alpha-beta T cell",6998,0.07770202749217206,oxidative_stress_cell
neuroblastoma,abdomen,Schwann cell,6955,0.037312832288073305,
normal,central nervous system,macrophage,6941,0.009343454399338784,oxidative_stress_cell
diabetes mellitus,brain,L2/3-6 intratelencephalic projecting glutamatergic neuron,6940,0.09156035199282293,neuron_stressed
Crohn disease,small intestine,stem cell,6934,0.04765504728392347,
bipolar I disorder,brain,VIP GABAergic cortical interneuron,6932,0.04554683136765334,neuron_stressed
open-angle glaucoma,blood,naive B cell,6932,0.049644425028467484,oxidative_stress_cell
normal,bone marrow,conventional dendritic cell,6926,0.009118412980112223,oxidative_stress_cell
cytomegalovirus infection,blood,natural killer cell,6924,0.0010792007742065405,
heart valve disorder,heart,macrophage,6918,0.03767645521087487,oxidative_stress_cell
prediabetes syndrome,pancreas,pancreatic ductal cell,6916,0.08691171850455545,
normal,eye,mast cell,6915,0.0008857934865036585,oxidative_stress_cell
normal,hindlimb,muscle fibroblast,6906,0.07940486593386377,oxidative_stress_cell
normal,digestive system,"CD4-positive, alpha-beta T cell",6903,0.09562001329787234,oxidative_stress_cell
uveal melanoma,eye,T cell,6901,0.13345064975247525,oxidative_stress_cell
normal,kidney,macrophage,6900,0.01048554135026419,oxidative_stress_cell
clear cell renal carcinoma,kidney,"CD14-positive, CD16-positive monocyte",6886,0.04518046597686519,oxidative_stress_cell
breast cancer,liver,blood vessel endothelial cell,6886,0.019063438672258903,oxidative_stress_cell
normal,placenta,endothelial cell of uterus,6877,0.013202226159874217,oxidative_stress_cell
normal,breast,"naive thymus-derived CD4-positive, alpha-beta T cell",6869,0.002917506226618326,oxidative_stress_cell
COVID-19,digestive system,ciliated cell,6867,0.37995905494383886,
COVID-19,lung,non-classical monocyte,6861,0.008439446571082749,oxidative_stress_cell
cytomegalovirus infection,blood,erythrocyte,6861,0.0010693813564169661,
normal,lung,tracheobronchial smooth muscle cell,6847,0.002174459830768781,
breast cancer,brain,malignant cell,6846,0.697361719466232,tumor_epithelial_warburg
normal,lymph node,"CD4-positive, alpha-beta thymocyte",6841,0.007440511797578054,
normal,urinary bladder,fibroblast,6834,0.22906750687135483,oxidative_stress_cell
atherosclerosis,brain,sst GABAergic cortical interneuron,6832,0.048277567749001875,neuron_stressed
normal,large intestine,fibroblast,6819,0.03674346926459177,oxidative_stress_cell
normal,gallbladder,fibroblast,6805,0.3436868686868687,oxidative_stress_cell
pulmonary fibrosis,lung,B cell,6798,0.025277765383070812,oxidative_stress_cell
bipolar I disorder,brain,sst GABAergic cortical interneuron,6795,0.04464667038996025,neuron_stressed
normal,respiratory system,monocyte,6787,0.013122684630198223,oxidative_stress_cell
normal,spleen,"naive thymus-derived CD8-positive, alpha-beta T cell",6782,0.011740124671745629,oxidative_stress_cell
normal,pancreas,pancreatic stellate cell,6779,0.015944548065321137,
dementia,brain,vascular leptomeningeal cell,6778,0.004859220259320914,
malignant ovarian serous tumor,omentum,endothelial cell,6777,0.03244229130563827,oxidative_stress_cell
invasive ductal breast carcinoma,breast,natural killer cell,6775,0.03624739179284148,
normal,pancreas,stromal cell,6772,0.015928083714169455,oxidative_stress_cell
juvenile dermatomyositis,blood,"effector CD4-positive, alpha-beta T cell",6761,0.08178694989475721,oxidative_stress_cell
myelodysplastic syndrome,blood,monocyte,6756,0.03834845096325224,oxidative_stress_cell
normal,colon,"CD8-positive, alpha-beta T cell",6731,0.010033644235685549,oxidative_stress_cell
normal,bone marrow,mature B cell,6730,0.008860369528754729,oxidative_stress_cell
lung cancer,lung,malignant cell,6726,0.16413284853217502,tumor_epithelial_warburg
normal,exocrine gland,"CD8-positive, alpha-beta T cell",6718,0.034807568755051706,oxidative_stress_cell
normal,bone marrow,hematopoietic oligopotent progenitor cell,6718,0.008844570950100189,
breast cancer,skin of body,malignant cell,6669,0.7369060773480663,tumor_epithelial_warburg
normal,skin of body,"CD8-positive, alpha-beta memory T cell, CD45RO-positive",6659,0.009876817881801529,oxidative_stress_cell
normal,liver,vascular associated smooth muscle cell,6656,0.0069621537489566185,
normal,colon,"CD8-positive, alpha-beta memory T cell",6651,0.009914391295727912,oxidative_stress_cell
normal,colon,T-helper 17 cell,6643,0.00990246600173215,
normal,ovary,blood vessel smooth muscle cell,6642,0.03795385195597765,
normal,heart,neural cell,6641,0.003383023345968517,
lung adenocarcinoma,lung,fibroblast,6631,0.009189976536524994,oxidative_stress_cell
COVID-19,lung,monocyte,6631,0.008156532606449454,oxidative_stress_cell
normal,lung,mesenchymal stem cell,6628,0.0021049101443457695,
normal,blood,innate lymphoid cell,6623,0.00047914070386731586,
bipolar II disorder,brain,oligodendrocyte,6622,0.2500188778977573,microglia_activated
normal,lung,endothelial cell of artery,6611,0.0020995113102398734,oxidative_stress_cell
normal,large intestine,intestinal epithelial cell,6591,0.035514915078886114,oxidative_stress_cell
normal,small intestine,plasmacytoid dendritic cell,6591,0.005550825296806191,oxidative_stress_cell
normal,prostate gland,epithelial cell of urethra,6582,0.07556397451351816,oxidative_stress_cell
normal,endocrine gland,endothelial cell of artery,6552,0.009343262213121066,oxidative_stress_cell
normal,colon,"CD4-positive, alpha-beta memory T cell",6538,0.009745946518037752,oxidative_stress_cell
non-small cell lung carcinoma,lung,regulatory T cell,6533,0.06938411376743099,oxidative_stress_cell
COVID-19,respiratory system,mature NK T cell,6532,0.09174415011657631,oxidative_stress_cell
amyotrophic lateral sclerosis 26 with or without frontotemporal dementia,brain,astrocyte,6529,0.08847243112863666,microglia_activated
normal,bone marrow,non-classical monocyte,6527,0.008593110239848755,oxidative_stress_cell
normal,bone marrow,"CD16-negative, CD56-bright natural killer cell, human",6524,0.00858916059518512,
normal,bone marrow,megakaryocyte-erythroid progenitor cell,6523,0.008587844046963907,
normal,ovary,granulosa cell,6514,0.037222431743637215,
normal,small intestine,naive B cell,6514,0.005485977239173954,oxidative_stress_cell
breast cancer,liver,endothelial cell of hepatic sinusoid,6498,0.017989286159212657,oxidative_stress_cell
primary sclerosing cholangitis,liver,monocyte,6497,0.0620730507227684,oxidative_stress_cell
normal,liver,hematopoietic stem cell,6491,0.006789564300552496,
normal,colon,regulatory T cell,6481,0.009660978798317937,oxidative_stress_cell
Lewy body dementia,brain,neuron,6477,0.053870849690598174,neuron_stressed
normal,small intestine,enterocyte of epithelium proper of ileum,6477,0.005454816484207814,oxidative_stress_cell
squamous cell lung carcinoma,lung,unknown,6476,0.02759290662894443,
COVID-19,blood,plasmacytoid dendritic cell,6470,0.0017728742566327281,oxidative_stress_cell
normal,bone marrow,memory B cell,6470,0.008518066991239689,oxidative_stress_cell
normal,adrenal gland,macrophage,6462,0.014757164486890514,oxidative_stress_cell
normal,omentum,epithelial cell,6457,0.4815422477440525,oxidative_stress_cell
amyotrophic lateral sclerosis,brain,oligodendrocyte precursor cell,6457,0.03764158587842998,microglia_activated
myocardial infarction,heart,mesothelial cell,6439,0.034233975585895964,
estrogen-receptor positive breast cancer,breast,myeloid cell,6436,0.07343008397225265,
tauopathy,brain,oligodendrocyte precursor cell,6432,0.051543004591750874,microglia_activated
normal,mucosa,keratinocyte,6430,0.07030549541866211,oxidative_stress_cell
luminal A breast carcinoma,pleural fluid,T cell,6429,0.6286300968025814,oxidative_stress_cell
normal,yolk sac,vascular associated smooth muscle cell,6422,0.11325080238422743,
normal,small intestine,memory B cell,6419,0.0054059698953419725,oxidative_stress_cell
systemic lupus erythematosus,blood,lymphocyte,6407,0.008243080161284928,
clear cell renal carcinoma,kidney,mature NK T cell,6398,0.04197859734533597,oxidative_stress_cell
normal,endocrine gland,endothelial cell,6396,0.009120803588999136,oxidative_stress_cell
normal,musculature,endothelial cell of vascular tree,6392,0.010966368316940396,oxidative_stress_cell
squamous cell lung carcinoma,lung,capillary endothelial cell,6387,0.027213695898558998,oxidative_stress_cell
normal,milk,macrophage,6384,0.13168860101489335,oxidative_stress_cell
atherosclerosis,brain,VIP GABAergic cortical interneuron,6382,0.045097692824082256,neuron_stressed
normal,blood,T-helper 22 cell,6379,0.00046148853238254687,
normal,intestine,colon epithelial cell,6373,0.022568878815780156,oxidative_stress_cell
normal,small intestine,M cell of gut,6369,0.005363860767009351,
normal,pancreas,innate lymphoid cell,6330,0.014888477541449004,
atherosclerosis,brain,pvalb GABAergic cortical interneuron,6319,0.044652510334593505,neuron_stressed
normal,spleen,"CD8-positive, alpha-beta memory T cell",6305,0.010914403723880299,oxidative_stress_cell
normal,colon,myofibroblast cell,6294,0.009382225051166964,oxidative_stress_cell
vascular dementia,brain,L2/3-6 intratelencephalic projecting glutamatergic neuron,6293,0.07587504069255718,neuron_stressed
normal,spleen,megakaryocyte,6285,0.01087978230048972,
oropharynx squamous cell carcinoma,digestive system,"CD8-positive, alpha-beta T cell",6282,0.1226953125,oxidative_stress_cell
type 1 diabetes mellitus,brain,oligodendrocyte,6281,0.2595240062804727,microglia_activated
normal,brain,neural crest cell,6274,0.00033840653671546414,oxidative_stress_cell
epilepsy,brain,interneuron,6267,0.04824294676879258,neuron_stressed
interstitial lung disease,lung,conventional dendritic cell,6257,0.019750568969163607,oxidative_stress_cell
oropharynx squamous cell carcinoma,digestive system,myeloid cell,6251,0.12208984375,
normal,colon,intestinal crypt stem cell of colon,6247,0.009312163948941854,gut_fermentative_microbe
normal,nose,respiratory basal cell,6247,0.0263145701082996,
normal,adipose tissue,endothelial cell of lymphatic vessel,6247,0.013639678429351838,oxidative_stress_cell
normal,small intestine,small intestine goblet cell,6237,0.005252692668211229,oxidative_stress_cell
normal,kidney,mesenchymal stem cell,6228,0.009464340801368895,
malignant ovarian serous tumor,abdomen,B cell,6223,0.025574743348429678,oxidative_stress_cell
acute myocardial infarction,brain,cerebellar granule cell,6214,0.7735590688410308,
normal,brain,fibroblast of choroid plexus,6194,0.0003340915027758344,oxidative_stress_cell
normal,central nervous system,erythroid progenitor cell,6191,0.008333860565668694,
interstitial lung disease,lung,"myeloid dendritic cell, human",6186,0.01952645351498259,oxidative_stress_cell
Crohn disease,small intestine,macrophage,6174,0.04243182318011876,oxidative_stress_cell
normal,lung,"effector memory CD8-positive, alpha-beta T cell, terminally differentiated",6169,0.00195914162348658,oxidative_stress_cell
normal,eye,anterior lens cell,6160,0.0007890799532700703,
normal,exocrine gland,endothelial cell,6158,0.031906074485502894,oxidative_stress_cell
post-COVID-19 disorder,blood,naive B cell,6150,0.06325598617625278,oxidative_stress_cell
colon adenocarcinoma,large intestine,mature NK T cell,6149,0.023902725353837303,oxidative_stress_cell
normal,skin of body,endothelial cell of lymphatic vessel,6148,0.009118888171995165,oxidative_stress_cell
normal,large intestine,"CD4-positive, alpha-beta T cell",6142,0.03309552547633417,oxidative_stress_cell
clear cell renal carcinoma,blood,mature NK T cell,6140,0.19463640398148735,oxidative_stress_cell
gastric cancer,stomach,mucous neck cell of gastric gland,6136,0.028156734259348486,
chronic kidney disease,kidney,kidney connecting tubule epithelial cell,6135,0.02301701045238649,oxidative_stress_cell
interstitial lung disease,lung,elicited macrophage,6133,0.019359156063270003,oxidative_stress_cell
type 1 diabetes mellitus,pancreas,pancreatic ductal cell,6132,0.27375,
basal cell carcinoma,skin of body,"CD8-positive, CD28-negative, alpha-beta regulatory T cell",6120,0.05226391569454645,oxidative_stress_cell
COVID-19,blood,regulatory T cell,6108,0.0016736809829231382,oxidative_stress_cell
normal,bone marrow,"CD8-positive, alpha-beta memory T cell",6085,0.008011195926073184,oxidative_stress_cell
clear cell renal carcinoma,kidney,conventional dendritic cell,6065,0.03979371567669,oxidative_stress_cell
normal,uterus,endothelial cell of venule,6061,0.01969199779070145,oxidative_stress_cell
nonpapillary renal cell carcinoma,kidney,malignant cell,6056,0.030517425570941926,tumor_epithelial_warburg
normal,bone marrow,"CD4-positive, alpha-beta T cell",6055,0.007971699479436833,oxidative_stress_cell
invasive ductal breast carcinoma,breast,conventional dendritic cell,6055,0.032395270451019205,oxidative_stress_cell
B-cell non-Hodgkin lymphoma,lymph node,plasmacytoid dendritic cell,6049,0.010373774877594945,oxidative_stress_cell
normal,respiratory system,capillary endothelial cell,6039,0.011676424411635047,oxidative_stress_cell
normal,respiratory system,lung macrophage,6038,0.011674490908669054,oxidative_stress_cell
normal,vasculature,smooth muscle cell,6032,0.04337072188668392,
normal,bone marrow,late pro-B cell,6027,0.007934836129242905,oxidative_stress_cell
normal,nose,multiciliated epithelial cell,6025,0.02537942770970147,oxidative_stress_cell
COVID-19,nose,unknown,6008,0.06816351073847585,
normal,skin of body,conventional dendritic cell,6000,0.008899370369546354,oxidative_stress_cell
normal,musculature,pericyte,5999,0.010292121954525257,oxidative_stress_cell
normal,heart,neuron,5994,0.003053432003574054,neuron_stressed
normal,liver,B cell,5984,0.006259243995456191,oxidative_stress_cell
injury,skin of body,skin fibroblast,5983,1.0,oxidative_stress_cell
normal,head,fibroblast,5983,0.879723570063226,oxidative_stress_cell
progressive supranuclear palsy,brain,microglial cell,5976,0.04685515359646234,microglia_activated
normal,colon,T follicular helper cell,5974,0.008905213291336422,
Crohn disease,small intestine,"CD4-positive, alpha-beta memory T cell",5954,0.040919837255333186,oxidative_stress_cell
normal,nose,epithelial cell of stomach,5952,0.025071925929982267,oxidative_stress_cell
lung adenocarcinoma,lymph node,"CD8-positive, alpha-beta T cell",5947,0.11019084676672225,oxidative_stress_cell
normal,fallopian tube,endothelial cell of lymphatic vessel,5944,0.02780623581970856,oxidative_stress_cell
normal,colon,pericyte,5934,0.008845586821357606,oxidative_stress_cell
basal cell carcinoma,skin of body,B cell,5927,0.05061572358195699,oxidative_stress_cell
squamous cell lung carcinoma,lung,vein endothelial cell,5919,0.02521964396799291,oxidative_stress_cell
normal,musculature,skeletal muscle fibroblast,5913,0.010144576949009476,oxidative_stress_cell
cytomegalovirus infection,blood,plasma cell,5911,0.0009213107707011641,oxidative_stress_cell
glioblastoma,brain,mural cell,5909,0.004360576667630928,
normal,endocrine gland,corticomedullary thymic epithelial cell,5888,0.008396387043781569,oxidative_stress_cell
atherosclerosis,brain,microglial cell,5883,0.0415715648517825,microglia_activated
normal,kidney,natural killer cell,5870,0.008920308366094318,
vascular dementia,brain,microglial cell,5867,0.07073873569731971,microglia_activated
COVID-19,blood,"CD14-low, CD16-positive monocyte",5865,0.0016070954428363139,oxidative_stress_cell
normal,kidney,endothelial cell of vascular tree,5862,0.008908151216702707,oxidative_stress_cell
normal,bone marrow,"central memory CD8-positive, alpha-beta T cell",5860,0.007714972576300552,oxidative_stress_cell
normal,blood,"CD4-positive, alpha-beta thymocyte",5858,0.00042379680556465897,
normal,lymph node,innate lymphoid cell,5857,0.006370278847889879,
normal,kidney,renal intercalated cell,5849,0.00888839584894134,
small cell lung carcinoma,axilla,epithelial cell,5811,0.8962060456508328,oxidative_stress_cell
clear cell renal carcinoma,blood,"CD4-positive, alpha-beta T cell",5794,0.18366829391998984,oxidative_stress_cell
COVID-19,blood,"double-positive, alpha-beta thymocyte",5791,0.0015868183647851821,
squamous cell lung carcinoma,lung,regulatory T cell,5788,0.024661479859223342,oxidative_stress_cell
normal,stomach,"CD4-positive, alpha-beta T cell",5784,0.020345994470279512,oxidative_stress_cell
normal,spleen,unknown,5770,0.00998828064818229,
pulmonary fibrosis,lung,tracheobronchial smooth muscle cell,5768,0.02144780093109039,
normal,skin of body,skeletal muscle satellite cell,5768,0.008555261381923895,
normal,heart,ventricular cardiac muscle cell,5767,0.002937794855624219,
pulmonary fibrosis,lung,"CD4-positive, alpha-beta T cell",5753,0.021392024749750868,oxidative_stress_cell
normal,bone marrow,myelocyte,5736,0.007551720596870302,
normal,brain,perivascular macrophage,5724,0.0003087406783805095,oxidative_stress_cell
normal,lung,vein endothelial cell of respiratory system,5716,0.0018152785734882946,oxidative_stress_cell
normal,bone marrow,fraction A pre-pro B cell,5714,0.0075227565360036445,oxidative_stress_cell
metastatic melanoma,brain,T cell,5700,0.523175768701239,oxidative_stress_cell
normal,heart,epicardial adipocyte,5690,0.0028985699199760373,adipocyte_lipolytic
dilated cardiomyopathy,heart,cardiac neuron,5688,0.0117866223494087,neuron_stressed
normal,colon,enterocyte of epithelium of large intestine,5685,0.008474412045739465,oxidative_stress_cell
cystic fibrosis,lung,unknown,5682,0.32302444570778854,
normal,lymph node,"CD16-negative, CD56-bright natural killer cell, human",5678,0.006175592162936441,
Pick disease,brain,oligodendrocyte precursor cell,5677,0.0579031649378334,microglia_activated
normal,skeletal system,chondrocyte,5670,0.16415274601198576,
normal,spleen,T cell,5661,0.009799593890703628,oxidative_stress_cell
rheumatoid arthritis,blood,"effector memory CD4-positive, alpha-beta T cell",5656,0.11629006723276518,oxidative_stress_cell
normal,lung,adventitial cell,5654,0.0017955887079256156,
Lewy body dementia,brain,L2/3-6 intratelencephalic projecting glutamatergic neuron,5652,0.047009115709628055,neuron_stressed
interstitial lung disease,lung,monocyte,5642,0.017809287218159033,oxidative_stress_cell
COVID-19,blood,CD4-positive helper T cell,5637,0.0015446201212733677,oxidative_stress_cell
follicular lymphoma,lymph node,regulatory T cell,5629,0.0458753728545582,oxidative_stress_cell
normal,lung,alternatively activated macrophage,5625,0.0017863789320979107,oxidative_stress_cell
"primary cutaneous diffuse large B-cell lymphoma, Leg type",skin of body,malignant cell,5624,0.7924475130336762,tumor_epithelial_warburg
normal,small intestine,myeloid leukocyte,5623,0.004735592572286635,
colorectal cancer,colon,colonocyte,5618,0.13568409612365656,
normal,skin of body,T cell,5597,0.008301629326391825,oxidative_stress_cell
normal,ovary,theca cell,5571,0.03183392189803545,
normal,pancreas,epithelial cell of exocrine pancreas,5567,0.013093863265915735,oxidative_stress_cell
malignant ovarian serous tumor,musculature,T cell,5565,0.285985919111979,oxidative_stress_cell
normal,spleen,"effector memory CD8-positive, alpha-beta T cell",5552,0.009610907133224968,oxidative_stress_cell
normal,reproductive system,hematopoietic cell,5533,0.015182822254236126,
normal,lung,plasma cell,5532,0.0017568441337538919,oxidative_stress_cell
lung adenocarcinoma,lung,capillary endothelial cell,5530,0.007664088410041203,oxidative_stress_cell
Crohn disease,colon,enterocyte,5524,0.16300274425329753,oxidative_stress_cell
lymphoma,cerebrospinal fluid,"CD8-positive, alpha-beta T cell",5522,0.3010248582642826,oxidative_stress_cell
juvenile dermatomyositis,blood,"CD16-positive, CD56-dim natural killer cell, human",5506,0.06660537584980523,
arrhythmogenic right ventricular cardiomyopathy,heart,unknown,5505,0.052681442351860355,
normal,brain,immature astrocyte,5470,0.00029504044562218503,microglia_activated
normal,small intestine,transit amplifying cell of small intestine,5464,0.004601685544188898,
COVID-19,lung,basal cell,5461,0.006717361568967044,
B-cell non-Hodgkin lymphoma,lymph node,natural killer cell,5458,0.00936023529210005,
epilepsy,brain,pyramidal neuron,5454,0.04198452715445903,neuron_stressed
normal,digestive system,ciliated cell,5453,0.07553468528368794,
common variable immunodeficiency,blood,"CD4-positive, alpha-beta memory T cell",5453,0.0842045121141463,oxidative_stress_cell
basal cell carcinoma,skin of body,macrophage,5452,0.04655929221677569,oxidative_stress_cell
ovarian cancer,ovary,epithelial cell,5451,0.09433570427288303,oxidative_stress_cell
respiratory system disorder,blood,natural killer cell,5450,0.057376272542558455,
primary sclerosing cholangitis,liver,Kupffer cell,5443,0.05200301909866529,hepatocyte_sulfur
normal,eye,plasma cell,5438,0.0006965936340718575,oxidative_stress_cell
normal,brain,perivascular cell,5434,0.0002930986803493516,
ulcerative colitis,colon,IgA plasma cell,5428,0.15123568582653032,oxidative_stress_cell
normal,kidney,renal principal cell,5425,0.008244066931185975,
normal,pancreas,endocrine cell,5424,0.01275752009238853,
normal,spleen,gamma-delta T cell,5421,0.00938413681001667,oxidative_stress_cell
normal,colon,endothelial cell,5420,0.008079386682129798,oxidative_stress_cell
normal,breast,endothelial cell,5412,0.002298667010985352,oxidative_stress_cell
pulmonary fibrosis,lung,vein endothelial cell,5412,0.020124046227299096,oxidative_stress_cell
normal,nose,memory B cell,5407,0.022776193464955328,oxidative_stress_cell
invasive ductal breast carcinoma,breast,pericyte,5406,0.028923011074848858,oxidative_stress_cell
malignant ovarian serous tumor,omentum,plasma cell,5403,0.025864792669966587,oxidative_stress_cell
normal,endocrine gland,B cell,5397,0.007696212784526007,oxidative_stress_cell
cystic fibrosis,lung,respiratory basal cell,5394,0.3066515065378056,
tauopathy,brain,microglial cell,5385,0.04315284199729143,microglia_activated
normal,immune system,naive B cell,5371,0.10769138228335405,oxidative_stress_cell
myocardial infarction,heart,lymphoid lineage restricted progenitor cell,5371,0.028555782399727787,
lymphoma,cerebrospinal fluid,"CD4-positive, alpha-beta T cell",5368,0.2926297426951592,oxidative_stress_cell
type 2 diabetes mellitus,vasculature,unknown,5363,0.6917322326841223,
malignant ovarian serous tumor,colon,T cell,5351,0.283993206665959,oxidative_stress_cell
isolated focal cortical dysplasia type II,brain,astrocyte,5347,0.08690776107273467,microglia_activated
normal,respiratory system,macrophage,5336,0.010317171826541582,oxidative_stress_cell
normal,stomach,mononuclear phagocyte,5336,0.01877009448364652,
normal,exocrine gland,B cell,5335,0.02764191415721954,oxidative_stress_cell
normal,kidney,kidney cell,5331,0.008101220425834551,
normal,digestive system,fibroblast,5319,0.0736785239361702,oxidative_stress_cell
normal,adipose tissue,"CD8-positive, alpha-beta T cell",5311,0.011596019231357068,oxidative_stress_cell
normal,blood,blood cell,5310,0.00038415176468903025,
normal,brain,capillary endothelial cell,5310,0.0002864103777429255,oxidative_stress_cell
normal,colon,gastrointestinal tract (lamina propria) macrophage,5310,0.007915413889688049,oxidative_stress_cell
normal,nose,glandular secretory epithelial cell,5310,0.022367595209712002,oxidative_stress_cell
normal,bone marrow,macrophage,5303,0.006981655217085637,oxidative_stress_cell
normal,brain,GABAergic interneuron,5298,0.00028576312265198104,neuron_stressed
normal,ovary,endothelial cell,5288,0.030216797522314032,oxidative_stress_cell
normal,central nervous system,choroid plexus epithelial cell,5285,0.007114271214595227,oxidative_stress_cell
normal,eye,lens epithelial cell,5276,0.0006758418560800148,oxidative_stress_cell
normal,eye,macroglial cell,5276,0.0006758418560800148,
normal,intestine,neuron,5271,0.018666336142786316,neuron_stressed
normal,exocrine gland,fibroblast of breast,5270,0.027305133572361195,oxidative_stress_cell
malignant ovarian serous tumor,abdomen,plasma cell,5262,0.021625309255895384,oxidative_stress_cell
normal,respiratory system,bronchus fibroblast of lung,5257,0.010164425092228091,oxidative_stress_cell
normal,bone marrow,basophilic erythroblast,5253,0.006915827806025052,
Pick disease,brain,microglial cell,5251,0.05355813265607948,microglia_activated
normal,small intestine,intraepithelial lymphocyte,5249,0.004420616292358625,
normal,liver,cholangiocyte,5246,0.005487298462594114,
normal,breast,IgA plasma cell,5233,0.0022226394065939293,oxidative_stress_cell
normal,lung,"naive thymus-derived CD4-positive, alpha-beta T cell",5229,0.001660617855278218,oxidative_stress_cell
normal,skin of body,myofibroblast cell,5228,0.007754318048664724,oxidative_stress_cell
normal,exocrine gland,duct epithelial cell,5216,0.027025346624940414,oxidative_stress_cell
normal,heart,Schwann cell,5212,0.002655069670108103,
normal,brain,leukocyte,5211,0.00028107052324263365,
normal,breast,"CD4-positive, alpha-beta T cell",5199,0.00220819840911176,oxidative_stress_cell
normal,kidney,kidney loop of Henle ascending limb epithelial cell,5194,0.007893029242503218,oxidative_stress_cell
normal,blood,"CD8-positive, alpha-beta regulatory T cell",5185,0.0003751086440513412,oxidative_stress_cell
Crohn disease,small intestine,goblet cell,5181,0.03560726852870024,oxidative_stress_cell
normal,urinary bladder,basal cell of urothelium,5179,0.17359388617014146,
breast cancer,breast,conventional dendritic cell,5179,0.00882430116101155,oxidative_stress_cell
normal,large intestine,gamma-delta T cell,5178,0.027901112164841795,oxidative_stress_cell
normal,liver,hematopoietic multipotent progenitor cell,5173,0.005410940706633501,
B-cell non-Hodgkin lymphoma,lymph node,smooth muscle cell,5172,0.00886975759082841,
acute kidney failure,kidney,kidney distal convoluted tubule epithelial cell,5151,0.04111229058751227,oxidative_stress_cell
normal,brain,retinal progenitor cell,5149,0.0002777263719394206,
normal,respiratory system,mature NK T cell,5140,0.009938205245206846,oxidative_stress_cell
lymphoma,cerebrospinal fluid,B cell,5132,0.27976450065416486,oxidative_stress_cell
invasive ductal breast carcinoma,breast,fibroblast of breast,5124,0.027414263549301803,oxidative_stress_cell
gastric cancer,stomach,foveolar cell of stomach,5121,0.023499125838025357,
nonpapillary renal cell carcinoma,kidney,epithelial cell of proximal tubule,5120,0.025800729676886174,oxidative_stress_cell
normal,kidney,mesenchymal cell,5117,0.007776016679608966,
glioblastoma,brain,neutrophil,5115,0.003774640320685767,oxidative_stress_cell
normal,eye,endothelial cell of lymphatic vessel,5113,0.0006549619806931606,oxidative_stress_cell
acute kidney failure,kidney,kidney interstitial fibroblast,5102,0.04072120104396964,oxidative_stress_cell
influenza,blood,"CD4-positive, alpha-beta T cell",5097,0.1713162140360312,oxidative_stress_cell
normal,respiratory system,adventitial cell,5097,0.009855064617669124,
normal,exocrine gland,serous secreting cell,5097,0.026408779092661292,
normal,exocrine gland,seromucus secreting cell,5088,0.02636214793475783,
normal,brain,cerebellar granule cell precursor,5087,0.00027438222063620754,
acute kidney failure,kidney,T cell,5077,0.040521665562570336,oxidative_stress_cell
normal,bone marrow,polychromatophilic erythroblast,5061,0.0066630505475524055,
COVID-19,nose,monocyte,5060,0.05740801670051395,oxidative_stress_cell
normal,spleen,plasmablast,5044,0.00873152297910424,
amyotrophic lateral sclerosis,brain,microglial cell,5020,0.029264482129428292,microglia_activated
Crohn disease,small intestine,regulatory T cell,5013,0.03445266109522762,oxidative_stress_cell
normal,kidney,kidney interstitial cell,5012,0.007616454093844076,
normal,spleen,"activated CD8-positive, alpha-beta T cell",5009,0.008670935488170725,oxidative_stress_cell
tauopathy,brain,VIP GABAergic cortical interneuron,5002,0.040083661220139594,neuron_stressed
colon adenocarcinoma,large intestine,gamma-delta T cell,4999,0.019432383158860412,oxidative_stress_cell
normal,bone marrow,"CD14-positive, CD16-positive monocyte",4996,0.006577474913173645,oxidative_stress_cell
normal,musculature,mural cell,4993,0.00856618851791042,
metastatic melanoma,brain,malignant cell,4990,0.45800826067003214,tumor_epithelial_warburg
Lewy body dementia,brain,oligodendrocyte precursor cell,4984,0.04145319049836982,microglia_activated
normal,spleen,"CD8-positive, alpha-beta memory T cell, CD45RO-positive",4984,0.008627658708932501,oxidative_stress_cell
triple-negative breast carcinoma,breast,endothelial cell,4982,0.04407562393283378,oxidative_stress_cell
normal,blood,CD141-positive myeloid dendritic cell,4979,0.00036020558124042965,oxidative_stress_cell
breast cancer,liver,mature NK T cell,4977,0.013778497570698892,oxidative_stress_cell
normal,small intestine,"naive thymus-derived CD4-positive, alpha-beta T cell",4976,0.004190700451662511,oxidative_stress_cell
breast cancer,breast,endothelial cell,4971,0.008469897870513306,oxidative_stress_cell
common variable immunodeficiency,blood,memory B cell,4967,0.07669976373940302,oxidative_stress_cell
prostatic acinar adenocarcinoma,prostate gland,club-like cell of the urethral epithelium,4966,0.07268522584233483,
normal,endocrine gland,pericyte,4962,0.007075895467262932,oxidative_stress_cell
common variable immunodeficiency,blood,type I NK T cell,4960,0.07659167065581618,oxidative_stress_cell
breast cancer,breast,mononuclear phagocyte,4951,0.008435820631042321,
normal,lymph node,endothelial cell of lymphatic vessel,4949,0.005382706166673555,oxidative_stress_cell
bipolar I disorder,brain,microglial cell,4917,0.032307237425671015,microglia_activated
basal cell carcinoma,skin of body,pericyte,4908,0.041913610821704896,oxidative_stress_cell
colon adenocarcinoma,large intestine,colonocyte,4902,0.01905531951284932,
primary sclerosing cholangitis,liver,"CD4-positive, alpha-beta T cell",4902,0.04683424575080971,oxidative_stress_cell
normal,skin of body,endothelial cell,4899,0.0072663359067345985,oxidative_stress_cell
lung adenocarcinoma,lung,multiciliated epithelial cell,4898,0.00678819259175078,oxidative_stress_cell
normal,bone marrow,immature B cell,4888,0.0064352877052827814,oxidative_stress_cell
normal,breast,"effector memory CD4-positive, alpha-beta T cell",4883,0.0020739820795715952,oxidative_stress_cell
normal,bone marrow,"effector memory CD4-positive, alpha-beta T cell, terminally differentiated",4854,0.006390525065761584,oxidative_stress_cell
normal,embryo,fibroblast,4854,0.012118488559337903,oxidative_stress_cell
normal,bone marrow,gamma-delta T cell,4847,0.006381309228213102,oxidative_stress_cell
estrogen-receptor positive breast cancer,breast,endothelial cell,4847,0.05530074844833881,oxidative_stress_cell
normal,liver,"CD8-positive, alpha-beta T cell",4847,0.005069945796453234,oxidative_stress_cell
breast cancer,breast,cycling T cell,4846,0.008256915123819649,oxidative_stress_cell
COVID-19,brain,oligodendrocyte,4829,0.14093920555701486,microglia_activated
normal,skeletal system,mesenchymal stem cell,4813,0.1393416519498567,
normal,fallopian tube,natural killer cell,4811,0.022506022969148363,
interstitial lung disease,lung,helper T cell,4810,0.01518303288184065,oxidative_stress_cell
bronchopulmonary dysplasia,lung,alveolar macrophage,4809,0.03191722361967465,oxidative_stress_cell
normal,pancreas,endothelial cell of vascular tree,4804,0.011299248990382467,oxidative_stress_cell
acute kidney failure,kidney,kidney collecting duct intercalated cell,4784,0.03818310972057051,
normal,liver,gamma-delta T cell,4779,0.004998818023777596,oxidative_stress_cell
normal,lung,"effector CD4-positive, alpha-beta T cell",4776,0.0015167548052799327,oxidative_stress_cell
HER2 positive breast carcinoma,breast,T cell,4768,0.2976837110570019,oxidative_stress_cell
normal,blood,professional antigen presenting cell,4765,0.00034472375870870606,
normal,intestine,ciliated cell,4763,0.016867341879736524,
normal,lung,secretory cell,4758,0.0015110383926972195,
clear cell renal carcinoma,blood,CD14-positive monocyte,4757,0.1507956634755595,oxidative_stress_cell
normal,musculature,fibroblast of the aortic adventitia,4757,0.008161297572541531,oxidative_stress_cell
normal,lung,lung pericyte,4756,0.0015104032357435846,oxidative_stress_cell
oropharynx squamous cell carcinoma,digestive system,B cell,4756,0.092890625,oxidative_stress_cell
normal,small intestine,enteroendocrine cell,4755,0.004004578104432323,
normal,kidney,renal interstitial pericyte,4741,0.0072046306582032645,oxidative_stress_cell
normal,small intestine,unknown,4734,0.003986892270532621,
normal,lymph node,plasmablast,4732,0.005146689347484191,
periodontitis,mucosa,fibroblast,4729,0.12276739356178608,oxidative_stress_cell
triple-negative breast carcinoma,exocrine gland,basal-myoepithelial cell of mammary gland,4709,0.19401755181080302,oxidative_stress_cell
normal,respiratory system,fibroblast,4707,0.009100998460931639,oxidative_stress_cell
normal,liver,plasmacytoid dendritic cell,4701,0.004917230284532011,oxidative_stress_cell
normal,intestine,basal cell,4700,0.016644238260500037,
lung adenocarcinoma,lung,non-classical monocyte,4700,0.006513782192982578,oxidative_stress_cell
follicular lymphoma,lymph node,T follicular helper cell,4700,0.03830418412087822,
myelodysplastic syndrome,blood,unknown,4696,0.026655465619217365,
normal,colon,"naive thymus-derived CD4-positive, alpha-beta T cell",4690,0.006991203605016375,oxidative_stress_cell
normal,exocrine gland,myeloid cell,4688,0.024289652027937245,
cystic fibrosis,lung,multiciliated columnar cell of tracheobronchial tree,4687,0.26645821489482663,
normal,heart,endothelial cell of lymphatic vessel,4683,0.0023855892680576065,oxidative_stress_cell
normal,embryo,macrophage,4679,0.011681583842015255,oxidative_stress_cell
isolated focal cortical dysplasia type II,brain,microglial cell,4674,0.07596911824461601,microglia_activated
type 2 diabetes mellitus,pancreas,pancreatic stellate cell,4663,0.05994960273585148,
common variable immunodeficiency,blood,"activated CD4-positive, alpha-beta T cell",4657,0.07191278432341451,oxidative_stress_cell
basal cell carcinoma,skin of body,fibroblast,4653,0.03973594766776546,oxidative_stress_cell
B-cell acute lymphoblastic leukemia,blood,monocyte,4636,0.031599754617953786,oxidative_stress_cell
bipolar II disorder,brain,astrocyte,4636,0.1750358680057389,microglia_activated
normal,small intestine,intestine goblet cell,4633,0.003901831831300726,oxidative_stress_cell
normal,nose,multiciliated columnar cell of tracheobronchial tree,4632,0.019511619776155554,
invasive ductal breast carcinoma,breast,"CD4-positive, CD25-positive, CCR4-positive, alpha-beta regulatory T cell",4624,0.024739179284147452,oxidative_stress_cell
normal,brain,Cajal-Retzius cell,4612,0.0002487617066196558,
triple-negative breast carcinoma,exocrine gland,myeloid cell,4606,0.18977380412838366,
normal,intestine,paneth cell,4606,0.016311353495290035,gut_fermentative_microbe
primary sclerosing cholangitis,liver,"CD8-positive, alpha-beta T cell",4601,0.04395845873102315,oxidative_stress_cell
normal,stomach,plasma cell,4599,0.0161775983002793,oxidative_stress_cell
tauopathy,brain,pvalb GABAergic cortical interneuron,4596,0.03683016932582199,neuron_stressed
normal,prostate gland,epithelial cell of prostate,4587,0.05266058205613914,oxidative_stress_cell
prostatic acinar adenocarcinoma,prostate gland,luminal cell of prostate epithelium,4582,0.06706478147595211,
normal,liver,endothelial cell of vascular tree,4580,0.004790664689035654,oxidative_stress_cell
multiple sclerosis,brain,oligodendrocyte,4580,0.40729212983548246,microglia_activated
type 2 diabetes mellitus,pancreas,pancreatic acinar cell,4573,0.05879252269162531,
normal,forelimb,chondrocyte,4571,0.11725623989944335,
normal,endocrine gland,"CD4-positive, alpha-beta thymocyte",4563,0.0065069147555664565,
normal,lymph node,plasmacytoid dendritic cell,4557,0.00495635320297664,oxidative_stress_cell
invasive ductal breast carcinoma,breast,endothelial cell of vascular tree,4557,0.024380717992616766,oxidative_stress_cell
normal,musculature,secondary lymphoid organ macrophage,4554,0.007813022733940326,oxidative_stress_cell
cytomegalovirus infection,blood,"CD8-positive, alpha-beta regulatory T cell",4540,0.0007076215359470961,oxidative_stress_cell
prediabetes syndrome,pancreas,pancreatic acinar cell,4539,0.05704052780395853,
normal,mucosa,T cell,4533,0.04956373417306305,oxidative_stress_cell
normal,blood,common myeloid progenitor,4532,0.0003278673818400537,
normal,hindlimb,fibroblast,4529,0.05207423078691993,oxidative_stress_cell
lymphoid interstitial pneumonia,lung,macrophage,4521,0.2710269168515077,oxidative_stress_cell
small cell lung carcinoma,pleural fluid,epithelial cell,4516,0.6480126273496915,oxidative_stress_cell
normal,ureter,leukocyte,4508,0.1030918404683498,
normal,skeletal system,endothelial cell of vascular tree,4497,0.1301931038476014,oxidative_stress_cell
breast cancer,breast,cycling macrophage,4497,0.007662267295050962,oxidative_stress_cell
Sjogren syndrome,exocrine gland,IgA plasma cell,4495,0.09937874466626871,oxidative_stress_cell
normal,breast,class switched memory B cell,4493,0.0019083353437467083,oxidative_stress_cell
malignant ovarian serous tumor,urinary bladder,fibroblast,4488,0.7162464091924673,oxidative_stress_cell
normal,spleen,hematopoietic cell,4487,0.0077673163376765905,
neuroblastoma,adrenal gland,endothelial cell,4487,0.0423801652892562,oxidative_stress_cell
interstitial lung disease,lung,natural killer cell,4471,0.014112960502018617,
COVID-19,blood,immature B cell,4464,0.001223201032706105,oxidative_stress_cell
normal,nose,respiratory tract multiciliated cell,4462,0.018795519741193024,
luminal B breast carcinoma,pleural fluid,mesothelial cell,4453,0.1555470169065251,
normal,spinal cord,astrocyte,4449,0.08941635179676823,microglia_activated
normal,esophagus,smooth muscle cell,4448,0.026561884173942122,
normal,skeletal system,Schwann cell,4443,0.12862974436177296,
acute kidney failure,kidney,kidney connecting tubule epithelial cell,4441,0.035445482915772084,oxidative_stress_cell
normal,colon,"effector memory CD8-positive, alpha-beta T cell",4440,0.006618538167648764,oxidative_stress_cell
normal,blood,class switched memory B cell,4440,0.00032121164505071457,oxidative_stress_cell
normal,spleen,B-1 B cell,4440,0.007685955992708728,oxidative_stress_cell
normal,eye,unknown,4432,0.0005677276546904143,
normal,bladder organ,"CD8-positive, alpha-beta T cell",4432,0.05875412617819787,oxidative_stress_cell
normal,exocrine gland,IgA plasma cell,4421,0.022906261010134505,oxidative_stress_cell
Crohn disease,small intestine,"CD4-positive, alpha-beta T cell",4419,0.030370299098306575,oxidative_stress_cell
normal,breast,natural killer cell,4418,0.0018764802022419225,
common variable immunodeficiency,blood,"CD16-positive, CD56-dim natural killer cell, human",4409,0.0680832007906237,
vascular dementia,brain,VIP GABAergic cortical interneuron,4396,0.05300280929357721,neuron_stressed
normal,skin of body,glial cell,4380,0.006496540369768839,
normal,skin of body,mast cell,4380,0.006496540369768839,oxidative_stress_cell
normal,adrenal gland,endothelial cell,4374,0.009988832786391072,oxidative_stress_cell
normal,liver,myeloid cell,4352,0.004552177451240866,
lung adenocarcinoma,pleural fluid,"CD8-positive, alpha-beta T cell",4349,0.20302506885766305,oxidative_stress_cell
normal,lung,neutrophil,4342,0.0013789257463411783,oxidative_stress_cell
normal,central nervous system,cerebellar granule cell,4339,0.005840836859059354,
neuroblastoma,abdomen,T cell,4336,0.023262176966367485,oxidative_stress_cell
normal,forelimb,fibroblast of dermis,4333,0.11115101454480159,oxidative_stress_cell
normal,heart,mesothelial cell of epicardium,4332,0.0022067846912717385,
normal,embryo,paraxial cell,4330,0.010810271005754659,
COVID-19,lung,mature NK T cell,4325,0.0053200125958217295,oxidative_stress_cell
normal,kidney,kidney loop of Henle thin ascending limb epithelial cell,4324,0.006570939246165559,oxidative_stress_cell
schizophrenia,brain,lamp5 GABAergic cortical interneuron,4318,0.017986495549196273,neuron_stressed
normal,brain,neuroepithelial stem cell,4308,0.0002323645776490627,
normal,lung,"CD4-positive, alpha-beta memory T cell",4304,0.001366857764222117,oxidative_stress_cell
primary sclerosing cholangitis,liver,hepatic pit cell,4296,0.041044455272435436,oxidative_stress_cell
normal,lung,chondrocyte,4295,0.0013639995579307603,
normal,lymph node,"effector memory CD8-positive, alpha-beta T cell",4293,0.004669217533548105,oxidative_stress_cell
normal,blood,mature NK T cell,4293,0.00031057693518079225,oxidative_stress_cell
primary sclerosing cholangitis,liver,natural killer cell,4293,0.04101579294333457,
Crohn disease,small intestine,"effector memory CD8-positive, alpha-beta T cell",4290,0.029483725533318673,oxidative_stress_cell
pulmonary fibrosis,lung,natural killer cell,4284,0.015929677390567134,
normal,small intestine,paneth cell,4283,0.003607067932972374,gut_fermentative_microbe
normal,stomach,mesodermal cell,4279,0.015051955452684307,
ulcerative colitis,colon,IgG plasma cell,4278,0.11919422696497729,oxidative_stress_cell
B-cell acute lymphoblastic leukemia,blood,"CD8-positive, alpha-beta cytotoxic T cell",4276,0.0291459341558176,oxidative_stress_cell
breast cancer,axilla,blood vessel endothelial cell,4275,0.04876407314040631,oxidative_stress_cell
primary sclerosing cholangitis,liver,intrahepatic cholangiocyte,4271,0.04080560252992825,
common variable immunodeficiency,blood,regulatory T cell,4270,0.06593678098797079,oxidative_stress_cell
estrogen-receptor positive breast cancer,breast,B cell,4257,0.048569277108433735,oxidative_stress_cell
normal,small intestine,conventional dendritic cell,4256,0.003584329003672758,oxidative_stress_cell
pulmonary emphysema,lung,monocyte,4248,0.13361852038248617,oxidative_stress_cell
opiate dependence,brain,astrocyte,4248,0.07808967076600673,microglia_activated
normal,stomach,enterocyte,4244,0.014928838266228603,oxidative_stress_cell
vascular dementia,brain,oligodendrocyte precursor cell,4243,0.051158080034724315,microglia_activated
normal,lung,smooth muscle cell,4239,0.0013462151632289854,
normal,musculature,endothelial cell,4237,0.00726916498105076,oxidative_stress_cell
breast cancer,liver,endothelial stalk cell,4224,0.01169386653378182,oxidative_stress_cell
Crohn disease,small intestine,IgA plasma cell,4215,0.02896827578623268,oxidative_stress_cell
normal,spleen,"CD4-positive, CD25-positive, alpha-beta regulatory T cell",4212,0.007291271766056118,oxidative_stress_cell
normal,heart,natural killer cell,4210,0.0021446360919330607,
breast cancer,liver,endothelial cell,4209,0.011652340019102196,oxidative_stress_cell
normal,brain,L6 intratelencephalic projecting glutamatergic neuron of the primary motor cortex,4206,0.00022686290937603477,neuron_stressed
normal,respiratory system,tracheobronchial serous cell,4205,0.008130379972002878,
normal,liver,megakaryocyte-erythroid progenitor cell,4204,0.004397369946005652,
normal,stomach,IgG plasma cell,4199,0.014770544740785558,oxidative_stress_cell
normal,vasculature,endothelial cell,4198,0.030184066724187518,oxidative_stress_cell
clear cell renal carcinoma,kidney,macrophage,4186,0.027465209204060075,oxidative_stress_cell
normal,small intestine,natural killer cell,4183,0.0035228496763071303,
normal,embryo,inhibitory interneuron,4181,0.010438277846434233,neuron_stressed
diabetes mellitus,brain,oligodendrocyte precursor cell,4174,0.055068142538622904,microglia_activated
myocardial infarction,heart,endocardial cell,4173,0.02218642337629195,
normal,omentum,stromal cell,4166,0.3106868521142516,oxidative_stress_cell
normal,breast,classical monocyte,4166,0.0017694469267858417,oxidative_stress_cell
nonpapillary renal cell carcinoma,kidney,"CD4-positive, CD25-positive, alpha-beta regulatory T cell",4162,0.02097317127250005,oxidative_stress_cell
clear cell renal carcinoma,kidney,regulatory T cell,4161,0.027301179048756324,oxidative_stress_cell
normal,brain,mature astrocyte,4156,0.00022416601316376617,microglia_activated
congenital heart disease,brain,cerebellar granule cell,4156,0.8236226714229092,
colon adenocarcinoma,large intestine,colon goblet cell,4141,0.016097119155999394,oxidative_stress_cell
COVID-19,respiratory system,club cell,4135,0.05807747408635074,oxidative_stress_cell
cytomegalovirus infection,blood,"CD8-positive, alpha-beta memory T cell",4134,0.0006443408435253954,oxidative_stress_cell
normal,skin of body,stromal cell,4133,0.006130182956222514,oxidative_stress_cell
normal,blood,macrophage,4118,0.0002979165662880276,oxidative_stress_cell
COVID-19,lung,regulatory T cell,4112,0.0050580096633569835,oxidative_stress_cell
normal,musculature,"CD4-positive, alpha-beta T cell",4111,0.007052994391574151,oxidative_stress_cell
normal,endocrine gland,vascular associated smooth muscle cell,4107,0.005856651085056199,
normal,intestine,pericyte,4103,0.014530065868687584,oxidative_stress_cell
bronchopulmonary dysplasia,lung,helper T cell,4101,0.02721824372307876,oxidative_stress_cell
acute myeloid leukemia,bone marrow,early promyelocyte,4090,0.1468476231509407,
basal cell carcinoma,skin of body,"activated CD8-positive, alpha-beta T cell, human",4085,0.03488530974055919,oxidative_stress_cell
prostatic acinar adenocarcinoma,prostate gland,vascular associated smooth muscle cell,4082,0.05974649454055794,
normal,blood,myeloid dendritic cell,4071,0.00029451635292825654,oxidative_stress_cell
basal cell carcinoma,skin of body,"CD8-positive, alpha-beta memory T cell, CD45RO-positive",4064,0.03470597277494065,oxidative_stress_cell
common variable immunodeficiency,blood,conventional dendritic cell,4059,0.06267854661128183,oxidative_stress_cell
normal,embryo,cortical interneuron,4054,0.010121209851577226,neuron_stressed
normal,musculature,"CD8-positive, alpha-beta T cell",4047,0.006943193457236825,oxidative_stress_cell
B-cell non-Hodgkin lymphoma,bone marrow,non-classical monocyte,4041,0.06763632711813343,oxidative_stress_cell
normal,embryo,forebrain neuroblast,4039,0.010083760875806713,neuron_stressed
invasive ductal breast carcinoma,breast,"effector memory CD4-positive, alpha-beta T cell",4035,0.021587930019795625,oxidative_stress_cell
COVID-19,lung,alveolar adventitial fibroblast,4031,0.004958374745377431,oxidative_stress_cell
primary sclerosing cholangitis,liver,endothelial cell of pericentral hepatic sinusoid,4031,0.03851261620185923,oxidative_stress_cell
colon adenocarcinoma,large intestine,"effector CD8-positive, alpha-beta T cell",4023,0.01563842317425394,oxidative_stress_cell
squamous cell lung carcinoma,lung,CD1c-positive myeloid dendritic cell,4020,0.017128394788195896,oxidative_stress_cell
bipolar I disorder,brain,L6 intratelencephalic projecting glutamatergic neuron,4018,0.026400341666940438,neuron_stressed
normal,fallopian tube,blood vessel endothelial cell,4016,0.018786985708605243,oxidative_stress_cell
COVID-19,lung,vein endothelial cell,4015,0.0049386937739246805,oxidative_stress_cell
glioblastoma,brain,radial glial cell,4011,0.002959937893699044,
normal,testis,spermatid,4009,0.19344721096313452,
isolated focal cortical dysplasia type II,brain,oligodendrocyte precursor cell,4008,0.06514425030475417,microglia_activated
normal,heart,blood vessel smooth muscle cell,3994,0.0020346025062186806,
normal,breast,conventional dendritic cell,3985,0.0016925698519542917,oxidative_stress_cell
normal,endocrine gland,natural killer cell,3981,0.005676972965573102,
frontotemporal dementia,brain,microglial cell,3978,0.03355942498481474,microglia_activated
chronic kidney disease,kidney,kidney loop of Henle thin ascending limb epithelial cell,3970,0.014894463161528015,oxidative_stress_cell
lung adenocarcinoma,brain,macrophage,3953,0.1446501756440281,oxidative_stress_cell
malignant ovarian serous tumor,large intestine,fibroblast,3951,0.3727006886142817,oxidative_stress_cell
normal,lung,mature B cell,3940,0.001251259198660581,oxidative_stress_cell
COVID-19,blood,double negative T regulatory cell,3933,0.0010776992969608221,
normal,heart,leukocyte,3926,0.001999962303308598,
frontotemporal dementia,brain,oligodendrocyte precursor cell,3922,0.03308699466828643,microglia_activated
normal,colon,neural cell,3913,0.0058329594256778415,
rheumatoid arthritis,blood,natural killer cell,3906,0.08030922959886506,
normal,liver,plasma cell,3905,0.004084616945564242,oxidative_stress_cell
lung adenocarcinoma,lung,fibroblast of lung,3900,0.005405053309070649,oxidative_stress_cell
small cell lung carcinoma,lung,T cell,3898,0.12358909321496513,oxidative_stress_cell
respiratory system disorder,blood,"CD16-positive, CD56-dim natural killer cell, human",3898,0.04103719456346658,
normal,lung,pulmonary neuroendocrine cell,3897,0.0012376033241574325,
normal,heart,mast cell,3895,0.0019841704460995895,oxidative_stress_cell
non-specific interstitial pneumonia,lung,ciliated cell,3892,0.13005847953216373,
normal,central nervous system,endothelial cell of venule,3882,0.00522565768307638,oxidative_stress_cell
normal,small intestine,mature NK T cell,3878,0.0032659839934781384,oxidative_stress_cell
normal,lung,CD14-positive monocyte,3874,0.0012302990191906322,oxidative_stress_cell
normal,kidney,myeloid cell,3870,0.005881021018191654,
gastric cancer,stomach,"effector memory CD8-positive, alpha-beta T cell",3862,0.017721855884876767,oxidative_stress_cell
normal,brain,reticulocyte,3860,0.00020820038758713604,
inflammatory bowel disease,colon,memory B cell,3859,0.10291215531495013,oxidative_stress_cell
atherosclerosis,vasculature,neutrophil,3852,0.017217874048480027,oxidative_stress_cell
normal,brain,cerebral cortex endothelial cell,3851,0.0002077149462689277,oxidative_stress_cell
periodontitis,mucosa,endothelial cell of venule,3837,0.09961059190031153,oxidative_stress_cell
normal,brain,T cell,3834,0.00020679800155675636,oxidative_stress_cell
normal,ovary,smooth muscle cell,3833,0.021902606827350544,
normal,eye,smooth muscle cell,3830,0.0004906130228935665,
normal,ovary,epithelial cell,3821,0.02183403618244363,oxidative_stress_cell
glioblastoma,brain,B cell,3806,0.0028086570988328503,oxidative_stress_cell
interstitial lung disease,lung,hematopoietic cell,3806,0.012013850966379525,
normal,adrenal gland,sympathetic neuron,3805,0.008689416724329681,neuron_stressed
post-COVID-19 disorder,blood,"naive thymus-derived CD8-positive, alpha-beta T cell",3802,0.03910557064099399,oxidative_stress_cell
normal,lung,"CD4-positive, CD25-positive, alpha-beta regulatory T cell",3793,0.0012045751625684223,oxidative_stress_cell
normal,pancreas,enterocyte,3787,0.008907213973059618,oxidative_stress_cell
luminal B breast carcinoma,pleural fluid,T cell,3783,0.13214335615481346,oxidative_stress_cell
normal,reproductive system,neural cell,3783,0.010380736777114633,
lung adenocarcinoma,lymph node,macrophage,3779,0.07002038169353345,oxidative_stress_cell
COVID-19,blood,double negative thymocyte,3778,0.0010352270388807492,
COVID-19,lung,mature alpha-beta T cell,3775,0.0046434792021334175,oxidative_stress_cell
influenza,blood,"CD8-positive, alpha-beta T cell",3774,0.12684861521914492,oxidative_stress_cell
opiate dependence,brain,indirect pathway medium spiny neuron,3771,0.06932112722660343,neuron_stressed
normal,bone marrow,endothelial cell,3771,0.004964703342189314,oxidative_stress_cell
normal,bone marrow,unswitched memory B cell,3771,0.004964703342189314,oxidative_stress_cell
normal,mucosa,helper T cell,3761,0.0411227011305736,oxidative_stress_cell
normal,small intestine,vein endothelial cell,3751,0.003159026807513279,oxidative_stress_cell
acute kidney failure,kidney,kidney loop of Henle thin descending limb epithelial cell,3748,0.02991435937138342,oxidative_stress_cell
invasive ductal breast carcinoma,exocrine gland,malignant cell,3747,0.554946682464455,tumor_epithelial_warburg
normal,stomach,"CD8-positive, alpha-beta memory T cell",3744,0.013170021316861426,oxidative_stress_cell
normal,adipose tissue,monocyte,3740,0.008165903205662857,oxidative_stress_cell
normal,bone marrow,"CD8-positive, alpha-beta T cell",3739,0.00492257379911054,oxidative_stress_cell
Lewy body dementia,brain,inhibitory interneuron,3737,0.031081575620467098,neuron_stressed
normal,bone marrow,orthochromatic erythroblast,3734,0.004915991058004481,
gastric cancer,stomach,IgG plasma cell,3731,0.01712072612803605,oxidative_stress_cell
normal,adipose tissue,unknown,3725,0.008133152256977043,
normal,musculature,vein endothelial cell,3715,0.006373601110361948,oxidative_stress_cell
normal,musculature,muscle cell,3707,0.006359875993569783,
colon adenocarcinoma,large intestine,IgA plasma cell,3705,0.014402276375990763,oxidative_stress_cell
normal,bone marrow,pre-conventional dendritic cell,3704,0.004876494611368131,oxidative_stress_cell
malignant ovarian serous tumor,liver,fibroblast,3700,0.4076236642062355,oxidative_stress_cell
prediabetes syndrome,pancreas,pancreatic stellate cell,3698,0.04647188187244738,
triple-negative breast carcinoma,exocrine gland,"CD8-positive, alpha-beta cytotoxic T cell",3691,0.1520744921923283,oxidative_stress_cell
normal,ovary,pericyte,3690,0.02108547330887647,oxidative_stress_cell
invasive ductal breast carcinoma,breast,vein endothelial cell,3688,0.019731421539778502,oxidative_stress_cell
lung adenocarcinoma,brain,T cell,3685,0.13484338407494145,oxidative_stress_cell
digestive system disorder,small intestine,fibroblast,3685,0.041013255573239545,oxidative_stress_cell
schizophrenia,brain,GABAergic neuron,3682,0.015337257205220165,neuron_stressed
colon adenocarcinoma,large intestine,"activated CD4-positive, alpha-beta T cell",3671,0.014270109737182752,oxidative_stress_cell
normal,bone marrow,erythroid lineage cell,3670,0.0048317319718469325,
normal,spleen,erythrocyte,3666,0.006346106907493288,
normal,small intestine,CD4-positive helper T cell,3665,0.0030865991067811696,oxidative_stress_cell
B-cell acute lymphoblastic leukemia,blood,immature B cell,3660,0.024947174698384568,oxidative_stress_cell
Lewy body dementia,brain,dopaminergic neuron,3649,0.03034965732916362,neuron_stressed
normal,spleen,dendritic cell,3648,0.006314947626441766,oxidative_stress_cell
dementia,brain,GABAergic neuron,3646,0.0026138561619185674,neuron_stressed
normal,lung,serous secreting cell of bronchus submucosal gland,3644,0.0011572559695226287,
normal,endocrine gland,medullary thymic epithelial cell type 1,3641,0.005192127246332998,oxidative_stress_cell
normal,respiratory system,vein endothelial cell of respiratory system,3635,0.007028283281386554,oxidative_stress_cell
primary sclerosing cholangitis,liver,macrophage,3634,0.03471963465084506,oxidative_stress_cell
normal,large intestine,mature B cell,3634,0.01958142943357186,oxidative_stress_cell
Crohn disease,small intestine,"CD8-positive, alpha-beta T cell",3634,0.02497525841213987,oxidative_stress_cell
normal,small intestine,"effector memory CD8-positive, alpha-beta T cell",3626,0.003053753986681725,oxidative_stress_cell
normal,stomach,"naive thymus-derived CD4-positive, alpha-beta T cell",3607,0.01268810547273482,oxidative_stress_cell
normal,kidney,"CD4-positive, alpha-beta T cell",3607,0.0054813547319424545,oxidative_stress_cell
inflammatory bowel disease,colon,germinal center B cell,3603,0.09608512453997546,oxidative_stress_cell
normal,uterus,vascular associated smooth muscle cell,3595,0.011680041586796192,
colon adenocarcinoma,large intestine,mature B cell,3588,0.013947467648327898,oxidative_stress_cell
COVID-19,brain,astrocyte,3579,0.10445670256544962,microglia_activated
normal,lung,plasmacytoid dendritic cell,3578,0.00113629579005268,oxidative_stress_cell
atherosclerosis,brain,L6 intratelencephalic projecting glutamatergic neuron,3573,0.025248206903861783,neuron_stressed
normal,colon,glial cell,3563,0.005311227813363187,
non-specific interstitial pneumonia,lung,macrophage,3560,0.1189640768588137,oxidative_stress_cell
myocarditis,heart,lymphocyte,3552,0.05664620046248305,
normal,kidney,epithelial cell of proximal tubule segment 3,3550,0.005394735042527229,oxidative_stress_cell
normal,lung,helper T cell,3549,0.0011270860142249752,oxidative_stress_cell
normal,mucosa,endothelial cell of vascular tree,3547,0.038782829276826525,oxidative_stress_cell
inflammatory bowel disease,colon,IgA plasma cell,3546,0.09456504346898502,oxidative_stress_cell
non-specific interstitial pneumonia,lung,pulmonary alveolar type 2 cell,3543,0.11839598997493735,
normal,colon,germinal center B cell,3539,0.005275451931375896,oxidative_stress_cell
myocardial infarction,heart,cardiac muscle cell,3538,0.018810344094253754,
Sjogren syndrome,exocrine gland,endothelial cell,3536,0.07817647188874886,oxidative_stress_cell
periodontitis,mucosa,helper T cell,3535,0.0917705088265836,oxidative_stress_cell
normal,bone marrow,common lymphoid progenitor,3532,0.004650048317319719,
normal,adipose tissue,neutrophil,3528,0.007703023130903358,oxidative_stress_cell
invasive lobular breast carcinoma,breast,luminal epithelial cell of mammary gland,3523,0.21514503816793892,oxidative_stress_cell
COVID-19,brain,L2/3 intratelencephalic projecting glutamatergic neuron,3523,0.10282228643142749,neuron_stressed
benign prostatic hyperplasia,prostate gland,CD1c-positive myeloid dendritic cell,3519,0.05879404541125758,oxidative_stress_cell
arrhythmogenic right ventricular cardiomyopathy,heart,lymphocyte,3517,0.033656790690552746,
normal,kidney,mesonephric nephron tubule epithelial cell,3513,0.0053385082265910285,oxidative_stress_cell
benign prostatic hyperplasia,prostate gland,fibroblast of connective tissue of nonglandular part of prostate,3504,0.05854343140694702,oxidative_stress_cell
normal,digestive system,plasma cell,3503,0.04852338209219858,oxidative_stress_cell
B-cell acute lymphoblastic leukemia,blood,mature NK T cell,3501,0.023863403994274418,oxidative_stress_cell
COVID-19,digestive system,secretory cell,3500,0.19365904941072318,
normal,lung,vascular associated smooth muscle cell,3499,0.0011112070903841048,
primary sclerosing cholangitis,liver,mature B cell,3498,0.03342027573160595,oxidative_stress_cell
normal,respiratory system,stratified epithelial cell,3497,0.006761459872079443,oxidative_stress_cell
colorectal cancer,large intestine,malignant cell,3492,0.2171641791044776,tumor_epithelial_warburg
common variable immunodeficiency,blood,"effector memory CD8-positive, alpha-beta T cell",3489,0.0538766812334965,oxidative_stress_cell
normal,bone marrow,large pre-B-II cell,3488,0.004592120195586404,
gastric cancer,stomach,regulatory T cell,3487,0.016001064596210587,oxidative_stress_cell
normal,endocrine gland,gamma-delta T cell,3484,0.004968242605389773,oxidative_stress_cell
malignant ovarian serous tumor,lymph node,T cell,3484,0.5355880092236741,oxidative_stress_cell
influenza,blood,natural killer cell,3483,0.11706776015057811,
malignant ovarian serous tumor,large intestine,fallopian tube secretory epithelial cell,3474,0.32770493349683993,oxidative_stress_cell
chronic obstructive pulmonary disease,lung,classical monocyte,3474,0.038573427194599275,oxidative_stress_cell
prostatic acinar adenocarcinoma,prostate gland,endothelial cell,3469,0.0507742747577647,oxidative_stress_cell
normal,tendon of semitendinosus,fibroblast,3468,0.3292509256622045,oxidative_stress_cell
oropharynx squamous cell carcinoma,digestive system,"CD4-positive, alpha-beta T cell",3461,0.06759765625,oxidative_stress_cell
normal,bone marrow,immature innate lymphoid cell,3460,0.004555256845392476,
normal,adrenal gland,myeloid cell,3457,0.007894694774246442,
basal cell carcinoma,skin of body,malignant cell,3452,0.029479581205486004,tumor_epithelial_warburg
COVID-19,respiratory system,ciliated cell,3449,0.04844237197674092,
normal,eye,vascular associated smooth muscle cell,3446,0.0004414236232091984,
dementia,brain,L6 intratelencephalic projecting glutamatergic neuron,3436,0.002463304929334119,neuron_stressed
glioblastoma,brain,neuron,3435,0.0025348757578798845,neuron_stressed
common variable immunodeficiency,blood,naive B cell,3426,0.05290384348121497,oxidative_stress_cell
oropharynx squamous cell carcinoma,digestive system,plasma cell,3426,0.0669140625,oxidative_stress_cell
cytomegalovirus infection,blood,common myeloid progenitor,3423,0.0005335216999002004,
normal,lymph node,"dendritic cell, human",3422,0.0037218873514562345,oxidative_stress_cell
basal cell carcinoma,skin of body,basal cell,3422,0.029223385540316657,
schizophrenia,brain,L6 intratelencephalic projecting glutamatergic neuron,3417,0.014233407895230121,neuron_stressed
COVID-19,blood,unknown,3417,0.0009363077797394176,
normal,kidney,epithelial cell of nephron,3414,0.005188063502869847,oxidative_stress_cell
normal,lung,regulatory T cell,3408,0.001082307448993721,oxidative_stress_cell
malignant ovarian serous tumor,musculature,monocyte,3406,0.17503468831902977,oxidative_stress_cell
normal,intestine,gut absorptive cell,3401,0.012044054111480983,
normal,skin of body,hair follicular keratinocyte,3396,0.005037043629163237,oxidative_stress_cell
normal,respiratory system,blood vessel smooth muscle cell,3394,0.006562309066582108,
normal,exocrine gland,myoepithelial cell,3379,0.017507409172866882,oxidative_stress_cell
normal,spleen,mucosal invariant T cell,3378,0.005847558410668938,oxidative_stress_cell
normal,skin of body,"naive thymus-derived CD4-positive, alpha-beta T cell",3378,0.005010345518054598,oxidative_stress_cell
invasive ductal breast carcinoma,breast,plasmablast,3377,0.018067519126852494,
normal,lung,ciliated epithelial cell,3376,0.0010721449377355638,oxidative_stress_cell
squamous cell lung carcinoma,lung,natural T-regulatory cell,3374,0.014375921396858941,
lymphoid interstitial pneumonia,lung,ciliated cell,3372,0.20214615430729574,
normal,bone marrow,megakaryocyte progenitor cell,3364,0.004428868216156153,
normal,bone marrow,lymphoid lineage restricted progenitor cell,3356,0.00441833583038646,
squamous cell lung carcinoma,lung,cytotoxic T cell,3354,0.014290705502390305,oxidative_stress_cell
normal,lung,"CD8-positive, alpha-beta thymocyte",3350,0.0010638878973383112,
normal,intestine,mesothelial cell,3349,0.011859905092428642,
COVID-19,blood,IgG plasma cell,3349,0.0009176747890978371,oxidative_stress_cell
normal,kidney,B cell,3344,0.005081688445693254,oxidative_stress_cell
normal,liver,"CD16-positive, CD56-dim natural killer cell, human",3336,0.0034894448477342664,
normal,small intestine,naive T cell,3335,0.002808678859785867,oxidative_stress_cell
diabetes mellitus,brain,VIP GABAergic cortical interneuron,3334,0.04398590973257517,neuron_stressed
normal,musculature,"CD16-positive, CD56-dim natural killer cell, human",3329,0.005711364225139954,
breast cancer,breast,epithelial cell,3325,0.005665341062051245,oxidative_stress_cell
bipolar I disorder,brain,endothelial cell,3325,0.021846972633792174,oxidative_stress_cell
normal,bladder organ,macrophage,3317,0.04397279705168825,oxidative_stress_cell
HER2 positive breast carcinoma,breast,fibroblast,3307,0.2064681276144097,oxidative_stress_cell
normal,central nervous system,mucosa-associated lymphoid tissue macrophage,3305,0.004448943493706192,oxidative_stress_cell
lymphoid interstitial pneumonia,lung,lung secretory cell,3304,0.1980696600923206,
bronchopulmonary dysplasia,lung,lung interstitial macrophage,3302,0.021915298896270682,oxidative_stress_cell
Crohn disease,small intestine,memory B cell,3302,0.022693534198372552,oxidative_stress_cell
normal,pancreas,unknown,3302,0.007766469643264552,
common variable immunodeficiency,blood,"activated CD8-positive, alpha-beta T cell",3301,0.05097360984573573,oxidative_stress_cell
normal,blood,cytotoxic T cell,3296,0.0002384490049745845,oxidative_stress_cell
B-cell non-Hodgkin lymphoma,lymph node,adipocyte,3294,0.005649068349611134,adipocyte_lipolytic
vascular dementia,brain,pvalb GABAergic cortical interneuron,3289,0.03965565053834746,neuron_stressed
bronchopulmonary dysplasia,lung,alveolar capillary type 1 endothelial cell,3287,0.0218157442374445,oxidative_stress_cell
opiate dependence,brain,direct pathway medium spiny neuron,3287,0.06042390485119212,neuron_stressed
normal,spleen,regulatory T cell,3285,0.005686568791902742,oxidative_stress_cell
breast cancer,axilla,B cell,3285,0.03747134041315432,oxidative_stress_cell
opiate dependence,brain,oligodendrocyte precursor cell,3283,0.060350374087758965,microglia_activated
normal,large intestine,IgG plasma cell,3279,0.017668549012845935,oxidative_stress_cell
normal,brain,endothelial cell of artery,3278,0.00017680851567632952,oxidative_stress_cell
normal,heart,"CD14-positive, CD16-positive monocyte",3278,0.001669861546165457,oxidative_stress_cell
normal,lung,alveolar capillary type 2 endothelial cell,3276,0.0010403870900538232,oxidative_stress_cell
normal,esophagus,endothelial cell of vascular tree,3275,0.019557142686524382,oxidative_stress_cell
normal,immune system,T follicular helper cell,3269,0.06554517383807194,
normal,uterus,macrophage,3268,0.010617628902823353,oxidative_stress_cell
multiple sclerosis,brain,neuron,3263,0.2901734104046243,neuron_stressed
post-COVID-19 disorder,blood,"central memory CD8-positive, alpha-beta T cell",3258,0.03351024438410269,oxidative_stress_cell
primary sclerosing cholangitis,liver,hepatic stellate cell,3253,0.031079518855035494,
tauopathy,brain,sst GABAergic cortical interneuron,3250,0.026043962208207455,neuron_stressed
lung adenocarcinoma,lung,pulmonary alveolar type 1 cell,3246,0.004498667446472648,
normal,lymph node,group 3 innate lymphoid cell,3246,0.0035304635718372114,
interstitial lung disease,lung,multiciliated columnar cell of tracheobronchial tree,3241,0.01023039700000947,
bronchopulmonary dysplasia,lung,basal cell,3240,0.021503806306455788,
pulmonary fibrosis,lung,alveolar adventitial fibroblast,3237,0.012036499933068582,oxidative_stress_cell
normal,brain,blood vessel endothelial cell,3235,0.00017448918493377853,oxidative_stress_cell
glioblastoma,brain,pericyte,3229,0.002382857007916782,oxidative_stress_cell
normal,large intestine,early colonocyte,3229,0.017399129235278903,
ulcerative colitis,colon,naive B cell,3228,0.08993898191747235,oxidative_stress_cell
normal,large intestine,B cell,3227,0.017388352444176223,oxidative_stress_cell
normal,stomach,gamma-delta T cell,3225,0.011344369323418296,oxidative_stress_cell
Crohn disease,small intestine,myofibroblast cell,3225,0.0221643391246976,oxidative_stress_cell
chronic kidney disease,kidney,renal interstitial pericyte,3220,0.01208064770280106,oxidative_stress_cell
diabetes mellitus,brain,pvalb GABAergic cortical interneuron,3218,0.042455506154597145,neuron_stressed
normal,central nervous system,retinal rod cell,3217,0.004330484483888902,
normal,respiratory system,lung microvascular endothelial cell,3203,0.00619301000007734,oxidative_stress_cell
normal,respiratory system,pulmonary capillary endothelial cell,3201,0.006189142994145353,oxidative_stress_cell
invasive lobular breast carcinoma,breast,endothelial cell,3197,0.19523664122137405,oxidative_stress_cell
malignant ovarian serous tumor,liver,monocyte,3197,0.35220887958576624,oxidative_stress_cell
normal,lung,"CD8-positive, alpha-beta memory T cell",3194,0.001014345654954796,oxidative_stress_cell
normal,spinal cord,oligodendrocyte precursor cell,3191,0.0641329688881743,microglia_activated
normal,uterus,ciliated cell,3189,0.010360960395074564,
normal,respiratory system,CD14-positive monocyte,3181,0.006150472934825482,oxidative_stress_cell
normal,digestive system,basal cell,3181,0.04406305407801418,
Crohn disease,small intestine,"CD8-positive, alpha-beta memory T cell",3176,0.02182757862326809,oxidative_stress_cell
atherosclerosis,heart,smooth muscle cell,3169,0.08953241983330978,
prostatic acinar adenocarcinoma,prostate gland,epithelial cell of prostate,3165,0.04632475630104505,oxidative_stress_cell
Crohn disease,small intestine,B cell,3159,0.021710743347261932,oxidative_stress_cell
gastric cancer,stomach,"CD4-positive, alpha-beta memory T cell",3159,0.014495945815723903,oxidative_stress_cell
normal,heart,immature innate lymphoid cell,3155,0.0016072035320781014,
COVID-19,lung,club cell,3154,0.0038796114976235225,oxidative_stress_cell
oropharynx squamous cell carcinoma,digestive system,regulatory T cell,3153,0.06158203125,oxidative_stress_cell
normal,lung,"lung resident memory CD8-positive, alpha-beta T cell",3153,0.0010013249374052821,oxidative_stress_cell
glioblastoma,brain,natural killer cell,3151,0.002325296510357938,
non-small cell lung carcinoma,lung,epithelial cell of lung,3148,0.03343352060919528,oxidative_stress_cell
chronic obstructive pulmonary disease,respiratory system,multiciliated columnar cell of tracheobronchial tree,3142,0.16497768443160934,
normal,respiratory system,mast cell,3139,0.006069265810253753,oxidative_stress_cell
bipolar I disorder,brain,lamp5 GABAergic cortical interneuron,3136,0.02060514471566083,neuron_stressed
normal,bladder organ,myofibroblast cell,3136,0.04157331671814723,oxidative_stress_cell
normal,spleen,lymphocyte,3134,0.005425177045303864,
normal,stomach,"CD4-positive, alpha-beta memory T cell",3131,0.011013711736937267,oxidative_stress_cell
normal,eye,oligodendrocyte precursor cell,3130,0.0004009448463856039,microglia_activated
digestive system disorder,small intestine,macrophage,3129,0.03482509543790137,oxidative_stress_cell
pulmonary emphysema,lung,fibroblast,3128,0.09838953195772521,oxidative_stress_cell
normal,lung,myofibroblast cell,3121,0.0009911624261471253,oxidative_stress_cell
COVID-19,blood,neutrophil,3119,0.0008546514383983739,oxidative_stress_cell
opiate dependence,brain,microglial cell,3117,0.05729884740528318,microglia_activated
common variable immunodeficiency,blood,classical monocyte,3116,0.04811686406522646,oxidative_stress_cell
COVID-19,lung,bronchus fibroblast of lung,3115,0.0038316391297074422,oxidative_stress_cell
normal,heart,"CD4-positive, alpha-beta cytotoxic T cell",3113,0.0015858081126336385,oxidative_stress_cell
B-cell non-Hodgkin lymphoma,lymph node,dendritic cell,3109,0.005331801305082275,oxidative_stress_cell
HER2 positive breast carcinoma,breast,malignant cell,3108,0.1940438284322907,tumor_epithelial_warburg
normal,liver,large pre-B-II cell,3105,0.0032478196199684944,
B-cell non-Hodgkin lymphoma,bone marrow,natural killer cell,3105,0.051970006360258426,
normal,liver,mature B cell,3102,0.0032446816299975105,oxidative_stress_cell
pulmonary fibrosis,lung,plasma cell,3099,0.011523359064744991,oxidative_stress_cell
myocardial infarction,heart,unknown,3094,0.016449746926970356,
diabetes mellitus,brain,microglial cell,3094,0.04081955750227582,microglia_activated
bronchopulmonary dysplasia,lung,lung secretory cell,3088,0.020494985763683787,
cytomegalovirus infection,blood,CD141-positive myeloid dendritic cell,3087,0.0004811514716891378,oxidative_stress_cell
breast cancer,liver,monocyte,3084,0.008537851418130476,oxidative_stress_cell
normal,lung,memory B cell,3079,0.000977824130120794,oxidative_stress_cell
normal,adipose tissue,mural cell,3077,0.006718311273749896,
inflammatory bowel disease,colon,gamma-delta T cell,3076,0.08203104165555496,oxidative_stress_cell
normal,small intestine,T-helper 17 cell,3076,0.0025905535750228863,
non-compaction cardiomyopathy,heart,cardiac muscle cell,3074,0.2642709766162311,
normal,testis,spermatocyte,3070,0.1481374252074889,
normal,exocrine gland,"CD4-positive, alpha-beta T cell",3069,0.01590122484508093,oxidative_stress_cell
malignant ovarian serous tumor,colon,monocyte,3069,0.1628807982167498,oxidative_stress_cell
COVID-19,saliva,squamous epithelial cell,3067,0.2114880706109502,oxidative_stress_cell
normal,spleen,endothelial cell of vascular tree,3061,0.005298808849928247,oxidative_stress_cell
normal,ureter,cytotoxic T cell,3061,0.07000091474570069,oxidative_stress_cell
normal,lung,"group 3 innate lymphoid cell, human",3058,0.0009711549821076286,
normal,heart,professional antigen presenting cell,3058,0.0015577903014563658,
normal,lung,"CD4-positive, alpha-beta thymocyte",3056,0.0009705198251539938,
chronic kidney disease,kidney,podocyte,3056,0.011465360055826098,
normal,kidney,parietal epithelial cell,3055,0.004642511423921319,oxidative_stress_cell
normal,embryo,epidermal cell,3054,0.007624611466876381,
normal,ureter,T cell,3052,0.06979509696304427,oxidative_stress_cell
normal,endocrine gland,dendritic cell,3051,0.0043507773217692875,oxidative_stress_cell
type 2 diabetes mellitus,pancreas,pancreatic D cell,3049,0.03919930060939549,
neuroblastoma,lymph node,T cell,3045,0.089058524173028,oxidative_stress_cell
prediabetes syndrome,pancreas,pancreatic D cell,3044,0.03825322023248508,
normal,reproductive system,smooth muscle cell,3044,0.008352884681347327,
normal,breast,mature NK T cell,3032,0.0012877971872334788,oxidative_stress_cell
rheumatoid arthritis,blood,myeloid dendritic cell,3029,0.06227768982461912,oxidative_stress_cell
B-cell acute lymphoblastic leukemia,blood,"naive thymus-derived CD4-positive, alpha-beta T cell",3026,0.020625724217844726,oxidative_stress_cell
normal,ureter,urothelial cell,3023,0.06913190633004025,
normal,kidney,monocyte,3017,0.004584764964311168,oxidative_stress_cell
COVID-19,lung,lung pericyte,3017,0.003711093179559343,oxidative_stress_cell
normal,fallopian tube,mast cell,3012,0.014090239281453932,oxidative_stress_cell
normal,blood,immature innate lymphoid cell,3010,0.00021775834495555197,
normal,intestine,M cell of gut,3008,0.010652312486720023,
COVID-19,lung,smooth muscle cell,3006,0.003697562511685577,
normal,bone marrow,megakaryocyte,3005,0.0039562274047411534,
normal,heart,innate lymphoid cell,3004,0.0015302819050277707,
normal,heart,"activated CD8-positive, alpha-beta T cell",3001,0.0015287536607817376,oxidative_stress_cell
normal,colon,naive T cell,3000,0.0044719852484113275,oxidative_stress_cell
normal,forelimb,osteoblast,2997,0.07687966549521587,
breast cancer,breast,B cell,2995,0.005103066610779994,oxidative_stress_cell
myelodysplastic/myeloproliferative disease,blood,monocyte,2995,0.02299106457456935,oxidative_stress_cell
normal,respiratory system,pulmonary alveolar type 1 cell,2993,0.005786974377218695,
small cell lung carcinoma,adrenal gland,epithelial cell,2981,0.7846801789944722,oxidative_stress_cell
normal,lung,intermediate monocyte,2979,0.0009460662824390536,oxidative_stress_cell
normal,small intestine,progenitor cell,2977,0.0025071775009242953,
normal,mucosa,capillary endothelial cell,2975,0.03252859235933434,oxidative_stress_cell
normal,central nervous system,neural progenitor cell,2971,0.003999337706445112,
normal,endocrine gland,memory B cell,2970,0.004235269959244439,oxidative_stress_cell
Crohn disease,small intestine,IgG plasma cell,2969,0.020404937321310754,oxidative_stress_cell
heart failure,brain,oligodendrocyte,2969,0.6462777535916413,microglia_activated
colorectal cancer,large intestine,T cell,2965,0.1843905472636816,oxidative_stress_cell
normal,stomach,regulatory T cell,2964,0.01042626687584863,oxidative_stress_cell
normal,liver,classical monocyte,2957,0.0030930121147332815,oxidative_stress_cell
normal,heart,"CD8-positive, alpha-beta cytotoxic T cell",2956,0.0015058299970912418,oxidative_stress_cell
normal,uterus,natural killer cell,2953,0.00959420384028071,
neuroblastoma,abdomen,kidney cell,2951,0.015831799868023626,
squamous cell lung carcinoma,lung,fibroblast of lung,2951,0.012573605228847285,oxidative_stress_cell
normal,kidney,epithelial cell of early distal convoluted tubule,2945,0.004475350619786673,oxidative_stress_cell
normal,brain,pluripotent stem cell,2942,0.0001586853731298845,
normal,lamina propria,plasma cell,2942,0.12420314940684764,oxidative_stress_cell
glioblastoma,brain,lymphocyte,2941,0.0021703259400072026,
basal cell carcinoma,skin of body,"naive thymus-derived CD8-positive, alpha-beta T cell",2938,0.025090095475584554,oxidative_stress_cell
heart valve disorder,heart,pericyte,2934,0.015978999651446498,oxidative_stress_cell
normal,large intestine,plasma cell,2933,0.015804164152082075,oxidative_stress_cell
nonpapillary renal cell carcinoma,kidney,conventional dendritic cell,2930,0.014764870693999314,oxidative_stress_cell
lung adenocarcinoma,pleural fluid,B cell,2930,0.13678166285420848,oxidative_stress_cell
colorectal cancer,large intestine,epithelial cell,2928,0.18208955223880596,oxidative_stress_cell
normal,mucosa,endothelial cell of lymphatic vessel,2925,0.03198189332808502,oxidative_stress_cell
periodontitis,mucosa,T cell,2922,0.07585669781931464,oxidative_stress_cell
non-specific interstitial pneumonia,lung,unknown,2918,0.09751044277360067,
respiratory system disorder,blood,non-classical monocyte,2917,0.03070946550580606,oxidative_stress_cell
atherosclerosis,vasculature,mast cell,2917,0.013038561422486043,oxidative_stress_cell
Lewy body dementia,brain,VIP GABAergic cortical interneuron,2912,0.02421984163949697,neuron_stressed
pulmonary fibrosis,lung,non-classical monocyte,2911,0.010824297591956331,oxidative_stress_cell
invasive ductal breast carcinoma,breast,vascular associated smooth muscle cell,2907,0.015552939917607405,
benign prostatic hyperplasia,prostate gland,dendritic cell,2907,0.0485689940353867,oxidative_stress_cell
atherosclerosis,brain,lamp5 GABAergic cortical interneuron,2902,0.020506660071370527,neuron_stressed
breast cancer,liver,hepatic stellate cell,2899,0.008025691070415127,
lung adenocarcinoma,lung,dendritic cell,2897,0.004014984470866069,oxidative_stress_cell
normal,kidney,myofibroblast cell,2897,0.004402407723437009,oxidative_stress_cell
normal,bone marrow,"CD8-positive, alpha-beta memory T cell, CD45RO-positive",2895,0.0038114071004078666,oxidative_stress_cell
normal,eye,ON-blue cone bipolar cell,2893,0.000370585763767908,
benign prostatic hyperplasia,prostate gland,"effector CD8-positive, alpha-beta T cell",2885,0.048201426829064545,oxidative_stress_cell
lung cancer,lung,B cell,2880,0.07027989946069939,oxidative_stress_cell
normal,endocrine gland,"CD4-positive, alpha-beta memory T cell",2879,0.004105502428506646,oxidative_stress_cell
gastric cancer,stomach,monocyte,2878,0.013206499543416711,oxidative_stress_cell
normal,small intestine,endothelial cell of lymphatic vessel,2862,0.0024103265057592656,oxidative_stress_cell
normal,bone marrow,dendritic cell,2862,0.0037679610091078805,oxidative_stress_cell
normal,intestine,myeloid cell,2862,0.010135278702457682,
normal,placenta,unknown,2856,0.005482849776443328,
normal,pancreas,smooth muscle cell,2850,0.006703342968898841,
normal,brain,brainstem motor neuron,2849,0.0001536691461750649,neuron_stressed
normal,small intestine,"effector memory CD8-positive, alpha-beta T cell, terminally differentiated",2842,0.002393482854426217,oxidative_stress_cell
normal,liver,"effector memory CD8-positive, alpha-beta T cell",2841,0.002971676502521898,oxidative_stress_cell
interstitial lung disease,lung,endothelial cell of arteriole,2840,0.008964618167240633,oxidative_stress_cell
normal,central nervous system,epithelial cell,2837,0.0038189569414960566,oxidative_stress_cell
normal,stomach,mast cell,2834,0.009968974469013164,oxidative_stress_cell
normal,kidney,renal alpha-intercalated cell,2827,0.004296032666260415,
normal,breast,B cell,2826,0.0012003017319003333,oxidative_stress_cell
juvenile dermatomyositis,blood,"effector CD8-positive, alpha-beta T cell",2823,0.034149468947330223,oxidative_stress_cell
normal,adipose tissue,mast cell,2822,0.0061615451460910655,oxidative_stress_cell
colon adenocarcinoma,large intestine,fibroblast,2820,0.010962056512899852,oxidative_stress_cell
normal,lymph node,memory T cell,2820,0.003067131014350258,oxidative_stress_cell
normal,colon,gut endothelial cell,2818,0.004200684810007706,oxidative_stress_cell
breast cancer,breast,blood vessel endothelial cell,2816,0.004798075317514678,oxidative_stress_cell
invasive ductal breast carcinoma,breast,"CD8-positive, alpha-beta regulatory T cell",2816,0.015066074581349313,oxidative_stress_cell
normal,respiratory system,classical monocyte,2815,0.005442810849271843,oxidative_stress_cell
normal,kidney,vascular associated smooth muscle cell,2813,0.004274757654825097,
Wilms tumor,kidney,mesenchymal stem cell,2811,0.6063416738567731,
normal,lung,group 2 innate lymphoid cell,2810,0.0008923955198569119,
normal,hindlimb,osteoblast,2807,0.032274755093593344,
malignant ovarian serous tumor,uterus,plasma cell,2806,0.01755791107162076,oxidative_stress_cell
common variable immunodeficiency,blood,"CD8-positive, alpha-beta memory T cell",2805,0.04331444278015411,oxidative_stress_cell
normal,intestine,transit amplifying cell,2805,0.009933423046958,
breast cancer,skeletal system,malignant cell,2802,0.2613562167708236,tumor_epithelial_warburg
normal,vasculature,unknown,2802,0.02014667817083693,
normal,small intestine,capillary endothelial cell,2797,0.002355584638926857,oxidative_stress_cell
ulcerative colitis,colon,colonocyte,2797,0.07793040037892508,
normal,lung,lung interstitial macrophage,2795,0.0008876318427046508,oxidative_stress_cell
normal,reproductive system,Leydig cell,2793,0.007664128421485903,
follicular lymphoma,lymph node,T cell,2789,0.022729865853857313,oxidative_stress_cell
normal,liver,hepatic pit cell,2785,0.0029131006897301958,oxidative_stress_cell
normal,reproductive system,unknown,2785,0.007642176030733347,
nonpapillary renal cell carcinoma,kidney,mucosal invariant T cell,2783,0.014024107556791841,oxidative_stress_cell
open-angle glaucoma,blood,memory B cell,2781,0.01991649538432892,oxidative_stress_cell
common variable immunodeficiency,blood,"naive thymus-derived CD4-positive, alpha-beta T cell",2781,0.0429438379221421,oxidative_stress_cell
malignant ovarian serous tumor,abdomen,dendritic cell,2773,0.011396233859102604,oxidative_stress_cell
normal,heart,vascular associated smooth muscle cell,2770,0.001411078853837192,
normal,mucosa,squamous epithelial cell,2770,0.030287126331212142,oxidative_stress_cell
normal,spleen,group 3 innate lymphoid cell,2770,0.00479506713959531,
Sjogren syndrome,exocrine gland,"CD4-positive, alpha-beta T cell",2768,0.06119696668214278,oxidative_stress_cell
bronchopulmonary dysplasia,lung,classical monocyte,2767,0.018364516064803445,oxidative_stress_cell
bipolar I disorder,brain,GABAergic neuron,2767,0.0181806235421663,neuron_stressed
breast cancer,breast,vascular associated smooth muscle cell,2766,0.004712882218837216,
normal,respiratory system,lung multiciliated epithelial cell,2764,0.0053442021980061715,oxidative_stress_cell
normal,breast,naive B cell,2760,0.0011722692073761218,oxidative_stress_cell
normal,liver,"CD4-positive, alpha-beta T cell",2754,0.0028806747933633604,oxidative_stress_cell
squamous cell carcinoma,skin of body,regulatory T cell,2751,0.17947546972860126,oxidative_stress_cell
normal,adrenal gland,erythroblast,2750,0.006280130352669284,
normal,liver,mucosal invariant T cell,2749,0.002875444810078387,oxidative_stress_cell
basal cell carcinoma,skin of body,basal cell of epidermis,2745,0.0234419033629951,
normal,adrenal gland,"CD8-positive, alpha-beta T cell",2744,0.006266428250081641,oxidative_stress_cell
type 1 diabetes mellitus,brain,L2/3-6 intratelencephalic projecting glutamatergic neuron,2740,0.11321378398479465,neuron_stressed
normal,colon,T-helper 1 cell,2740,0.004084413193549012,
normal,lung,mature NK T cell,2740,0.0008701650264796934,oxidative_stress_cell
COVID-19,blood,IgG-negative class switched memory B cell,2738,0.0007502518878918716,oxidative_stress_cell
normal,stomach,IgM plasma cell,2734,0.009617211079139728,oxidative_stress_cell
normal,respiratory system,CD1c-positive myeloid dendritic cell,2734,0.0052861971090263655,oxidative_stress_cell
normal,placenta,natural killer cell,2733,0.00524671864111331,
normal,colon,early colonocyte,2733,0.004073978561302719,
type 1 diabetes mellitus,brain,L2/3 intratelencephalic projecting glutamatergic neuron,2731,0.11284191389141393,neuron_stressed
basal cell carcinoma,skin of body,plasma cell,2730,0.023313805530410424,oxidative_stress_cell
malignant ovarian serous tumor,ovary,plasma cell,2728,0.01939125119062851,oxidative_stress_cell
normal,respiratory system,blood vessel endothelial cell,2728,0.005274596091230404,oxidative_stress_cell
normal,ureter,fibroblast,2727,0.062362788144895716,oxidative_stress_cell
normal,lung,"naive thymus-derived CD8-positive, alpha-beta T cell",2725,0.0008654013493274323,oxidative_stress_cell
normal,kidney,mononuclear phagocyte,2723,0.004137989724169477,
normal,digestive system,"CD8-positive, alpha-beta T cell",2720,0.037677304964539006,oxidative_stress_cell
normal,respiratory system,serous secreting cell of bronchus submucosal gland,2718,0.005255261061570468,
colon adenocarcinoma,large intestine,mast cell,2715,0.010553894834228049,oxidative_stress_cell
Parkinson disease,brain,dopaminergic neuron,2715,0.0014998947587655453,neuron_stressed
normal,breast,adipocyte,2712,0.0011518819168130588,adipocyte_lipolytic
squamous cell carcinoma,skin of body,T follicular helper cell,2712,0.17693110647181629,
normal,endocrine gland,naive B cell,2710,0.003864505585707889,oxidative_stress_cell
neuroblastoma,adrenal gland,Schwann cell,2708,0.025577331759149943,
normal,eye,capillary endothelial cell,2701,0.000345991063925724,oxidative_stress_cell
non-small cell lung carcinoma,lung,natural killer cell,2695,0.028622407255966098,
benign prostatic hyperplasia,prostate gland,B cell,2694,0.04501027517417673,oxidative_stress_cell
normal,small intestine,"CD16-negative, CD56-bright natural killer cell, human",2693,0.0022679976519950043,
normal,embryo,peripheral nervous system neuron,2688,0.006710856458075872,neuron_stressed
open-angle glaucoma,blood,"CD8-positive, alpha-beta memory T cell",2687,0.019243302084750738,oxidative_stress_cell
squamous cell lung carcinoma,lung,plasmacytoid dendritic cell,2687,0.011448755421861285,oxidative_stress_cell
breast cancer,liver,blood vessel smooth muscle cell,2684,0.007430477693340531,
pulmonary emphysema,lung,natural killer cell,2679,0.08426648213387015,
Crohn disease,small intestine,T-helper 17 cell,2679,0.01841186496591159,
normal,blood,"activated CD8-positive, alpha-beta T cell",2677,0.0001936674715767484,oxidative_stress_cell
COVID-19,brain,L4 intratelencephalic projecting glutamatergic neuron,2676,0.07810174240434288,neuron_stressed
neuroblastoma,liver,fibroblast,2674,0.11007286049479274,oxidative_stress_cell
dementia,brain,L5 extratelencephalic projecting glutamatergic cortical neuron,2669,0.0019134344750852048,neuron_stressed
normal,musculature,chondrocyte,2668,0.004577326450187262,
interstitial lung disease,lung,adventitial fibroblast,2666,0.00841537747671251,oxidative_stress_cell
type 1 diabetes mellitus,brain,astrocyte,2662,0.10999090984216181,microglia_activated
vascular dementia,brain,sst GABAergic cortical interneuron,2661,0.032083820639265,neuron_stressed
type 2 diabetes mellitus,kidney,epithelial cell of proximal tubule,2660,0.2311234685897993,oxidative_stress_cell
heart failure,heart,mesothelial cell,2659,0.2265871325095867,
non-small cell lung carcinoma,lung,classical monocyte,2656,0.028208205444098685,oxidative_stress_cell
invasive ductal breast carcinoma,breast,myofibroblast cell,2651,0.014183296773848376,oxidative_stress_cell
post-COVID-19 disorder,blood,non-classical monocyte,2651,0.02726692997613758,oxidative_stress_cell
B-cell acute lymphoblastic leukemia,blood,plasma cell,2648,0.01804921273260173,oxidative_stress_cell
normal,colon,BEST4+ enterocyte,2648,0.0039472723125977315,oxidative_stress_cell
COVID-19,respiratory system,neutrophil,2646,0.03716396527992359,oxidative_stress_cell
bronchopulmonary dysplasia,lung,secondary crest myofibroblast,2643,0.017541530885173656,oxidative_stress_cell
heart failure,heart,cardiac blood vessel endothelial cell,2641,0.22505325948018748,oxidative_stress_cell
normal,lung,myeloid leukocyte,2640,0.0008384071787979528,
bronchopulmonary dysplasia,lung,brush cell of tracheobronchial tree,2637,0.017501709021643184,
isolated focal cortical dysplasia type II,brain,sst GABAergic cortical interneuron,2636,0.04284437220642016,neuron_stressed
normal,esophagus,macrophage,2635,0.015735288848547097,oxidative_stress_cell
squamous cell lung carcinoma,lung,mast cell,2634,0.011222933301519399,oxidative_stress_cell
normal,lung,endothelial cell of respiratory system lymphatic vessel,2634,0.0008365017079370483,oxidative_stress_cell
normal,adipose tissue,immature NK T cell,2629,0.005740149606333597,oxidative_stress_cell
Alzheimer disease,brain,fibroblast,2627,0.004319054312888933,oxidative_stress_cell
adenocarcinoma,small intestine,colonocyte,2627,0.7825439380399166,
normal,skeletal system,mural cell,2626,0.07602559277380504,
rheumatoid arthritis,blood,naive B cell,2623,0.05393013549355429,oxidative_stress_cell
normal,lymph node,endothelial cell,2622,0.0028517792622788567,oxidative_stress_cell
normal,blood,"CD8-positive, alpha-beta thymocyte",2620,0.00018954380856596218,
COVID-19,blood,T cell,2619,0.0007176441542691059,oxidative_stress_cell
lung adenocarcinoma,lymph node,regulatory T cell,2619,0.04852695942190106,oxidative_stress_cell
normal,bone marrow,"CD4-positive, CD25-positive, alpha-beta regulatory T cell",2615,0.003442773598468591,oxidative_stress_cell
colon adenocarcinoma,large intestine,T-helper 17 cell,2612,0.010153507663721424,
normal,intestine,Schwann cell,2612,0.009249946880090659,
breast cancer,chest wall,macrophage,2611,0.13497027655724994,oxidative_stress_cell
chronic kidney disease,kidney,kidney interstitial cell,2607,0.009780822534534895,
schizophrenia,brain,endothelial cell,2606,0.010855212459751155,oxidative_stress_cell
chronic kidney disease,kidney,conventional dendritic cell,2603,0.009765815518755019,oxidative_stress_cell
juvenile dermatomyositis,blood,gamma-delta T cell,2600,0.031451866547310865,oxidative_stress_cell
normal,prostate gland,endothelial cell of vascular tree,2600,0.029849032776534067,oxidative_stress_cell
normal,endocrine gland,"naive thymus-derived CD4-positive, alpha-beta T cell",2595,0.00370051365125903,oxidative_stress_cell
basal cell carcinoma,skin of body,innate lymphoid cell,2595,0.022160925037148373,
invasive ductal breast carcinoma,breast,T follicular helper cell,2593,0.013872986999090472,
glioblastoma,cerebrospinal fluid,"CD4-positive, alpha-beta T cell",2587,0.2910993586137054,oxidative_stress_cell
rheumatoid arthritis,blood,memory B cell,2586,0.0531693977835804,oxidative_stress_cell
COVID-19,brain,mesenchymal cell,2581,0.07532907217698392,
normal,pleura,mesothelial cell,2581,0.13104848946433104,
normal,respiratory system,endothelial cell,2580,0.004988437652263359,oxidative_stress_cell
normal,endocrine gland,plasma cell,2578,0.003676271365297025,oxidative_stress_cell
squamous cell lung carcinoma,lung,bronchus fibroblast of lung,2574,0.010967285618113491,oxidative_stress_cell
follicular lymphoma,lymph node,"effector CD8-positive, alpha-beta T cell",2573,0.020969503349578655,oxidative_stress_cell
prostatic acinar adenocarcinoma,prostate gland,pericyte,2573,0.03765990456953836,oxidative_stress_cell
normal,ovary,leukocyte,2571,0.014691260671306614,
malignant ovarian serous tumor,uterus,endothelial cell,2567,0.016062422566233248,oxidative_stress_cell
breast cancer,breast,mast cell,2566,0.004372109824127367,oxidative_stress_cell
normal,stomach,macrophage,2566,0.009026248584152356,oxidative_stress_cell
colorectal cancer,large intestine,fibroblast,2565,0.15951492537313433,oxidative_stress_cell
gastric cancer,stomach,"naive thymus-derived CD4-positive, alpha-beta T cell",2559,0.011742679753858015,oxidative_stress_cell
B-cell acute lymphoblastic leukemia,blood,"effector CD8-positive, alpha-beta T cell",2554,0.017408492945266172,oxidative_stress_cell
follicular lymphoma,lymph node,B cell,2553,0.020806506821404704,oxidative_stress_cell
prostatic acinar adenocarcinoma,prostate gland,fibroblast of connective tissue of prostate,2552,0.03735253651825181,oxidative_stress_cell
normal,eye,retinal blood vessel endothelial cell,2551,0.00032677645467401776,oxidative_stress_cell
normal,exocrine gland,macrophage,2549,0.013206980166214171,oxidative_stress_cell
normal,adipose tissue,dendritic cell,2549,0.005565477880009257,oxidative_stress_cell
normal,embryo,Schwann cell,2549,0.006363829282602454,
chronic obstructive pulmonary disease,lung,B cell,2548,0.028291621327529923,oxidative_stress_cell
influenza,brain,choroid plexus epithelial cell,2548,0.5311653116531165,oxidative_stress_cell
colon adenocarcinoma,large intestine,plasmacytoid dendritic cell,2542,0.009881399877940221,oxidative_stress_cell
normal,colon,secretory cell,2535,0.0037788275349075716,
atherosclerosis,brain,endothelial cell,2534,0.01790622902165848,oxidative_stress_cell
Lewy body dementia,brain,pvalb GABAergic cortical interneuron,2532,0.021059285381595582,neuron_stressed
normal,mucosa,pericyte,2532,0.027684838942465394,oxidative_stress_cell
myocardial infarction,heart,smooth muscle myoblast,2527,0.013435200544426013,
normal,musculature,endothelial cell of arteriole,2526,0.004333705627126321,oxidative_stress_cell
Crohn disease,small intestine,T follicular helper cell,2521,0.01732598416538377,
COVID-19,blood,unswitched memory B cell,2520,0.0006905167120115108,oxidative_stress_cell
normal,ovary,blood vessel endothelial cell,2518,0.014388406989634403,oxidative_stress_cell
acute myeloid leukemia,bone marrow,myelocyte,2518,0.09040643400832975,
normal,prostate gland,"CD8-positive, alpha-beta T cell",2516,0.028884679409907583,oxidative_stress_cell
Crohn disease,small intestine,"naive thymus-derived CD4-positive, alpha-beta T cell",2515,0.01728474818561689,oxidative_stress_cell
normal,pancreas,macrophage,2509,0.005901293862795505,oxidative_stress_cell
normal,blood,megakaryocyte,2506,0.0001812964825443898,
COVID-19,blood,IgA plasma cell,2505,0.0006864064934876328,oxidative_stress_cell
normal,lung,gamma-delta T cell,2500,0.0007939461920435159,oxidative_stress_cell
open-angle glaucoma,blood,"naive thymus-derived CD4-positive, alpha-beta T cell",2500,0.017904077116440955,oxidative_stress_cell
atherosclerosis,heart,fibroblast,2500,0.07063144511936714,oxidative_stress_cell
Alzheimer disease,brain,smooth muscle cell,2499,0.004108609336851711,
pulmonary fibrosis,lung,mast cell,2497,0.009284874986985558,oxidative_stress_cell
normal,musculature,"CD14-positive, CD16-low monocyte",2494,0.004278805159957658,oxidative_stress_cell
tauopathy,brain,L6 intratelencephalic projecting glutamatergic neuron,2491,0.019961695341736852,neuron_stressed
normal,spleen,IgM plasma cell,2488,0.004306905069788134,oxidative_stress_cell
normal,brain,neuroplacodal cell,2485,0.0001340357417497495,
atherosclerosis,brain,GABAergic neuron,2485,0.017559975974278344,neuron_stressed
normal,urinary bladder,endothelial cell,2485,0.08329422806194275,oxidative_stress_cell
normal,mucosa,plasma cell,2483,0.027149073891841062,oxidative_stress_cell
normal,stomach,"activated CD8-positive, alpha-beta T cell",2477,0.008713179167164999,oxidative_stress_cell
malignant ovarian serous tumor,ovary,endothelial cell,2474,0.017585760793847115,oxidative_stress_cell
pulmonary emphysema,lung,endothelial cell,2471,0.07772395571212884,oxidative_stress_cell
normal,kidney,conventional dendritic cell,2465,0.0037459216562900333,oxidative_stress_cell
normal,brain,vascular associated smooth muscle cell,2463,0.0001328491074163513,
type 2 diabetes mellitus,brain,oligodendrocyte,2462,0.21231459123835805,microglia_activated
respiratory system disorder,blood,"effector CD8-positive, alpha-beta T cell",2462,0.025919336330234664,oxidative_stress_cell
COVID-19,lung,T cell,2460,0.003025949360860452,oxidative_stress_cell
normal,heart,contractile cell,2459,0.0012526508669984315,
normal,brain,glycinergic neuron,2458,0.00013257941779512444,neuron_stressed
normal,ureter,umbrella cell of urothelium,2456,0.05616538602268569,
normal,uterus,leukocyte,2455,0.00797621755092758,
normal,placenta,"group 3 innate lymphoid cell, human",2454,0.004711104114633027,
common variable immunodeficiency,blood,intermediate monocyte,2451,0.037848021124476904,oxidative_stress_cell
lung adenocarcinoma,lung,plasmacytoid dendritic cell,2444,0.0033871667403509403,oxidative_stress_cell
normal,nose,respiratory tract hillock cell,2439,0.010273929325138903,
COVID-19,blood,"effector memory CD4-positive, alpha-beta T cell",2438,0.0006680475174143109,oxidative_stress_cell
normal,spleen,innate lymphoid cell,2433,0.004211696155464039,
normal,bone marrow,promyelocyte,2433,0.003203161822208062,
bipolar II disorder,brain,L2/3-6 intratelencephalic projecting glutamatergic neuron,2433,0.09185985048704977,neuron_stressed
normal,large intestine,"CD8-positive, alpha-beta T cell",2432,0.01310457798086042,oxidative_stress_cell
non-compaction cardiomyopathy,heart,fibroblast of cardiac tissue,2419,0.2079607977991747,oxidative_stress_cell
interstitial lung disease,lung,pulmonary capillary endothelial cell,2419,0.007635708220617991,oxidative_stress_cell
normal,lung,myeloid cell,2418,0.0007679047569444886,
respiratory system disorder,blood,"naive thymus-derived CD4-positive, alpha-beta T cell",2417,0.025445587290892437,oxidative_stress_cell
gastric cancer,stomach,"CD8-positive, alpha-beta memory T cell",2416,0.011086484675779978,oxidative_stress_cell
Crohn disease,colon,"CD4-positive, alpha-beta T cell",2415,0.07126206143586414,oxidative_stress_cell
normal,intestine,enteroendocrine cell,2415,0.008552305404065444,
normal,lymph node,"CD8-positive, alpha-beta memory T cell, CD45RO-positive",2414,0.0026255511590927384,oxidative_stress_cell
pneumonia,lung,multiciliated columnar cell of tracheobronchial tree,2410,0.07549415781724775,
normal,small intestine,lymphocyte,2409,0.002028817803065713,
post-COVID-19 disorder,blood,"effector memory CD8-positive, alpha-beta T cell, terminally differentiated",2408,0.02476754710771003,oxidative_stress_cell
amyotrophic lateral sclerosis 26 with or without frontotemporal dementia,brain,oligodendrocyte precursor cell,2407,0.03261650202582761,microglia_activated
frontotemporal dementia,brain,endothelial cell,2404,0.020280758588108252,oxidative_stress_cell
normal,stomach,"effector memory CD8-positive, alpha-beta T cell",2404,0.00845639189255739,oxidative_stress_cell
benign prostatic hyperplasia,prostate gland,secretory cell,2403,0.040148363490551855,
normal,mucosa,basal cell,2399,0.026230619519342212,
normal,endocrine gland,macrophage,2399,0.0034210143542853233,oxidative_stress_cell
normal,digestive system,mural cell,2397,0.033203125,
colon adenocarcinoma,large intestine,goblet cell,2395,0.009309973527799697,oxidative_stress_cell
normal,respiratory system,tracheal goblet cell,2394,0.004628806100588558,oxidative_stress_cell
normal,bone marrow,basophil mast progenitor cell,2393,0.003150499893359594,
COVID-19,blood,hematopoietic stem cell,2390,0.0006548948181379011,
type 2 diabetes mellitus,vasculature,endothelial cell of artery,2390,0.30826776731587774,oxidative_stress_cell
normal,brain,medial ganglionic eminence derived interneuron,2386,0.00012869588724945767,neuron_stressed
COVID-19,lung,respiratory basal cell,2384,0.0029324647464598853,
COVID-19,blood,"dendritic cell, human",2382,0.0006527027015918328,oxidative_stress_cell
malignant ovarian serous tumor,fallopian tube,T cell,2382,0.12109811896288765,oxidative_stress_cell
normal,small intestine,BEST4+ enterocyte,2380,0.002004394508632792,oxidative_stress_cell
chronic obstructive pulmonary disease,lung,capillary endothelial cell,2377,0.02639292931536053,oxidative_stress_cell
schizophrenia,brain,L6 corticothalamic-projecting glutamatergic cortical neuron,2371,0.009876327222590173,neuron_stressed
HER2 positive breast carcinoma,breast,myeloid cell,2370,0.1479677842292564,
type 2 diabetes mellitus,kidney,kidney distal convoluted tubule epithelial cell,2370,0.2059257972021896,oxidative_stress_cell
normal,skin of body,unknown,2368,0.0035122848391809613,
breast cancer,skeletal system,chondrocyte,2366,0.22068836862233002,
normal,breast,regulatory T cell,2365,0.0010044987954509158,oxidative_stress_cell
common variable immunodeficiency,blood,macrophage,2359,0.036427369168764184,oxidative_stress_cell
normal,colon,T cell,2354,0.0035090177582534215,oxidative_stress_cell
lung adenocarcinoma,lung,endothelial cell,2349,0.003255505185386399,oxidative_stress_cell
Crohn disease,small intestine,epithelial cell,2349,0.01614388607873323,oxidative_stress_cell
invasive ductal breast carcinoma,breast,exhausted T cell,2343,0.012535444866513295,oxidative_stress_cell
gastric cancer,stomach,mast cell,2342,0.010746915194816518,oxidative_stress_cell
cytomegalovirus infection,blood,innate lymphoid cell,2342,0.00036503295973306147,
normal,pancreas,mesenchymal stem cell,2342,0.005508501485319679,
breast cancer,chest wall,fibroblast,2342,0.121064874644611,oxidative_stress_cell
breast cancer,breast,plasmacytoid dendritic cell,2337,0.003981925432184589,oxidative_stress_cell
open-angle glaucoma,blood,"CD4-positive, alpha-beta cytotoxic T cell",2334,0.016715246395909277,oxidative_stress_cell
benign prostatic hyperplasia,prostate gland,granulocyte,2331,0.03894541626986116,
normal,lung,respiratory tract suprabasal cell,2329,0.0007396402725077394,
chronic obstructive pulmonary disease,lung,non-classical monocyte,2329,0.025859963136505962,oxidative_stress_cell
COVID-19,lung,tracheobronchial smooth muscle cell,2328,0.002863581346375257,
normal,lung,endothelial cell of arteriole,2326,0.0007386875370772872,oxidative_stress_cell
interstitial lung disease,lung,mast cell,2324,0.007335835429812406,oxidative_stress_cell
normal,blood,unswitched memory B cell,2323,0.00016805735393081304,oxidative_stress_cell
type 2 diabetes mellitus,kidney,kidney loop of Henle thick ascending limb epithelial cell,2317,0.20132070553479886,oxidative_stress_cell
normal,stomach,B cell,2311,0.008129251939975095,oxidative_stress_cell
normal,central nervous system,mesenchyme condensation cell,2307,0.0031055106323691936,
normal,ureter,epithelial cell,2306,0.05273508964507867,oxidative_stress_cell
small cell lung carcinoma,pleural fluid,T cell,2306,0.3308939589611135,oxidative_stress_cell
normal,breast,mural cell,2303,0.0009781652118069596,
normal,large intestine,gut absorptive cell,2302,0.012404086559186137,
ovarian cancer,ovary,B cell,2301,0.03982140075800841,oxidative_stress_cell
normal,mucosa,endothelial cell of artery,2301,0.025159089418093552,oxidative_stress_cell
COVID-19,blood,malignant cell,2291,0.000627767375880306,tumor_epithelial_warburg
normal,colon,mesothelial cell,2287,0.003409143421038902,
non-compaction cardiomyopathy,heart,mural cell,2286,0.19652682255845944,
B-cell acute lymphoblastic leukemia,blood,granulocyte monocyte progenitor cell,2285,0.01557494376661441,oxidative_stress_cell
normal,liver,"CD16-negative, CD56-bright natural killer cell, human",2281,0.002385918374604875,
normal,nose,naive B cell,2281,0.009608377527938432,oxidative_stress_cell
normal,adipose tissue,myeloid lineage restricted progenitor cell,2280,0.0049781442002436675,
normal,esophagus,keratinocyte,2277,0.013597439357928556,oxidative_stress_cell
tauopathy,brain,lamp5 GABAergic cortical interneuron,2275,0.01823077354574522,neuron_stressed
normal,bone marrow,"CD4-positive, alpha-beta thymocyte",2275,0.002995147203256614,
bipolar I disorder,brain,L6 corticothalamic-projecting glutamatergic cortical neuron,2273,0.01493478760800289,neuron_stressed
injury,musculature,fibroblast,2273,0.41028880866425993,oxidative_stress_cell
non-specific interstitial pneumonia,lung,alveolar macrophage,2272,0.07592314118629909,oxidative_stress_cell
chromophobe renal cell carcinoma,kidney,abnormal cell,2271,0.8815993788819876,
systemic lupus erythematosus,blood,plasmacytoid dendritic cell,2268,0.0029179500243162503,oxidative_stress_cell
lung adenocarcinoma,adrenal gland,T cell,2266,0.6388497321680293,oxidative_stress_cell
squamous cell carcinoma,skin of body,"CD8-positive, CD28-negative, alpha-beta regulatory T cell",2257,0.14724686847599164,oxidative_stress_cell
normal,stomach,T-helper 17 cell,2255,0.007932264441645971,
normal,heart,mononuclear phagocyte,2254,0.0011482208435195057,
triple-negative breast carcinoma,pleural fluid,T cell,2253,0.0948871293800539,oxidative_stress_cell
normal,small intestine,dendritic cell,2249,0.0018940685924013236,oxidative_stress_cell
normal,heart,monocyte,2245,0.0011436361107814066,oxidative_stress_cell
breast cancer,breast,myofibroblast cell,2244,0.0038234662686445096,oxidative_stress_cell
isolated focal cortical dysplasia type II,brain,pvalb GABAergic cortical interneuron,2240,0.03640796424217797,neuron_stressed
clear cell renal carcinoma,kidney,"effector CD4-positive, alpha-beta T cell",2237,0.014677418296579644,oxidative_stress_cell
normal,large intestine,"activated CD4-positive, alpha-beta T cell",2236,0.012048452452797655,oxidative_stress_cell
normal,small intestine,type EC enteroendocrine cell,2234,0.001881435853901537,
invasive ductal breast carcinoma,breast,naive T cell,2234,0.011952276496709647,oxidative_stress_cell
benign prostatic hyperplasia,prostate gland,luminal cell of prostate epithelium,2234,0.0373247790419862,
dementia,brain,cerebral cortex endothelial cell,2230,0.0015987107079205721,oxidative_stress_cell
normal,respiratory system,respiratory tract hillock cell,2226,0.004303977602301642,
COVID-19,blood,naive T cell,2224,0.0006094083998069842,oxidative_stress_cell
clear cell renal carcinoma,lymph node,abnormal cell,2223,0.5796610169491525,
chronic kidney disease,kidney,kidney interstitial alternatively activated macrophage,2221,0.008332645511776756,oxidative_stress_cell
chronic kidney disease,kidney,B cell,2218,0.008321390249941848,oxidative_stress_cell
normal,prostate gland,smooth muscle cell of prostate,2218,0.02546352103782791,
normal,lung,fetal pre-type II pulmonary alveolar epithelial cell,2216,0.0007037539046273725,oxidative_stress_cell
normal,small intestine,"activated CD8-positive, alpha-beta T cell",2214,0.0018645922025684884,oxidative_stress_cell
neuroblastoma,neck,neuroblast (sensu Vertebrata),2211,0.3427906976744186,neuron_stressed
squamous cell lung carcinoma,lung,pulmonary alveolar type 2 cell,2205,0.009395052365167151,
normal,lymph node,"activated CD4-positive, alpha-beta T cell",2196,0.0023884467047919026,oxidative_stress_cell
normal,mucosa,mast cell,2194,0.023989153491220015,oxidative_stress_cell
normal,respiratory system,elicited macrophage,2194,0.004242105507389848,oxidative_stress_cell
non-small cell lung carcinoma,lung,CD1c-positive myeloid dendritic cell,2191,0.023269645379525687,oxidative_stress_cell
COVID-19,blood,myeloid dendritic cell,2191,0.0006003659190544525,oxidative_stress_cell
normal,bladder organ,"CD4-positive, alpha-beta T cell",2189,0.029019129558681214,oxidative_stress_cell
pulmonary fibrosis,lung,alveolar type 1 fibroblast cell,2180,0.00810613835467702,oxidative_stress_cell
breast carcinoma,breast,mammary gland epithelial cell,2176,0.29513088295130885,oxidative_stress_cell
interstitial lung disease,lung,alveolar type 1 fibroblast cell,2174,0.006862352075908852,oxidative_stress_cell
normal,large intestine,secretory cell,2174,0.011714371928614535,
normal,kidney,fibroblast,2171,0.0032991464161483417,oxidative_stress_cell
dementia,brain,L6 corticothalamic-projecting glutamatergic cortical neuron,2166,0.001552828427513883,neuron_stressed
normal,bone marrow,plasmacytoid dendritic cell,2162,0.0028463772542596916,oxidative_stress_cell
diffuse large B-cell lymphoma,lymph node,muscle fibroblast,2162,0.09274591394620565,oxidative_stress_cell
normal,lung,immature innate lymphoid cell,2158,0.0006853343529719629,
isolated focal cortical dysplasia type II,brain,VIP GABAergic cortical interneuron,2157,0.03505891913856156,neuron_stressed
normal,brain,committed oligodendrocyte precursor,2154,0.00011618228882453136,microglia_activated
normal pressure hydrocephalus,brain,oligodendrocyte,2152,0.4542959679121807,microglia_activated
normal,kidney,"CD8-positive, alpha-beta T cell",2151,0.003268753542669315,oxidative_stress_cell
normal,bone marrow,monocyte,2151,0.002831895223826363,oxidative_stress_cell
normal,scalp,hair follicular keratinocyte,2144,0.707824364476725,oxidative_stress_cell
normal,intestine,innate lymphoid cell,2144,0.007592605708619591,
gastric cancer,stomach,T-helper 17 cell,2141,0.009824571064091445,
normal,skin of body,chondrocyte,2139,0.0031726255367432754,
open-angle glaucoma,blood,CD1c-positive myeloid dendritic cell,2139,0.015318728380826882,oxidative_stress_cell
lung adenocarcinoma,lymph node,malignant cell,2133,0.03952195664257921,tumor_epithelial_warburg
type 2 diabetes mellitus,brain,L2/3 intratelencephalic projecting glutamatergic neuron,2131,0.18377026560883064,neuron_stressed
Crohn disease,small intestine,mast cell,2130,0.014638772817242138,oxidative_stress_cell
COVID-19,blood,"CD34-positive, CD38-negative hematopoietic stem cell",2128,0.0005831030012541647,
normal,lamina propria,mast cell,2123,0.08962722168277959,oxidative_stress_cell
normal,breast,"activated CD4-positive, alpha-beta T cell",2123,0.0009017128721954733,oxidative_stress_cell
lung adenocarcinoma,lung,endothelial cell of lymphatic vessel,2119,0.0029367456312617197,oxidative_stress_cell
clear cell renal carcinoma,kidney,vascular associated smooth muscle cell,2119,0.013903195963545938,
normal,esophagogastric junction,foveolar cell of stomach,2114,0.16553128181035157,
glioblastoma,cerebrospinal fluid,macrophage,2113,0.23776302464273658,oxidative_stress_cell
diabetes mellitus,brain,sst GABAergic cortical interneuron,2113,0.027877092760927213,neuron_stressed
breast cancer,breast,vein endothelial cell,2112,0.003598556488136009,oxidative_stress_cell
normal,lung,secondary crest myofibroblast,2111,0.0006704081645615448,oxidative_stress_cell
COVID-19,lung,nasal mucosa goblet cell,2111,0.002596658171047323,oxidative_stress_cell
normal,fallopian tube,fallopian tube secretory epithelial cell,2108,0.009861296283301757,oxidative_stress_cell
normal,mucosa,vascular associated smooth muscle cell,2107,0.023037897176846203,
blastoma,liver,Kupffer cell,2107,0.036678562102881014,hepatocyte_sulfur
heart valve disorder,heart,smooth muscle cell,2106,0.011469588706866504,
primary sclerosing cholangitis,liver,endothelial cell of periportal hepatic sinusoid,2103,0.020092292699704778,oxidative_stress_cell
breast carcinoma,breast,macrophage,2101,0.28495863284958634,oxidative_stress_cell
breast cancer,skeletal system,T cell,2099,0.1957839753754314,oxidative_stress_cell
normal,liver,endothelial cell of periportal hepatic sinusoid,2097,0.002193454989717853,oxidative_stress_cell
normal,blood,"Axl+ dendritic cell, human",2095,0.00015156270188766824,oxidative_stress_cell
COVID-19,digestive system,nasal mucosa goblet cell,2092,0.11575278039063797,oxidative_stress_cell
pulmonary fibrosis,lung,epithelial cell of lower respiratory tract,2089,0.007767762854550593,oxidative_stress_cell
normal,heart,microcirculation associated smooth muscle cell,2088,0.0010636579952390097,
normal,colon,leukocyte,2088,0.0031125017328942836,
normal,intestine,glial cell,2087,0.007390750053119909,
pulmonary emphysema,lung,mast cell,2086,0.06561399094111726,oxidative_stress_cell
non-compaction cardiomyopathy,heart,endothelial cell,2086,0.1793328748280605,oxidative_stress_cell
bipolar II disorder,brain,L2/3 intratelencephalic projecting glutamatergic neuron,2084,0.07868307785245035,neuron_stressed
normal,small intestine,peripheral nervous system neuron,2083,0.0017542662863370196,neuron_stressed
normal,blood,"CD4-positive, CD25-positive, alpha-beta regulatory T cell",2082,0.00015062221734134858,oxidative_stress_cell
normal,prostate gland,stem cell,2079,0.02386774582400551,
normal,colon,colon goblet cell,2075,0.003093123130151168,oxidative_stress_cell
normal,liver,small pre-B-II cell,2066,0.0021610290933510175,
neuroblastoma,chest,macrophage,2063,0.1338480503471096,oxidative_stress_cell
invasive ductal breast carcinoma,breast,IgG plasma cell,2061,0.01102669734096624,oxidative_stress_cell
normal,respiratory system,alveolar type 1 fibroblast cell,2054,0.003971415092150751,oxidative_stress_cell
normal,embryo,glial cell,2052,0.005123019885406134,
COVID-19,lung,CD1c-positive myeloid dendritic cell,2051,0.002522854528099507,oxidative_stress_cell
colorectal cancer,colon,transit amplifying cell,2045,0.04939017026929115,
normal,lung,tracheobronchial serous cell,2044,0.0006491304066147786,
colon adenocarcinoma,large intestine,granulocyte,2039,0.007926111074398156,
normal,small intestine,paneth cell of epithelium of small intestine,2036,0.0017146837057043552,gut_fermentative_microbe
normal,respiratory system,"effector memory CD8-positive, alpha-beta T cell",2031,0.0039269445239329,oxidative_stress_cell
neuroblastoma,liver,cortical cell of adrenal gland,2029,0.08352200222286256,
normal,central nervous system,Schwann cell precursor,2028,0.0027299417262439205,
normal,urinary bladder,smooth muscle cell,2028,0.06797613461151707,
Crohn disease,colon,macrophage,2025,0.05975390244622149,oxidative_stress_cell
normal,nose,"CD8-positive, alpha-beta memory T cell",2024,0.008525802769200959,oxidative_stress_cell
nonpapillary renal cell carcinoma,kidney,"effector memory CD4-positive, alpha-beta T cell",2023,0.01019431174537905,oxidative_stress_cell
normal,liver,conventional dendritic cell,2023,0.0021160512371002464,oxidative_stress_cell
normal,small intestine,T follicular helper cell,2022,0.001702893149771221,
normal,bone marrow,B cell,2020,0.0026594274068476305,oxidative_stress_cell
normal,eye,endothelial cell of artery,2019,0.00025862864052796623,oxidative_stress_cell
normal,liver,pro-B cell,2019,0.0021118672504722674,oxidative_stress_cell
temporal lobe epilepsy,brain,microglial cell,2013,0.9572039942938659,microglia_activated
normal,mucosa,macrophage,2012,0.0219991690174725,oxidative_stress_cell
Crohn disease,small intestine,pericyte,2011,0.013820925885199032,oxidative_stress_cell
ulcerative colitis,colon,fibroblast,2008,0.055947173386085645,oxidative_stress_cell
malignant ovarian serous tumor,paracolic gutter,T cell,2007,0.250499251123315,oxidative_stress_cell
diffuse large B-cell lymphoma,small intestine,malignant cell,2005,0.37582005623242737,tumor_epithelial_warburg
triple-negative breast carcinoma,exocrine gland,"CD4-positive, alpha-beta T cell",2003,0.08252647192122285,oxidative_stress_cell
chronic obstructive pulmonary disease,lung,macrophage,2002,0.022229131043059226,oxidative_stress_cell
post-COVID-19 disorder,blood,regulatory T cell,1998,0.02055048136262651,oxidative_stress_cell
normal,colon,plasmacytoid dendritic cell,1995,0.002973870190193533,oxidative_stress_cell
common variable immunodeficiency,blood,"naive thymus-derived CD8-positive, alpha-beta T cell",1990,0.030729319476829477,oxidative_stress_cell
pulmonary fibrosis,lung,respiratory basal cell,1989,0.007395921645620454,
interstitial lung disease,lung,B cell,1988,0.006275232717068443,oxidative_stress_cell
interstitial lung disease,lung,plasma cell,1988,0.006275232717068443,oxidative_stress_cell
ovarian cancer,ovary,endothelial cell,1985,0.034352664278420986,oxidative_stress_cell
amyotrophic lateral sclerosis,brain,L2/3 intratelencephalic projecting glutamatergic neuron,1982,0.011554223820822086,neuron_stressed
COVID-19,lung,mesothelial cell,1982,0.0024379803387095185,
Alzheimer disease,brain,endothelial cell,1979,0.003253676621700494,oxidative_stress_cell
normal,lymph node,"effector memory CD8-positive, alpha-beta T cell, terminally differentiated",1979,0.0021524298856025388,oxidative_stress_cell
heart failure,heart,endocardial cell,1978,0.16855560289731572,
colon adenocarcinoma,large intestine,colon endothelial cell,1975,0.007677326813112485,oxidative_stress_cell
basal cell carcinoma,skin of body,conventional dendritic cell,1975,0.016866214623648568,oxidative_stress_cell
normal,brain,extracellular matrix secreting cell,1971,0.00010631164868762828,
COVID-19,respiratory system,basal cell of epithelium of trachea,1971,0.027683361892187983,
chronic kidney disease,kidney,monocyte,1969,0.007387203517644499,oxidative_stress_cell
normal,lung,cycling pulmonary alveolar type 2 cell,1968,0.0006249944423766557,
triple-negative breast carcinoma,pleural fluid,mesothelial cell,1967,0.08284198113207547,
invasive lobular breast carcinoma,breast,pericyte,1963,0.11987786259541985,oxidative_stress_cell
atherosclerosis,vasculature,plasma cell,1956,0.008743032616517895,oxidative_stress_cell
normal,stomach,squamous epithelial cell,1956,0.006880491905924399,oxidative_stress_cell
COVID-19,brain,oligodendrocyte precursor cell,1955,0.05705863467880804,microglia_activated
triple-negative breast carcinoma,exocrine gland,plasma cell,1955,0.08054880309834782,oxidative_stress_cell
respiratory system disorder,blood,gamma-delta T cell,1954,0.020571236063882427,oxidative_stress_cell
lung adenocarcinoma,lymph node,natural killer cell,1953,0.03618677042801557,
benign prostatic hyperplasia,prostate gland,"CD4-positive, alpha-beta thymocyte",1950,0.03257982056037291,
normal,spleen,immature innate lymphoid cell,1950,0.003375588780581536,
normal,lymph node,alpha-beta T cell,1949,0.0021198008322583874,oxidative_stress_cell
normal,spleen,stromal cell,1948,0.003372126638242478,oxidative_stress_cell
normal,reproductive system,monocyte,1945,0.0053371750017150305,oxidative_stress_cell
squamous cell lung carcinoma,lung,"CD4-positive, alpha-beta memory T cell",1944,0.008282984942351447,oxidative_stress_cell
normal,prostate gland,endocrine cell,1939,0.022260490212961368,
bipolar II disorder,brain,oligodendrocyte precursor cell,1937,0.07313297591180246,microglia_activated
COVID-19,saliva,neutrophil,1937,0.13356778375396497,oxidative_stress_cell
normal,lung,mesothelial cell,1934,0.0006141967741648638,
Crohn disease,colon,stem cell,1929,0.05692112484877099,
Lewy body dementia,brain,endothelial cell,1929,0.01604398163550469,oxidative_stress_cell
benign prostatic hyperplasia,prostate gland,pericyte,1928,0.03221225335405076,oxidative_stress_cell
myocardial infarction,heart,neuronal receptor cell,1926,0.010239887712134745,neuron_stressed
bronchopulmonary dysplasia,lung,ciliated cell,1924,0.012769544238771894,
acute kidney failure,kidney,mature NK T cell,1923,0.015348269229234343,oxidative_stress_cell
normal,bladder organ,epithelial cell,1923,0.025492821444195513,oxidative_stress_cell
normal,placenta,pericyte,1922,0.0036897889601975055,oxidative_stress_cell
normal,testis,primordial germ cell,1912,0.09226018143215596,
normal,musculature,adipocyte,1910,0.0032768716341295616,adipocyte_lipolytic
lung adenocarcinoma,lung,blood vessel endothelial cell,1910,0.0026470902103397282,oxidative_stress_cell
Alzheimer disease,brain,capillary endothelial cell,1909,0.003138589525430138,oxidative_stress_cell
normal,prostate gland,macrophage,1906,0.02188163710464382,oxidative_stress_cell
COVID-19,lung,"dendritic cell, human",1901,0.0023383454207299673,oxidative_stress_cell
normal,respiratory system,memory B cell,1898,0.0036697886294557577,oxidative_stress_cell
normal,adipose tissue,lymphocyte,1898,0.004144086707044948,
normal,small intestine,monocyte,1890,0.0015917250509730999,oxidative_stress_cell
normal,respiratory system,endothelial cell of lymphatic vessel,1889,0.0036523871027618155,oxidative_stress_cell
HER2 positive breast carcinoma,breast,endothelial cell,1887,0.11781232440531934,oxidative_stress_cell
malignant ovarian serous tumor,fallopian tube,monocyte,1887,0.09593289273004575,oxidative_stress_cell
atherosclerosis,heart,macrophage,1885,0.05325610962000282,oxidative_stress_cell
normal,nose,B cell,1884,0.00793607332864358,oxidative_stress_cell
interstitial lung disease,lung,vein endothelial cell,1884,0.005946950925028646,oxidative_stress_cell
normal,heart,CD14-positive monocyte,1883,0.000959227971760084,oxidative_stress_cell
normal,heart,mature NK T cell,1881,0.0009582091422627286,oxidative_stress_cell
normal,large intestine,T cell,1880,0.01013018363652039,oxidative_stress_cell
normal,hindlimb,chondroblast,1877,0.021581658464793266,
COVID-19,digestive system,squamous epithelial cell,1877,0.10385658164112212,oxidative_stress_cell
normal,lung,CD4-positive helper T cell,1876,0.0005957772225094544,oxidative_stress_cell
squamous cell carcinoma,skin of body,"central memory CD8-positive, alpha-beta T cell",1876,0.12239039665970772,oxidative_stress_cell
Lewy body dementia,brain,sst GABAergic cortical interneuron,1874,0.015586532703440016,neuron_stressed
normal,respiratory system,respiratory tract suprabasal cell,1872,0.003619517552339925,
normal,exocrine gland,endothelial cell of vascular tree,1871,0.009694099604153282,oxidative_stress_cell
normal,liver,fibroblast,1871,0.001957059745237054,oxidative_stress_cell
bipolar I disorder,brain,pericyte,1866,0.012260586747265021,oxidative_stress_cell
normal,fallopian tube,perivascular cell,1865,0.00872453395083386,
Crohn disease,colon,B cell,1864,0.055003098350497215,oxidative_stress_cell
normal,spinal cord,microglial cell,1864,0.03746281855454619,microglia_activated
interstitial lung disease,lung,epithelial cell of lung,1864,0.0058838198111748384,oxidative_stress_cell
squamous cell carcinoma,skin of body,naive T cell,1862,0.12147703549060543,oxidative_stress_cell
chronic obstructive pulmonary disease,lung,mast cell,1860,0.020652439430614466,oxidative_stress_cell
invasive ductal breast carcinoma,breast,endothelial cell of artery,1860,0.00995131346637419,oxidative_stress_cell
normal,kidney,kidney collecting duct alpha-intercalated cell,1855,0.0028189390151797207,
breast cancer,breast,endothelial cell of vascular tree,1848,0.003148736927119008,oxidative_stress_cell
glioblastoma,brain,myeloid cell,1847,0.0013630030639895623,
normal,large intestine,"CD8-positive, alpha-beta memory T cell",1844,0.009936201396672126,oxidative_stress_cell
interstitial lung disease,lung,tracheobronchial smooth muscle cell,1842,0.005814375585935651,
breast cancer,chest wall,cell of skeletal muscle,1840,0.09511501680020677,
interstitial lung disease,lung,endothelial cell of respiratory system lymphatic vessel,1839,0.005804905918857579,oxidative_stress_cell
atherosclerosis,heart,endothelial cell,1839,0.05195649102980647,oxidative_stress_cell
basal cell carcinoma,skin of body,melanocyte of skin,1839,0.01570479427488087,
type 2 diabetes mellitus,pancreas,pancreatic PP cell,1839,0.02364300223702142,
normal,nervous system,sensory neuron of dorsal root ganglion,1837,1.0,neuron_stressed
normal,intestine,intestinal tuft cell,1833,0.006491252921595014,oxidative_stress_cell
oropharynx squamous cell carcinoma,digestive system,fibroblast,1833,0.03580078125,oxidative_stress_cell
normal,intestine,mesenchymal stem cell,1828,0.006473546285147673,
normal,lymph node,follicular B cell,1828,0.001988196983770309,oxidative_stress_cell
normal,stomach,T follicular helper cell,1827,0.006426717132987667,
normal,small intestine,neural crest cell,1825,0.0015369831841406916,oxidative_stress_cell
Sjogren syndrome,exocrine gland,"CD8-positive, alpha-beta cytotoxic T cell",1824,0.04032632486568946,oxidative_stress_cell
normal,respiratory system,basal cell of epithelium of trachea,1824,0.003526709409972235,
follicular lymphoma,lymph node,exhausted T cell,1823,0.014857133543055533,oxidative_stress_cell
lung adenocarcinoma,brain,"CD4-positive, alpha-beta T cell",1818,0.0665251756440281,oxidative_stress_cell
COVID-19,blood,"effector CD4-positive, alpha-beta T cell",1813,0.0004967884122527258,oxidative_stress_cell
Crohn disease,small intestine,plasmacytoid dendritic cell,1808,0.012425775236419617,oxidative_stress_cell
normal,lung,bronchus fibroblast of lung,1806,0.0005735467291322359,oxidative_stress_cell
normal,immune system,centroblast,1806,0.03621125235593696,
non-specific interstitial pneumonia,lung,lung secretory cell,1804,0.060284043441938176,
normal,kidney,dendritic cell,1802,0.0027383979004603,oxidative_stress_cell
normal,spleen,IgG plasma cell,1799,0.0031141970339826582,oxidative_stress_cell
normal,brain,eye photoreceptor cell,1797,9.692644986893354e-05,
lung adenocarcinoma,lung,bronchus fibroblast of lung,1796,0.0024890963443822784,oxidative_stress_cell
normal,lymph node,mast cell,1792,0.0019490421197573269,oxidative_stress_cell
myocardial infarction,heart,fibroblast,1792,0.009527455233720386,oxidative_stress_cell
normal,stomach,monocyte,1791,0.00630008231263323,oxidative_stress_cell
normal,spinal cord,GABAergic neuron,1790,0.0359755607363936,neuron_stressed
normal,adrenal gland,blood vessel endothelial cell,1785,0.004076375519823517,oxidative_stress_cell
adenocarcinoma,colon,progenitor cell,1784,0.4121044121044121,
normal,brain,vein endothelial cell,1781,9.606344308100759e-05,oxidative_stress_cell
malignant ovarian serous tumor,paracolic gutter,fibroblast,1781,0.222291562656016,oxidative_stress_cell
diffuse large B-cell lymphoma,lymph node,"activated CD8-positive, alpha-beta T cell",1779,0.07631590236369096,oxidative_stress_cell
normal,spinal cord,central nervous system macrophage,1777,0.03571428571428571,oxidative_stress_cell
vascular dementia,brain,GABAergic neuron,1777,0.021425384921448295,neuron_stressed
normal,tendon of semitendinosus,fast muscle cell,1774,0.1684230513623849,
normal,skin of body,inflammatory macrophage,1773,0.0026297639442009477,oxidative_stress_cell
normal,ovary,T cell,1772,0.010125598564587833,oxidative_stress_cell
normal,respiratory system,fibroblast of lung,1771,0.0034242337527745767,oxidative_stress_cell
glioblastoma,brain,vascular associated smooth muscle cell,1770,0.001306180521527626,
gastric cancer,stomach,enterocyte,1769,0.008117546105734594,oxidative_stress_cell
acute kidney failure,kidney,kidney interstitial alternatively activated macrophage,1769,0.01411913066381464,oxidative_stress_cell
B-cell non-Hodgkin lymphoma,bone marrow,lymphocyte,1765,0.029541726642787803,
Pick disease,brain,endothelial cell of vascular tree,1763,0.01798190589843232,oxidative_stress_cell
heart failure,heart,fibroblast,1761,0.15006391137622496,oxidative_stress_cell
normal,placenta,endothelial cell of lymphatic vessel,1761,0.0033807067424078082,oxidative_stress_cell
pulmonary fibrosis,lung,lung pericyte,1760,0.006544405277170437,oxidative_stress_cell
normal,liver,lymphocyte,1758,0.0018388621229966549,
normal,breast,subcutaneous adipocyte,1756,0.0007458350464320543,adipocyte_lipolytic
Sjogren syndrome,exocrine gland,"effector CD8-positive, alpha-beta T cell",1756,0.038822931175521214,oxidative_stress_cell
Crohn disease,small intestine,naive B cell,1756,0.012068396745106664,oxidative_stress_cell
normal,central nervous system,fibroblast of choroid plexus,1753,0.002359757320564888,oxidative_stress_cell
luminal A breast carcinoma,pleural fluid,myeloid cell,1753,0.17140901535152048,
liver cancer,liver,T cell,1747,0.26227293199219337,oxidative_stress_cell
normal,small intestine,mesothelial cell,1742,0.0014670820311085396,
normal,endocrine gland,neuro-medullary thymic epithelial cell,1741,0.002482695285873592,oxidative_stress_cell
normal,lung,adventitial fibroblast,1741,0.0005529041281391045,oxidative_stress_cell
normal,small intestine,intestinal crypt stem cell,1741,0.0014662398485418872,gut_fermentative_microbe
normal,uterus,unknown,1739,0.005649956138925891,
Sjogren syndrome,exocrine gland,duct epithelial cell,1737,0.038402865291503614,oxidative_stress_cell
breast cancer,chest wall,blood vessel endothelial cell,1732,0.08953217885758594,oxidative_stress_cell
normal,colon,unknown,1732,0.002581826150082806,
COVID-19,lung,"myeloid dendritic cell, human",1730,0.002128005038328692,oxidative_stress_cell
Parkinson disease,brain,leukocyte,1729,0.0009551815977552956,
normal,adipose tissue,neuron associated cell,1728,0.0037729092886057266,neuron_stressed
type 1 diabetes mellitus,pancreas,pancreatic A cell,1727,0.07709821428571428,
normal,fallopian tube,stratified epithelial cell,1726,0.008074287184525063,oxidative_stress_cell
normal,skin of body,group 3 innate lymphoid cell,1724,0.0025570857528496526,
bronchopulmonary dysplasia,lung,non-classical monocyte,1724,0.011442148787756104,oxidative_stress_cell
normal,bone marrow,class switched memory B cell,1724,0.002269729133368968,oxidative_stress_cell
Crohn disease,small intestine,monocyte,1723,0.011841598856388828,oxidative_stress_cell
normal,bone marrow,hematopoietic precursor cell,1720,0.002264462940484121,
squamous cell lung carcinoma,lung,smooth muscle cell,1719,0.007324306129579289,
atherosclerosis,brain,L6b glutamatergic neuron of the primary motor cortex,1717,0.012132989435748861,neuron_stressed
gastric cancer,stomach,T follicular helper cell,1713,0.007860574606627112,
heart failure,heart,cardiac muscle cell,1712,0.14588836812952705,
post-COVID-19 disorder,blood,"CD4-positive, alpha-beta cytotoxic T cell",1709,0.017577964288653006,oxidative_stress_cell
normal,blood,common lymphoid progenitor,1706,0.00012342051046317995,
normal,spleen,non-classical monocyte,1705,0.0029514763440469326,oxidative_stress_cell
interstitial lung disease,lung,mesothelial cell of pleura,1704,0.00537877090034438,
normal,small intestine,tuft cell,1704,0.001435079093575747,oxidative_stress_cell
normal,lung,brush cell of tracheobronchial tree,1702,0.0005405185675432256,
COVID-19,blood,progenitor cell,1701,0.0004660987806077698,
normal,liver,group 3 innate lymphoid cell,1699,0.0017771483202339686,
hematologic disorder,blood,unknown,1699,0.016955072550545874,
COVID-19,respiratory system,unknown,1698,0.023848984522037136,
normal,kidney,kidney interstitial alternatively activated macrophage,1696,0.002577315671021459,oxidative_stress_cell
normal,liver,inflammatory macrophage,1695,0.0017729643336059898,oxidative_stress_cell
normal,exocrine gland,progenitor cell of mammary luminal epithelium,1694,0.008777020165385173,
normal,lung,naive B cell,1694,0.0005379779397286864,oxidative_stress_cell
normal,skin of body,plasmacytoid dendritic cell,1693,0.0025111056726069966,oxidative_stress_cell
myelodysplastic/myeloproliferative disease,blood,unknown,1691,0.012980931617895415,
chronic kidney disease,kidney,parietal epithelial cell,1687,0.006329208905163163,oxidative_stress_cell
invasive ductal breast carcinoma,breast,mast cell,1687,0.009025734310630786,oxidative_stress_cell
COVID-19,lung,neuron,1686,0.002073882366833627,neuron_stressed
ulcerative colitis,colon,memory B cell,1686,0.046975564904850796,oxidative_stress_cell
vascular dementia,brain,lamp5 GABAergic cortical interneuron,1685,0.020316135955340674,neuron_stressed
normal,tendon of semitendinosus,skeletal muscle fiber,1684,0.15987847716699896,
normal,spinal cord,erythroid lineage cell,1684,0.03384516440228314,
normal,embryo,neural crest cell,1680,0.00419428528629742,oxidative_stress_cell
cystic fibrosis,skeletal system,"CD8-positive, alpha-beta T cell",1679,0.10589719331441186,oxidative_stress_cell
basal cell carcinoma,skin of body,cytotoxic T cell,1678,0.01432987753847205,oxidative_stress_cell
normal,endocrine gland,"CD8-positive, alpha-beta memory T cell",1678,0.0023928562261320433,oxidative_stress_cell
normal,testis,mesenchymal stem cell,1677,0.0809206716850029,
normal,eye,secondary lens fiber,1677,0.00021481933143407595,
cytomegalovirus infection,blood,"Axl+ dendritic cell, human",1676,0.00026122768595756234,oxidative_stress_cell
breast cancer,liver,plasma cell,1672,0.0046288221696219704,oxidative_stress_cell
normal,bone marrow,early lymphoid progenitor,1671,0.002199952077644748,
normal,eye,myeloid leukocyte,1668,0.00021366645487897357,
normal,breast,lymphocyte,1667,0.0007080336118463749,
benign prostatic hyperplasia,prostate gland,smooth muscle cell of prostate,1666,0.02783486207875963,
small cell lung carcinoma,lymph node,T cell,1666,0.08959879531031516,oxidative_stress_cell
heart valve disorder,heart,Schwann cell,1663,0.009056944928546532,
normal,respiratory system,bronchial goblet cell,1662,0.00321348192948128,oxidative_stress_cell
prediabetes syndrome,pancreas,endothelial cell,1660,0.02086082312284009,oxidative_stress_cell
squamous cell lung carcinoma,lung,endothelial cell of lymphatic vessel,1659,0.007068658446173381,oxidative_stress_cell
normal,lung,mucus secreting cell,1653,0.0005249572221791727,
Crohn disease,small intestine,transit amplifying cell,1645,0.011305531119419397,
normal,bladder organ,mast cell,1644,0.021794174963212388,oxidative_stress_cell
COVID-19,lung,pulmonary artery endothelial cell,1642,0.0020197596953385618,oxidative_stress_cell
dementia,brain,endothelial cell,1639,0.0011750165247900526,oxidative_stress_cell
neuroblastoma,adrenal gland,T cell,1638,0.01547107438016529,oxidative_stress_cell
Crohn disease,colon,goblet cell,1638,0.04833426775649916,oxidative_stress_cell
normal,small intestine,interstitial cell of Cajal,1637,0.0013786528616100341,
neuroblastoma,lymph node,B cell,1637,0.04787809657512211,oxidative_stress_cell
chronic obstructive pulmonary disease,lung,monocyte,1636,0.018165263929293154,oxidative_stress_cell
normal,spleen,mature B cell,1635,0.002830301362179903,oxidative_stress_cell
normal,small intestine,group 3 innate lymphoid cell,1635,0.0013769684964767292,
bipolar I disorder,brain,L6b glutamatergic neuron of the primary motor cortex,1634,0.010736226551463583,neuron_stressed
squamous cell carcinoma,skin of body,T-helper 17 cell,1633,0.10653705636743215,
normal,central nervous system,T cell,1632,0.0021968761820661134,oxidative_stress_cell
normal,skin of body,suprabasal keratinocyte,1629,0.002416179055331835,oxidative_stress_cell
malignant ovarian serous tumor,intestine,B cell,1628,0.021404998882417134,oxidative_stress_cell
COVID-19,blood,alpha-beta T cell,1625,0.00044527367342012104,oxidative_stress_cell
malignant ovarian serous tumor,large intestine,T cell,1621,0.15291010282048864,oxidative_stress_cell
normal,spleen,"CD8-alpha alpha positive, gamma-delta intraepithelial T cell",1620,0.0028043352946369683,oxidative_stress_cell
normal,prostate gland,secretory cell,1620,0.018598243499225075,
isolated focal cortical dysplasia type II,brain,endothelial cell,1620,0.026330759853718,oxidative_stress_cell
normal,breast,mast cell,1618,0.0006872215860632482,oxidative_stress_cell
uveal melanoma,eye,mononuclear phagocyte,1616,0.03125,
normal,blood,naive T cell,1616,0.00011690946360404386,oxidative_stress_cell
amyotrophic lateral sclerosis,brain,endothelial cell,1616,0.009420598231306001,oxidative_stress_cell
normal,eye,"CD4-positive, alpha-beta T cell",1615,0.0002068772929433707,oxidative_stress_cell
chronic kidney disease,kidney,mononuclear phagocyte,1613,0.006051579113235437,
tauopathy,brain,L6 corticothalamic-projecting glutamatergic cortical neuron,1611,0.012909791728437602,neuron_stressed
tauopathy,brain,GABAergic neuron,1611,0.012909791728437602,neuron_stressed
bronchopulmonary dysplasia,lung,B cell,1611,0.010692170357932183,oxidative_stress_cell
normal,colon,enteroendocrine cell,1609,0.0023984747548979417,
normal,bone marrow,small pre-B-II cell,1608,0.0021170095397084108,
Crohn disease,small intestine,lymphocyte,1607,0.011044369914229163,
chronic obstructive pulmonary disease,lung,pulmonary alveolar type 2 cell,1605,0.017821056605449578,
Crohn disease,small intestine,conventional dendritic cell,1604,0.011023751924345723,oxidative_stress_cell
inflammatory bowel disease,colon,"naive thymus-derived CD4-positive, alpha-beta T cell",1602,0.04272227852152115,oxidative_stress_cell
normal,lung,mucosal invariant T cell,1598,0.0005074904059542153,oxidative_stress_cell
normal,mucosa,B cell,1597,0.017461567058103172,oxidative_stress_cell
colon adenocarcinoma,large intestine,tuft cell of colon,1597,0.006207944769893995,oxidative_stress_cell
bipolar I disorder,brain,L5/6 near-projecting glutamatergic neuron,1594,0.010473405828049542,neuron_stressed
periodontitis,mucosa,B cell,1593,0.04135514018691589,oxidative_stress_cell
chronic obstructive pulmonary disease,lung,CD1c-positive myeloid dendritic cell,1593,0.017687815060735936,oxidative_stress_cell
neuroblastoma,liver,kidney cell,1591,0.06549211707076112,
normal,respiratory system,"effector CD4-positive, alpha-beta T cell",1591,0.003076203218895738,oxidative_stress_cell
normal,lung,large pre-B-II cell,1591,0.0005052673566164935,
normal,skin of body,mesenchymal stem cell,1588,0.002355366691139935,
normal,tongue,"CD4-positive, alpha-beta T cell",1587,0.04095061154977551,oxidative_stress_cell
basal cell carcinoma,skin of body,endothelial cell of vascular tree,1586,0.013544210831952723,oxidative_stress_cell
normal,stomach,"CD8-positive, alpha-beta T cell",1586,0.005578967363392687,oxidative_stress_cell
Alzheimer disease,brain,pericyte,1584,0.002604256578460628,oxidative_stress_cell
normal,pancreas,pancreatic PP cell,1583,0.003723295410444514,
normal,lymph node,stromal cell of pancreas,1582,0.0017206387463482651,oxidative_stress_cell
amyotrophic lateral sclerosis,brain,L2/3-6 intratelencephalic projecting glutamatergic neuron,1581,0.009216562997335883,neuron_stressed
normal,adrenal gland,enterocyte,1580,0.0036082203480790795,oxidative_stress_cell
normal,kidney,kidney capillary endothelial cell,1580,0.002401037004843104,oxidative_stress_cell
normal,colon,natural killer cell,1579,0.0023537549024138286,
lung cancer,lung,epithelial cell,1579,0.038531930989043166,oxidative_stress_cell
bipolar disorder,brain,astrocyte,1578,0.20512153906148448,microglia_activated
colorectal cancer,colon,gut absorptive cell,1575,0.03803888419273035,
normal,respiratory system,plasma cell,1575,0.003045267171439841,oxidative_stress_cell
normal,central nervous system,retinal astrocyte,1572,0.0021161086753725064,microglia_activated
normal,lymph node,fibroblast,1572,0.0017097623952335478,oxidative_stress_cell
normal,lymph node,"central memory CD8-positive, alpha-beta T cell",1569,0.0017064994898991328,oxidative_stress_cell
heart valve disorder,heart,adipocyte,1569,0.008545006971070059,adipocyte_lipolytic
malignant ovarian serous tumor,intestine,plasma cell,1568,0.02061611685972363,oxidative_stress_cell
acute myeloid leukemia,bone marrow,"CD4-positive, alpha-beta memory T cell",1568,0.05629757288525061,oxidative_stress_cell
COVID-19,nose,dendritic cell,1566,0.01776698698675985,oxidative_stress_cell
normal,vasculature,lymphocyte,1565,0.011252516537244751,
lung adenocarcinoma,lung,conventional dendritic cell,1564,0.0021675649680478193,oxidative_stress_cell
malignant ovarian serous tumor,colon,fallopian tube secretory epithelial cell,1561,0.08284683154654496,oxidative_stress_cell
normal,liver,"effector memory CD8-positive, alpha-beta T cell, terminally differentiated",1561,0.0016328007815687021,oxidative_stress_cell
acute myeloid leukemia,bone marrow,"effector memory CD8-positive, alpha-beta T cell",1560,0.056010340370529946,oxidative_stress_cell
acute kidney failure,kidney,kidney loop of Henle thin ascending limb epithelial cell,1559,0.0124430326200605,oxidative_stress_cell
normal,liver,blood vessel endothelial cell,1558,0.001629662791597718,oxidative_stress_cell
schizophrenia,brain,L5/6 near-projecting glutamatergic neuron,1554,0.006473138972545393,neuron_stressed
normal,central nervous system,neuroblast (sensu Vertebrata),1554,0.0020918784233644244,neuron_stressed
normal,small intestine,"naive thymus-derived CD8-positive, alpha-beta T cell",1552,0.0013070673434445773,oxidative_stress_cell
invasive lobular breast carcinoma,breast,malignant cell,1551,0.09471755725190839,tumor_epithelial_warburg
normal,large intestine,macrophage,1549,0.00834662470902664,oxidative_stress_cell
normal,stomach,memory T cell,1548,0.005445297275240782,oxidative_stress_cell
normal,prostate gland,prostate gland microvascular endothelial cell,1547,0.01776017450203777,oxidative_stress_cell
B-cell acute lymphoblastic leukemia,blood,"effector memory CD8-positive, alpha-beta T cell",1546,0.010537795651284848,oxidative_stress_cell
diabetes mellitus,brain,L6 intratelencephalic projecting glutamatergic neuron,1544,0.020370199348259167,neuron_stressed
triple-negative breast carcinoma,exocrine gland,T cell,1543,0.06357381236867043,oxidative_stress_cell
normal,nose,"CD8-positive, alpha-beta T cell",1541,0.006491236199278003,oxidative_stress_cell
glioblastoma,brain,plasma cell,1540,0.0011364508492387256,oxidative_stress_cell
schizophrenia,brain,pericyte,1536,0.006398160528847956,oxidative_stress_cell
normal,eye,eye photoreceptor cell,1536,0.00019675759873747208,
normal,tongue,fibroblast,1531,0.03950559942199515,oxidative_stress_cell
normal,small intestine,gut endothelial cell,1531,0.0012893815095448762,oxidative_stress_cell
normal,stomach,parietal cell,1530,0.005381979865063564,
normal,hindlimb,muscle cell,1527,0.017557374787287864,
periodontitis,mucosa,mast cell,1526,0.03961578400830737,oxidative_stress_cell
normal,yolk sac,endothelial cell,1525,0.02689309773216238,oxidative_stress_cell
malignant ovarian serous tumor,fallopian tube,fibroblast,1523,0.07742755465175394,oxidative_stress_cell
glioblastoma,cerebrospinal fluid,monocyte,1522,0.17126139304602228,oxidative_stress_cell
diffuse large B-cell lymphoma,lymph node,macrophage,1522,0.06529106430440565,oxidative_stress_cell
normal,pancreas,myeloid cell,1519,0.003572764199914856,
pulmonary fibrosis,lung,capillary endothelial cell,1519,0.005648267963648803,oxidative_stress_cell
squamous cell lung carcinoma,lung,epithelial cell of lung,1518,0.006467886390169495,oxidative_stress_cell
influenza,blood,non-classical monocyte,1517,0.05098816886259747,oxidative_stress_cell
normal,digestive system,myeloid cell,1515,0.020985704787234043,
normal,ovary,primordial germ cell,1514,0.008651329699089154,
malignant ovarian serous tumor,paracolic gutter,fallopian tube secretory epithelial cell,1513,0.18884173739390914,oxidative_stress_cell
acute kidney failure,kidney,podocyte,1513,0.012075887334285784,
Crohn disease,small intestine,unknown,1513,0.010398339564548054,
primary sclerosing cholangitis,liver,midzonal region hepatocyte,1512,0.01444581386683482,hepatocyte_ketogenic
pulmonary emphysema,lung,B cell,1512,0.04755913437342728,oxidative_stress_cell
breast cancer,axilla,blood vessel smooth muscle cell,1512,0.017247082710712125,
gastric cancer,stomach,IgM plasma cell,1510,0.006929052922362486,oxidative_stress_cell
normal,kidney,renal beta-intercalated cell,1510,0.002294661947666511,
non-small cell lung carcinoma,lung,mast cell,1503,0.015962700595813374,oxidative_stress_cell
colorectal cancer,colon,fibroblast,1502,0.036275812099987925,oxidative_stress_cell
chronic kidney disease,kidney,mature NK T cell,1501,0.005631382671398879,oxidative_stress_cell
arrhythmogenic right ventricular cardiomyopathy,heart,cardiac neuron,1500,0.0143546164446486,neuron_stressed
normal,esophagus,blood vessel endothelial cell,1498,0.00894552663951558,oxidative_stress_cell
normal,bone marrow,mucosal invariant T cell,1498,0.001972189235375124,oxidative_stress_cell
normal,liver,mast cell,1494,0.0015627190055500582,oxidative_stress_cell
normal,urinary bladder,umbrella cell of urothelium,1489,0.049909499229067504,
normal,respiratory system,alternatively activated macrophage,1489,0.0028789859163643955,oxidative_stress_cell
colon adenocarcinoma,large intestine,mature conventional dendritic cell,1483,0.005764797804478894,oxidative_stress_cell
normal,skin of body,"CD8-positive, alpha-beta T cell",1481,0.002196661252883025,oxidative_stress_cell
normal,colon,intestinal crypt stem cell,1480,0.0022061793892162547,gut_fermentative_microbe
normal,forelimb,chondroblast,1479,0.03793961470384526,
luminal B breast carcinoma,pleural fluid,natural killer cell,1476,0.05155791532765125,
diabetes mellitus,brain,lamp5 GABAergic cortical interneuron,1474,0.01944667994775519,neuron_stressed
lung adenocarcinoma,brain,epithelial cell,1472,0.053864168618266976,oxidative_stress_cell
normal,lung,smooth muscle cell of the pulmonary artery,1470,0.0004668403609215873,
normal,blood,"plasmacytoid dendritic cell, human",1470,0.00010634709869922306,oxidative_stress_cell
normal,lung,group 1 innate lymphoid cell,1469,0.0004665227824447699,
myelodysplastic syndrome,blood,dendritic cell,1468,0.00833267110924427,oxidative_stress_cell
normal,lymph node,"CD16-positive, CD56-dim natural killer cell, human",1467,0.001595560708529017,
normal,respiratory system,chondrocyte,1467,0.0028364488511125377,
normal,bone marrow,common dendritic progenitor,1467,0.0019313762405175614,oxidative_stress_cell
normal,gallbladder,macrophage,1467,0.0740909090909091,oxidative_stress_cell
gastric cancer,stomach,pericyte,1466,0.006727146744492321,oxidative_stress_cell
normal,placenta,endothelial cell of vascular tree,1464,0.0028105364400255713,oxidative_stress_cell
amyotrophic lateral sclerosis 26 with or without frontotemporal dementia,brain,microglial cell,1463,0.019824654118731112,microglia_activated
normal,heart,cardiac neuron,1463,0.0007452737773154556,neuron_stressed
nonpapillary renal cell carcinoma,kidney,B cell,1461,0.00736227852693959,oxidative_stress_cell
normal,brain,mucosa-associated lymphoid tissue macrophage,1460,7.874936939824317e-05,oxidative_stress_cell
normal,nose,serous secreting cell,1460,0.0061500355943840904,
normal,colon,vein endothelial cell,1460,0.002176366154226846,oxidative_stress_cell
normal,small intestine,intestinal crypt stem cell of small intestine,1460,0.0012295865473125533,gut_fermentative_microbe
normal,intestine,endothelial cell of vascular tree,1459,0.005166796515333947,oxidative_stress_cell
lung adenocarcinoma,brain,"CD8-positive, alpha-beta T cell",1456,0.05327868852459016,oxidative_stress_cell
breast cancer,skin of body,fibroblast,1456,0.16088397790055248,oxidative_stress_cell
normal,respiratory system,conventional dendritic cell,1455,0.002813246815520615,oxidative_stress_cell
colon adenocarcinoma,large intestine,endothelial cell of venule,1453,0.005648180182001236,oxidative_stress_cell
normal,large intestine,tuft cell of colon,1452,0.0078239503405466,oxidative_stress_cell
normal,colon,tuft cell,1451,0.002162950198481612,oxidative_stress_cell
normal,colon,monocyte,1450,0.0021614595367321415,oxidative_stress_cell
nonpapillary renal cell carcinoma,vasculature,"CD8-positive, alpha-beta T cell",1450,0.32992036405005687,oxidative_stress_cell
bronchopulmonary dysplasia,lung,lung megakaryocyte,1447,0.009603706088099236,
clear cell renal carcinoma,blood,B cell,1447,0.04586952386990427,oxidative_stress_cell
normal,uterus,ciliated epithelial cell,1447,0.004701257350791124,oxidative_stress_cell
acute kidney failure,kidney,mononuclear phagocyte,1444,0.011525169405623708,
normal,stomach,natural T-regulatory cell,1443,0.005075945715873675,
normal,lung,respiratory tract goblet cell,1440,0.0004573130066170651,oxidative_stress_cell
epilepsy,brain,endothelial cell,1439,0.011077325738039337,oxidative_stress_cell
normal,digestive system,intestinal epithelial cell,1438,0.01991910460992908,oxidative_stress_cell
adenocarcinoma,large intestine,progenitor cell,1435,0.3779299446931788,
neuroblastoma,abdomen,B cell,1434,0.007693256865722088,oxidative_stress_cell
chronic obstructive pulmonary disease,respiratory system,bronchus fibroblast of lung,1432,0.07519033867156734,oxidative_stress_cell
normal,digestive system,lymphocyte,1432,0.019835992907801418,
normal,embryo,syncytiotrophoblast cell,1430,0.0035701356901222084,oxidative_stress_cell
COVID-19,lung,endothelial cell,1429,0.0017577567628738154,oxidative_stress_cell
pulmonary fibrosis,lung,bronchus fibroblast of lung,1429,0.0053136108756116785,oxidative_stress_cell
schizophrenia,brain,L6b glutamatergic neuron of the primary motor cortex,1428,0.005948289866663335,neuron_stressed
acute kidney failure,kidney,B cell,1424,0.011365541020504267,oxidative_stress_cell
interstitial lung disease,lung,smooth muscle cell,1423,0.004491778750698388,
normal,colon,"activated CD8-positive, alpha-beta T cell",1422,0.002119721007746969,oxidative_stress_cell
atherosclerosis,brain,L6 corticothalamic-projecting glutamatergic cortical neuron,1422,0.010048404762745999,neuron_stressed
normal,lymph node,conventional dendritic cell,1421,0.0015455294934013178,oxidative_stress_cell
normal,immune system,"central memory CD4-positive, alpha-beta T cell",1420,0.028471748806993623,oxidative_stress_cell
normal,uterus,epithelial cell of uterus,1417,0.004603788297215634,oxidative_stress_cell
normal,kidney,mature NK T cell,1416,0.002151815442315086,oxidative_stress_cell
normal,bone marrow,early promyelocyte,1416,0.0018642322812357649,
normal,small intestine,enterocyte of epithelium proper of small intestine,1415,0.0011916883318131939,oxidative_stress_cell
COVID-19,blood,"central memory CD8-positive, alpha-beta T cell",1411,0.00038663455581279435,oxidative_stress_cell
triple-negative breast carcinoma,exocrine gland,fibroblast of breast,1409,0.05805282023814429,oxidative_stress_cell
normal,esophagus,mesenchymal cell,1409,0.008414050090171864,
normal,kidney,stromal cell,1409,0.0021411779365974265,oxidative_stress_cell
normal,breast,Tc1 cell,1408,0.0005980271898498476,
digestive system disorder,small intestine,dendritic cell,1407,0.015659606673418737,oxidative_stress_cell
normal,lung,neuroendocrine cell of epithelium of lobar bronchus,1407,0.00044683291688209074,
colorectal cancer,large intestine,mononuclear phagocyte,1407,0.0875,
chronic obstructive pulmonary disease,respiratory system,vein endothelial cell of respiratory system,1407,0.07387765817799948,oxidative_stress_cell
normal,lung,lung goblet cell,1407,0.00044683291688209074,oxidative_stress_cell
normal,skin of body,"naive thymus-derived CD8-positive, alpha-beta T cell",1405,0.0020839358948687714,oxidative_stress_cell
normal,stomach,gastrointestinal tract (lamina propria) macrophage,1404,0.0049387579938230345,oxidative_stress_cell
rheumatoid arthritis,blood,"effector memory CD8-positive, alpha-beta T cell, terminally differentiated",1402,0.02882579106441598,oxidative_stress_cell
normal,liver,proerythroblast,1400,0.001464395319792558,
COVID-19,blood,"CD8-positive, alpha-beta cytotoxic T cell",1400,0.0003836203955619504,oxidative_stress_cell
ulcerative colitis,colon,gastrointestinal tract (lamina propria) macrophage,1398,0.0389512691203923,oxidative_stress_cell
normal,eye,ganglion interneuron,1398,0.00017908015822590232,neuron_stressed
normal,musculature,mast cell,1397,0.002396748519831936,oxidative_stress_cell
malignant ovarian serous tumor,intestine,endothelial cell,1396,0.018354655061335576,oxidative_stress_cell
Sjogren syndrome,exocrine gland,IgG plasma cell,1395,0.030841679379186842,oxidative_stress_cell
invasive lobular breast carcinoma,breast,fibroblast of breast,1394,0.08512977099236642,oxidative_stress_cell
normal,placenta,endothelial cell,1392,0.0026723133364177564,oxidative_stress_cell
normal,brain,Schwann cell,1391,7.50276526253125e-05,
normal,pancreas,pancreatic epsilon cell,1391,0.0032717017788555396,
normal,colon,neuron,1387,0.002067547846515504,neuron_stressed
malignant ovarian serous tumor,musculature,fallopian tube secretory epithelial cell,1386,0.07122668174109667,oxidative_stress_cell
type 1 diabetes mellitus,pancreas,unknown,1385,0.061830357142857145,
invasive ductal breast carcinoma,breast,monocyte,1382,0.00739393290888663,oxidative_stress_cell
colorectal cancer,colon,IgA plasma cell,1380,0.03332930805458278,oxidative_stress_cell
normal,musculature,lymphocyte,1379,0.002365867007049563,
normal,forelimb,skeletal muscle myoblast,1379,0.035374393966600824,
dementia,brain,L5/6 near-projecting glutamatergic neuron,1378,0.0009879028500065239,neuron_stressed
Parkinson disease,brain,L2/3 intratelencephalic projecting glutamatergic neuron,1378,0.0007612725515944461,neuron_stressed
normal,colon,conventional dendritic cell,1377,0.0020526412290207993,oxidative_stress_cell
bronchopulmonary dysplasia,lung,pericyte,1376,0.009132480702988631,oxidative_stress_cell
Alzheimer disease,brain,endothelial cell of vascular tree,1373,0.002257351188274269,oxidative_stress_cell
normal,lymph node,mature NK T cell,1372,0.0014922353729392033,oxidative_stress_cell
normal,reproductive system,erythrocyte,1371,0.003762090965219181,
COVID-19,brain,microglial cell,1370,0.03998482327875551,microglia_activated
chronic kidney disease,kidney,plasma cell,1367,0.005128647642772996,oxidative_stress_cell
glioblastoma,cerebrospinal fluid,"CD8-positive, alpha-beta T cell",1365,0.1535951389670305,oxidative_stress_cell
normal,small intestine,enteric neuron,1362,0.0011470526557806149,neuron_stressed
malignant ovarian serous tumor,abdomen,endothelial cell,1362,0.005597428963612602,oxidative_stress_cell
normal,stomach,capillary endothelial cell,1361,0.004787499736177457,oxidative_stress_cell
acute myeloid leukemia,bone marrow,hematopoietic multipotent progenitor cell,1360,0.048829527502513285,
digestive system disorder,small intestine,IgM plasma cell,1360,0.01513650680586317,oxidative_stress_cell
normal,large intestine,capillary endothelial cell,1359,0.00732282955427192,oxidative_stress_cell
isolated focal cortical dysplasia type II,brain,cerebral cortex GABAergic interneuron,1359,0.022088581877285657,neuron_stressed
normal,respiratory system,"lung resident memory CD8-positive, alpha-beta T cell",1359,0.002627630530785234,oxidative_stress_cell
normal,lymph node,CD4-positive helper T cell,1358,0.0014770084813785992,oxidative_stress_cell
primary sclerosing cholangitis,liver,T cell,1357,0.012964926863290245,oxidative_stress_cell
normal,adrenal gland,neuron,1355,0.0030943915010425015,neuron_stressed
primary sclerosing cholangitis,liver,fibroblast,1351,0.012907602205088518,oxidative_stress_cell
Lewy body dementia,brain,lamp5 GABAergic cortical interneuron,1350,0.011228291968860203,neuron_stressed
colon adenocarcinoma,large intestine,pericyte,1350,0.0052477930114946105,oxidative_stress_cell
normal,esophagus,"CD4-positive, alpha-beta T cell",1350,0.008061722939483333,oxidative_stress_cell
lung cancer,lung,fibroblast,1349,0.032919300129334535,oxidative_stress_cell
type 2 diabetes mellitus,brain,L2/3-6 intratelencephalic projecting glutamatergic neuron,1348,0.11624698171783374,neuron_stressed
Down syndrome,bone marrow,primitive red blood cell,1348,0.08051125843636146,
colon adenocarcinoma,large intestine,enterocyte,1347,0.005236131249246844,oxidative_stress_cell
pulmonary fibrosis,lung,endothelial cell of lymphatic vessel,1345,0.005001264260110362,oxidative_stress_cell
normal,eye,acinar cell,1345,0.00017229099629029944,
bipolar II disorder,brain,sst GABAergic cortical interneuron,1344,0.05074378917163785,neuron_stressed
clear cell renal carcinoma,kidney,B cell,1343,0.008811699942917505,oxidative_stress_cell
normal,uterus,"CD8-positive, alpha-beta T cell",1341,0.004356866694824393,oxidative_stress_cell
non-specific interstitial pneumonia,lung,vein endothelial cell of respiratory system,1341,0.04481203007518797,oxidative_stress_cell
neuroblastoma,neck,fibroblast,1340,0.20775193798449612,oxidative_stress_cell
normal,digestive system,club cell,1338,0.018533909574468085,oxidative_stress_cell
COVID-19,lung,plasmacytoid dendritic cell,1337,0.0016445911770204978,oxidative_stress_cell
chronic obstructive pulmonary disease,respiratory system,mast cell,1337,0.07020215279600946,oxidative_stress_cell
interstitial lung disease,lung,CD1c-positive myeloid dendritic cell,1336,0.004217158405434326,oxidative_stress_cell
normal,heart,B cell,1334,0.000679559274736034,oxidative_stress_cell
nonpapillary renal cell carcinoma,kidney,endothelial cell,1334,0.006722299490032452,oxidative_stress_cell
lung adenocarcinoma,pleural fluid,macrophage,1334,0.062275337285841,oxidative_stress_cell
normal,esophagus,endothelial cell of lymphatic vessel,1333,0.007960204946912061,oxidative_stress_cell
type 1 diabetes mellitus,brain,pvalb GABAergic cortical interneuron,1333,0.05507809271960995,neuron_stressed
gastric cancer,stomach,gamma-delta T cell,1333,0.006116839434112049,oxidative_stress_cell
normal,lung,basophil,1329,0.00042206179569033306,
normal,small intestine,neural cell,1328,0.0011184184485144321,
COVID-19,blood,immature neutrophil,1327,0.00036361733207907734,oxidative_stress_cell
normal,large intestine,mast cell,1326,0.007145012501077679,oxidative_stress_cell
COVID-19,nose,"CD8-positive, alpha-beta memory T cell",1325,0.01503273164588557,oxidative_stress_cell
normal,liver,granulocyte,1323,0.0013838535772039673,
COVID-19,lung,gamma-delta T cell,1323,0.0016273703269993407,oxidative_stress_cell
Crohn disease,colon,fibroblast,1321,0.03898020006491782,oxidative_stress_cell
COVID-19,blood,megakaryocyte-erythroid progenitor cell,1321,0.0003619732446695261,
normal,endocrine gland,erythrocyte,1320,0.0018823422041086397,
normal,bone marrow,lymphocyte,1319,0.00173652710377823,
normal,lamina propria,gamma-delta T cell,1318,0.05564233545826825,oxidative_stress_cell
normal,lung,goblet cell,1317,0.00041825085396852415,oxidative_stress_cell
normal,colon,neural crest cell,1316,0.0019617108623031024,oxidative_stress_cell
malignant ovarian serous tumor,urinary bladder,monocyte,1316,0.2100223428024258,oxidative_stress_cell
lung adenocarcinoma,lung,smooth muscle cell,1315,0.0018224731029302318,
dementia,brain,L6b glutamatergic neuron of the primary motor cortex,1315,0.0009427374802311894,neuron_stressed
invasive ductal breast carcinoma,breast,cycling macrophage,1313,0.0070247712802953294,oxidative_stress_cell
normal,musculature,conventional dendritic cell,1312,0.0022509191539151754,oxidative_stress_cell
squamous cell lung carcinoma,lung,non-classical monocyte,1312,0.005590162677142541,oxidative_stress_cell
normal,heart,fetal cardiomyocyte,1310,0.0006673333207677695,
hematologic disorder,blood,lymphocyte,1309,0.01306309003452887,
isolated focal cortical dysplasia type II,brain,unknown,1308,0.021259650548557496,
COVID-19,blood,IgG memory B cell,1308,0.0003584110552821651,oxidative_stress_cell
normal,small intestine,blood vessel endothelial cell,1308,0.0011015747971813833,oxidative_stress_cell
invasive ductal breast carcinoma,breast,T cell,1306,0.0069873201005831685,oxidative_stress_cell
normal,lung,"lung resident memory CD4-positive, alpha-beta T cell",1305,0.0004144399122467153,oxidative_stress_cell
normal,stomach,enteroendocrine cell,1304,0.004586994603949599,
normal,large intestine,intestinal crypt stem cell of colon,1304,0.007026467798948185,gut_fermentative_microbe
triple-negative breast carcinoma,pleural fluid,myeloid cell,1304,0.05491913746630728,
Crohn disease,colon,"CD8-positive, alpha-beta T cell",1300,0.03836052996547552,oxidative_stress_cell
normal,tendon of semitendinosus,slow muscle cell,1300,0.12342162726668565,
inflammatory bowel disease,colon,T follicular helper cell,1297,0.034588511387273986,
myocardial infarction,heart,cardiac blood vessel endothelial cell,1296,0.006890391731529922,oxidative_stress_cell
normal,small intestine,tuft cell of small intestine,1290,0.0010864155109816397,oxidative_stress_cell
normal,liver,promyelocyte,1289,0.001348289690866148,
breast cancer,lung,plasma cell,1288,0.4348413234301148,oxidative_stress_cell
normal,small intestine,endothelial cell of artery,1288,0.0010847311458483347,oxidative_stress_cell
normal,stomach,vein endothelial cell,1287,0.004527194827671116,oxidative_stress_cell
normal,eye,smooth muscle cell of sphincter of pupil,1286,0.00016473324998462832,
normal,prostate gland,endothelial cell,1286,0.01476379082716262,oxidative_stress_cell
normal,blood,IgG-negative class switched memory B cell,1285,9.296328015544329e-05,oxidative_stress_cell
normal,musculature,tendon cell,1284,0.0022028812451425953,
normal,eye,leukocyte,1284,0.00016447705519460556,
respiratory system disorder,blood,"effector memory CD8-positive, alpha-beta T cell",1284,0.013517639255898176,oxidative_stress_cell
normal,brain,hypothalamus cell,1282,6.914841888256695e-05,
acute kidney failure,kidney,parietal epithelial cell,1281,0.010224198066900256,oxidative_stress_cell
normal,skin of body,erythrocyte,1279,0.001897049117108298,
normal,bone marrow,osteoclast,1279,0.0016838651749297622,
normal,fallopian tube,B cell,1278,0.00597852782260894,oxidative_stress_cell
open-angle glaucoma,blood,"naive thymus-derived CD8-positive, alpha-beta T cell",1277,0.009145402591078041,oxidative_stress_cell
bipolar II disorder,brain,VIP GABAergic cortical interneuron,1277,0.04821415087215888,neuron_stressed
normal,liver,lymphoid lineage restricted progenitor cell,1275,0.0013336457376682224,
normal,bone marrow,plasmablast,1274,0.0016772824338237037,
normal,bladder organ,smooth muscle cell,1273,0.016875903119324433,
normal,endocrine gland,hematopoietic precursor cell,1272,0.0018138933966865072,
normal,nose,dendritic cell,1268,0.0053412637901911145,oxidative_stress_cell
lung adenocarcinoma,lung,pulmonary artery endothelial cell,1267,0.0017559493698955163,oxidative_stress_cell
normal,fallopian tube,plasma cell,1267,0.005927069445419035,oxidative_stress_cell
normal,endocrine gland,plasmacytoid dendritic cell,1266,0.0018053372957587408,oxidative_stress_cell
COVID-19,lung,epithelial cell,1265,0.0015560268054831186,oxidative_stress_cell
long COVID-19,digestive system,squamous epithelial cell,1263,0.5477016478751084,oxidative_stress_cell
normal,pancreas,erythroblast,1261,0.002965935257467171,
interstitial lung disease,lung,myofibroblast cell,1260,0.003977260172789859,oxidative_stress_cell
COVID-19,nose,memory B cell,1259,0.014283931428052779,oxidative_stress_cell
normal,lung,bronchial smooth muscle cell,1259,0.0003998313023131146,
COVID-19,lung,lung goblet cell,1257,0.0015461863197567432,oxidative_stress_cell
normal,musculature,endothelial cell of lymphatic vessel,1253,0.002149696417572953,oxidative_stress_cell
normal,respiratory system,pulmonary artery endothelial cell,1253,0.0024226792163899178,oxidative_stress_cell
normal,respiratory system,multiciliated epithelial cell,1251,0.002418812210457931,oxidative_stress_cell
COVID-19,saliva,macrophage,1251,0.0862639635912288,oxidative_stress_cell
normal,tongue,B cell,1250,0.03225473499509728,oxidative_stress_cell
normal,respiratory system,lung pericyte,1246,0.002409144695627963,oxidative_stress_cell
normal,bladder organ,plasma cell,1245,0.016504712791483835,oxidative_stress_cell
triple-negative breast carcinoma,exocrine gland,B cell,1245,0.05129578509332125,oxidative_stress_cell
normal,skin of body,eurydendroid cell,1244,0.0018451361232859442,
type 2 diabetes mellitus,kidney,renal principal cell,1242,0.1079155443565905,
neuroblastoma,liver,T cell,1242,0.05112583871897254,oxidative_stress_cell
B-cell acute lymphoblastic leukemia,blood,conventional dendritic cell,1239,0.008445232090518711,oxidative_stress_cell
normal,brain,Mueller cell,1238,6.677515021577058e-05,
normal,hindlimb,connective tissue cell,1237,0.014222968311640528,
normal,liver,liver dendritic cell,1236,0.0012928518680454298,oxidative_stress_cell
small cell lung carcinoma,liver,epithelial cell,1235,0.12657579173926412,oxidative_stress_cell
atherosclerosis,brain,L5/6 near-projecting glutamatergic neuron,1235,0.008726990071723846,neuron_stressed
lung adenocarcinoma,pleural fluid,malignant cell,1232,0.05751365482470473,tumor_epithelial_warburg
diffuse large B-cell lymphoma,small intestine,mucous cell of stomach,1232,0.2309278350515464,
bipolar II disorder,brain,microglial cell,1232,0.04651514007400136,microglia_activated
normal,eye,diffuse bipolar 4a cell,1231,0.00015768789325900268,
normal,stomach,endothelial cell of artery,1231,0.004330207329341991,oxidative_stress_cell
progressive supranuclear palsy,brain,L2/3 intratelencephalic projecting glutamatergic neuron,1230,0.009643882015336124,neuron_stressed
atherosclerosis,brain,pericyte,1230,0.008691658128113627,oxidative_stress_cell
nonpapillary renal cell carcinoma,kidney,gamma-delta T cell,1227,0.006183104553425652,oxidative_stress_cell
nonpapillary renal cell carcinoma,kidney,"naive thymus-derived CD8-positive, alpha-beta T cell",1225,0.006173026143395618,oxidative_stress_cell
dementia,brain,pericyte,1223,0.0008767817021465738,oxidative_stress_cell
normal,tongue,endothelial cell,1221,0.031506425143211024,oxidative_stress_cell
prediabetes syndrome,pancreas,pancreatic PP cell,1220,0.015331448319195728,
ulcerative colitis,colon,regulatory T cell,1219,0.033963946393246215,oxidative_stress_cell
normal,large intestine,monocyte,1219,0.0065684541770842314,oxidative_stress_cell
normal,eye,diffuse bipolar 5 cell,1217,0.00015589452972884343,
diabetes mellitus,brain,GABAergic neuron,1217,0.016056044434476297,neuron_stressed
Wilms tumor,kidney,epithelial cell of nephron,1216,0.26229508196721313,oxidative_stress_cell
normal,placenta,regulatory T cell,1216,0.002334434638709764,oxidative_stress_cell
normal,brain,L5/6 near-projecting glutamatergic neuron of the primary motor cortex,1215,6.553457795812702e-05,neuron_stressed
chronic obstructive pulmonary disease,respiratory system,monocyte,1212,0.06363875032817012,oxidative_stress_cell
bronchopulmonary dysplasia,lung,alveolar capillary type 2 endothelial cell,1209,0.008024105501390447,oxidative_stress_cell
normal,brain,cerebellar neuron,1209,6.521095041265478e-05,neuron_stressed
normal,brain,natural killer cell,1207,6.510307456416404e-05,
liver cancer,liver,malignant cell,1207,0.18120402341990693,tumor_epithelial_warburg
normal,eye,bipolar neuron,1207,0.00015461355577872968,neuron_stressed
normal,reproductive system,natural killer cell,1205,0.0033065788571036564,
benign prostatic hyperplasia,prostate gland,vascular associated smooth muscle cell,1205,0.020132658346281723,
COVID-19,brain,VIP GABAergic cortical interneuron,1204,0.03513994688147565,neuron_stressed
blastoma,liver,endothelial cell,1203,0.020941770389067804,oxidative_stress_cell
normal,lung,"effector memory CD4-positive, alpha-beta T cell, terminally differentiated",1201,0.000381411750657705,oxidative_stress_cell
normal,small intestine,leukocyte,1200,0.0010106190799829206,
malignant ovarian serous tumor,paracolic gutter,monocyte,1200,0.14977533699450823,oxidative_stress_cell
normal,lymph node,classical monocyte,1198,0.0013029868635431236,oxidative_stress_cell
B-cell non-Hodgkin lymphoma,bone marrow,common myeloid progenitor,1197,0.020034814046128613,
COVID-19,blood,"plasmacytoid dendritic cell, human",1197,0.0003279954382054676,oxidative_stress_cell
normal,large intestine,mature NK T cell,1196,0.006444521079403397,oxidative_stress_cell
normal,kidney,vasa recta ascending limb cell,1195,0.0018159741903718417,oxidative_stress_cell
normal,large intestine,colonocyte,1194,0.006433744288300716,
chronic obstructive pulmonary disease,lung,conventional dendritic cell,1193,0.01324643023694788,oxidative_stress_cell
COVID-19,lung,pancreatic acinar cell,1193,0.0014674624339457395,
normal,gallbladder,goblet cell,1192,0.0602020202020202,oxidative_stress_cell
lung adenocarcinoma,lymph node,plasma cell,1191,0.022067815453029462,oxidative_stress_cell
normal,ovary,mononuclear phagocyte,1190,0.006799922286602439,
normal,esophagus,B cell,1188,0.007094316186745333,oxidative_stress_cell
squamous cell lung carcinoma,lung,"activated CD8-positive, alpha-beta T cell",1188,0.005061824131436995,oxidative_stress_cell
normal,skin of body,stem cell of epidermis,1187,0.0017605921047752539,
normal,liver,innate lymphoid cell,1187,0.0012415980318526902,
COVID-19,respiratory system,monocyte,1187,0.016671816624062474,oxidative_stress_cell
normal,reproductive system,conventional dendritic cell,1186,0.0032544419290663376,oxidative_stress_cell
normal,testis,Sertoli cell,1186,0.05722833429839799,
clear cell renal carcinoma,kidney,CD14-positive monocyte,1185,0.007775029361397799,oxidative_stress_cell
normal,bladder organ,pericyte,1184,0.01569604814868824,oxidative_stress_cell
lung adenocarcinoma,lung,club cell,1183,0.0016395328370847637,oxidative_stress_cell
COVID-19,lung,dendritic cell,1181,0.0014527017053561763,oxidative_stress_cell
schizophrenia,brain,vascular leptomeningeal cell,1178,0.00490692259308782,
common variable immunodeficiency,blood,gamma-delta T cell,1178,0.018190521780756343,oxidative_stress_cell
normal,spleen,myeloid cell,1178,0.0020392018377051535,
normal,nose,pulmonary ionocyte,1178,0.004962152006975657,
periodontitis,mucosa,keratinocyte,1177,0.030555555555555555,oxidative_stress_cell
periodontitis,mucosa,neutrophil,1176,0.030529595015576325,oxidative_stress_cell
bipolar II disorder,brain,pvalb GABAergic cortical interneuron,1175,0.0443630597296685,neuron_stressed
normal,liver,mature NK T cell,1174,0.0012280000753117594,oxidative_stress_cell
normal,bone marrow,neutrophil progenitor cell,1172,0.0015429945152601104,oxidative_stress_cell
glioblastoma,brain,unknown,1172,0.0008648833735764846,
gastric cancer,stomach,enteroendocrine cell,1170,0.005368868820638482,
normal,lung,erythrocyte,1169,0.000371249239399548,
normal,kidney,kidney connecting tubule principal cell,1168,0.0017749438111751557,
normal,lymph node,monocyte,1168,0.0012703578101989719,oxidative_stress_cell
clear cell renal carcinoma,kidney,T cell,1167,0.007656927649579099,oxidative_stress_cell
acute kidney failure,kidney,monocyte,1164,0.00929037201395152,oxidative_stress_cell
pulmonary emphysema,lung,smooth muscle cell,1164,0.03661298439859084,
type 2 diabetes mellitus,pancreas,endothelial cell,1164,0.014964901905325139,oxidative_stress_cell
type 1 diabetes mellitus,brain,oligodendrocyte precursor cell,1163,0.04805387984464094,microglia_activated
neuroblastoma,liver,macrophage,1163,0.047873873132177995,oxidative_stress_cell
prostatic acinar adenocarcinoma,prostate gland,regulatory T cell,1162,0.017007698837856036,oxidative_stress_cell
normal,spleen,immature B cell,1162,0.0020115046989926896,oxidative_stress_cell
B-cell acute lymphoblastic leukemia,blood,hematopoietic multipotent progenitor cell,1159,0.007899938654488447,
normal,esophagus,dendritic cell,1158,0.006915166788090148,oxidative_stress_cell
hypertrophic cardiomyopathy,heart,cardiac muscle cell,1158,1.0,
normal,kidney,kidney loop of Henle cortical thick ascending limb epithelial cell,1156,0.0017567080870877396,oxidative_stress_cell
normal,placenta,trophoblast giant cell,1156,0.002219248719036585,oxidative_stress_cell
normal,respiratory system,ionocyte,1156,0.0022351294286885436,
type 1 diabetes mellitus,brain,sst GABAergic cortical interneuron,1156,0.04776464754978928,neuron_stressed
normal,vasculature,pericyte,1155,0.008304572907679034,oxidative_stress_cell
normal,forelimb,primitive red blood cell,1154,0.029602647307800836,
clear cell renal carcinoma,lymph node,myofibroblast cell,1154,0.30091264667535855,oxidative_stress_cell
normal,lung,blood vessel smooth muscle cell,1154,0.0003664855622472869,
normal,large intestine,epithelial cell,1153,0.00621282007069575,oxidative_stress_cell
post-COVID-19 disorder,blood,"CD16-negative, CD56-bright natural killer cell, human",1152,0.011848926191063935,
diffuse large B-cell lymphoma,stomach,malignant cell,1152,0.7757575757575758,tumor_epithelial_warburg
colon adenocarcinoma,large intestine,"CD8-positive, alpha-beta memory T cell",1150,0.00447034219497689,oxidative_stress_cell
type 1 diabetes mellitus,brain,VIP GABAergic cortical interneuron,1147,0.04739277745640856,neuron_stressed
atherosclerosis,heart,natural killer cell,1144,0.0323209492866224,
normal,bone marrow,late promyelocyte,1144,0.001506131165066183,
normal,respiratory system,"naive thymus-derived CD4-positive, alpha-beta T cell",1143,0.0022099938901306276,oxidative_stress_cell
squamous cell carcinoma,skin of body,"activated CD8-positive, alpha-beta T cell, human",1143,0.07456941544885178,oxidative_stress_cell
normal,colon,tuft cell of colon,1143,0.0017038263796447157,oxidative_stress_cell
common variable immunodeficiency,blood,"effector memory CD8-positive, alpha-beta T cell, terminally differentiated",1140,0.017603730755570653,oxidative_stress_cell
progressive supranuclear palsy,brain,endothelial cell of vascular tree,1140,0.008938232111774944,oxidative_stress_cell
normal,skin of body,Merkel cell,1140,0.0016908803702138074,
clear cell renal carcinoma,blood,unknown,1139,0.036106003930767766,
normal,large intestine,glandular secretory epithelial cell,1139,0.0061373825329769805,oxidative_stress_cell
normal,liver,intrahepatic cholangiocyte,1139,0.0011913901923169454,
normal,prostate gland,skin fibroblast,1139,0.013076172435566271,oxidative_stress_cell
invasive ductal breast carcinoma,breast,cycling T cell,1139,0.006093841956021614,oxidative_stress_cell
malignant ovarian serous tumor,musculature,endothelial cell,1136,0.05837915617452079,oxidative_stress_cell
squamous cell lung carcinoma,lung,elicited macrophage,1135,0.004836002011095109,oxidative_stress_cell
interstitial lung disease,lung,"CD4-positive, alpha-beta T cell",1134,0.003579534155510873,oxidative_stress_cell
non-small cell lung carcinoma,lung,pulmonary alveolar type 2 cell,1134,0.01204371422199093,
follicular lymphoma,lymph node,"naive thymus-derived CD8-positive, alpha-beta T cell",1133,0.009233753321054262,oxidative_stress_cell
lung adenocarcinoma,pleural fluid,classical monocyte,1133,0.05289202184771953,oxidative_stress_cell
Lewy body dementia,brain,GABAergic neuron,1132,0.009415130747222037,neuron_stressed
normal,digestive system,endothelial cell of vascular tree,1131,0.01566655585106383,oxidative_stress_cell
COVID-19,lung,intermediate monocyte,1130,0.0013899686088505328,oxidative_stress_cell
clear cell renal carcinoma,blood,"CD14-positive, CD16-positive monocyte",1129,0.03578900653014645,oxidative_stress_cell
type 1 diabetes mellitus,pancreas,endothelial cell,1126,0.05026785714285714,oxidative_stress_cell
Crohn disease,colon,regulatory T cell,1124,0.03316710437014961,oxidative_stress_cell
digestive system disorder,small intestine,IgG plasma cell,1124,0.012509877683669268,oxidative_stress_cell
injury,musculature,macrophage,1122,0.20252707581227436,oxidative_stress_cell
normal,nose,CD1c-positive myeloid dendritic cell,1122,0.0047262602307527055,oxidative_stress_cell
diabetes mellitus,brain,endothelial cell,1121,0.014789503542356558,oxidative_stress_cell
benign prostatic hyperplasia,prostate gland,epithelial cell of urethra,1120,0.018712512321855213,oxidative_stress_cell
malignant ovarian serous tumor,lymph node,fallopian tube secretory epithelial cell,1118,0.17186779400461183,oxidative_stress_cell
normal,central nervous system,mesothelial cell of dura mater,1117,0.0015036217496126525,
lymphoma,cerebrospinal fluid,"dendritic cell, human",1117,0.06089184474487571,oxidative_stress_cell
heart valve disorder,heart,lymphocyte,1116,0.006077901707912165,
normal,vasculature,"CD8-positive, alpha-beta T cell",1116,0.008024158757549612,oxidative_stress_cell
normal,small intestine,enteroendocrine cell of small intestine,1116,0.0009398757443841162,
macular degeneration,eye,Mueller cell,1115,0.2842937276899541,
normal,lung,mucus secreting cell of tracheobronchial tree submucosal gland,1115,0.00035410000165140806,
normal,pleura,neutrophil,1114,0.05656257933485656,oxidative_stress_cell
normal,placenta,dendritic cell,1114,0.0021386185752653598,oxidative_stress_cell
normal,hindlimb,smooth muscle cell,1114,0.012808720047831486,
chronic obstructive pulmonary disease,respiratory system,respiratory basal cell,1113,0.05844053557364137,
rheumatoid arthritis,blood,"CD8-positive, alpha-beta memory T cell",1112,0.02286325225651253,oxidative_stress_cell
normal,small intestine,alpha-beta T cell,1112,0.0009365070141175064,oxidative_stress_cell
breast cancer,chest wall,T cell,1111,0.057430860687516155,oxidative_stress_cell
COVID-19,blood,lymphocyte,1110,0.000304156170766975,
acute kidney failure,kidney,conventional dendritic cell,1109,0.008851393954873055,oxidative_stress_cell
normal,tongue,"CD8-positive, alpha-beta T cell",1107,0.028564793311658152,oxidative_stress_cell
COVID-19,blood,transitional stage B cell,1107,0.0003033341270621994,oxidative_stress_cell
normal,spleen,conventional dendritic cell,1106,0.0019145647134990661,oxidative_stress_cell
luminal A breast carcinoma,pleural fluid,natural killer cell,1105,0.10804732570646329,
normal,respiratory system,ciliated epithelial cell,1104,0.002134587274456879,oxidative_stress_cell
COVID-19,lung,erythrocyte,1104,0.0013579870302398126,
neuroblastoma,chest,fibroblast,1103,0.07156296632712646,oxidative_stress_cell
acute kidney failure,kidney,renal interstitial pericyte,1103,0.008803505439337223,oxidative_stress_cell
tauopathy,brain,endothelial cell,1102,0.008830906570290651,oxidative_stress_cell
breast cancer,neck,T cell,1101,0.08006690422514726,oxidative_stress_cell
normal,endocrine gland,myo-medullary thymic epithelial cell,1100,0.0015686185034238663,oxidative_stress_cell
normal,colon,IgG plasma cell,1100,0.0016397279244174867,oxidative_stress_cell
influenza,blood,blood cell,1098,0.03690508201129336,
normal,spleen,plasmacytoid dendritic cell,1098,0.0019007161441428342,oxidative_stress_cell
tauopathy,brain,L6b glutamatergic neuron of the primary motor cortex,1095,0.008774811882457588,neuron_stressed
normal,hindlimb,vein endothelial cell,1095,0.012590258933909764,oxidative_stress_cell
lung adenocarcinoma,lymph node,classical monocyte,1095,0.02028904947192885,oxidative_stress_cell
normal,colon,myeloid leukocyte,1094,0.001630783953920664,
normal,small intestine,"central memory CD4-positive, alpha-beta T cell",1093,0.0009205055453511101,oxidative_stress_cell
nonpapillary renal cell carcinoma,kidney,MHC-II-positive classical monocyte,1093,0.005507851081413396,oxidative_stress_cell
normal,liver,B-2 B cell,1090,0.0011401363561242058,oxidative_stress_cell
normal,respiratory system,tracheobronchial goblet cell,1090,0.0021075182329329694,oxidative_stress_cell
COVID-19,blood,IgG plasmablast,1087,0.00029785383569702866,
interstitial lung disease,lung,bronchus fibroblast of lung,1084,0.0034217063708763544,oxidative_stress_cell
chronic kidney disease,kidney,cytotoxic T cell,1083,0.004063149522401723,oxidative_stress_cell
normal,liver,fraction A pre-pro B cell,1083,0.001132814379525243,oxidative_stress_cell
normal,eye,classical monocyte,1080,0.00013834518661228506,oxidative_stress_cell
invasive ductal breast carcinoma,breast,myeloid cell,1080,0.005778182012733401,
oropharynx squamous cell carcinoma,digestive system,natural killer cell,1079,0.02107421875,
pulmonary emphysema,lung,macrophage,1078,0.03390790135883241,oxidative_stress_cell
Sjogren syndrome,exocrine gland,B cell,1077,0.023811103004576506,oxidative_stress_cell
normal,breast,IgG plasma cell,1076,0.00045701509678866195,oxidative_stress_cell
normal,stomach,"CD16-positive, CD56-dim natural killer cell, human",1075,0.003781456441139432,
normal,small intestine,germinal center B cell,1074,0.0009045040765847139,oxidative_stress_cell
normal,adrenal gland,fibroblast,1073,0.002450392679423324,oxidative_stress_cell
COVID-19,blood,IgM plasma cell,1071,0.00029346960260489207,oxidative_stress_cell
type 1 diabetes mellitus,pancreas,type B pancreatic cell,1071,0.0478125,
normal,eye,stromal cell,1071,0.00013719231005718268,oxidative_stress_cell
normal,musculature,naive T cell,1070,0.0018357343709521628,oxidative_stress_cell
normal,liver,promonocyte,1070,0.0011192164229843122,oxidative_stress_cell
normal,intestine,endothelial cell,1070,0.0037892201997308593,oxidative_stress_cell
Crohn disease,small intestine,intestine goblet cell,1070,0.0073537497250934685,oxidative_stress_cell
COVID-19,lung,endothelial cell of lymphatic vessel,1069,0.00131493490518692,oxidative_stress_cell
normal,hindlimb,Schwann cell,1068,0.012279814193073633,
COVID-19,blood,macrophage,1067,0.0002923735443318579,oxidative_stress_cell
normal,adipose tissue,myofibroblast cell,1066,0.0023275007532718196,oxidative_stress_cell
lung adenocarcinoma,lung,pericyte,1064,0.0014746094156028644,oxidative_stress_cell
prostatic acinar adenocarcinoma,prostate gland,glial cell,1064,0.01557331459851878,
normal,lung,"myeloid dendritic cell, human",1064,0.00033790349933372033,oxidative_stress_cell
Alzheimer disease,brain,endothelial cell of artery,1064,0.0017493238633094117,oxidative_stress_cell
normal,colon,"CD8-alpha-beta-positive, alpha-beta intraepithelial T cell",1063,0.0015845734396870803,oxidative_stress_cell
normal,small intestine,"CD16-positive, CD56-dim natural killer cell, human",1062,0.0008943978857848847,
breast cancer,axilla,plasma cell,1062,0.01211402238014304,oxidative_stress_cell
diffuse large B-cell lymphoma,lymph node,"CD4-positive, alpha-beta memory T cell",1062,0.04555789112436189,oxidative_stress_cell
COVID-19,blood,granulocyte,1061,0.00029072945692230673,
post-COVID-19 disorder,blood,gamma-delta T cell,1061,0.010912943306179545,oxidative_stress_cell
normal,adrenal gland,"CD4-positive, alpha-beta T cell",1059,0.002418421106718826,oxidative_stress_cell
ulcerative colitis,colon,T follicular helper cell,1057,0.029450280014488312,
breast cancer,breast,pericyte,1054,0.001795870520120906,oxidative_stress_cell
Sjogren syndrome,exocrine gland,myoepithelial cell,1052,0.023258384736132297,oxidative_stress_cell
squamous cell lung carcinoma,lung,multiciliated epithelial cell,1051,0.004478095254326837,oxidative_stress_cell
Crohn disease,colon,endothelial cell,1051,0.03101301307208829,oxidative_stress_cell
periodontitis,mucosa,macrophage,1050,0.027258566978193146,oxidative_stress_cell
clear cell renal carcinoma,blood,"effector CD4-positive, alpha-beta T cell",1049,0.03325302732517593,oxidative_stress_cell
normal,heart,"activated CD4-positive, alpha-beta T cell",1047,0.0005333572418655379,oxidative_stress_cell
ulcerative colitis,colon,vein endothelial cell,1045,0.029115934356802542,oxidative_stress_cell
lung adenocarcinoma,pleural fluid,natural killer cell,1044,0.048737220484571214,
vascular dementia,brain,L6 intratelencephalic projecting glutamatergic neuron,1043,0.012575507300546185,neuron_stressed
ulcerative colitis,colon,intestine goblet cell,1043,0.02906021008052158,oxidative_stress_cell
normal,immune system,"CD8-positive, alpha-beta cytotoxic T cell",1043,0.020912700004010104,oxidative_stress_cell
periodontitis,mucosa,conventional dendritic cell,1042,0.027050882658359292,oxidative_stress_cell
malignant ovarian serous tumor,liver,T cell,1041,0.11468546876721383,oxidative_stress_cell
normal,central nervous system,perivascular cell,1040,0.0013999701160225234,
normal,lymph node,gamma-delta T cell,1039,0.0011300528808191198,oxidative_stress_cell
ulcerative colitis,colon,transit amplifying cell,1038,0.028920899389819173,
normal,blood,double negative T regulatory cell,1037,7.502172881026824e-05,
normal,central nervous system,meningeal macrophage,1036,0.001394585615576283,oxidative_stress_cell
normal,pancreas,glial cell,1036,0.0024367239704488415,
gastric cancer,stomach,fibroblast,1036,0.004753972733488434,oxidative_stress_cell
benign prostatic hyperplasia,prostate gland,"effector CD4-positive, alpha-beta T cell",1035,0.0172923662974287,oxidative_stress_cell
normal,eye,lens fiber cell,1033,0.0001323246090467504,
normal,uterus,pericyte,1033,0.003356184411449365,oxidative_stress_cell
glioblastoma,cerebrospinal fluid,"dendritic cell, human",1032,0.11612467649375492,oxidative_stress_cell
normal,breast,"activated CD8-positive, alpha-beta T cell",1032,0.00043832674710585424,oxidative_stress_cell
normal,mucosa,conventional dendritic cell,1031,0.01127293402436091,oxidative_stress_cell
normal,spleen,mature NK T cell,1029,0.0017812722334453336,oxidative_stress_cell
normal,uterus,capillary endothelial cell,1029,0.0033431885376392994,oxidative_stress_cell
rheumatoid arthritis,blood,"naive thymus-derived CD8-positive, alpha-beta T cell",1028,0.021136172050085326,oxidative_stress_cell
inflammatory bowel disease,colon,"CD8-positive, alpha-beta memory T cell",1027,0.027388127366792896,oxidative_stress_cell
bipolar disorder,brain,oligodendrocyte precursor cell,1024,0.13310802027817498,microglia_activated
normal,respiratory system,acinar cell,1022,0.001976040031245408,
normal,adipose tissue,natural killer cell,1022,0.0022314313037934334,
normal,nose,"CD4-positive, alpha-beta memory T cell",1021,0.004300812562922025,oxidative_stress_cell
normal,heart,neutrophil,1019,0.0005190936289025627,oxidative_stress_cell
diffuse large B-cell lymphoma,respiratory system,malignant cell,1019,0.4100603621730382,tumor_epithelial_warburg
lung cancer,lung,endothelial cell,1019,0.024866394982796067,oxidative_stress_cell
prostatic acinar adenocarcinoma,prostate gland,macrophage,1019,0.014914668774333305,oxidative_stress_cell
interstitial lung disease,lung,capillary endothelial cell,1019,0.003216530250851481,oxidative_stress_cell
invasive ductal breast carcinoma,breast,mature NK T cell,1018,0.0054464715638542615,oxidative_stress_cell
normal,respiratory system,T cell,1016,0.0019644390134494465,oxidative_stress_cell
acute promyelocytic leukemia,bone marrow,early promyelocyte,1016,0.27209426888055704,
liver cancer,liver,endothelial cell,1015,0.15237952259420506,oxidative_stress_cell
inflammatory bowel disease,colon,regulatory T cell,1013,0.02701477412128647,oxidative_stress_cell
prostatic acinar adenocarcinoma,prostate gland,natural killer cell,1012,0.014812212757237786,
normal,small intestine,innate lymphoid cell,1012,0.000852288757452263,
normal,kidney,kidney loop of Henle descending limb epithelial cell,1011,0.0015363597543647965,oxidative_stress_cell
oropharynx squamous cell carcinoma,digestive system,mural cell,1010,0.0197265625,
normal,esophagus,mast cell,1010,0.006031363088057901,oxidative_stress_cell
pulmonary fibrosis,lung,pulmonary artery endothelial cell,1006,0.0037407225618371932,oxidative_stress_cell
normal,blood,progenitor cell,1005,7.270668992701984e-05,
malignant ovarian serous tumor,lymph node,B cell,1003,0.1541890853189854,oxidative_stress_cell
type 1 diabetes mellitus,pancreas,pancreatic stellate cell,1003,0.04477678571428571,
primary sclerosing cholangitis,liver,neutrophil,1002,0.009573217919688154,oxidative_stress_cell
normal,adipose tissue,myeloid cell,1002,0.0021877633722123483,
gastric cancer,stomach,vein endothelial cell,1001,0.004593365546546257,oxidative_stress_cell
normal,lymph node,germinal center B cell,1000,0.0010876351114717225,oxidative_stress_cell
normal,lung,immature B cell,999,0.00031726089834058896,oxidative_stress_cell
normal,pancreas,type A enteroendocrine cell,998,0.002347346064196857,
post-COVID-19 disorder,blood,conventional dendritic cell,998,0.010264955155105735,oxidative_stress_cell
squamous cell lung carcinoma,lung,myeloid cell,997,0.004248012339261519,
normal,breast,non-classical monocyte,996,0.000423036279183557,oxidative_stress_cell
normal,stomach,endothelial cell,996,0.0035035633631394177,oxidative_stress_cell
periodontitis,mucosa,capillary endothelial cell,996,0.025856697819314642,oxidative_stress_cell
triple-negative breast carcinoma,exocrine gland,regulatory T cell,994,0.040954225207037204,oxidative_stress_cell
colorectal cancer,large intestine,endothelial cell,994,0.06181592039800995,oxidative_stress_cell
inflammatory bowel disease,colon,"effector memory CD8-positive, alpha-beta T cell",994,0.02650808043095632,oxidative_stress_cell
normal,colon,BEST4+ colonocyte,992,0.0014787364554746788,
colorectal cancer,large intestine,B cell,992,0.061691542288557215,oxidative_stress_cell
normal,bone marrow,mast cell,991,0.001304699287220793,oxidative_stress_cell
normal,blood,immature B cell,990,7.162151545049716e-05,oxidative_stress_cell
basal cell carcinoma,skin of body,mature NK T cell,990,0.008454456950588395,oxidative_stress_cell
normal,uterus,luminal endometrial multiciliated epithelial cell,990,0.003216478767991163,oxidative_stress_cell
COVID-19,respiratory system,tracheal goblet cell,988,0.013876794291974495,oxidative_stress_cell
open-angle glaucoma,blood,gamma-delta T cell,988,0.007075691276417466,oxidative_stress_cell
normal,uterus,stromal cell,986,0.0032034828941810973,oxidative_stress_cell
normal,small intestine,erythroblast,983,0.0008278654630193424,
type 2 diabetes mellitus,brain,astrocyte,983,0.08477061055536392,microglia_activated
normal,musculature,neural cell,983,0.0016864737258373609,
normal,hindlimb,pericyte,982,0.011290990203743734,oxidative_stress_cell
Crohn disease,colon,mast cell,982,0.02897695417392074,oxidative_stress_cell
normal,adrenal gland,Schwann cell,981,0.002240293773079479,
normal,small intestine,neuron,980,0.0008253389153193851,neuron_stressed
normal,esophagus,glandular cell of esophagus,978,0.005840270396159037,
myocarditis,heart,cardiac neuron,978,0.015596842357068815,neuron_stressed
normal,liver,immature B cell,978,0.0010229847305408012,oxidative_stress_cell
acute myeloid leukemia,bone marrow,conventional dendritic cell,977,0.035078270860261385,oxidative_stress_cell
normal,kidney,non-classical monocyte,977,0.0014846918694504513,oxidative_stress_cell
cytomegalovirus infection,blood,common lymphoid progenitor,975,0.0001519671800767442,
colorectal cancer,lung,malignant cell,975,1.0,tumor_epithelial_warburg
normal,blood,"dendritic cell, human",975,7.053634097397448e-05,oxidative_stress_cell
Parkinson disease,brain,VIP GABAergic cortical interneuron,974,0.0005380837919107334,neuron_stressed
normal,mucosa,basal-myoepithelial cell of mammary gland,973,0.0106387631481117,oxidative_stress_cell
normal,central nervous system,smooth muscle cell,973,0.0013097797335479954,
normal,exocrine gland,T cell,971,0.005030983813806968,oxidative_stress_cell
myelodysplastic/myeloproliferative disease,blood,dendritic cell,970,0.007446187858875549,oxidative_stress_cell
squamous cell carcinoma,skin of body,"effector CD8-positive, alpha-beta T cell",970,0.06328288100208768,oxidative_stress_cell
normal,esophagus,Schwann cell,970,0.005792497223184321,
normal,kidney,peritubular capillary endothelial cell,970,0.001474054363732792,oxidative_stress_cell
amyotrophic lateral sclerosis 26 with or without frontotemporal dementia,brain,endothelial cell,970,0.013144165751995339,oxidative_stress_cell
dementia,brain,perivascular macrophage,969,0.0006946864017825265,oxidative_stress_cell
normal,exocrine gland,vascular associated smooth muscle cell,969,0.005020621334272865,
normal,exocrine gland,striated cell of salivary gland,968,0.005015440094505813,
malignant ovarian serous tumor,paracolic gutter,plasma cell,967,0.12069395906140788,oxidative_stress_cell
Crohn disease,small intestine,"naive thymus-derived CD8-positive, alpha-beta T cell",966,0.006638992742467561,oxidative_stress_cell
normal,esophagus,contractile cell,965,0.005762638990075123,
normal,esophagus,endothelial cell,964,0.005756667343453284,oxidative_stress_cell
COVID-19,blood,"activated CD4-positive, alpha-beta T cell, human",962,0.00026360201466471165,oxidative_stress_cell
normal,small intestine,IgG plasma cell,961,0.0008093374465529888,oxidative_stress_cell
normal,colon,large intestine goblet cell,961,0.001432525941241095,oxidative_stress_cell
normal,ureter,mature NK T cell,960,0.021953896816684963,oxidative_stress_cell
normal,skin of body,B-2 B cell,959,0.0014224160307324924,oxidative_stress_cell
basal cell carcinoma,skin of body,"plasmacytoid dendritic cell, human",957,0.008172641718902116,oxidative_stress_cell
bipolar I disorder,brain,vascular leptomeningeal cell,957,0.006287985807680935,
normal,central nervous system,embryonic blood vessel endothelial progenitor cell,956,0.0012868956066514733,oxidative_stress_cell
normal,stomach,neutrophil,954,0.003355822739392575,oxidative_stress_cell
normal,vasculature,capillary endothelial cell,952,0.006844981305723325,oxidative_stress_cell
normal,forelimb,tendon cell,952,0.024420901418567068,
normal,lymph node,immature innate lymphoid cell,951,0.0010343409910096083,
ulcerative colitis,colon,"effector memory CD8-positive, alpha-beta T cell",950,0.026469031233456855,oxidative_stress_cell
luminal B breast carcinoma,pleural fluid,myeloid cell,949,0.03314936425876764,
liver cancer,liver,fibroblast,949,0.14247110043537006,oxidative_stress_cell
macular degeneration,eye,cone retinal bipolar cell,948,0.24171341152473227,
normal,large intestine,stromal cell,947,0.00510281058711958,oxidative_stress_cell
pulmonary emphysema,lung,pulmonary alveolar type 2 cell,946,0.029755913437342726,
interstitial lung disease,lung,pulmonary alveolar type 1 cell,946,0.0029861016852850844,
breast cancer,skeletal system,B cell,946,0.08823803749650219,oxidative_stress_cell
invasive lobular breast carcinoma,exocrine gland,malignant cell,944,0.2397764795529591,tumor_epithelial_warburg
isolated focal cortical dysplasia type II,brain,lamp5 GABAergic cortical interneuron,944,0.015343356359203576,neuron_stressed
normal,small intestine,motor neuron,943,0.0007941781603532451,neuron_stressed
diffuse large B-cell lymphoma,small intestine,salivary gland glandular cell,941,0.17638238050609184,
normal,pancreas,B cell,940,0.0022109271546543545,oxidative_stress_cell
common variable immunodeficiency,blood,non-classical monocyte,940,0.014515356938803873,oxidative_stress_cell
bipolar disorder,brain,L2/3-6 intratelencephalic projecting glutamatergic neuron,939,0.12205901468867802,neuron_stressed
dilated cardiomyopathy,heart,adipocyte,939,0.001945787339327491,adipocyte_lipolytic
normal,colon,enteroglial cell,937,0.0013967500592538045,
normal,eye,"CD8-positive, alpha-beta T cell",936,0.00011989916173064705,oxidative_stress_cell
non-specific interstitial pneumonia,lung,basal cell,935,0.031244778613199665,
normal,musculature,perineurial cell,934,0.0016024073854853458,
normal,sensory system,stromal cell,933,0.38923654568210264,oxidative_stress_cell
gastric cancer,stomach,conventional dendritic cell,932,0.00427673994943168,oxidative_stress_cell
normal,adrenal gland,megakaryocyte,931,0.0021261095848491285,
colorectal cancer,colon,regulatory T cell,930,0.022461055428088395,oxidative_stress_cell
chronic obstructive pulmonary disease,lung,vein endothelial cell,928,0.010304012791188293,oxidative_stress_cell
Crohn disease,colon,naive T cell,926,0.02732450057540795,oxidative_stress_cell
normal,colon,follicular B cell,925,0.0013788621182601593,oxidative_stress_cell
normal,lung,nasal mucosa goblet cell,925,0.00029376009105610087,oxidative_stress_cell
pulmonary emphysema,lung,plasma cell,924,0.02906391545042778,oxidative_stress_cell
normal,brain,cerebellum glutamatergic neuron,923,4.9784704078478384e-05,neuron_stressed
chronic obstructive pulmonary disease,respiratory system,mature NK T cell,922,0.04841165660278288,oxidative_stress_cell
inflammatory bowel disease,colon,group 3 innate lymphoid cell,922,0.024587978025494693,
systemic lupus erythematosus,blood,plasmablast,921,0.0011849347320966783,
normal,kidney,glomerular capillary endothelial cell,920,0.0013980721800352254,oxidative_stress_cell
respiratory system disorder,blood,conventional dendritic cell,920,0.00968553591544106,oxidative_stress_cell
chronic obstructive pulmonary disease,lung,multiciliated columnar cell of tracheobronchial tree,919,0.01020408163265306,
Parkinson disease,brain,sst GABAergic cortical interneuron,919,0.0005076991835379507,neuron_stressed
pneumonia,lung,nasal mucosa goblet cell,918,0.028756695799266985,oxidative_stress_cell
normal pressure hydrocephalus,brain,astrocyte,917,0.19358243614101753,microglia_activated
normal,uterus,myometrial cell,917,0.002979304070957471,
normal,musculature,naive B cell,916,0.001571525872702973,oxidative_stress_cell
triple-negative breast carcinoma,pleural fluid,macrophage,916,0.038578167115902964,oxidative_stress_cell
tauopathy,brain,L5/6 near-projecting glutamatergic neuron,915,0.00733237705246456,neuron_stressed
normal,spinal cord,capillary endothelial cell,915,0.018389741940670473,oxidative_stress_cell
normal,central nervous system,monocyte,915,0.0012317044770775085,oxidative_stress_cell
oropharynx squamous cell carcinoma,digestive system,endothelial cell,915,0.01787109375,oxidative_stress_cell
B-cell acute lymphoblastic leukemia,blood,common dendritic progenitor,914,0.006229977506645764,oxidative_stress_cell
normal,placenta,smooth muscle cell,914,0.0017546655096880956,
normal,digestive system,regulatory T cell,914,0.012660682624113476,oxidative_stress_cell
gastric cancer,stomach,vascular associated smooth muscle cell,913,0.004189553190805927,
normal,brain,L3 intratelencephalic projecting glutamatergic neuron,912,4.919138691177929e-05,neuron_stressed
normal,blood,T follicular helper cell,911,6.590626320747769e-05,
Crohn disease,small intestine,T cell,910,0.006254123597976688,oxidative_stress_cell
normal,small intestine,type L enteroendocrine cell,908,0.0007647017705204099,
common variable immunodeficiency,blood,mucosal invariant T cell,906,0.01399033338995352,oxidative_stress_cell
normal,musculature,mature neutrophil,906,0.001554369476712766,oxidative_stress_cell
breast cancer,neck,macrophage,906,0.06588611737328194,oxidative_stress_cell
small cell lung carcinoma,brain,oligodendrocyte,905,0.47706905640484976,microglia_activated
acute myeloid leukemia,bone marrow,"central memory CD8-positive, alpha-beta T cell",904,0.0324572741634353,oxidative_stress_cell
normal,respiratory system,plasmacytoid dendritic cell,904,0.001747886681258169,oxidative_stress_cell
normal,bladder organ,endothelial cell,903,0.011970888072859358,oxidative_stress_cell
normal,respiratory system,tracheobronchial smooth muscle cell,903,0.0017459531782921755,
normal,spleen,"effector memory CD4-positive, alpha-beta T cell, terminally differentiated",902,0.0015614261949151516,oxidative_stress_cell
chronic obstructive pulmonary disease,respiratory system,blood vessel smooth muscle cell,901,0.047309004988185875,
adenocarcinoma,large intestine,colon goblet cell,899,0.23676586779036082,oxidative_stress_cell
normal,lung,myoepithelial cell,898,0.0002851854721820309,oxidative_stress_cell
normal,large intestine,enterocyte of epithelium of large intestine,898,0.004838779205103888,oxidative_stress_cell
follicular lymphoma,lymph node,"CD4-positive, alpha-beta cytotoxic T cell",897,0.0073103942886016526,oxidative_stress_cell
chronic obstructive pulmonary disease,lung,lung multiciliated epithelial cell,896,0.009948702005285248,oxidative_stress_cell
normal,digestive system,endothelial cell,895,0.012397495567375887,oxidative_stress_cell
normal,blood,pre-conventional dendritic cell,894,6.467639880075199e-05,oxidative_stress_cell
normal,uterus,"CD8-positive, alpha-beta memory T cell",893,0.002901328828097079,oxidative_stress_cell
periodontitis,mucosa,vascular associated smooth muscle cell,890,0.023104880581516097,
COVID-19,blood,IgA plasmablast,890,0.00024387296575009707,
normal,stomach,type EC enteroendocrine cell,889,0.003127176535974842,
follicular lymphoma,lymph node,myeloid cell,889,0.007245195677332073,
Crohn disease,colon,monocyte,889,0.02623270087639057,oxidative_stress_cell
normal,bladder organ,stromal cell,889,0.011785292908939059,oxidative_stress_cell
normal,blood,hematopoietic stem cell,889,6.431467397524442e-05,
B-cell acute lymphoblastic leukemia,blood,hematopoietic stem cell,888,0.006052757139935928,
liver cancer,liver,epithelial cell,887,0.13316318871040383,oxidative_stress_cell
normal,small intestine,mucosal invariant T cell,886,0.0007461737540540563,oxidative_stress_cell
melanoma,skin of body,B cell,885,0.0679514742014742,oxidative_stress_cell
squamous cell lung carcinoma,lung,pericyte,884,0.003766542535513724,oxidative_stress_cell
digestive system disorder,small intestine,glial cell,882,0.009816469854978908,
respiratory system disorder,blood,T-helper 22 cell,882,0.009285481171107625,
malignant ovarian serous tumor,ovary,B cell,881,0.006262350549466172,oxidative_stress_cell
normal,blood,"double-positive, alpha-beta thymocyte",880,6.366356928933081e-05,
normal,spinal cord,mural cell,879,0.017666211110217864,
B-cell acute lymphoblastic leukemia,blood,"central memory CD4-positive, alpha-beta T cell",877,0.005977779292481767,oxidative_stress_cell
normal,exocrine gland,plasma cell,876,0.004538766035937079,oxidative_stress_cell
normal,omentum,neutrophil,876,0.06532925646953539,oxidative_stress_cell
normal,bladder organ,T cell,875,0.011599697745018758,oxidative_stress_cell
normal,respiratory system,goblet cell,875,0.0016918150952443562,oxidative_stress_cell
normal,small intestine,IgM plasma cell,874,0.0007360675632542271,oxidative_stress_cell
normal,central nervous system,GABAergic neuron,872,0.0011738210972804235,neuron_stressed
COVID-19,respiratory system,B cell,870,0.012219444366414787,oxidative_stress_cell
adenocarcinoma,colon,colonocyte,870,0.20097020097020096,
normal,brain,epithelial cell,870,4.6925994093473665e-05,oxidative_stress_cell
normal,lung,lung megakaryocyte,869,0.0002759756963543261,
common variable immunodeficiency,blood,"CD16-negative, CD56-bright natural killer cell, human",869,0.013418984233851666,
benign prostatic hyperplasia,prostate gland,fibroblast of connective tissue of glandular part of prostate,869,0.01451890464972516,oxidative_stress_cell
basal cell carcinoma,skin of body,mast cell,868,0.007412594578899725,oxidative_stress_cell
normal,heart,dendritic cell,868,0.000442172001852232,oxidative_stress_cell
acute myeloid leukemia,bone marrow,lymphoid lineage restricted progenitor cell,866,0.031092919718512135,
Lewy body dementia,brain,L6 intratelencephalic projecting glutamatergic neuron,865,0.007194424113380797,neuron_stressed
prostatic acinar adenocarcinoma,prostate gland,monocyte,865,0.012660636398231902,oxidative_stress_cell
normal,spleen,megakaryocyte-erythroid progenitor cell,864,0.0014956454904730499,
bronchopulmonary dysplasia,lung,endothelial cell of artery,864,0.00573434834838821,oxidative_stress_cell
neuroblastoma,adrenal gland,kidney cell,863,0.00815112160566706,
normal,musculature,dendritic cell,862,0.0014788813343558545,oxidative_stress_cell
malignant ovarian serous tumor,colon,plasma cell,861,0.04569578600997771,oxidative_stress_cell
myelodysplastic syndrome,blood,lymphocyte,859,0.004875861364332989,
normal,ovary,endothelial cell of lymphatic vessel,859,0.004908515331253357,oxidative_stress_cell
malignant ovarian serous tumor,uterus,B cell,859,0.005374998435681479,oxidative_stress_cell
normal,lung,precursor B cell,858,0.00027248233310933466,oxidative_stress_cell
bipolar II disorder,brain,L6 intratelencephalic projecting glutamatergic neuron,856,0.03231896096050744,neuron_stressed
normal,respiratory system,airway submucosal gland duct basal cell,855,0.0016531450359244851,
normal,prostate gland,epithelial cell,855,0.009815739624591011,oxidative_stress_cell
normal,large intestine,enteroglial cell,855,0.004607078196396241,
lung adenocarcinoma,brain,plasma cell,853,0.0312134074941452,oxidative_stress_cell
breast cancer,breast,endothelial cell of artery,852,0.0014516904014639583,oxidative_stress_cell
COVID-19,nose,multiciliated epithelial cell,851,0.009654984626904619,oxidative_stress_cell
normal,kidney,capillary endothelial cell,851,0.0012932167665325835,oxidative_stress_cell
progressive supranuclear palsy,brain,pericyte,850,0.006664471311411143,oxidative_stress_cell
COVID-19,lung,stromal cell,850,0.001045551608427392,oxidative_stress_cell
normal,colon,innate lymphoid cell,849,0.0012655718253004055,
acute kidney failure,kidney,plasma cell,849,0.00677622494832031,oxidative_stress_cell
normal,tongue,salivary gland cell,848,0.021881612220673995,
type 2 diabetes mellitus,brain,oligodendrocyte precursor cell,847,0.07304242842359435,microglia_activated
normal,endocrine gland,medullary thymic epithelial cell type 3,847,0.0012078362476363772,oxidative_stress_cell
normal,hindlimb,myoblast,847,0.009738766499563078,
normal,skin of body,melanocyte of skin,847,0.0012562944505009604,
normal,stomach,pericyte,847,0.0029794359122279988,oxidative_stress_cell
Crohn disease,colon,epithelial cell,846,0.024963852577532534,oxidative_stress_cell
normal,kidney,cytotoxic T cell,842,0.0012795399734670215,oxidative_stress_cell
digestive system disorder,small intestine,mast cell,841,0.009360148693919799,oxidative_stress_cell
normal,musculature,erythroid lineage cell,840,0.0014411372631773988,
Pick disease,brain,pericyte,840,0.008567669287965485,oxidative_stress_cell
normal,central nervous system,endothelial cell of artery,840,0.0011307450937104997,oxidative_stress_cell
cystic fibrosis,skeletal system,club cell,840,0.052980132450331126,oxidative_stress_cell
normal,lung,muscle cell,839,0.0002664483420498039,
normal,lung,hematopoietic cell,838,0.0002661307635729865,
normal,embryo,ependymal cell,837,0.0020896528479946073,
normal,lymph node,mucosal invariant T cell,836,0.0009092629531903601,oxidative_stress_cell
normal,colon,capillary endothelial cell,836,0.00124619322255729,oxidative_stress_cell
normal,milk,neutrophil,835,0.017224307933495605,oxidative_stress_cell
normal,musculature,T cell,834,0.0014308434255832746,oxidative_stress_cell
tauopathy,brain,pericyte,834,0.006683281378967698,oxidative_stress_cell
normal,small intestine,"CD4-positive, CD25-positive, alpha-beta regulatory T cell",834,0.0007023802605881298,oxidative_stress_cell
nonpapillary renal cell carcinoma,adrenal gland,"effector memory CD8-positive, alpha-beta T cell",833,0.1788705175005368,oxidative_stress_cell
normal,small intestine,neuroblast (sensu Vertebrata),832,0.0007006958954548249,neuron_stressed
normal,respiratory system,deuterosomal cell,831,0.00160674096474064,
juvenile dermatomyositis,blood,"CD4-positive, CD25-positive, alpha-beta regulatory T cell",830,0.010040403551641545,oxidative_stress_cell
bronchopulmonary dysplasia,lung,conventional dendritic cell,828,0.005495417167205368,oxidative_stress_cell
COVID-19,blood,memory T cell,825,0.00022606201881329222,oxidative_stress_cell
normal,mucosa,epithelial cell,824,0.009009600034988737,oxidative_stress_cell
normal,endocrine gland,endothelial cell of lymphatic vessel,824,0.0011750378607466054,oxidative_stress_cell
normal,skeletal system,odontoblast,824,0.023855707709678355,
COVID-19,nose,duct epithelial cell,823,0.009337311807217981,oxidative_stress_cell
breast carcinoma,breast,monocyte,822,0.11148786111487861,oxidative_stress_cell
chronic obstructive pulmonary disease,respiratory system,"CD4-positive, alpha-beta T cell",821,0.043108427408768704,oxidative_stress_cell
normal,liver,cycling myeloid cell,821,0.0008587632553926358,
normal,bone marrow,professional antigen presenting cell,821,0.0010808860896148044,
normal,esophagus,vein endothelial cell,820,0.004896750229908395,oxidative_stress_cell
normal,nose,keratinizing barrier epithelial cell,820,0.003454129580407503,oxidative_stress_cell
chronic obstructive pulmonary disease,respiratory system,B cell,819,0.043003412969283276,oxidative_stress_cell
normal,blood,"effector memory CD4-positive, alpha-beta T cell, terminally differentiated",819,5.925052641813856e-05,oxidative_stress_cell
type 1 diabetes mellitus,brain,L6 intratelencephalic projecting glutamatergic neuron,817,0.033757540699115775,neuron_stressed
diabetes mellitus,brain,pericyte,817,0.01077879071731071,oxidative_stress_cell
glioblastoma,brain,mast cell,814,0.0006006954488833264,oxidative_stress_cell
nonpapillary renal cell carcinoma,kidney,non-classical monocyte,814,0.0041019128822237004,oxidative_stress_cell
normal,endocrine gland,epithelial cell of thymus,813,0.0011593516757123668,oxidative_stress_cell
nonpapillary renal cell carcinoma,adrenal gland,"CD8-positive, alpha-beta T cell",811,0.17414644621000644,oxidative_stress_cell
malignant ovarian serous tumor,liver,fallopian tube secretory epithelial cell,811,0.08934670045169109,oxidative_stress_cell
malignant ovarian serous tumor,colon,endothelial cell,809,0.04293599405583271,oxidative_stress_cell
normal,hindlimb,primitive red blood cell,809,0.009301844271719635,
breast cancer,lung,macrophage,809,0.27312626603646184,oxidative_stress_cell
non-small cell lung carcinoma,lung,neutrophil,808,0.008581411897150504,oxidative_stress_cell
squamous cell lung carcinoma,lung,pulmonary artery endothelial cell,808,0.003442722136532906,oxidative_stress_cell
normal,intestine,myofibroblast cell,806,0.0028543097953112827,oxidative_stress_cell
normal,bone marrow,"CD8-positive, alpha-beta thymocyte",806,0.0010611378662966288,
normal,uterus,mast cell,806,0.002618668572728159,oxidative_stress_cell
normal,liver,"CD8-positive, alpha-beta memory T cell, CD45RO-positive",806,0.0008430733055377155,oxidative_stress_cell
normal,small intestine,intestinal tuft cell,805,0.0006779569661552092,oxidative_stress_cell
normal,liver,non-classical monocyte,805,0.0008420273088807208,oxidative_stress_cell
normal,eye,neuron,804,0.00010299030558914554,neuron_stressed
normal,immune system,CD4-positive helper T cell,804,0.016120623972410476,oxidative_stress_cell
normal,colon,endothelial cell of artery,803,0.0011970013848247652,oxidative_stress_cell
normal,stomach,"naive thymus-derived CD8-positive, alpha-beta T cell",802,0.002821142386784953,oxidative_stress_cell
interstitial lung disease,lung,pericyte,801,0.0025284011098449816,oxidative_stress_cell
interstitial lung disease,lung,"CD8-positive, alpha-beta T cell",801,0.0025284011098449816,oxidative_stress_cell
normal,respiratory system,"CD8-positive, alpha-beta memory T cell",801,0.0015487358757608335,oxidative_stress_cell
colorectal cancer,colon,macrophage,801,0.019345489675160005,oxidative_stress_cell
normal,reproductive system,granulocyte monocyte progenitor cell,800,0.0021952390752555395,oxidative_stress_cell
normal,respiratory system,respiratory tract goblet cell,800,0.0015468023727948398,oxidative_stress_cell
Alzheimer disease,brain,vein endothelial cell,800,0.0013152811002326403,oxidative_stress_cell
colon adenocarcinoma,large intestine,T follicular helper cell,799,0.0031059160119882917,
colorectal cancer,chest wall,malignant cell,799,1.0,tumor_epithelial_warburg
normal,esophagus,"CD8-positive, alpha-beta T cell",797,0.0047594023576060865,oxidative_stress_cell
normal,central nervous system,pinealocyte,797,0.0010728617139134145,
normal,spleen,vascular associated smooth muscle cell,796,0.0013779326509450783,
COVID-19,nose,pulmonary ionocyte,796,0.009030984445377293,
normal,liver,"CD8-positive, alpha-beta memory T cell",795,0.000831567342310774,oxidative_stress_cell
post-COVID-19 disorder,blood,class switched memory B cell,795,0.008176993334979017,oxidative_stress_cell
prostatic acinar adenocarcinoma,prostate gland,myeloid cell,795,0.011636076227276719,
neuroblastoma,neck,B cell,794,0.12310077519379845,oxidative_stress_cell
normal,spleen,mast cell,794,0.0013744705086060204,oxidative_stress_cell
periodontitis,mucosa,endothelial cell of artery,794,0.020612668743509865,oxidative_stress_cell
normal,small intestine,"effector memory CD4-positive, alpha-beta T cell, terminally differentiated",793,0.0006678507753553799,oxidative_stress_cell
normal,stomach,tuft cell,792,0.0027859660477976096,oxidative_stress_cell
normal,milk,T cell,792,0.016337307644704816,oxidative_stress_cell
normal,liver,"naive thymus-derived CD4-positive, alpha-beta T cell",791,0.0008273833556827953,oxidative_stress_cell
acute kidney failure,kidney,kidney interstitial cell,790,0.006305321212217957,
normal,liver,vein endothelial cell,790,0.0008263373590258005,oxidative_stress_cell
normal,liver,common lymphoid progenitor,790,0.0008263373590258005,
multiple sclerosis,brain,astrocyte,788,0.07007558915073366,microglia_activated
progressive supranuclear palsy,brain,L2/3-6 intratelencephalic projecting glutamatergic neuron,788,0.0061783569334023306,neuron_stressed
normal,reproductive system,B cell,788,0.0021623104891267063,oxidative_stress_cell
normal,small intestine,erythrocyte,787,0.0006627976799554654,
normal,eye,endothelial cell of vascular tree,787,0.00010081264987395216,oxidative_stress_cell
acute myocardial infarction,brain,oligodendrocyte,786,0.09784638366737208,microglia_activated
normal,liver,late pro-B cell,785,0.0008211073757408271,oxidative_stress_cell
colorectal cancer,intestine,memory B cell,784,0.11120567375886525,oxidative_stress_cell
uveal melanoma,eye,B cell,781,0.015102877475247524,oxidative_stress_cell
invasive ductal breast carcinoma,exocrine gland,fibroblast of breast,780,0.11552132701421801,oxidative_stress_cell
normal,brain,neurectodermal cell,779,4.201764298714481e-05,
cystic fibrosis,skeletal system,cytotoxic T cell,778,0.049069694102806684,oxidative_stress_cell
normal,large intestine,endothelial cell of artery,777,0.004186783343391671,oxidative_stress_cell
normal,kidney,vasa recta descending limb cell,776,0.0011792434909862336,oxidative_stress_cell
normal,sensory system,pericyte,776,0.3237380058406341,oxidative_stress_cell
diabetes mellitus,brain,L6 corticothalamic-projecting glutamatergic cortical neuron,775,0.010224679077008325,neuron_stressed
colorectal cancer,colon,fibroblast of gingiva,775,0.018717546190073663,oxidative_stress_cell
bipolar disorder,brain,oligodendrocyte,772,0.10035096841284284,microglia_activated
gastric cancer,stomach,capillary endothelial cell,772,0.003542535666267443,oxidative_stress_cell
lung adenocarcinoma,skeletal system,epithelial cell,771,0.6382450331125827,oxidative_stress_cell
normal,endocrine gland,conventional dendritic cell,770,0.0010980329523967065,oxidative_stress_cell
colorectal cancer,colon,intestine goblet cell,770,0.018596787827557058,oxidative_stress_cell
normal,small intestine,hematopoietic cell,770,0.000648480576322374,
lung adenocarcinoma,brain,classical monocyte,770,0.02817622950819672,oxidative_stress_cell
periodontitis,mucosa,pericyte,769,0.019963655244029075,oxidative_stress_cell
normal,liver,myeloid lineage restricted progenitor cell,768,0.0008033254325719175,
gastric cancer,stomach,macrophage,768,0.003524180559188337,oxidative_stress_cell
COVID-19,blood,"CD4-positive, alpha-beta cytotoxic T cell",766,0.0002098951592860386,oxidative_stress_cell
adenocarcinoma,colon,colon goblet cell,765,0.17671517671517672,oxidative_stress_cell
normal,breast,mononuclear phagocyte,765,0.0003249224433488163,
nonpapillary renal cell carcinoma,adrenal gland,unknown,764,0.16405411208932788,
normal,breast,fibroblast of breast,762,0.0003236482376886249,oxidative_stress_cell
normal,large intestine,T follicular helper cell,762,0.004105957410121562,
normal,uterus,myeloid cell,762,0.0024757139608174404,
normal,tendon of semitendinosus,endothelial cell of vascular tree,762,0.07234406152093421,oxidative_stress_cell
basal cell carcinoma,skin of body,T cell,761,0.006498830039795726,oxidative_stress_cell
chronic obstructive pulmonary disease,lung,plasma cell,760,0.00843863116519731,oxidative_stress_cell
amyotrophic lateral sclerosis,brain,VIP GABAergic cortical interneuron,760,0.004430479366208268,neuron_stressed
macular degeneration,eye,rod bipolar cell,760,0.1937786843447221,
normal,skin of body,hematopoietic cell,759,0.0011257703517476138,
COVID-19,respiratory system,alternatively activated macrophage,758,0.010646366470968286,oxidative_stress_cell
normal,omentum,macrophage,758,0.056529196808113955,oxidative_stress_cell
bipolar II disorder,brain,endothelial cell,758,0.028618893000075512,oxidative_stress_cell
lung adenocarcinoma,brain,B cell,757,0.02770052693208431,oxidative_stress_cell
normal,bone marrow,T cell,755,0.0009939939070148323,oxidative_stress_cell
nonpapillary renal cell carcinoma,kidney,fibroblast,755,0.0038045997863377073,oxidative_stress_cell
normal,esophagus,epithelial cell of stratum germinativum of esophagus,754,0.0045026215528669875,oxidative_stress_cell
COVID-19,brain,pvalb GABAergic cortical interneuron,754,0.022006245804512155,neuron_stressed
colorectal cancer,colon,neoplastic cell,752,0.018162057722497283,tumor_epithelial_warburg
opiate dependence,brain,inhibitory interneuron,751,0.013805400834574166,neuron_stressed
normal,lung,pro-B cell,750,0.00023818385761305476,oxidative_stress_cell
malignant ovarian serous tumor,omentum,dendritic cell,750,0.0035903376832269,oxidative_stress_cell
normal,placenta,B cell,748,0.0014359844652589667,oxidative_stress_cell
chronic obstructive pulmonary disease,respiratory system,alternatively activated macrophage,747,0.03922289314780782,oxidative_stress_cell
primary sclerosing cholangitis,liver,plasma cell,746,0.007127365836414534,oxidative_stress_cell
normal,mucosa,mucosal invariant T cell,746,0.008156749546239805,oxidative_stress_cell
neuroblastoma,lymph node,macrophage,746,0.021818607235822293,oxidative_stress_cell
chronic obstructive pulmonary disease,lung,fibroblast,745,0.008272079234305256,oxidative_stress_cell
long COVID-19,digestive system,ciliated cell,745,0.3230702515177797,
gastric cancer,stomach,germinal center B cell,744,0.0034140499167137016,oxidative_stress_cell
B-cell acute lymphoblastic leukemia,blood,gamma-delta T cell,744,0.005071228955081453,oxidative_stress_cell
normal,bone marrow,granulocyte,740,0.0009742456836966568,
normal,breast,unswitched memory B cell,740,0.00031430406284722103,oxidative_stress_cell
lung adenocarcinoma,pleural fluid,CD1c-positive myeloid dendritic cell,740,0.03454553942392979,oxidative_stress_cell
normal,endocrine gland,group 3 innate lymphoid cell,740,0.0010552524477578738,
bronchopulmonary dysplasia,lung,plasmacytoid dendritic cell,739,0.004904726191503342,oxidative_stress_cell
normal,lung,late pro-B cell,737,0.00023405533741442848,oxidative_stress_cell
basal cell carcinoma,skin of body,dendritic cell,737,0.006293873507660251,oxidative_stress_cell
normal,small intestine,"activated CD4-positive, alpha-beta T cell",737,0.0006206885516228437,oxidative_stress_cell
normal,small intestine,oligodendrocyte precursor cell,736,0.0006198463690561913,microglia_activated
neuroblastoma,liver,endothelial cell,736,0.030296793314946693,oxidative_stress_cell
breast cancer,skin of body,blood vessel endothelial cell,736,0.08132596685082873,oxidative_stress_cell
normal,bone marrow,preosteoblast,736,0.0009689794908118099,
normal,urinary bladder,T cell,736,0.024669839780116644,oxidative_stress_cell
respiratory system disorder,blood,platelet,734,0.007727373219493194,
normal,skin of body,smooth muscle cell,733,0.0010872064134795796,
normal,stomach,CD4-positive helper T cell,732,0.002574908013873548,oxidative_stress_cell
Crohn disease,small intestine,mucosal invariant T cell,731,0.00502391686826479,oxidative_stress_cell
normal,endocrine gland,epithelial cell,729,0.0010395662627236352,oxidative_stress_cell
normal,central nervous system,Mueller cell,729,0.0009813252063273264,
normal,lymph node,lymphocyte,729,0.0007928859962628858,
normal,small intestine,"effector memory CD4-positive, alpha-beta T cell",728,0.0006131089085229718,oxidative_stress_cell
normal,brain,TAC3-positive striatal interneuron,728,3.926680885063084e-05,neuron_stressed
breast cancer,neck,plasma cell,727,0.05286888226310814,oxidative_stress_cell
normal,hindlimb,basal cell,726,0.008347514142482639,
COVID-19,respiratory system,macrophage,726,0.010196915643697856,oxidative_stress_cell
inflammatory bowel disease,colon,"naive thymus-derived CD8-positive, alpha-beta T cell",726,0.019361032588404714,oxidative_stress_cell
normal,heart,"CD8-positive, alpha-beta T cell",724,0.00036881627804264517,oxidative_stress_cell
atherosclerosis,heart,B cell,724,0.020454866506568723,oxidative_stress_cell
normal,stomach,intestine goblet cell,723,0.002543249308784939,oxidative_stress_cell
multiple sclerosis,brain,endothelial cell,723,0.06429524232992441,oxidative_stress_cell
open-angle glaucoma,blood,"CD16-negative, CD56-bright natural killer cell, human",722,0.005170697471228148,
acute myeloid leukemia,bone marrow,"CD8-positive, alpha-beta memory T cell",721,0.025886830389200057,oxidative_stress_cell
normal,hindlimb,peridermal cell,721,0.008290024375661132,
rheumatoid arthritis,blood,gamma-delta T cell,717,0.014741863190575077,oxidative_stress_cell
type 2 diabetes mellitus,brain,pvalb GABAergic cortical interneuron,717,0.06183166609175578,neuron_stressed
digestive system disorder,small intestine,monocyte,716,0.007968925641910317,oxidative_stress_cell
primary sclerosing cholangitis,liver,endothelial cell of artery,715,0.0068311884357056185,oxidative_stress_cell
Parkinson disease,brain,L2/3-6 intratelencephalic projecting glutamatergic neuron,715,0.0003949999088461749,neuron_stressed
estrogen-receptor positive breast cancer,breast,mast cell,715,0.008157630522088354,oxidative_stress_cell
invasive lobular breast carcinoma,exocrine gland,plasma cell,714,0.18135636271272543,oxidative_stress_cell
rheumatoid arthritis,blood,non-classical monocyte,714,0.014680181754631249,oxidative_stress_cell
normal,skeletal system,myeloid cell,714,0.02067108653484265,
normal,breast,plasma cell,712,0.0003024114766854343,oxidative_stress_cell
normal,large intestine,colon epithelial cell,712,0.0038365376325545306,oxidative_stress_cell
normal,central nervous system,neuronal-restricted precursor,711,0.0009570949543192443,neuron_stressed
normal,colon,intestinal tuft cell,711,0.0010598605038734845,oxidative_stress_cell
vascular dementia,brain,L6 corticothalamic-projecting glutamatergic cortical neuron,710,0.008560508325395772,neuron_stressed
normal,ureter,endothelial cell,709,0.016213867544822538,oxidative_stress_cell
normal,spinal cord,neutrophil,708,0.014229439665567972,oxidative_stress_cell
normal,vasculature,neutrophil,708,0.005090595340811044,oxidative_stress_cell
normal,large intestine,"effector CD8-positive, alpha-beta T cell",706,0.0038042072592464867,oxidative_stress_cell
prostatic acinar adenocarcinoma,prostate gland,B cell,706,0.010333421152776558,oxidative_stress_cell
post-COVID-19 disorder,blood,mucosal invariant T cell,706,0.007261581502509668,oxidative_stress_cell
breast cancer,skeletal system,erythrocyte,706,0.0658520660386158,
type 2 diabetes mellitus,brain,VIP GABAergic cortical interneuron,705,0.06079682649189375,neuron_stressed
normal,embryo,brain vascular cell,704,0.001757605262829395,
lung adenocarcinoma,brain,natural killer cell,703,0.02572453161592506,
normal,spleen,alpha-beta T cell,703,0.001216943032178882,oxidative_stress_cell
normal,hindlimb,tendon cell,703,0.008083061215103712,
ulcerative colitis,colon,"naive thymus-derived CD4-positive, alpha-beta T cell",703,0.019587083112758072,oxidative_stress_cell
normal,stomach,mesenchymal stem cell,701,0.002465861363012783,
COVID-19,nose,"CD16-negative, CD56-bright natural killer cell, human",700,0.007941820492165961,
normal,endocrine gland,granulocyte monocyte progenitor cell,699,0.0009967857580848024,oxidative_stress_cell
non-specific interstitial pneumonia,lung,natural killer cell,699,0.023358395989974936,
normal,lung,plasmablast,698,0.00022166977681854964,
chronic kidney disease,kidney,natural killer cell,698,0.0026187242535885527,
Parkinson disease,brain,pvalb GABAergic cortical interneuron,697,0.0003850558551969005,neuron_stressed
normal,respiratory system,serous cell of epithelium of lobular bronchiole,694,0.0013418510583995235,
normal,central nervous system,non-myelinating Schwann cell,694,0.0009342108274227223,
atherosclerosis,brain,vascular leptomeningeal cell,693,0.004897007384376214,
chronic kidney disease,kidney,non-classical monocyte,693,0.002599965483863706,oxidative_stress_cell
normal,lung,bronchial epithelial cell,693,0.0002200818844344626,oxidative_stress_cell
normal,stomach,germinal center B cell,691,0.0024306850240254393,oxidative_stress_cell
invasive ductal breast carcinoma,breast,myeloid dendritic cell,691,0.003696966454443315,oxidative_stress_cell
normal,adrenal gland,mesenchymal stem cell,690,0.0015757417975788386,
normal,lung,airway submucosal gland collecting duct epithelial cell,689,0.00021881157052719297,oxidative_stress_cell
inflammatory bowel disease,colon,"CD16-negative, CD56-bright natural killer cell, human",688,0.018347645207744415,
squamous cell lung carcinoma,lung,pulmonary alveolar type 1 cell,688,0.0029314267697210885,
Crohn disease,small intestine,intestinal crypt stem cell,687,0.004721519683307676,gut_fermentative_microbe
normal,prostate gland,fibroblast of connective tissue of glandular part of prostate,684,0.007852591699672808,oxidative_stress_cell
normal,stomach,P/D1 enteroendocrine cell,684,0.002406061586734299,
normal,placenta,innate lymphoid cell,684,0.0013131194842742424,
COVID-19,brain,cerebral cortex neuron,684,0.0199632256369845,neuron_stressed
normal,skeletal system,lymphocyte,684,0.019802553487160188,
non-compaction cardiomyopathy,heart,myeloid cell,683,0.05871733149931224,
breast cancer,liver,B cell,682,0.0018880722007668562,oxidative_stress_cell
normal,bone marrow,myeloid lineage restricted progenitor cell,681,0.0008965693386451665,
blastoma,liver,hepatic stellate cell,680,0.011837409696231177,
normal,colon,group 3 innate lymphoid cell,680,0.0010136499896399008,
colorectal cancer,colon,monocyte,679,0.01639898562975486,oxidative_stress_cell
ulcerative colitis,colon,capillary endothelial cell,679,0.01891839179738653,oxidative_stress_cell
respiratory system disorder,blood,"naive thymus-derived CD8-positive, alpha-beta T cell",678,0.007137818859422869,oxidative_stress_cell
normal,brain,smooth muscle cell of the brain vasculature,677,3.6515974714116865e-05,
normal,stomach,endothelial cell of lymphatic vessel,677,0.0023814381494431584,oxidative_stress_cell
normal,blood,type I NK T cell,676,4.8905196408622304e-05,oxidative_stress_cell
chronic obstructive pulmonary disease,brain,oligodendrocyte,676,0.4438608010505581,microglia_activated
normal,stomach,endocrine cell,674,0.0023708852477469554,
ulcerative colitis,colon,fibroblast of gingiva,673,0.018751218968543645,oxidative_stress_cell
B-cell non-Hodgkin lymphoma,bone marrow,plasma cell,673,0.011264352425266964,oxidative_stress_cell
normal,endocrine gland,"CD8-positive, alpha-beta thymocyte",672,0.0009582833039098529,
respiratory system disorder,blood,naive B cell,672,0.007074652320843905,oxidative_stress_cell
COVID-19,digestive system,basal cell,672,0.03718253748685885,
colorectal cancer,colon,IgG plasma cell,671,0.016205772249728294,oxidative_stress_cell
normal,skin of body,neuron,670,0.000993763024599343,neuron_stressed
chronic obstructive pulmonary disease,respiratory system,pulmonary alveolar type 2 cell,670,0.0351798372276188,
Crohn disease,small intestine,gamma-delta T cell,670,0.0046046844073015175,oxidative_stress_cell
normal,large intestine,mononuclear phagocyte,670,0.003610225019398224,
inflammatory bowel disease,colon,"CD4-positive, alpha-beta memory T cell",670,0.017867619606379007,oxidative_stress_cell
lung cancer,lung,mast cell,669,0.016325434978891627,oxidative_stress_cell
COVID-19,blood,"erythroid progenitor cell, mammalian",669,0.0001833157461649606,
COVID-19,brain,neural cell,668,0.019496249598692467,
normal,endocrine gland,medullary thymic epithelial cell type 2,668,0.0009525792366246752,oxidative_stress_cell
normal,respiratory system,erythroblast,668,0.0012915799812836912,
normal,blood,mononuclear phagocyte,666,4.818174675760718e-05,
normal,brain,neuron of the forebrain,666,3.592265754741777e-05,neuron_stressed
normal,exocrine gland,"effector CD8-positive, alpha-beta T cell",666,0.0034507056848562725,oxidative_stress_cell
bipolar disorder,brain,L2/3 intratelencephalic projecting glutamatergic neuron,663,0.08618224359807618,neuron_stressed
normal,stomach,peripheral nervous system neuron,663,0.0023321912748608775,neuron_stressed
normal,blood,"CD14-positive, CD16-positive monocyte",662,4.789236689720113e-05,oxidative_stress_cell
colorectal cancer,intestine,regulatory T cell,661,0.09375886524822695,oxidative_stress_cell
normal,adrenal gland,smooth muscle cell,660,0.001507231284640628,
normal,large intestine,smooth muscle cell,660,0.0035563410638848178,
neuroblastoma,neck,T cell,659,0.10217054263565892,oxidative_stress_cell
type 1 diabetes mellitus,brain,endothelial cell,659,0.02722915461532105,oxidative_stress_cell
invasive lobular breast carcinoma,breast,basal-myoepithelial cell of mammary gland,659,0.040244274809160305,oxidative_stress_cell
lung adenocarcinoma,liver,macrophage,658,0.2781065088757396,oxidative_stress_cell
breast carcinoma,breast,"CD4-positive, alpha-beta T cell",657,0.0891089108910891,oxidative_stress_cell
normal,respiratory system,smooth muscle cell,657,0.0012703114486577623,
amyotrophic lateral sclerosis,brain,sst GABAergic cortical interneuron,655,0.0038183736642979148,neuron_stressed
heart failure,brain,microglial cell,655,0.14257727470613843,microglia_activated
normal,exocrine gland,tissue-resident macrophage,654,0.003388530807651655,oxidative_stress_cell
cystic fibrosis,skeletal system,CD4-positive helper T cell,654,0.04124881740775781,oxidative_stress_cell
melanoma,skin of body,T cell,653,0.05013820638820639,oxidative_stress_cell
basal cell carcinoma,skin of body,monocyte,651,0.005559445934174794,oxidative_stress_cell
normal,hindlimb,Schwann cell precursor,651,0.007485167640160052,
post-COVID-19 disorder,blood,"effector memory CD8-positive, alpha-beta T cell",651,0.006695877561096026,oxidative_stress_cell
invasive lobular breast carcinoma,breast,"CD4-positive, alpha-beta T cell",651,0.0397557251908397,oxidative_stress_cell
normal,small intestine,"NKp44-negative group 3 innate lymphoid cell, human",650,0.000547418668324082,
neuroblastoma,abdomen,hepatocyte,650,0.0034871805876704022,hepatocyte_ketogenic
Crohn disease,small intestine,vein endothelial cell,650,0.00446723114141192,oxidative_stress_cell
normal,esophagus,stromal cell,650,0.003881570304195679,oxidative_stress_cell
breast cancer,axilla,endothelial cell,650,0.0074144204774886785,oxidative_stress_cell
normal,reproductive system,early T lineage precursor,649,0.0017808876998010564,
nonpapillary renal cell carcinoma,vasculature,endothelial cell,649,0.14766780432309443,oxidative_stress_cell
normal,central nervous system,endothelial cell,647,0.0008709429471793967,oxidative_stress_cell
"primary cutaneous diffuse large B-cell lymphoma, Leg type",skin of body,macrophage,647,0.09116528110469212,oxidative_stress_cell
Crohn disease,small intestine,glial cell,647,0.00444661315152848,
normal,stomach,tissue-resident macrophage,647,0.002275909132481128,oxidative_stress_cell
acute kidney failure,kidney,cytotoxic T cell,645,0.005148015420102002,oxidative_stress_cell
normal,eye,dendritic cell,641,8.21104302022914e-05,oxidative_stress_cell
Crohn disease,small intestine,paneth cell,641,0.004405377171761601,gut_fermentative_microbe
normal,blood,erythroid progenitor cell,641,4.637312263006937e-05,
diffuse large B-cell lymphoma,lymph node,"plasmacytoid dendritic cell, human",640,0.02745484964180001,oxidative_stress_cell
normal,adrenal gland,innate lymphoid cell,640,0.001461557609348488,
breast cancer,skeletal system,blood vessel endothelial cell,639,0.059602649006622516,oxidative_stress_cell
squamous cell lung carcinoma,lymph node,malignant cell,639,0.5532467532467532,tumor_epithelial_warburg
amyotrophic lateral sclerosis,brain,pvalb GABAergic cortical interneuron,638,0.003719270836369572,neuron_stressed
normal,prostate gland,T cell,638,0.007324493427472591,oxidative_stress_cell
COVID-19,blood,intermediate monocyte,638,0.000174821294548946,oxidative_stress_cell
normal,yolk sac,hepatocyte,637,0.011233379183860614,hepatocyte_ketogenic
type 2 diabetes mellitus,brain,sst GABAergic cortical interneuron,636,0.05484649879268713,neuron_stressed
normal,blood,"CD8-positive, alpha-beta memory T cell, CD45RO-positive",635,4.59390528394603e-05,oxidative_stress_cell
normal,kidney,epithelial cell of proximal tubule segment 1,635,0.0009649737329590957,oxidative_stress_cell
post-COVID-19 disorder,blood,unknown,635,0.0065313091417756935,
cardiomyopathy,brain,oligodendrocyte,634,0.4933852140077821,microglia_activated
normal,lung,neuron,634,0.00020134475430223564,neuron_stressed
colorectal cancer,colon,secretory cell,632,0.01526385702209878,
non-specific interstitial pneumonia,lung,epithelial cell of lung,632,0.021119465329991646,oxidative_stress_cell
basal cell carcinoma,skin of body,naive T cell,632,0.005397188679567542,oxidative_stress_cell
primary sclerosing cholangitis,liver,vein endothelial cell,631,0.006028643220881462,oxidative_stress_cell
normal,central nervous system,Schwann cell,631,0.0008494049453944348,
normal,uterus,endothelial cell of artery,628,0.0020403521881802527,oxidative_stress_cell
B-cell non-Hodgkin lymphoma,bone marrow,hematopoietic stem cell,628,0.010511163927292204,
normal,musculature,endothelial cell of artery,628,0.0010774216681850076,oxidative_stress_cell
COVID-19,digestive system,"CD8-positive, alpha-beta T cell",626,0.034637304266032204,oxidative_stress_cell
normal,embryo,stromal cell,626,0.0015628705888227291,oxidative_stress_cell
Lewy body dementia,brain,L6 corticothalamic-projecting glutamatergic cortical neuron,625,0.005198283318916761,neuron_stressed
invasive ductal breast carcinoma,breast,naive B cell,625,0.0033438553314429405,oxidative_stress_cell
HIV infectious disease,blood,"effector memory CD8-positive, alpha-beta T cell",624,0.35636778983438033,oxidative_stress_cell
lung adenocarcinoma,pleural fluid,regulatory T cell,623,0.02908360954203819,oxidative_stress_cell
normal,stomach,mesothelial cell,622,0.002187968285012769,
normal,kidney,glomerular endothelial cell,622,0.0009452183651977285,oxidative_stress_cell
lymphoid interstitial pneumonia,lung,vein endothelial cell of respiratory system,622,0.03728793237815479,oxidative_stress_cell
Crohn disease,small intestine,natural killer cell,621,0.004267923905872003,
colorectal cancer,colon,TREM2-positive macrophage,621,0.014998188624562252,oxidative_stress_cell
diabetes mellitus,brain,L6b glutamatergic neuron of the primary motor cortex,621,0.008192936395899573,neuron_stressed
normal,mucosa,neutrophil,621,0.006790001968116513,oxidative_stress_cell
normal,respiratory system,mucus secreting cell,621,0.0012007053418819945,
breast cancer,breast,myeloid dendritic cell,619,0.0010546905616269837,oxidative_stress_cell
Crohn disease,small intestine,IgM plasma cell,618,0.0042473059159885635,oxidative_stress_cell
normal,pancreas,"CD8-positive, alpha-beta T cell",618,0.0014535670016770118,oxidative_stress_cell
normal,tongue,mural cell,618,0.015946740981576096,
normal,endocrine gland,ciliated epithelial cell,618,0.000881278395559954,oxidative_stress_cell
normal,forelimb,basal cell,617,0.015827411948798192,
malignant ovarian serous tumor,fallopian tube,plasma cell,616,0.03131672597864769,oxidative_stress_cell
Crohn disease,small intestine,"CD16-negative, CD56-bright natural killer cell, human",616,0.004233560589399604,
periodontitis,mucosa,mucosal invariant T cell,616,0.015991692627206646,oxidative_stress_cell
bipolar disorder,brain,pvalb GABAergic cortical interneuron,615,0.07994280514753672,neuron_stressed
normal,ovary,natural killer cell,613,0.0035028171106615924,
normal,kidney,innate lymphoid cell,613,0.0009315415721321664,
normal,skin of body,leukocyte,612,0.0009077357776937282,
non-specific interstitial pneumonia,lung,classical monocyte,612,0.020451127819548873,oxidative_stress_cell
normal,colon,"naive thymus-derived CD8-positive, alpha-beta T cell",611,0.0009107943289264403,oxidative_stress_cell
normal,kidney,classical monocyte,610,0.0009269826411103124,oxidative_stress_cell
normal,large intestine,endothelial cell of venule,610,0.003286921286317786,oxidative_stress_cell
triple-negative breast carcinoma,exocrine gland,endothelial cell,610,0.025132874624036915,oxidative_stress_cell
normal,respiratory system,alveolar adventitial fibroblast,609,0.0011775033062900717,oxidative_stress_cell
neuroblastoma,neck,macrophage,608,0.09426356589147286,oxidative_stress_cell
normal,blood,IgG memory B cell,607,4.391339381661796e-05,oxidative_stress_cell
normal,brain,mesenchymal stem cell,607,3.2740320016940825e-05,
influenza,blood,B cell,606,0.02036837859639688,oxidative_stress_cell
blastoma,liver,mature NK T cell,606,0.010549220993994255,oxidative_stress_cell
normal,spinal cord,erythroid progenitor cell,606,0.012179435645952247,
normal,spleen,mesothelial cell,606,0.0010490291287345696,
normal,ureter,smooth muscle cell,604,0.013812660080497622,
normal,mucosa,natural killer cell,603,0.006593190316866758,
normal,heart,dermis microvascular lymphatic vessel endothelial cell,603,0.00030717709345264504,oxidative_stress_cell
normal,spleen,myofibroblast cell,603,0.0010438359152259828,oxidative_stress_cell
type 1 diabetes mellitus,brain,microglial cell,600,0.024791339558714157,microglia_activated
normal,brain,meningeal macrophage,600,3.236275454722322e-05,oxidative_stress_cell
diffuse large B-cell lymphoma,respiratory system,macrophage,600,0.2414486921529175,oxidative_stress_cell
normal,respiratory system,secretory cell,599,0.0011581682766301363,
colorectal cancer,colon,early colonocyte,599,0.014466851829489192,
normal,intestine,chromaffin cell,599,0.0021212550463913875,
colorectal cancer,colon,myeloid cell,599,0.014466851829489192,
normal,immune system,centrocyte,598,0.011990215342663512,
neuroblastoma,liver,Schwann cell,597,0.024574980447042358,
normal,large intestine,large intestine goblet cell,596,0.003211483748599017,oxidative_stress_cell
normal,liver,early lymphoid progenitor,596,0.0006234140075688318,
COVID-19,digestive system,macrophage,595,0.03292203839982294,oxidative_stress_cell
breast cancer,breast,adipocyte,595,0.0010137978742618017,adipocyte_lipolytic
colon adenocarcinoma,large intestine,T cell,594,0.0023090289250576285,oxidative_stress_cell
chronic obstructive pulmonary disease,lung,pulmonary alveolar type 1 cell,594,0.006595456463325265,
normal,endocrine gland,basal cell,593,0.0008456279750275934,
pneumonia,lung,elicited macrophage,593,0.01857594837577922,oxidative_stress_cell
neuroblastoma,lymph node,fibroblast,593,0.01734374543008394,oxidative_stress_cell
normal,uterus,"CD4-positive, alpha-beta memory T cell",593,0.0019266382923421813,oxidative_stress_cell
normal,ovary,innate lymphoid cell,593,0.0033885327024834,
lymphoid interstitial pneumonia,lung,"CD8-positive, alpha-beta cytotoxic T cell",593,0.035549427492356574,oxidative_stress_cell
normal,bone marrow,endothelial cell of sinusoid,592,0.0007793965469573254,oxidative_stress_cell
invasive lobular breast carcinoma,breast,macrophage,592,0.03615267175572519,oxidative_stress_cell
bronchopulmonary dysplasia,lung,"CD8-positive, alpha-beta cytotoxic T cell",591,0.003922453557751658,oxidative_stress_cell
COVID-19,brain,L5/6 near-projecting glutamatergic neuron,591,0.017248927414412047,neuron_stressed
gastric cancer,stomach,"CD16-positive, CD56-dim natural killer cell, human",590,0.0027073782941681238,
chronic obstructive pulmonary disease,respiratory system,"CD8-positive, alpha-beta T cell",590,0.030979259648201626,oxidative_stress_cell
hematologic disorder,blood,dendritic cell,590,0.005887870985769315,oxidative_stress_cell
normal,liver,common myeloid progenitor,589,0.000616092030969869,
clear cell renal carcinoma,kidney,pericyte,589,0.0038645504589563747,oxidative_stress_cell
juvenile dermatomyositis,blood,"CD16-negative, CD56-bright natural killer cell, human",588,0.007112960588391842,
acute promyelocytic leukemia,bone marrow,late promyelocyte,587,0.15720407070166043,
COVID-19,respiratory system,multiciliated epithelial cell,587,0.008244613612741931,oxidative_stress_cell
normal,liver,CD4-positive helper T cell,587,0.0006140000376558797,oxidative_stress_cell
cystic fibrosis,skeletal system,respiratory tract suprabasal cell,586,0.036959949542731,
acute kidney failure,kidney,natural killer cell,586,0.004677111683999649,
normal,digestive system,erythroblast,586,0.008117242907801418,
normal,immune system,regulatory T cell,586,0.011749609014717086,oxidative_stress_cell
colorectal cancer,colon,goblet cell,586,0.014152880086946021,oxidative_stress_cell
normal,brain,amacrine cell,586,3.160762360778801e-05,
interstitial lung disease,lung,lung pericyte,585,0.001846585080223863,oxidative_stress_cell
normal,ureter,B cell,585,0.013378155872667398,oxidative_stress_cell
normal,liver,"effector memory CD4-positive, alpha-beta T cell",585,0.0006119080443418903,oxidative_stress_cell
adenocarcinoma,large intestine,colonocyte,584,0.15380563602844352,
normal,skin of body,promonocyte,582,0.0008632389258459964,oxidative_stress_cell
pulmonary fibrosis,lung,plasmacytoid dendritic cell,582,0.002164115835973406,oxidative_stress_cell
normal,central nervous system,tip cell,581,0.000782098689816429,
normal,exocrine gland,IgG plasma cell,580,0.0030051190648898466,oxidative_stress_cell
lung adenocarcinoma,lymph node,CD1c-positive myeloid dendritic cell,580,0.010746711135816194,oxidative_stress_cell
normal,lamina propria,alpha-beta T cell,579,0.02444378773166716,oxidative_stress_cell
normal,colon,endothelial cell of lymphatic vessel,578,0.0008616024911939157,oxidative_stress_cell
Crohn disease,small intestine,gastrointestinal tract (lamina propria) macrophage,577,0.003965526720914889,oxidative_stress_cell
arrhythmogenic right ventricular cardiomyopathy,heart,adipocyte,577,0.0055217424590414945,adipocyte_lipolytic
respiratory system disorder,blood,plasmablast,577,0.006074515460010317,
follicular lymphoma,lymph node,"CD4-positive, alpha-beta T cell",577,0.004702449837818454,oxidative_stress_cell
normal,heart,neuronal receptor cell,576,0.00029342289523834753,neuron_stressed
normal,spinal cord,glutamatergic neuron,576,0.01157649328724174,neuron_stressed
normal,liver,precursor B cell,575,0.0006014480777719435,oxidative_stress_cell
ulcerative colitis,colon,plasmablast,573,0.015965005154495556,
colon adenocarcinoma,large intestine,natural killer cell,573,0.002227396589323268,
normal,respiratory system,mucosal invariant T cell,572,0.0011059636965483105,oxidative_stress_cell
normal,endocrine gland,monocyte,572,0.0008156816217804105,oxidative_stress_cell
colorectal cancer,colon,capillary endothelial cell,572,0.013814756671899528,oxidative_stress_cell
normal,spleen,CD4-positive helper T cell,571,0.0009884416378010549,oxidative_stress_cell
invasive ductal breast carcinoma,breast,plasmacytoid dendritic cell,571,0.0030549462308062706,oxidative_stress_cell
normal,lamina propria,macrophage,571,0.024106049731920463,oxidative_stress_cell
normal,skin of body,Schwann cell,571,0.0008469234135018281,
normal,tongue,macrophage,570,0.014708159157764359,oxidative_stress_cell
normal,stomach,glial cell,570,0.0020050513222785826,
normal,small intestine,"NKp44-positive group 3 innate lymphoid cell, human",570,0.00048004406299188726,
myocardial infarction,heart,mast cell,569,0.0030251797031176897,oxidative_stress_cell
colorectal cancer,intestine,"effector memory CD8-positive, alpha-beta T cell",568,0.08056737588652482,oxidative_stress_cell
gastric cancer,stomach,TREM2-positive macrophage,567,0.0026018364284632646,oxidative_stress_cell
normal,tendon of semitendinosus,skeletal muscle satellite cell,567,0.053830817430931356,
nonpapillary renal cell carcinoma,adrenal gland,activated type II NK T cell,566,0.12153747047455443,oxidative_stress_cell
type 1 diabetes mellitus,brain,lamp5 GABAergic cortical interneuron,566,0.023386496983720355,neuron_stressed
normal,lung,fraction A pre-pro B cell,566,0.000179749417878652,oxidative_stress_cell
influenza,brain,L2/3 intratelencephalic projecting glutamatergic neuron,565,0.11778194705023973,neuron_stressed
prediabetes syndrome,pancreas,leukocyte,565,0.007100219918316054,
neuroblastoma,abdomen,dendritic cell,563,0.0030204348782437484,oxidative_stress_cell
normal,cortex,cell,563,0.0037591976817168116,
pulmonary fibrosis,lung,pulmonary alveolar type 1 cell,563,0.0020934660062766797,
lymphoma,cerebrospinal fluid,monocyte,563,0.030691234191016135,oxidative_stress_cell
COVID-19,blood,"ILC1, human",563,0.00015427020192955578,
normal,adrenal gland,monocyte,563,0.0012857139594737478,oxidative_stress_cell
glioblastoma,brain,fibroblast,560,0.00041325485426862746,oxidative_stress_cell
bronchopulmonary dysplasia,lung,vein endothelial cell,560,0.00371670726284421,oxidative_stress_cell
normal,colon,intestinal enteroendocrine cell,560,0.0008347705797034478,gut_fermentative_microbe
vascular dementia,brain,endothelial cell,559,0.006739893174501742,oxidative_stress_cell
normal,central nervous system,arachnoid barrier cell,558,0.0007511378122505461,
normal,liver,intermediate monocyte,557,0.0005826201379460391,oxidative_stress_cell
normal,lung,B-1b B cell,555,0.0001762560546336605,oxidative_stress_cell
normal,respiratory system,"lung resident memory CD4-positive, alpha-beta T cell",554,0.0010711606431604266,oxidative_stress_cell
non-compaction cardiomyopathy,heart,unknown,554,0.04762723521320495,
COVID-19,brain,sst GABAergic cortical interneuron,554,0.016169045325861716,neuron_stressed
normal,yolk sac,dendritic cell,553,0.009752054456318555,oxidative_stress_cell
nonpapillary renal cell carcinoma,kidney,innate lymphoid cell,553,0.0027866803733043073,
normal,colon,colon macrophage,553,0.0008243359474571547,oxidative_stress_cell
normal,kidney,activated type II NK T cell,552,0.0008388433080211352,oxidative_stress_cell
normal,respiratory system,naive B cell,550,0.0010634266312964523,oxidative_stress_cell
normal,stomach,vascular associated smooth muscle cell,550,0.0019346986443038955,
Crohn disease,small intestine,naive T cell,549,0.003773092148669452,oxidative_stress_cell
lung adenocarcinoma,lung,elicited macrophage,548,0.0007594792854796708,oxidative_stress_cell
bronchopulmonary dysplasia,lung,tracheobronchial smooth muscle cell,547,0.0036304265585281837,
atherosclerosis,heart,monocyte,547,0.01545416019211753,oxidative_stress_cell
normal,brain,serotonergic neuron,547,2.9504044562218503e-05,neuron_stressed
normal,exocrine gland,endothelial cell of lymphatic vessel,546,0.002828956912810097,oxidative_stress_cell
diabetes mellitus,brain,L5/6 near-projecting glutamatergic neuron,545,0.007190258189638112,neuron_stressed
tauopathy,brain,vascular leptomeningeal cell,544,0.004359358597312263,
normal,pancreas,epithelial cell,544,0.0012795152895020946,oxidative_stress_cell
normal,spinal cord,leukocyte,542,0.010893158614036499,
breast cancer,brain,oligodendrocyte,542,0.05521034939390852,microglia_activated
normal,lung,pre-B-I cell,542,0.00017212753443503423,
clear cell renal carcinoma,kidney,naive T cell,542,0.0035561737669853226,oxidative_stress_cell
gastric cancer,stomach,intestine goblet cell,541,0.002482528232449076,oxidative_stress_cell
normal,endocrine gland,"naive thymus-derived CD8-positive, alpha-beta T cell",541,0.0007714751003202834,oxidative_stress_cell
malignant ovarian serous tumor,large intestine,monocyte,538,0.050749929251957364,oxidative_stress_cell
normal,central nervous system,mural cell,538,0.0007242153100193438,
type 2 diabetes mellitus,kidney,renal alpha-intercalated cell,538,0.0467460248501173,
normal,kidney,neutrophil,538,0.0008175682965858165,oxidative_stress_cell
ulcerative colitis,colon,pericyte,538,0.014989830319578724,oxidative_stress_cell
periodontitis,mucosa,regulatory T cell,538,0.013966770508826583,oxidative_stress_cell
squamous cell lung carcinoma,lung,conventional dendritic cell,537,0.0022880467664828843,oxidative_stress_cell
invasive lobular breast carcinoma,exocrine gland,fibroblast of lung,536,0.1361442722885446,oxidative_stress_cell
nonpapillary renal cell carcinoma,kidney,classical monocyte,536,0.0027010138880490214,oxidative_stress_cell
normal,central nervous system,adipocyte,535,0.0007201769346846634,adipocyte_lipolytic
type 2 diabetes mellitus,kidney,endothelial cell,535,0.04648535928403858,oxidative_stress_cell
interstitial lung disease,lung,plasmacytoid dendritic cell,535,0.0016887572955893448,oxidative_stress_cell
lung adenocarcinoma,brain,epithelial cell of lung,534,0.0195403981264637,oxidative_stress_cell
normal,brain,neuronal-restricted precursor,533,2.8748913622783293e-05,neuron_stressed
bronchopulmonary dysplasia,lung,vein endothelial cell of respiratory system,532,0.0035308718997019996,oxidative_stress_cell
normal,intestine,intestinal crypt stem cell of colon,532,0.0018839861179970254,gut_fermentative_microbe
normal,colon,neoplastic cell,531,0.000791541388968805,tumor_epithelial_warburg
non-small cell lung carcinoma,lung,vein endothelial cell,531,0.005639516976964007,oxidative_stress_cell
normal,respiratory system,epithelial cell of lower respiratory tract,530,0.0010247565719765815,oxidative_stress_cell
normal,lymph node,stromal cell,529,0.0005753589739685412,oxidative_stress_cell
normal,breast,gamma-delta T cell,529,0.00022468493141375667,oxidative_stress_cell
B-cell acute lymphoblastic leukemia,blood,megakaryocyte-erythroid progenitor cell,529,0.003605752845750119,
normal,tendon of semitendinosus,mural cell,529,0.05022310832621286,
B-cell non-Hodgkin lymphoma,bone marrow,megakaryocyte,528,0.008837411709570515,
ulcerative colitis,colon,T-helper 17 cell,528,0.014711208938173915,
atherosclerosis,heart,plasma cell,528,0.01491736120921034,oxidative_stress_cell
normal,heart,lymphoid lineage restricted progenitor cell,527,0.00026846157255314086,
bronchopulmonary dysplasia,lung,natural killer cell,527,0.003497687013426605,
COVID-19,nose,neutrophil,527,0.0059790562848163736,oxidative_stress_cell
normal,prostate gland,mature NK T cell,526,0.006038688938637277,oxidative_stress_cell
Crohn disease,small intestine,"CD16-positive, CD56-dim natural killer cell, human",525,0.0036081482296019354,
normal,blood,granulocyte,525,3.7981106678293946e-05,
normal,lymph node,exhausted T cell,524,0.0005699207984111827,oxidative_stress_cell
neuroblastoma,lymph node,endothelial cell,524,0.01532567049808429,oxidative_stress_cell
COVID-19,lung,endothelial cell of artery,524,0.0006445518150775923,oxidative_stress_cell
normal,exocrine gland,mural cell,522,0.0027046071584008622,
normal,immune system,"central memory CD8-positive, alpha-beta T cell",522,0.010466375265669486,oxidative_stress_cell
vascular dementia,brain,pericyte,522,0.006293782177262807,oxidative_stress_cell
normal,fallopian tube,dendritic cell,521,0.0024372558650854912,oxidative_stress_cell
normal,mucosa,basal cell of epithelium of bronchus,521,0.005696603905617879,
normal,small intestine,inhibitory motor neuron,520,0.0004379349346592656,neuron_stressed
normal,prostate gland,fibroblast,519,0.00595832615808507,oxidative_stress_cell
gastric cancer,stomach,gastrointestinal tract (lamina propria) macrophage,519,0.0023815751435139936,oxidative_stress_cell
normal,skin of body,basal cell,519,0.0007697955369657597,
normal,lymph node,immature B cell,519,0.000564482622853824,oxidative_stress_cell
normal,respiratory system,stromal cell,519,0.0010034880393506524,oxidative_stress_cell
normal,embryo,cardiac endothelial cell,518,0.0012932379632750377,oxidative_stress_cell
normal,exocrine gland,intercalated cell of salivary gland,518,0.002683882199332656,
nonpapillary renal cell carcinoma,kidney,collagen secreting cell,518,0.0026103081977787183,
normal,skin of body,plasma cell,517,0.0007668290801759108,oxidative_stress_cell
digestive system disorder,small intestine,vein endothelial cell,517,0.00575409854311122,oxidative_stress_cell
Crohn disease,colon,unknown,517,0.015255687686269882,
COVID-19,nose,squamous epithelial cell,516,0.005854256248510908,oxidative_stress_cell
normal,small intestine,classical monocyte,516,0.00043456620439265585,oxidative_stress_cell
inflammatory bowel disease,colon,mast cell,514,0.01370739772787882,oxidative_stress_cell
dilated cardiomyopathy,heart,mast cell,513,0.0010630339777156581,oxidative_stress_cell
pulmonary fibrosis,lung,lung macrophage,513,0.0019075454018116103,oxidative_stress_cell
digestive system disorder,small intestine,capillary endothelial cell,513,0.005709579405446917,oxidative_stress_cell
heart failure,brain,unknown,512,0.11144971702220287,
follicular lymphoma,lymph node,"CD8-positive, alpha-beta T cell",512,0.004172711121253117,oxidative_stress_cell
normal,bone marrow,regulatory T cell,511,0.0006727561410391779,oxidative_stress_cell
normal,lung,IgA plasma cell,511,0.00016228260165369464,oxidative_stress_cell
normal,mucosa,gamma-delta T cell,510,0.005576330118743029,oxidative_stress_cell
myocardial infarction,brain,oligodendrocyte,510,0.24817518248175183,microglia_activated
acute myeloid leukemia,bone marrow,non-classical monocyte,509,0.0182751687491024,oxidative_stress_cell
normal,colon,progenitor cell,509,0.0007587468304804552,
breast cancer,brain,astrocyte,509,0.05184883365590302,microglia_activated
COVID-19,lung,epithelial cell of lung,508,0.0006248708436248413,oxidative_stress_cell
normal,breast,neutrophil,508,0.0002157654917924166,oxidative_stress_cell
myocardial infarction,heart,adipocyte of epicardial fat of left ventricle,508,0.002700863425630556,adipocyte_lipolytic
normal,bladder organ,B cell,507,0.006721196293399441,oxidative_stress_cell
normal,mucosa,mature NK T cell,507,0.00554352817686807,oxidative_stress_cell
normal,heart,T cell,506,0.00025776386283090947,oxidative_stress_cell
normal,prostate gland,smooth muscle cell,506,0.0058090809942023995,
rheumatoid arthritis,blood,plasmablast,506,0.01040360219585912,
pneumonia,lung,CD1c-positive myeloid dendritic cell,505,0.01581931522726561,oxidative_stress_cell
normal,mucosa,lymphocyte,504,0.005510726234993111,
normal,nose,duct epithelial cell,504,0.002123025986006563,oxidative_stress_cell
normal,mucosa,contractile cell,504,0.005510726234993111,
normal,respiratory system,dendritic cell,503,0.0009725519918947556,oxidative_stress_cell
aspiration pneumonia,brain,mesenchymal cell,502,0.04919639357114857,
normal,pancreas,erythroid lineage cell,502,0.0011807291825920063,
normal,lung,respiratory tract hillock cell,502,0.000159424395362338,
normal,prostate gland,basal cell,502,0.005763159405315424,
normal,large intestine,plasmacytoid dendritic cell,502,0.0027049745667729976,oxidative_stress_cell
normal,nose,naive T cell,500,0.0021061765734192092,oxidative_stress_cell
normal,large intestine,intestine goblet cell,500,0.0026941977756703163,oxidative_stress_cell
normal,digestive system,nasal mucosa goblet cell,500,0.006925975177304964,oxidative_stress_cell
open-angle glaucoma,blood,hematopoietic precursor cell,500,0.003580815423288191,
gastric cancer,stomach,"CD16-negative, CD56-bright natural killer cell, human",499,0.002289799608118464,
HER2 positive breast carcinoma,breast,B cell,499,0.031154398451645127,oxidative_stress_cell
normal,large intestine,group 3 innate lymphoid cell,498,0.002683420984567635,
normal,central nervous system,glutamatergic neuron,498,0.0006703703055569391,neuron_stressed
normal,uterus,endothelial cell of lymphatic vessel,497,0.001614737320900614,oxidative_stress_cell
cystic fibrosis,lung,tracheobronchial serous cell,497,0.0282546901648664,
breast cancer,lung,T cell,497,0.16779203241053342,oxidative_stress_cell
normal,musculature,"CD14-low, CD16-positive monocyte",496,0.0008509572411142736,oxidative_stress_cell
colon adenocarcinoma,large intestine,capillary endothelial cell,496,0.0019280780249639458,oxidative_stress_cell
normal,respiratory system,pericyte,496,0.0009590174711328007,oxidative_stress_cell
COVID-19,nose,naive B cell,495,0.00561600163374593,oxidative_stress_cell
follicular lymphoma,lymph node,mature NK T cell,495,0.00403416407230526,oxidative_stress_cell
normal,stomach,erythrocyte,495,0.0017412287798735059,
bipolar II disorder,brain,lamp5 GABAergic cortical interneuron,495,0.01868911877973269,neuron_stressed
normal,brain,mesodermal cell,494,2.6645334577213784e-05,
lung adenocarcinoma,brain,pulmonary alveolar type 2 cell,494,0.018076697892271662,
invasive ductal breast carcinoma,exocrine gland,capillary endothelial cell,494,0.07316350710900474,oxidative_stress_cell
ulcerative colitis,colon,"CD4-positive, alpha-beta memory T cell",492,0.013708171965116603,oxidative_stress_cell
progressive supranuclear palsy,brain,pvalb GABAergic cortical interneuron,492,0.0038575528061344498,neuron_stressed
inflammatory bowel disease,colon,colonocyte,492,0.013120699770654436,
normal,central nervous system,rod bipolar cell,490,0.0006596013046644582,
nonpapillary renal cell carcinoma,adrenal gland,macrophage,490,0.10521795147090401,oxidative_stress_cell
normal,brain,chandelier cell,490,2.6429582880232294e-05,
colorectal cancer,colon,T-helper 17 cell,489,0.011810167854123898,
normal,central nervous system,vein endothelial cell,488,0.0006569090544413378,oxidative_stress_cell
acute kidney failure,kidney,non-classical monocyte,487,0.003886951177658411,oxidative_stress_cell
normal,endocrine gland,professional antigen presenting cell,487,0.0006944701919703845,
normal,musculature,myelinating Schwann cell,486,0.0008338008451240664,
normal,pancreas,PP cell,485,0.0011407443297950658,
breast carcinoma,breast,"CD8-positive, alpha-beta T cell",485,0.06578055065780551,oxidative_stress_cell
colorectal cancer,colon,vein endothelial cell,485,0.011713561164110615,oxidative_stress_cell
normal,nose,ionocyte,484,0.0020387789230697944,
normal,urinary bladder,vein endothelial cell,484,0.01622310115975062,oxidative_stress_cell
normal,adrenal gland,dendritic cell,484,0.001105302942069794,oxidative_stress_cell
normal,cortex,macrophage,484,0.0032317081313515753,oxidative_stress_cell
normal,yolk sac,unknown,484,0.008535252001551865,
open-angle glaucoma,blood,plasmacytoid dendritic cell,483,0.0034590676988963927,oxidative_stress_cell
non-specific interstitial pneumonia,lung,B cell,481,0.016073517126148705,oxidative_stress_cell
interstitial lung disease,lung,epithelial cell of lower respiratory tract,481,0.001518303288184065,oxidative_stress_cell
small cell lung carcinoma,lymph node,neutrophil,481,0.025868559750457137,oxidative_stress_cell
normal,musculature,"CD16-negative, CD56-bright natural killer cell, human",480,0.0008235070075299422,
malignant ovarian serous tumor,ovary,dendritic cell,479,0.0034048421262137304,oxidative_stress_cell
squamous cell lung carcinoma,lung,club cell,478,0.002036659877800407,oxidative_stress_cell
normal,esophagus,T cell,478,0.002854447085239284,oxidative_stress_cell
COVID-19,digestive system,multiciliated epithelial cell,477,0.026392961876832845,oxidative_stress_cell
normal,ovary,macrophage,476,0.0027199689146409755,oxidative_stress_cell
nonpapillary renal cell carcinoma,kidney,mast cell,476,0.0023986615871480115,oxidative_stress_cell
normal,liver,granulocyte monocyte progenitor cell,475,0.000496848412072475,oxidative_stress_cell
lymphoid interstitial pneumonia,lung,basal cell,474,0.028415562616150112,
normal,colon,enteric neuron,472,0.0007035923457500488,neuron_stressed
"primary cutaneous diffuse large B-cell lymphoma, Leg type",skin of body,"activated CD8-positive, alpha-beta T cell",472,0.06650697477807524,oxidative_stress_cell
normal,pancreas,dendritic cell,471,0.0011078156274917032,oxidative_stress_cell
colon adenocarcinoma,large intestine,endothelial cell of artery,471,0.0018308966728992307,oxidative_stress_cell
normal,colon,dendritic cell,471,0.0007021016840005784,oxidative_stress_cell
liver cancer,liver,mononuclear phagocyte,471,0.07071010358804984,
normal,lymph node,mononuclear phagocyte,470,0.0005111885023917096,
normal,pancreas,leukocyte,470,0.0011054635773271773,
normal,intestine,T cell,470,0.0016644238260500035,oxidative_stress_cell
type 2 diabetes mellitus,pancreas,leukocyte,470,0.00604252911984778,
COVID-19,blood,"activated CD8-positive, alpha-beta T cell, human",469,0.0001285128325132534,oxidative_stress_cell
normal,large intestine,"CD4-positive, CD25-positive, alpha-beta regulatory T cell",468,0.002521769118027416,oxidative_stress_cell
systemic lupus erythematosus,blood,progenitor cell,468,0.0006021166716843056,
juvenile dermatomyositis,blood,memory B cell,468,0.005661335978515956,oxidative_stress_cell
type 1 diabetes mellitus,brain,L6b glutamatergic neuron of the primary motor cortex,468,0.01933724485579704,neuron_stressed
colorectal cancer,colon,"CD4-positive, alpha-beta memory T cell",468,0.01130298273155416,oxidative_stress_cell
normal,central nervous system,forebrain radial glial cell,467,0.0006286404270985754,
normal,musculature,blood vessel endothelial cell,466,0.0007994880531436522,oxidative_stress_cell
normal,musculature,endothelial cell of venule,466,0.0007994880531436522,oxidative_stress_cell
periodontitis,mucosa,gamma-delta T cell,465,0.012071651090342679,oxidative_stress_cell
Wilms tumor,kidney,unknown,465,0.10030198446937015,
normal,intestine,fibroblast,464,0.001643175862313195,oxidative_stress_cell
malignant ovarian serous tumor,paracolic gutter,endothelial cell,464,0.05791313030454318,oxidative_stress_cell
juvenile dermatomyositis,blood,"CD14-low, CD16-positive monocyte",464,0.005612948491520093,oxidative_stress_cell
normal,stomach,type X enteroendocrine cell,464,0.0016321821290127408,
normal,small intestine,cell,463,0.00038993052836007686,
influenza,brain,L4 intratelencephalic projecting glutamatergic neuron,462,0.09631019387116949,neuron_stressed
normal,esophagus,immature B cell,462,0.002758900739289852,oxidative_stress_cell
primary sclerosing cholangitis,liver,vascular associated smooth muscle cell,462,0.004413998681532861,
vascular dementia,brain,L5/6 near-projecting glutamatergic neuron,462,0.005570358938496968,neuron_stressed
normal,stomach,smooth muscle cell,462,0.0016251468612152721,
malignant ovarian serous tumor,fallopian tube,endothelial cell,461,0.023436705643111337,oxidative_stress_cell
normal,exocrine gland,adventitial cell,460,0.0023833702928436717,
Crohn disease,colon,plasmacytoid dendritic cell,460,0.013573725987783647,oxidative_stress_cell
colorectal cancer,colon,pericyte,460,0.011109769351527594,oxidative_stress_cell
normal,mucosa,glandular secretory epithelial cell,459,0.0050186971068687265,oxidative_stress_cell
normal,vasculature,"CD4-positive, alpha-beta T cell",459,0.0033002588438308888,oxidative_stress_cell
normal,blood,precursor B cell,459,3.320633898159414e-05,oxidative_stress_cell
cystic fibrosis,skeletal system,basal cell,458,0.028886786502680544,
normal,large intestine,endothelial cell,458,0.00246788516251401,oxidative_stress_cell
normal,digestive system,squamous epithelial cell,457,0.006330341312056738,oxidative_stress_cell
pulmonary fibrosis,lung,dendritic cell,457,0.0016993143248107327,oxidative_stress_cell
normal,lymph node,unknown,456,0.0004959616108311055,
lymphoid interstitial pneumonia,lung,classical monocyte,456,0.027336490618068462,oxidative_stress_cell
normal,breast,myeloid dendritic cell,455,0.00019325452512903457,oxidative_stress_cell
vascular dementia,brain,vascular leptomeningeal cell,455,0.005485959560640953,
ulcerative colitis,colon,endothelial cell of artery,454,0.012649410715778329,oxidative_stress_cell
normal,lung,multiciliated epithelial cell,454,0.0001441806284751025,oxidative_stress_cell
open-angle glaucoma,blood,mucosal invariant T cell,454,0.0032513804043456775,oxidative_stress_cell
bipolar I disorder,brain,smooth muscle cell,454,0.0029830152107493675,
colorectal cancer,colon,"effector memory CD8-positive, alpha-beta T cell",453,0.010940707644004347,oxidative_stress_cell
multiple sclerosis,brain,pericyte,453,0.040284570920409074,oxidative_stress_cell
normal,hindlimb,macrophage,453,0.005208572874028423,oxidative_stress_cell
normal,lung,small pre-B-II cell,453,0.00014386304999828507,
normal,reproductive system,precursor B cell,452,0.00124031007751938,oxidative_stress_cell
normal,lung,IgG plasma cell,450,0.00014291031456783285,oxidative_stress_cell
normal,blood,antibody secreting cell,450,3.255523429568053e-05,
normal,musculature,memory B cell,449,0.0007703221799603001,oxidative_stress_cell
non-specific interstitial pneumonia,lung,"CD4-positive, alpha-beta T cell",449,0.015004177109440268,oxidative_stress_cell
normal,cortex,erythrocyte,449,0.0029980102292910273,
vascular dementia,brain,perivascular macrophage,449,0.005413617236764369,oxidative_stress_cell
lymphoma,cerebrospinal fluid,natural killer cell,449,0.02447666812036633,
normal,brain,sensory neuron of dorsal root ganglion,449,2.4218127986172042e-05,neuron_stressed
inflammatory bowel disease,colon,T-helper 17 cell,448,0.011947303856205665,
progressive supranuclear palsy,brain,VIP GABAergic cortical interneuron,448,0.003512568408837873,neuron_stressed
normal,musculature,contractile cell,448,0.0007686065403612794,
chronic obstructive pulmonary disease,lung,smooth muscle cell,448,0.004974351002642624,
periodontitis,mucosa,mature NK T cell,447,0.01160436137071651,oxidative_stress_cell
normal,colon,peripheral nervous system neuron,447,0.0006663258020132878,neuron_stressed
normal,skin of body,epidermal cell,446,0.000661519864136279,
normal,urinary bladder,endothelial cell of artery,446,0.014949386605885902,oxidative_stress_cell
pneumonia,lung,"CD4-positive, alpha-beta T cell",445,0.013939792626006328,oxidative_stress_cell
age related macular degeneration 7,eye,melanocyte,445,0.26161081716637274,
colorectal cancer,colon,T cell,445,0.01074749426397778,oxidative_stress_cell
B-cell non-Hodgkin lymphoma,bone marrow,macrophage,444,0.007431459846684297,oxidative_stress_cell
normal,intestine,dendritic cell,444,0.0015723493165238332,oxidative_stress_cell
COVID-19,lung,"CD14-positive, CD16-negative classical monocyte",443,0.0005449168970980407,oxidative_stress_cell
normal,central nervous system,chondrocyte,443,0.0005963334244211326,
normal,urinary bladder,monocyte,442,0.014815311389689615,oxidative_stress_cell
normal,placenta,glandular secretory epithelial cell,442,0.0008485362749257531,oxidative_stress_cell
normal,small intestine,enteroglial cell,441,0.00037140251189372327,
normal,lung,group 3 innate lymphoid cell,441,0.0001400521082764762,
pneumonia,lung,classical monocyte,441,0.01381449111925571,oxidative_stress_cell
type 1 diabetes mellitus,brain,vascular leptomeningeal cell,441,0.018221634575654906,
Crohn disease,small intestine,group 3 innate lymphoid cell,440,0.003023971849571146,
colon adenocarcinoma,large intestine,endothelial tip cell,440,0.001710391796338984,oxidative_stress_cell
age related macular degeneration 7,eye,fibroblast,440,0.2586713697824809,oxidative_stress_cell
normal,exocrine gland,inflammatory macrophage,440,0.0022797454975026425,oxidative_stress_cell
normal,colon,mucosal invariant T cell,440,0.0006558911697669947,oxidative_stress_cell
non-specific interstitial pneumonia,lung,vein endothelial cell,439,0.01467000835421888,oxidative_stress_cell
bipolar disorder,brain,VIP GABAergic cortical interneuron,439,0.0570648641622254,neuron_stressed
triple-negative breast carcinoma,breast,"plasmacytoid dendritic cell, human",439,0.003883821538842639,oxidative_stress_cell
digestive system disorder,small intestine,endothelial cell of artery,439,0.0048859753586573025,oxidative_stress_cell
invasive ductal breast carcinoma,breast,basal-myoepithelial cell of mammary gland,439,0.0023487239848055215,oxidative_stress_cell
normal,spleen,erythroblast,439,0.0007599402434232278,
normal,bladder organ,vein endothelial cell,438,0.005806477271220818,oxidative_stress_cell
normal,uterus,"CD4-positive, alpha-beta T cell",438,0.0014230481822021508,oxidative_stress_cell
normal,intestine,"CD4-positive, alpha-beta memory T cell",438,0.0015511013527870247,oxidative_stress_cell
COVID-19,lung,pericyte,437,0.0005375365328032592,oxidative_stress_cell
normal,reproductive system,pro-B cell,437,0.0011991493448583385,oxidative_stress_cell
pulmonary emphysema,lung,dendritic cell,437,0.013745596376446905,oxidative_stress_cell
normal,endocrine gland,Schwann cell,437,0.0006231693509056633,
normal,stomach,innate lymphoid cell,436,0.001533688379848179,
periodontitis,mucosa,natural killer cell,436,0.011318795430944963,
COVID-19,blood,stem cell,436,0.00011947035176072171,
Crohn disease,colon,leukocyte,435,0.01283602348844758,
invasive lobular breast carcinoma,exocrine gland,cytotoxic T cell,434,0.11023622047244094,oxidative_stress_cell
normal,colon,IgM plasma cell,434,0.000646947199270172,oxidative_stress_cell
normal,hindlimb,articular chondrocyte,434,0.004990111760106701,
open-angle glaucoma,blood,"CD4-negative, CD8-negative, alpha-beta intraepithelial T cell",434,0.00310814778741415,oxidative_stress_cell
myelodysplastic/myeloproliferative disease,blood,lymphocyte,434,0.0033315933306721527,
small cell lung carcinoma,lung,dendritic cell,433,0.0137285986049461,oxidative_stress_cell
normal,stomach,neuron,432,0.0015196178442532416,neuron_stressed
influenza,blood,plasmablast,431,0.014486421080935735,
luminal B breast carcinoma,pleural fluid,macrophage,431,0.015055190722369709,oxidative_stress_cell
colorectal cancer,colon,colon goblet cell,430,0.010385219176427967,oxidative_stress_cell
dementia,brain,smooth muscle cell,429,0.00030755466085108764,
Alzheimer disease,brain,T cell,429,0.0007053194899997534,oxidative_stress_cell
interstitial lung disease,lung,non-classical monocyte,428,0.0013510058364714758,oxidative_stress_cell
cystic fibrosis,skeletal system,secretory cell,428,0.026994638915168716,
colorectal cancer,colon,gastrointestinal tract (lamina propria) macrophage,427,0.010312764158918006,oxidative_stress_cell
interstitial lung disease,lung,respiratory basal cell,427,0.0013478492807787853,
normal,stomach,type G enteroendocrine cell,427,0.0015020296747595698,
COVID-19,blood,hematopoietic precursor cell,426,0.00011673020607813636,
normal,prostate gland,neutrophil,425,0.004879168819241146,oxidative_stress_cell
normal,milk,dendritic cell,425,0.008766863319443872,oxidative_stress_cell
small cell lung carcinoma,adrenal gland,T cell,425,0.1118715451434588,oxidative_stress_cell
pulmonary fibrosis,lung,smooth muscle cell,424,0.0015766067258637872,
multiple sclerosis,brain,leukocyte,423,0.037616718541574036,
normal,vasculature,mature NK T cell,423,0.0030414150129421916,oxidative_stress_cell
normal,kidney,endothelial cell of arteriole,423,0.0006428092740814134,oxidative_stress_cell
normal,uterus,innate lymphoid cell,422,0.0013710646869618897,
Down syndrome,bone marrow,progenitor cell,422,0.025204563100997432,
normal,respiratory system,naive T cell,422,0.000815938251649278,oxidative_stress_cell
malignant ovarian serous tumor,large intestine,endothelial cell,422,0.03980756532402604,oxidative_stress_cell
non-specific interstitial pneumonia,lung,helper T cell,422,0.014101921470342524,oxidative_stress_cell
normal,colon,lymphocyte,421,0.0006275685965270563,
normal,forelimb,muscle cell,420,0.010773927096426647,
normal,esophagus,"activated CD8-positive, alpha-beta T cell",419,0.002502119934550753,oxidative_stress_cell
normal,bone marrow,"CD4-positive, alpha-beta cytotoxic T cell",419,0.0005516337046877016,oxidative_stress_cell
normal,brain,neural crest derived neuron,419,2.2599990258810883e-05,neuron_stressed
normal,endocrine gland,"CD8-positive, alpha-beta regulatory T cell",418,0.0005960750313010692,oxidative_stress_cell
basal cell carcinoma,skin of body,endothelial cell,417,0.0035611197458539,oxidative_stress_cell
normal,central nervous system,endothelial cell of arteriole,417,0.0005613341715205695,oxidative_stress_cell
normal,lung,"CD8-positive, alpha-beta memory T cell, CD45RO-positive",417,0.00013243022483285844,oxidative_stress_cell
normal,intestine,"naive thymus-derived CD4-positive, alpha-beta T cell",417,0.0014767334797081946,oxidative_stress_cell
adenocarcinoma,colon,transit amplifying cell of colon,417,0.09632709632709632,
normal,musculature,unknown,417,0.0007154217127916373,
pulmonary fibrosis,lung,mesothelial cell,416,0.001546859429149376,
normal,blood,pro-B cell,416,3.009550548222911e-05,oxidative_stress_cell
normal,endocrine gland,mesothelial cell,416,0.0005932229976584804,
normal,immune system,T follicular regulatory cell,415,0.00832096884148053,
diabetes mellitus,brain,vascular leptomeningeal cell,414,0.005461957597266383,
Crohn disease,small intestine,intraepithelial lymphocyte,414,0.002845282603914669,
breast cancer,brain,L2/3 intratelencephalic projecting glutamatergic neuron,413,0.042069878781705206,neuron_stressed
normal,embryo,oligodendrocyte precursor cell,413,0.001031095132881449,microglia_activated
colon adenocarcinoma,large intestine,enteroendocrine cell,413,0.0016054359361090918,
normal,colon,"CD16-negative, CD56-bright natural killer cell, human",412,0.0006141526407818223,
acute myeloid leukemia,bone marrow,erythroid lineage cell,412,0.014792474508114318,
pneumonia,lung,"CD8-positive, alpha-beta T cell",411,0.01287472981862607,oxidative_stress_cell
normal,heart,smooth muscle myoblast,411,0.00020936946170652923,
digestive system disorder,small intestine,epithelial fate stem cell,411,0.004574341395007179,
open-angle glaucoma,blood,plasmablast,410,0.0029362686470963168,
schizophrenia,brain,perivascular macrophage,410,0.0017078423286638424,oxidative_stress_cell
bipolar II disorder,brain,L6 corticothalamic-projecting glutamatergic cortical neuron,410,0.015479876160990712,neuron_stressed
post-COVID-19 disorder,blood,plasmacytoid dendritic cell,409,0.004206780218875997,oxidative_stress_cell
COVID-19,nose,"plasmacytoid dendritic cell, human",409,0.004640292258994112,oxidative_stress_cell
normal,fallopian tube,cell,409,0.0019133160246064603,
neuroblastoma,neck,endothelial cell,408,0.06325581395348837,oxidative_stress_cell
chronic obstructive pulmonary disease,lung,endothelial cell of lymphatic vessel,408,0.004530212520263819,oxidative_stress_cell
normal,brain,erythroblast,407,2.1952735167866416e-05,
type 2 diabetes mellitus,kidney,parietal epithelial cell,407,0.03536362846467982,oxidative_stress_cell
lung adenocarcinoma,lung,brush cell of tracheobronchial tree,406,0.0005626799085853035,
tauopathy,brain,perivascular macrophage,406,0.003253491894317608,oxidative_stress_cell
normal,small intestine,enterocyte of epithelium proper of jejunum,405,0.00034108393949423566,oxidative_stress_cell
normal,urinary bladder,macrophage,405,0.013575115639873968,oxidative_stress_cell
normal,stomach,conventional dendritic cell,405,0.001424641728987414,oxidative_stress_cell
invasive ductal breast carcinoma,exocrine gland,smooth muscle cell,404,0.059834123222748815,
post-COVID-19 disorder,blood,B cell,404,0.004155352587838394,oxidative_stress_cell
COVID-19,lung,multiciliated epithelial cell,404,0.0004969445291819604,oxidative_stress_cell
COVID-19,nose,alternatively activated macrophage,404,0.004583564969764355,oxidative_stress_cell
lymphoid interstitial pneumonia,lung,pulmonary alveolar type 2 cell,404,0.02421917151249925,
invasive ductal breast carcinoma,breast,capillary endothelial cell,404,0.002161468086244717,oxidative_stress_cell
normal,lymph node,"CD8-positive, alpha-beta thymocyte",402,0.00043722931481163246,
normal,uterus,fibro/adipogenic progenitor cell,402,0.001306085317911563,
lung adenocarcinoma,brain,regulatory T cell,401,0.014673594847775176,oxidative_stress_cell
chronic obstructive pulmonary disease,lung,club cell,401,0.004452488285847527,oxidative_stress_cell
normal,eye,mesenchymal stem cell,401,5.1367055399561394e-05,
normal,lung,megakaryocyte,400,0.00012703139072696253,
normal,lymph node,mature alpha-beta T cell,400,0.000435054044588689,oxidative_stress_cell
juvenile dermatomyositis,blood,"CD8-positive, alpha-beta memory T cell",399,0.004826651827837322,oxidative_stress_cell
normal,colon,tuft cell of small intestine,399,0.0005947740380387065,oxidative_stress_cell
COVID-19,digestive system,erythroblast,399,0.022077131632822444,
acute myocardial infarction,brain,interneuron,399,0.049670110792978964,neuron_stressed
small cell lung carcinoma,brain,astrocyte,399,0.21033210332103322,microglia_activated
injury,musculature,capillary endothelial cell,399,0.07202166064981949,oxidative_stress_cell
normal,small intestine,gastrointestinal tract (lamina propria) macrophage,398,0.0003351886615276686,oxidative_stress_cell
normal,urinary bladder,vascular associated smooth muscle cell,398,0.013340484011530469,
normal,small intestine,migratory enteric neural crest cell,398,0.0003351886615276686,oxidative_stress_cell
normal,central nervous system,GABAergic amacrine cell,398,0.0005357577944009272,neuron_stressed
ulcerative colitis,colon,enteroglial cell,398,0.011089130979911398,
bronchopulmonary dysplasia,lung,regulatory T cell,397,0.002634879970266342,oxidative_stress_cell
Parkinson disease,brain,macrophage,397,0.000219321627708995,oxidative_stress_cell
normal,colon,"activated CD4-positive, alpha-beta T cell",397,0.0005917927145397656,oxidative_stress_cell
chronic obstructive pulmonary disease,respiratory system,T cell,397,0.020845366237857706,oxidative_stress_cell
normal,spleen,intermediate monocyte,396,0.0006855041831334811,oxidative_stress_cell
Down syndrome,bone marrow,promonocyte,395,0.023591948874156363,oxidative_stress_cell
normal,central nervous system,glioblast (sensu Vertebrata),394,0.0005303732939546868,
colon adenocarcinoma,large intestine,dendritic cell,394,0.0015315781085399084,oxidative_stress_cell
pulmonary emphysema,lung,endothelial cell of lymphatic vessel,393,0.012361600402617011,oxidative_stress_cell
respiratory system disorder,blood,mucosal invariant T cell,393,0.0041374082769221054,oxidative_stress_cell
normal,eye,myeloid cell,393,5.034227623947039e-05,
Lewy body dementia,brain,vascular leptomeningeal cell,393,0.0032686805509348593,
small cell lung carcinoma,liver,dendritic cell,392,0.04017628369375833,oxidative_stress_cell
colorectal cancer,intestine,colonocyte,392,0.05560283687943263,
normal,nose,monocyte,392,0.00165124243356066,oxidative_stress_cell
normal,pancreas,classical monocyte,390,0.0009172995641651045,oxidative_stress_cell
type 2 diabetes mellitus,kidney,podocyte,390,0.03388652359023373,
non-small cell lung carcinoma,lung,myeloid cell,390,0.0041420181186741295,
open-angle glaucoma,blood,regulatory T cell,390,0.002793036030164789,oxidative_stress_cell
normal,liver,basophil,389,0.00040689269957093217,
normal,large intestine,colon goblet cell,389,0.002096085869471506,oxidative_stress_cell
non-specific interstitial pneumonia,lung,elicited macrophage,389,0.012999164578111946,oxidative_stress_cell
normal,central nervous system,neuron,389,0.0005236426683968862,neuron_stressed
normal,spleen,"central memory CD8-positive, alpha-beta T cell",388,0.0006716556137772492,oxidative_stress_cell
inflammatory bowel disease,colon,IgG plasma cell,387,0.010320550429356232,oxidative_stress_cell
small cell lung carcinoma,lymph node,B cell,387,0.020813165537270088,oxidative_stress_cell
normal,testis,epithelial cell,386,0.018625747925110982,oxidative_stress_cell
normal,skin of body,immature B cell,385,0.0005710429320458911,oxidative_stress_cell
acute myeloid leukemia,bone marrow,"CD16-positive, CD56-dim natural killer cell, human",384,0.013787160706591986,
normal,pleura,monocyte,384,0.019497334348819496,oxidative_stress_cell
B-cell non-Hodgkin lymphoma,bone marrow,dendritic cell,384,0.0064272085160512835,oxidative_stress_cell
colon adenocarcinoma,large intestine,intestinal epithelial cell,383,0.0014888183136314338,oxidative_stress_cell
normal,blood,endothelial cell,383,2.7708121633879204e-05,oxidative_stress_cell
normal,stomach,"CD16-negative, CD56-bright natural killer cell, human",383,0.0013472537832152581,
influenza,blood,"effector CD4-positive, alpha-beta T cell",383,0.01287308416240925,oxidative_stress_cell
normal,stomach,myeloid leukocyte,382,0.0013437361493165237,
Down syndrome,bone marrow,dendritic cell,381,0.022755778534312848,oxidative_stress_cell
normal,yolk sac,megakaryocyte,380,0.006701230910309315,
type 1 diabetes mellitus,brain,GABAergic neuron,380,0.015701181720518965,neuron_stressed
opiate dependence,brain,medium spiny neuron,379,0.00696703983529109,neuron_stressed
normal,liver,cycling plasma cell,379,0.0003964327330009853,oxidative_stress_cell
normal,blood,myeloid lineage restricted progenitor cell,379,2.7418741773473155e-05,
digestive system disorder,small intestine,goblet cell,378,0.004207058509276675,oxidative_stress_cell
Parkinson disease,brain,lamp5 GABAergic cortical interneuron,378,0.000208825126634761,neuron_stressed
normal,reproductive system,neutrophil,378,0.0010372504630582423,oxidative_stress_cell
normal,adipose tissue,mature NK T cell,378,0.0008253239068825027,oxidative_stress_cell
COVID-19,blood,T-helper 1 cell,377,0.00010330349223346808,
lung adenocarcinoma,liver,"CD8-positive, alpha-beta T cell",377,0.15934065934065933,oxidative_stress_cell
normal,bone marrow,epithelial cell,377,0.0004963386793968102,oxidative_stress_cell
normal,respiratory system,endothelial cell of artery,377,0.0007289306181795683,oxidative_stress_cell
COVID-19,lung,epithelial cell of lower respiratory tract,377,0.00046373288985544325,oxidative_stress_cell
normal,small intestine,precursor cell,376,0.0003166606450613151,
normal,eye,transit amplifying cell,376,4.816462052427702e-05,
normal,spleen,germinal center B cell,375,0.0006491516885733723,oxidative_stress_cell
colorectal cancer,colon,gamma-delta T cell,375,0.009056877188745321,oxidative_stress_cell
small cell lung carcinoma,lung,macrophage,375,0.011889663918833228,oxidative_stress_cell
normal,stomach,mucosal invariant T cell,375,0.0013191127120253832,oxidative_stress_cell
bipolar disorder,brain,sst GABAergic cortical interneuron,374,0.04861562459378656,neuron_stressed
pulmonary emphysema,lung,pulmonary alveolar type 1 cell,374,0.011763965777554102,
normal,spleen,granulocyte,373,0.0006456895462343144,
normal,bone marrow,endothelial tip cell,373,0.0004910724865119635,oxidative_stress_cell
nonpapillary renal cell carcinoma,kidney,plasmacytoid dendritic cell,373,0.001879623470601278,oxidative_stress_cell
malignant ovarian serous tumor,omentum,mast cell,373,0.0017855946077915115,oxidative_stress_cell
normal,liver,B-1 B cell,372,0.0003891107564020225,oxidative_stress_cell
normal,intestine,colonocyte,372,0.0013173737516821305,
normal,liver,mesothelial cell,372,0.0003891107564020225,
normal,mucosa,lung secretory cell,371,0.0040565068118699294,
colorectal cancer,colon,intestinal crypt stem cell of colon,370,0.008936118826228715,gut_fermentative_microbe
injury,musculature,pericyte,370,0.06678700361010831,oxidative_stress_cell
colorectal cancer,intestine,T follicular helper cell,370,0.0524822695035461,
juvenile dermatomyositis,blood,plasmacytoid dendritic cell,369,0.00446374567536835,oxidative_stress_cell
normal,colon,vascular associated smooth muscle cell,368,0.0005485635238051228,
normal,skin of body,megakaryocyte,368,0.0005458280493321764,
vascular dementia,brain,L6b glutamatergic neuron of the primary motor cortex,368,0.004436995864430485,neuron_stressed
triple-negative breast carcinoma,pleural fluid,unknown,368,0.01549865229110512,
multiple sclerosis,brain,macrophage,367,0.03263672743441529,oxidative_stress_cell
chronic obstructive pulmonary disease,respiratory system,unknown,366,0.019217642425833553,
normal,lymph node,"CD4-positive, alpha-beta cytotoxic T cell",366,0.00039807445079865047,oxidative_stress_cell
normal,adrenal gland,plasma cell,365,0.0008335445740815595,oxidative_stress_cell
normal,liver,common dendritic progenitor,365,0.00038178877980305973,oxidative_stress_cell
normal,adrenal gland,unknown,364,0.0008312608903169524,
normal,digestive system,secretory cell,364,0.0050421099290780145,
colorectal cancer,colon,mast cell,364,0.008791208791208791,oxidative_stress_cell
normal,endocrine gland,early T lineage precursor,364,0.0005190701229511704,
ulcerative colitis,colon,germinal center B cell,363,0.010113956144994567,oxidative_stress_cell
myocardial infarction,heart,macrophage,363,0.001929947684062779,oxidative_stress_cell
normal,bone marrow,osteoblast,363,0.00047790700429984647,
normal,nose,classical monocyte,363,0.001529084192302346,oxidative_stress_cell
ulcerative colitis,colon,vascular associated smooth muscle cell,362,0.010086094006854085,
normal,brain,erythroid lineage cell,362,1.9525528576824675e-05,
bipolar II disorder,brain,GABAergic neuron,362,0.01366759797628936,neuron_stressed
colorectal cancer,intestine,"naive thymus-derived CD4-positive, alpha-beta T cell",361,0.05120567375886525,oxidative_stress_cell
Crohn disease,small intestine,cycling T cell,361,0.0024810314493072354,oxidative_stress_cell
normal,heart,megakaryocyte,361,0.0001838987242726449,
colon adenocarcinoma,large intestine,group 3 innate lymphoid cell,361,0.0014032987238144848,
normal,endocrine gland,glial cell,360,0.0005133660556659927,
multiple sclerosis,brain,microglial cell,360,0.03201422854602046,microglia_activated
normal,placenta,conventional dendritic cell,359,0.0006891957527111886,oxidative_stress_cell
normal,skin of body,"CD4-positive, alpha-beta T cell",359,0.0005324789937778568,oxidative_stress_cell
invasive lobular breast carcinoma,breast,fibroblast,358,0.02186259541984733,oxidative_stress_cell
normal,reproductive system,fraction A pre-pro B cell,358,0.0009823694861768538,oxidative_stress_cell
normal,lung,lymphocyte,358,0.00011369309470063148,
triple-negative breast carcinoma,exocrine gland,natural killer cell,358,0.014750113303942977,
normal,kidney,mast cell,358,0.0005440324352745769,oxidative_stress_cell
normal,liver,"naive thymus-derived CD8-positive, alpha-beta T cell",357,0.0003734208065471023,oxidative_stress_cell
basal cell carcinoma,skin of body,T follicular helper cell,357,0.0030487284155152096,
normal,lung,progenitor cell,357,0.00011337551622381407,
normal,respiratory system,vascular associated smooth muscle cell,356,0.0006883270558937037,
B-cell non-Hodgkin lymphoma,bone marrow,erythroid progenitor cell,355,0.005941820372911994,
type 2 diabetes mellitus,kidney,kidney loop of Henle thin ascending limb epithelial cell,355,0.03084542531931532,oxidative_stress_cell
interstitial lung disease,lung,alveolar adventitial fibroblast,354,0.001117420715212389,oxidative_stress_cell
normal,mucosa,regulatory T cell,354,0.003870629141245162,oxidative_stress_cell
normal,musculature,plasma cell,353,0.0006056207784543116,oxidative_stress_cell
normal,large intestine,endothelial cell of lymphatic vessel,353,0.0019021036296232433,oxidative_stress_cell
normal,bone marrow,adipocyte,353,0.0004647415220877295,adipocyte_lipolytic
normal,spleen,progenitor cell,353,0.0006110681228437345,
gastric cancer,stomach,endothelial cell of artery,352,0.0016152494229613212,oxidative_stress_cell
COVID-19,blood,"effector memory CD8-positive, alpha-beta T cell, terminally differentiated",351,9.617911345874614e-05,oxidative_stress_cell
colorectal cancer,intestine,transit amplifying cell,350,0.04964539007092199,
bipolar II disorder,brain,pericyte,350,0.013214528430114022,oxidative_stress_cell
lymphoid interstitial pneumonia,lung,monocyte,350,0.0209819555182543,oxidative_stress_cell
gastric cancer,stomach,peptic cell,349,0.0016014830926519917,
macular degeneration,eye,retinal ganglion cell,349,0.08898521162672106,
diffuse large B-cell lymphoma,small intestine,parietal cell,349,0.06541705716963449,
HIV infectious disease,blood,"CD4-positive, alpha-beta memory T cell",349,0.19931467732724156,oxidative_stress_cell
adenocarcinoma,colon,paneth cell of colon,349,0.08061908061908062,gut_fermentative_microbe
normal,intestine,IgA plasma cell,348,0.0012323818967348962,oxidative_stress_cell
normal,heart,visceromotor neuron,348,0.00017727633253983497,neuron_stressed
chronic obstructive pulmonary disease,respiratory system,macrophage,348,0.01827251247046469,oxidative_stress_cell
amyotrophic lateral sclerosis,brain,GABAergic neuron,347,0.00202286360536088,neuron_stressed
normal,central nervous system,radial glial cell,347,0.00046710541371136117,
Sjogren syndrome,exocrine gland,inflammatory macrophage,347,0.007671729566005616,oxidative_stress_cell
small cell lung carcinoma,lymph node,dendritic cell,346,0.0186081531676885,oxidative_stress_cell
acute myeloid leukemia,bone marrow,late promyelocyte,346,0.01242280626166882,
Crohn disease,small intestine,endothelial cell of artery,346,0.0023779414998900375,oxidative_stress_cell
COVID-19,respiratory system,mast cell,346,0.004859687069861513,oxidative_stress_cell
colorectal cancer,colon,memory B cell,345,0.008332327013645694,oxidative_stress_cell
breast cancer,skeletal system,monocyte,345,0.03217983397071169,oxidative_stress_cell
normal,skin of body,neutrophil,344,0.000510230567853991,oxidative_stress_cell
chronic obstructive pulmonary disease,respiratory system,respiratory tract goblet cell,344,0.01806248359149383,oxidative_stress_cell
normal,liver,plasmablast,344,0.0003598228500061714,
breast cancer,axilla,monocyte,343,0.0039125326519671025,oxidative_stress_cell
normal,bone marrow,eosinophil,343,0.0004515760398756125,
normal,placenta,myeloid cell,342,0.0006565597421371212,
neuroblastoma,abdomen,cortical cell of adrenal gland,341,0.001829428585224011,
normal,central nervous system,neural crest cell,341,0.0004590286630420004,oxidative_stress_cell
normal,blood,memory T cell,341,2.4669633099615688e-05,oxidative_stress_cell
bronchopulmonary dysplasia,lung,secretory cell,340,0.002256572266726842,
lung adenocarcinoma,lymph node,plasmacytoid dendritic cell,340,0.006299796183064666,oxidative_stress_cell
heart failure,heart,macrophage,339,0.028887942053685556,oxidative_stress_cell
normal,placenta,granulocyte,339,0.0006508004461534623,
normal,skin of body,epithelial cell,339,0.0005028144258793691,oxidative_stress_cell
normal,yolk sac,monocyte,339,0.005978203364723309,oxidative_stress_cell
normal,small intestine,epithelial cell of small intestine,339,0.00028549989009517507,oxidative_stress_cell
normal,lymph node,"effector CD8-positive, alpha-beta T cell",339,0.00036870830278891393,oxidative_stress_cell
lung adenocarcinoma,lymph node,myeloid cell,338,0.006262738558458403,
malignant ovarian serous tumor,large intestine,B cell,338,0.03188378454862749,oxidative_stress_cell
Lewy body dementia,brain,L5/6 near-projecting glutamatergic neuron,338,0.0028112316188701842,neuron_stressed
normal,brain,B cell,338,1.8231018394935747e-05,oxidative_stress_cell
normal,heart,"CD4-positive, alpha-beta T cell",338,0.00017218218505305808,oxidative_stress_cell
normal,kidney,lymphocyte,337,0.0005121199181215988,
non-specific interstitial pneumonia,lung,"CD8-positive, alpha-beta cytotoxic T cell",337,0.011261487050960734,oxidative_stress_cell
normal,musculature,monocyte,337,0.0005781705448699802,oxidative_stress_cell
age related macular degeneration 7,eye,Schwann cell,336,0.19753086419753085,
ulcerative colitis,colon,IgM plasma cell,336,0.009361678415201583,oxidative_stress_cell
Sjogren syndrome,exocrine gland,mature NK T cell,336,0.007428533527890164,oxidative_stress_cell
invasive ductal breast carcinoma,exocrine gland,classical monocyte,334,0.04946682464454976,oxidative_stress_cell
normal,esophagus,mononuclear phagocyte,334,0.001994529971694395,
normal,respiratory system,IgA plasma cell,333,0.0006438564876758521,oxidative_stress_cell
nonpapillary renal cell carcinoma,vasculature,unknown,333,0.0757679180887372,
normal,lung,early lymphoid progenitor,333,0.00010575363278019631,
ulcerative colitis,colon,myofibroblast cell,333,0.00927809200078014,oxidative_stress_cell
diffuse large B-cell lymphoma,lymph node,natural killer cell,332,0.014242203251683754,
normal,liver,myeloid leukocyte,332,0.00034727089012223514,
colon adenocarcinoma,large intestine,conventional dendritic cell,332,0.0012905683554194152,oxidative_stress_cell
normal,kidney,macula densa epithelial cell,332,0.0005045216997518422,oxidative_stress_cell
adenocarcinoma,small intestine,progenitor cell,332,0.0988978254393804,
normal,liver,alpha-beta T cell,331,0.0003462248934652405,oxidative_stress_cell
COVID-19,brain,macrophage,331,0.009660566792166477,oxidative_stress_cell
type 1 diabetes mellitus,brain,L6 corticothalamic-projecting glutamatergic cortical neuron,331,0.013676555656557308,neuron_stressed
malignant ovarian serous tumor,uterus,dendritic cell,331,0.002071157720850489,oxidative_stress_cell
B-cell non-Hodgkin lymphoma,lymph node,monocyte-derived dendritic cell,331,0.0005676507661570386,oxidative_stress_cell
normal,colon,type EC enteroendocrine cell,331,0.0004934090390747164,
normal,central nervous system,myelinating Schwann cell,331,0.00044556741192639925,
normal,kidney,plasma cell,331,0.0005030020560778908,oxidative_stress_cell
schizophrenia,brain,smooth muscle cell,330,0.0013746048011196782,
uveal melanoma,eye,fibroblast,330,0.006381497524752475,oxidative_stress_cell
normal pressure hydrocephalus,brain,L2/3-6 intratelencephalic projecting glutamatergic neuron,330,0.06966434452184928,neuron_stressed
lymphoid interstitial pneumonia,lung,natural killer cell,330,0.019782986631496913,
normal,spinal cord,endothelial cell of artery,330,0.00663236594581558,oxidative_stress_cell
normal,stomach,mature NK T cell,330,0.0011608191865823373,oxidative_stress_cell
normal,lung,airway submucosal gland duct basal cell,329,0.00010448331887292669,
normal,stomach,group 3 innate lymphoid cell,329,0.001157301552683603,
small cell lung carcinoma,lung,fibroblast,328,0.010399492707672797,oxidative_stress_cell
inflammatory bowel disease,colon,gastrointestinal tract (lamina propria) macrophage,328,0.00874713318043629,oxidative_stress_cell
non-specific interstitial pneumonia,lung,CD1c-positive myeloid dendritic cell,328,0.010960735171261487,oxidative_stress_cell
COVID-19,respiratory system,dendritic cell,328,0.004606870979521897,oxidative_stress_cell
normal,yolk sac,stromal cell,327,0.005766585546503016,oxidative_stress_cell
normal,liver,malignant cell,327,0.00034204090683726175,tumor_epithelial_warburg
bronchopulmonary dysplasia,lung,mast cell,327,0.002170291562410816,oxidative_stress_cell
oropharynx squamous cell carcinoma,digestive system,plasmacytoid dendritic cell,326,0.0063671875,oxidative_stress_cell
COVID-19,lung,leukocyte,326,0.00040099979334979973,
normal,hindlimb,erythrocyte,326,0.0037483327967621763,
normal,respiratory system,serous cell of epithelium of trachea,326,0.0006303219669138972,
colorectal cancer,intestine,"CD4-positive, alpha-beta memory T cell",326,0.04624113475177305,oxidative_stress_cell
normal,nose,"CD4-positive, alpha-beta T cell",325,0.001369014772722486,oxidative_stress_cell
chronic obstructive pulmonary disease,lung,endothelial cell,325,0.0036086251693277964,oxidative_stress_cell
normal,exocrine gland,ionocyte,324,0.001678721684524673,
normal,skin of body,group 2 innate lymphoid cell,324,0.00048056599995550313,
normal,prostate gland,fibroblast of connective tissue of nonglandular part of prostate,323,0.0037081683026232706,oxidative_stress_cell
normal,respiratory system,bronchiolar smooth muscle cell,323,0.0006245214580159166,
type 2 diabetes mellitus,brain,L6 intratelencephalic projecting glutamatergic neuron,323,0.027854432562952742,neuron_stressed
lung adenocarcinoma,liver,classical monocyte,323,0.13651732882502113,oxidative_stress_cell
normal,brain,premigratory neural crest cell,322,1.7368011607009794e-05,oxidative_stress_cell
influenza,blood,IgG-negative class switched memory B cell,322,0.010822801828448508,oxidative_stress_cell
benign prostatic hyperplasia,prostate gland,classical monocyte,322,0.0053798472925333735,oxidative_stress_cell
normal,stomach,erythroid lineage cell,321,0.001129160481493728,
non-specific interstitial pneumonia,lung,alveolar type 1 fibroblast cell,321,0.010726817042606517,oxidative_stress_cell
triple-negative breast carcinoma,exocrine gland,perivascular cell,320,0.013184458819166908,
Down syndrome,bone marrow,CD14-positive monocyte,320,0.019112464910708952,oxidative_stress_cell
non-specific interstitial pneumonia,lung,conventional dendritic cell,319,0.01065998329156224,oxidative_stress_cell
normal,stomach,myofibroblast cell,319,0.0011221252136962593,oxidative_stress_cell
normal,respiratory system,smooth muscle cell of the pulmonary artery,319,0.0006167874461519424,
normal,digestive system,natural killer cell,319,0.004418772163120567,
bronchopulmonary dysplasia,lung,endothelial cell of respiratory system lymphatic vessel,318,0.002110558767115105,oxidative_stress_cell
diffuse large B-cell lymphoma,lymph node,plasmacytoid dendritic cell,318,0.01364162841576938,oxidative_stress_cell
normal,scalp,sebocyte,318,0.10498514361175305,
normal,blood,basophil mast progenitor cell,318,2.3005698902280905e-05,
normal,uterus,stratified epithelial cell,316,0.0010266740309951591,oxidative_stress_cell
COVID-19,brain,cerebral cortex GABAergic interneuron,316,0.009222776756267695,neuron_stressed
heart failure,heart,adipocyte,316,0.026927993182786537,adipocyte_lipolytic
pneumonia,lung,pulmonary alveolar type 2 cell,315,0.00986749365661122,
normal,mucosa,plasmacytoid dendritic cell,315,0.0034442038968706947,oxidative_stress_cell
normal,heart,cardiac mesenchymal cell,315,0.0001604656458334713,
colorectal cancer,colon,naive B cell,315,0.0076077768385460695,oxidative_stress_cell
normal,large intestine,memory B cell,314,0.0016919562031209587,oxidative_stress_cell
nonpapillary renal cell carcinoma,adrenal gland,natural killer cell,314,0.06742538114666094,
normal,adipose tissue,plasma cell,314,0.0006855865258230313,oxidative_stress_cell
lung adenocarcinoma,adrenal gland,dendritic cell,314,0.08852551451931209,oxidative_stress_cell
liver cancer,liver,B cell,314,0.04714006905869989,oxidative_stress_cell
aspiration pneumonia,brain,macrophage,313,0.030674245393963153,oxidative_stress_cell
cystic fibrosis,skeletal system,monocyte,313,0.019741406496373383,oxidative_stress_cell
lung adenocarcinoma,pleural fluid,plasmacytoid dendritic cell,313,0.014611829513094627,oxidative_stress_cell
B-cell non-Hodgkin lymphoma,bone marrow,naive B cell,313,0.005238844441468885,oxidative_stress_cell
normal,adipose tissue,stromal cell of endometrium,312,0.0006812197326649228,oxidative_stress_cell
normal,brain,thalamic excitatory neuron,312,1.6828632364556073e-05,neuron_stressed
colorectal cancer,colon,"CD8-positive, alpha-beta memory T cell",312,0.0075353218210361065,oxidative_stress_cell
B-cell non-Hodgkin lymphoma,bone marrow,memory B cell,311,0.005205369397114451,oxidative_stress_cell
diffuse large B-cell lymphoma,respiratory system,"activated CD8-positive, alpha-beta T cell",311,0.12515090543259558,oxidative_stress_cell
normal,stomach,endothelial cell of vascular tree,310,0.0010904665086076501,oxidative_stress_cell
normal,colon,malignant cell,310,0.00046210514233583716,tumor_epithelial_warburg
normal,forelimb,myoblast,310,0.007952184285457764,
oropharynx squamous cell carcinoma,digestive system,mast cell,309,0.00603515625,oxidative_stress_cell
malignant ovarian serous tumor,liver,endothelial cell,309,0.034042084389115344,oxidative_stress_cell
influenza,blood,erythrocyte,309,0.010385856413014252,
normal,forelimb,Schwann cell precursor,309,0.00792653207808532,
basal cell carcinoma,skin of body,myofibroblast cell,308,0.002630275495738612,oxidative_stress_cell
arrhythmogenic right ventricular cardiomyopathy,heart,mast cell,308,0.002947481243301179,oxidative_stress_cell
normal,lymph node,pericyte,308,0.00033499161433329054,oxidative_stress_cell
lung adenocarcinoma,brain,CD1c-positive myeloid dendritic cell,307,0.011233899297423888,oxidative_stress_cell
respiratory system disorder,blood,"CD16-negative, CD56-bright natural killer cell, human",307,0.0032320212239569626,
COVID-19,nose,naive T cell,306,0.00347171010086112,oxidative_stress_cell
nonpapillary renal cell carcinoma,adrenal gland,epithelial cell of proximal tubule,306,0.06570753704101352,oxidative_stress_cell
normal,endocrine gland,mast cell,306,0.00043636114731609375,oxidative_stress_cell
acute promyelocytic leukemia,bone marrow,"CD16-positive, CD56-dim natural killer cell, human",306,0.0819496518478843,
basal cell carcinoma,skin of body,plasmacytoid dendritic cell,306,0.002613195784727322,oxidative_stress_cell
normal,lymph node,neutrophil,306,0.0003328163441103471,oxidative_stress_cell
normal,mucosa,T-helper 17 cell,306,0.003345798071245818,
breast cancer,brain,macrophage,305,0.03106855454823266,oxidative_stress_cell
diabetes mellitus,brain,perivascular macrophage,305,0.00402390595933876,oxidative_stress_cell
Sjogren syndrome,exocrine gland,alternatively activated macrophage,305,0.006743162875019345,oxidative_stress_cell
normal,lung,primitive red blood cell,305,9.686143542930894e-05,
normal,lung,enteroendocrine cell,305,9.686143542930894e-05,
normal,kidney,papillary tips cell,305,0.0004634913205551562,
normal,kidney,myeloid dendritic cell,305,0.0004634913205551562,oxidative_stress_cell
gastric cancer,stomach,fibroblast of gingiva,305,0.0013995769147818267,oxidative_stress_cell
normal,blood,stem cell,305,2.2065214355961247e-05,
congenital heart disease,brain,cerebellar granule cell precursor,304,0.060245739199365836,
normal,blood,alpha-beta T cell,304,2.1992869390859734e-05,oxidative_stress_cell
breast cancer,brain,blood vessel endothelial cell,304,0.030966690434959764,oxidative_stress_cell
normal,stomach,neuroendocrine cell,304,0.001069360705215244,
normal,lung,metallothionein-positive alveolar macrophage,304,9.654385695249153e-05,oxidative_stress_cell
normal,spleen,hematopoietic stem cell,304,0.0005262456355368139,
breast cancer,skeletal system,macrophage,304,0.028355563846656096,oxidative_stress_cell
normal,yolk sac,epithelial cell,304,0.005360984728247452,oxidative_stress_cell
clear cell renal carcinoma,kidney,mast cell,303,0.0019880454822814625,oxidative_stress_cell
normal,large intestine,pericyte,303,0.0016326838520562118,oxidative_stress_cell
Crohn disease,small intestine,"dendritic cell, human",303,0.002082416978227403,oxidative_stress_cell
pulmonary fibrosis,lung,myofibroblast cell,303,0.0011266788630583196,oxidative_stress_cell
squamous cell lung carcinoma,lung,dendritic cell,302,0.001286760006476408,oxidative_stress_cell
normal,liver,platelet,302,0.00031589099041239466,
frontotemporal dementia,brain,VIP GABAergic cortical interneuron,302,0.002547749206991969,neuron_stressed
nonpapillary renal cell carcinoma,vasculature,macrophage,302,0.06871444823663253,oxidative_stress_cell
Lewy body dementia,brain,L6b glutamatergic neuron of the primary motor cortex,302,0.002511810499700579,neuron_stressed
normal,skin of body,epithelial cell of sweat gland,301,0.0004464517468722421,oxidative_stress_cell
normal,embryo,hematopoietic stem cell,301,0.0007514761137949544,
normal,bone marrow,alpha-beta T cell,301,0.0003962810145847212,oxidative_stress_cell
breast cancer,breast,blood vessel smooth muscle cell,300,0.000511158592064774,
dementia,brain,T cell,300,0.00021507318940635497,oxidative_stress_cell
influenza,blood,"effector CD8-positive, alpha-beta T cell",300,0.010083355740790535,oxidative_stress_cell
normal,lung,reticulocyte,300,9.52735430452219e-05,
normal,blood,erythroid lineage cell,300,2.1703489530453685e-05,
inflammatory bowel disease,colon,conventional dendritic cell,299,0.00797375860045869,oxidative_stress_cell
atherosclerosis,brain,perivascular macrophage,299,0.0021128502278910362,oxidative_stress_cell
normal,lymph node,non-classical monocyte,299,0.00032520289833004503,oxidative_stress_cell
adenocarcinoma,large intestine,paneth cell of colon,299,0.07874637872004214,gut_fermentative_microbe
normal,stomach,ciliated epithelial cell,298,0.001048254901822838,oxidative_stress_cell
normal,central nervous system,fenestrated endothelial cell,298,0.00040114528324491536,oxidative_stress_cell
normal,central nervous system,dendritic cell,298,0.00040114528324491536,oxidative_stress_cell
normal,scalp,basal cell of epidermis,298,0.09838230439088808,
normal,nose,mast cell,298,0.0012552812377578486,oxidative_stress_cell
nonpapillary renal cell carcinoma,vasculature,collagen secreting cell,298,0.06780432309442548,
normal,mucosa,dendritic cell,298,0.003258326226245927,oxidative_stress_cell
breast cancer,breast,keratinocyte,297,0.0005060470061441263,oxidative_stress_cell
B-cell acute lymphoblastic leukemia,blood,plasmacytoid dendritic cell,296,0.002017585713311976,oxidative_stress_cell
normal,intestine,endothelial cell of lymphatic vessel,296,0.0010482328776825554,oxidative_stress_cell
normal,eye,goblet cell,296,3.7916828923367014e-05,oxidative_stress_cell
diffuse large B-cell lymphoma,small intestine,muscle fibroblast,295,0.05529522024367385,oxidative_stress_cell
normal,kidney,smooth muscle cell,295,0.0004482948838156429,
normal,lamina propria,"CD8-positive, alpha-beta memory T cell, CD45RO-positive",295,0.012454088740659433,oxidative_stress_cell
normal,lung,"CD14-low, CD16-positive monocyte",295,9.368565066113487e-05,oxidative_stress_cell
normal,esophagus,natural T-regulatory cell,294,0.0017556641068208149,
type 2 diabetes mellitus,kidney,renal beta-intercalated cell,294,0.025545225475714656,
normal pressure hydrocephalus,brain,oligodendrocyte precursor cell,294,0.06206459784673844,microglia_activated
normal,large intestine,T-helper 17 cell,294,0.001584188292094146,
frontotemporal dementia,brain,L2/3 intratelencephalic projecting glutamatergic neuron,294,0.0024802591617736386,neuron_stressed
normal,large intestine,vein endothelial cell,294,0.001584188292094146,oxidative_stress_cell
normal,stomach,T cell,294,0.0010341843662279005,oxidative_stress_cell
type 2 diabetes mellitus,brain,GABAergic neuron,294,0.025353570196619525,neuron_stressed
juvenile dermatomyositis,blood,conventional dendritic cell,294,0.003556480294195921,oxidative_stress_cell
follicular lymphoma,lymph node,plasmacytoid dendritic cell,293,0.002387899137748366,oxidative_stress_cell
myocardial infarction,brain,astrocyte,293,0.14257907542579076,microglia_activated
normal pressure hydrocephalus,brain,microglial cell,293,0.06185349377242981,microglia_activated
normal,respiratory system,pulmonary ionocyte,293,0.0005665163690361101,
chronic obstructive pulmonary disease,lung,elicited macrophage,293,0.003253314383424752,oxidative_stress_cell
normal,lung,squamous epithelial cell,293,9.305049370750007e-05,oxidative_stress_cell
lung adenocarcinoma,lymph node,neutrophil,292,0.00541041319251436,oxidative_stress_cell
luminal A breast carcinoma,pleural fluid,lymphocyte of B lineage,292,0.028551872494377628,
normal,lung,"dendritic cell, human",292,9.273291523068266e-05,oxidative_stress_cell
normal,adrenal gland,IgG plasma cell,291,0.0006645519755006405,oxidative_stress_cell
isolated focal cortical dysplasia type II,brain,committed oligodendrocyte precursor,291,0.0047297846403900855,microglia_activated
small cell lung carcinoma,liver,macrophage,291,0.029824741211437942,oxidative_stress_cell
normal,kidney,leukocyte,291,0.0004422163091198376,
non-small cell lung carcinoma,lung,bronchus fibroblast of lung,291,0.0030905827500876198,oxidative_stress_cell
normal,uterus,myoepithelial cell,290,0.0009422008512297345,oxidative_stress_cell
influenza,brain,L5/6 near-projecting glutamatergic neuron,290,0.06045445069835314,neuron_stressed
normal,endocrine gland,precursor B cell,290,0.00041354487817538295,oxidative_stress_cell
normal,lung,megakaryocyte-erythroid progenitor cell,290,9.209775827704784e-05,
normal,embryo,progenitor cell,289,0.0007215169331785443,
Crohn disease,small intestine,dendritic cell,289,0.0019861996921046845,oxidative_stress_cell
lymphoid interstitial pneumonia,lung,"myeloid dendritic cell, human",289,0.017325100413644264,oxidative_stress_cell
normal,pancreas,neuron,289,0.0006797424975479877,neuron_stressed
pulmonary emphysema,lung,alveolar macrophage,289,0.009090337191746352,oxidative_stress_cell
COVID-19,lung,vascular associated smooth muscle cell,288,0.00035425748614951633,
non-specific interstitial pneumonia,lung,pulmonary alveolar type 1 cell,288,0.00962406015037594,
normal,adrenal gland,T cell,288,0.0006577009242068196,oxidative_stress_cell
cardiomyopathy,brain,astrocyte,288,0.22412451361867705,microglia_activated
normal,respiratory system,regulatory T cell,288,0.0005568488542061423,oxidative_stress_cell
normal,pancreas,enteric neuron,287,0.0006750383972189359,neuron_stressed
diffuse large B-cell lymphoma,respiratory system,muscle fibroblast,287,0.11549295774647887,oxidative_stress_cell
normal,placenta,chorionic trophoblast cell,287,0.0005509726491033736,oxidative_stress_cell
normal,stomach,natural killer cell,287,0.00100956092893676,
colorectal cancer,intestine,germinal center B cell,287,0.04070921985815603,oxidative_stress_cell
gastric cancer,stomach,"dendritic cell, human",287,0.00131697893292585,oxidative_stress_cell
type 1 diabetes mellitus,brain,pericyte,286,0.011817205189653748,oxidative_stress_cell
normal,stomach,dendritic cell,286,0.0010060432950380256,oxidative_stress_cell
luminal A breast carcinoma,pleural fluid,macrophage,286,0.02796519018284932,oxidative_stress_cell
malignant ovarian serous tumor,lymph node,endothelial cell,286,0.04396617986164489,oxidative_stress_cell
COVID-19,blood,enucleated reticulocyte,285,7.809415195368277e-05,
opiate dependence,brain,endothelial cell,284,0.005220684203753745,oxidative_stress_cell
normal,musculature,myeloid cell,284,0.00048724164612188247,
pulmonary emphysema,lung,pericyte,284,0.008933064921992953,oxidative_stress_cell
bipolar I disorder,brain,perivascular macrophage,284,0.0018660271362396924,oxidative_stress_cell
lung adenocarcinoma,lung,mesothelial cell,284,0.0003935987537887345,
normal,large intestine,BEST4+ colonocyte,283,0.001524915941029399,
normal,respiratory system,IgG plasma cell,283,0.0005471813393761746,oxidative_stress_cell
primary sclerosing cholangitis,liver,erythrocyte,283,0.002703813045181385,
cystic fibrosis,lung,bronchial goblet cell,283,0.016088686753837407,oxidative_stress_cell
acute promyelocytic leukemia,bone marrow,naive B cell,283,0.07579003749330476,oxidative_stress_cell
nonpapillary renal cell carcinoma,kidney,IgG plasma cell,282,0.0014210558142347463,oxidative_stress_cell
normal,head,neural crest cell,282,0.04146449051610057,oxidative_stress_cell
colorectal cancer,colon,T follicular helper cell,282,0.006810771645936481,
normal,adipose tissue,erythrocyte,282,0.0006157178352932957,
normal,central nervous system,H1 horizontal cell,282,0.00037960728145995345,
invasive lobular breast carcinoma,exocrine gland,smooth muscle cell,282,0.07162814325628651,
normal,musculature,Schwann cell,281,0.00048209472732482035,
squamous cell lung carcinoma,lung,"dendritic cell, human",281,0.0011972833172843398,oxidative_stress_cell
normal,central nervous system,flat midget bipolar cell,281,0.00037826115634839334,
normal,lymph node,intermediate monocyte,281,0.00030562546632355406,oxidative_stress_cell
primary sclerosing cholangitis,liver,hepatocyte,281,0.0026847048257808096,hepatocyte_ketogenic
normal,lung,B-1a B cell,279,8.860439503205638e-05,oxidative_stress_cell
COVID-19,lung,conventional dendritic cell,279,0.00034318693970734394,oxidative_stress_cell
normal,lung,mucus secreting cell of bronchus submucosal gland,279,8.860439503205638e-05,
normal,spleen,fraction A pre-pro B cell,278,0.00048123778512906,oxidative_stress_cell
normal,yolk sac,mesothelial cell,277,0.00488484463725179,
normal,kidney,"effector memory CD8-positive, alpha-beta T cell",277,0.00042094129768451894,oxidative_stress_cell
normal,blood,IgA plasma cell,277,2.0039555333118902e-05,oxidative_stress_cell
gastric cancer,stomach,"naive thymus-derived CD8-positive, alpha-beta T cell",277,0.0012710911652280851,oxidative_stress_cell
benign prostatic hyperplasia,prostate gland,leukocyte,277,0.004628005279601691,
triple-negative breast carcinoma,exocrine gland,luminal epithelial cell of mammary gland,277,0.011412797165341354,oxidative_stress_cell
type 1 diabetes mellitus,pancreas,PP cell,276,0.012321428571428572,
normal,lung,"CD22-positive, CD38-low small pre-B cell",276,8.765165960160415e-05,oxidative_stress_cell
juvenile dermatomyositis,blood,plasmablast,276,0.003338736602714538,
ulcerative colitis,colon,monocyte,275,0.007662087988632248,oxidative_stress_cell
primary sclerosing cholangitis,liver,conventional dendritic cell,274,0.0026178260578787966,oxidative_stress_cell
normal,head,neuroplacodal cell,274,0.04028819291280694,
lymphoid interstitial pneumonia,lung,endothelial cell of arteriole,274,0.016425873748576226,oxidative_stress_cell
non-compaction cardiomyopathy,heart,cardiac neuron,273,0.023469738651994497,neuron_stressed
normal,yolk sac,fibroblast,273,0.004814305364511692,oxidative_stress_cell
oropharynx squamous cell carcinoma,digestive system,mature alpha-beta T cell,273,0.00533203125,oxidative_stress_cell
cytomegalovirus infection,blood,basophil mast progenitor cell,273,4.255081042148838e-05,
colorectal cancer,intestine,fibroblast,273,0.03872340425531915,oxidative_stress_cell
Down syndrome,bone marrow,neutrophil,273,0.016305321626948574,oxidative_stress_cell
normal,central nervous system,natural killer cell,272,0.0003661460303443523,
gastric cancer,stomach,type EC enteroendocrine cell,272,0.0012481472813792027,
normal,small intestine,pro-B cell,272,0.000229073658129462,oxidative_stress_cell
basal cell carcinoma,skin of body,suprabasal keratinocyte,272,0.0023228406975353976,oxidative_stress_cell
normal,prostate gland,pericyte,272,0.0031226680443143333,oxidative_stress_cell
non-small cell lung carcinoma,lung,fibroblast of lung,272,0.002888792123793239,oxidative_stress_cell
normal,respiratory system,epithelial cell of lung,271,0.000523979303784252,oxidative_stress_cell
chronic obstructive pulmonary disease,respiratory system,conventional dendritic cell,271,0.014229456550275663,oxidative_stress_cell
normal,respiratory system,gamma-delta T cell,271,0.000523979303784252,oxidative_stress_cell
normal,tongue,myoepithelial cell,270,0.006967022758941012,oxidative_stress_cell
normal,lymph node,"activated CD8-positive, alpha-beta T cell",270,0.0002936614800973651,oxidative_stress_cell
Sjogren syndrome,exocrine gland,smooth muscle cell,270,0.005969357299197453,
invasive lobular breast carcinoma,exocrine gland,natural T-regulatory cell,270,0.06858013716027432,
diffuse large B-cell lymphoma,small intestine,macrophage,269,0.05042174320524836,oxidative_stress_cell
chronic obstructive pulmonary disease,lung,alveolar type 1 fibroblast cell,269,0.0029868312939974684,oxidative_stress_cell
normal,blood,megakaryocyte-erythroid progenitor cell,268,1.9388450647205294e-05,
malignant ovarian serous tumor,musculature,plasma cell,268,0.013772547407369341,oxidative_stress_cell
non-specific interstitial pneumonia,lung,adventitial fibroblast,268,0.008955722639933167,oxidative_stress_cell
normal,respiratory system,non-classical monocyte,268,0.0005181787948862714,oxidative_stress_cell
periodontitis,mucosa,plasmacytoid dendritic cell,268,0.00695742471443406,oxidative_stress_cell
nonpapillary renal cell carcinoma,kidney,"naive thymus-derived CD4-positive, alpha-beta T cell",268,0.0013505069440245107,oxidative_stress_cell
periodontitis,mucosa,T-helper 17 cell,268,0.00695742471443406,
normal,kidney,alternatively activated macrophage,268,0.0004072645046189569,oxidative_stress_cell
normal,bone marrow,T follicular helper cell,267,0.00035151837506352347,
normal,liver,regulatory T cell,267,0.0002792811074175807,oxidative_stress_cell
normal,immune system,T cell,267,0.005353490796807956,oxidative_stress_cell
nonpapillary renal cell carcinoma,vasculature,"CD4-positive, alpha-beta T cell",267,0.06075085324232082,oxidative_stress_cell
normal,sensory system,macrophage,265,0.11055486024196913,oxidative_stress_cell
normal,endocrine gland,mature B cell,265,0.00037789445764302237,oxidative_stress_cell
invasive lobular breast carcinoma,breast,vein endothelial cell,265,0.01618320610687023,oxidative_stress_cell
normal,exocrine gland,mucus secreting cell,265,0.001373028538268637,
normal,endocrine gland,neuron,264,0.00037646844082172794,neuron_stressed
normal,lymph node,myeloid cell,264,0.00028713566942853474,
normal,yolk sac,Kupffer cell,264,0.004655592000846471,hepatocyte_sulfur
normal,nose,acinar cell,264,0.0011120612307653425,
normal,colon,hematopoietic cell,263,0.00039204404011072635,
normal,adipose tissue,muscle cell,263,0.0005742333002912651,
B-cell non-Hodgkin lymphoma,bone marrow,"plasmacytoid dendritic cell, human",262,0.0043852308104308235,oxidative_stress_cell
normal,lung,visceromotor neuron,262,8.320556092616046e-05,neuron_stressed
COVID-19,brain,ependymal cell,262,0.007646732627032075,
malignant ovarian serous tumor,lymph node,plasma cell,262,0.04027671022290546,oxidative_stress_cell
normal,heart,mesenchymal stem cell,261,0.0001329572494048762,
normal,peripheral nervous system,supporting cell of vestibular epithelium,261,0.3966565349544073,
COVID-19,lung,mucus secreting cell,261,0.0003210458468229992,
Lewy body dementia,brain,perivascular macrophage,261,0.0021708031139796393,oxidative_stress_cell
congenital heart disease,brain,interneuron,260,0.051525961157352355,neuron_stressed
basal cell carcinoma,skin of body,endothelial cell of lymphatic vessel,260,0.0022203624314676594,oxidative_stress_cell
normal,nose,Langerhans cell,259,0.0010909994650311504,
colorectal cancer,colon,endothelial cell,259,0.006255283178360101,oxidative_stress_cell
adenocarcinoma,large intestine,stem cell,258,0.06794838030023703,
diffuse large B-cell lymphoma,lymph node,conventional dendritic cell,258,0.011067736261850628,oxidative_stress_cell
invasive lobular breast carcinoma,breast,"CD8-positive, alpha-beta T cell",257,0.01569465648854962,oxidative_stress_cell
neuroblastoma,adrenal gland,B cell,257,0.0024273907910271546,oxidative_stress_cell
normal,nose,plasma cell,257,0.0010825747587374735,oxidative_stress_cell
normal,small intestine,immature B cell,257,0.00021644091962967548,oxidative_stress_cell
normal,large intestine,regulatory T cell,257,0.0013848176566945427,oxidative_stress_cell
normal,fallopian tube,T cell,256,0.0011975767782377844,oxidative_stress_cell
adenocarcinoma,large intestine,transit amplifying cell of colon,256,0.06742164867000264,
normal,lymph node,mesenchymal lymphangioblast,256,0.000278434588536761,
malignant ovarian serous tumor,urinary bladder,fallopian tube secretory epithelial cell,256,0.04085541015001596,oxidative_stress_cell
acute myeloid leukemia,bone marrow,unswitched memory B cell,256,0.009191440471061324,oxidative_stress_cell
normal,colon,neuroblast (sensu Vertebrata),255,0.0003801187461149628,neuron_stressed
Sjogren syndrome,exocrine gland,ionocyte,255,0.005637726338130928,
post-COVID-19 disorder,blood,platelet,255,0.002622809182917798,
normal,adrenal gland,"effector memory CD8-positive, alpha-beta T cell",255,0.0005823393599747881,oxidative_stress_cell
pneumonia,lung,club cell,255,0.00798797105535194,oxidative_stress_cell
colorectal cancer,intestine,T cell,255,0.036170212765957444,oxidative_stress_cell
normal,bone marrow,muscle precursor cell,254,0.0003344032481877714,
normal,lymph node,precursor B cell,254,0.0002762593183138175,oxidative_stress_cell
normal,yolk sac,early lymphoid progenitor,254,0.004479243818996226,
normal,intestine,T-helper 17 cell,254,0.0008994971315248955,
normal,brain,choroid plexus macrophage,254,1.3700232758324497e-05,oxidative_stress_cell
normal,digestive system,enteric smooth muscle cell,253,0.003504543439716312,
normal,brain,neuron associated cell,253,1.3646294834079124e-05,neuron_stressed
cystic fibrosis,skeletal system,macrophage,253,0.01595711132134973,oxidative_stress_cell
COVID-19,digestive system,ionocyte,253,0.01399878271454656,
malignant ovarian serous tumor,uterus,mast cell,252,0.001576833068442064,oxidative_stress_cell
normal,uterus,fibrocyte,252,0.0008187400500341142,
type 2 diabetes mellitus,brain,lamp5 GABAergic cortical interneuron,252,0.02173163159710245,neuron_stressed
amyotrophic lateral sclerosis,brain,L6 intratelencephalic projecting glutamatergic neuron,252,0.0014690536845848466,neuron_stressed
normal,placenta,plasma cell,252,0.0004837808626273524,oxidative_stress_cell
gastric cancer,stomach,mucosal invariant T cell,252,0.001156371745983673,oxidative_stress_cell
malignant ovarian serous tumor,intestine,dendritic cell,252,0.003313304495312726,oxidative_stress_cell
non-specific interstitial pneumonia,lung,pulmonary capillary endothelial cell,251,0.008387635756056808,oxidative_stress_cell
normal,large intestine,fibroblast of gingiva,251,0.0013524872833864988,oxidative_stress_cell
breast cancer,chest wall,blood vessel smooth muscle cell,251,0.012974928922202119,
lung adenocarcinoma,liver,malignant cell,251,0.10608622147083685,tumor_epithelial_warburg
breast cancer,neck,fibroblast,251,0.018253217947785616,oxidative_stress_cell
normal,kidney,erythroblast,250,0.00037991091848783295,
COVID-19,nose,"CD16-positive, CD56-dim natural killer cell, human",250,0.0028363644614878432,
normal,ureter,mast cell,250,0.005717160629345042,oxidative_stress_cell
Crohn disease,colon,natural killer cell,249,0.007347516893387235,
normal,heart,erythrocyte,249,0.00012684427242074398,
normal,lymph node,vein endothelial cell,249,0.0002708211427564589,oxidative_stress_cell
benign prostatic hyperplasia,prostate gland,non-classical monocyte,249,0.0041601924715553105,oxidative_stress_cell
breast carcinoma,breast,natural killer cell,249,0.0337718703377187,
common variable immunodeficiency,blood,unswitched memory B cell,249,0.003845025401874643,oxidative_stress_cell
lung adenocarcinoma,brain,mast cell,248,0.009074941451990632,oxidative_stress_cell
colorectal cancer,colon,"naive thymus-derived CD4-positive, alpha-beta T cell",248,0.005989614780823572,oxidative_stress_cell
normal,lung,alpha-beta T cell,248,7.875946225071677e-05,oxidative_stress_cell
normal,musculature,neuron,248,0.0004254786205571368,neuron_stressed
normal,adrenal gland,erythroid lineage cell,248,0.000566353573622539,
normal,nose,squamous epithelial cell,248,0.0010446635804159277,oxidative_stress_cell
normal,spinal cord,endothelial cell,247,0.004964225420049843,oxidative_stress_cell
normal,prostate gland,endothelial cell of lymphatic vessel,247,0.0028356581137707363,oxidative_stress_cell
colorectal cancer,large intestine,mast cell,246,0.015298507462686567,oxidative_stress_cell
normal,scalp,keratinocyte,246,0.08121492241663915,oxidative_stress_cell
non-specific interstitial pneumonia,lung,pericyte,246,0.008220551378446116,oxidative_stress_cell
type 1 diabetes mellitus,brain,L5/6 near-projecting glutamatergic neuron,246,0.010164449219072804,neuron_stressed
normal,hindlimb,reticulocyte,246,0.002828496527618084,
normal,exocrine gland,Schwann cell,245,0.0012694037429276078,
acute myeloid leukemia,bone marrow,gamma-delta T cell,245,0.008796495763320408,oxidative_stress_cell
colorectal cancer,intestine,naive B cell,245,0.03475177304964539,oxidative_stress_cell
normal,testis,endothelial cell,244,0.011773788843852539,oxidative_stress_cell
respiratory system disorder,blood,"central memory CD4-positive, alpha-beta T cell",244,0.0025687725688778463,oxidative_stress_cell
nonpapillary renal cell carcinoma,kidney,IgA plasma cell,244,0.0012295660236641068,oxidative_stress_cell
colorectal cancer,colon,intestinal crypt stem cell,244,0.005893008090810289,gut_fermentative_microbe
clear cell renal carcinoma,lymph node,conventional dendritic cell,244,0.06362451108213821,oxidative_stress_cell
amyotrophic lateral sclerosis,brain,lamp5 GABAergic cortical interneuron,244,0.001422417059677391,neuron_stressed
triple-negative breast carcinoma,pleural fluid,natural killer cell,243,0.010234164420485175,
normal,nose,T cell,243,0.0010236018146817356,oxidative_stress_cell
post-COVID-19 disorder,blood,mature NK T cell,243,0.0024993828684275487,oxidative_stress_cell
B-cell non-Hodgkin lymphoma,bone marrow,precursor B cell,243,0.0040672178890637034,oxidative_stress_cell
normal,blood,lymphoid lineage restricted progenitor cell,243,1.7579826519667485e-05,
normal,exocrine gland,neutrophil,243,0.0012590412633935047,oxidative_stress_cell
Down syndrome,bone marrow,myelocyte,243,0.014513528041569612,
normal,lung,glial cell,242,7.685399138981234e-05,
normal,lung,mononuclear leukocyte,242,7.685399138981234e-05,
rheumatoid arthritis,blood,"CD4-positive, alpha-beta T cell",242,0.004975635832802187,oxidative_stress_cell
normal,bladder organ,neutrophil,242,0.0032081449763366166,oxidative_stress_cell
macular degeneration,eye,retina horizontal cell,242,0.06170321264660887,
invasive lobular breast carcinoma,breast,mammary gland epithelial cell,241,0.014717557251908396,oxidative_stress_cell
cystic fibrosis,lung,mucus secreting cell,241,0.013700966458214895,
Sjogren syndrome,exocrine gland,dendritic cell,241,0.005328204107802171,oxidative_stress_cell
normal,ovary,ovarian surface epithelial cell,241,0.0013771271185472167,oxidative_stress_cell
normal,skin of body,erythroid lineage cell,240,0.0003559748147818542,
influenza,blood,dendritic cell,240,0.008066684592632429,oxidative_stress_cell
cystic fibrosis,skeletal system,"dendritic cell, human",240,0.015137180700094607,oxidative_stress_cell
normal,vasculature,stromal cell,240,0.001725625539257981,oxidative_stress_cell
normal,lymph node,progenitor cell,240,0.0002610324267532134,
heart failure,brain,committed oligodendrocyte precursor,240,0.052242054854157595,microglia_activated
lung adenocarcinoma,brain,alveolar macrophage,240,0.008782201405152224,oxidative_stress_cell
normal,small intestine,cycling T cell,240,0.00020212381599658412,oxidative_stress_cell
normal,respiratory system,lung perichondrial fibroblast,239,0.0004621072088724584,oxidative_stress_cell
normal,colon,fibroblast of gingiva,239,0.00035626815812343576,oxidative_stress_cell
normal,esophagogastric junction,mucous neck cell of gastric gland,239,0.018714274528228016,
bipolar disorder,brain,lamp5 GABAergic cortical interneuron,239,0.03106720395164435,neuron_stressed
normal,respiratory system,myofibroblast cell,239,0.0004621072088724584,oxidative_stress_cell
normal,urinary bladder,dendritic cell,239,0.008010994167728096,oxidative_stress_cell
normal,pancreas,fibroblast,239,0.0005621399893216923,oxidative_stress_cell
normal,nose,plasmacytoid dendritic cell,238,0.0010025400489475436,oxidative_stress_cell
COVID-19,saliva,dendritic cell,238,0.01641152944421459,oxidative_stress_cell
Crohn disease,small intestine,type L enteroendocrine cell,238,0.0016356938640862107,
normal,kidney,progenitor cell,238,0.000361675194400417,
normal,spinal cord,mesenchymal stem cell,238,0.004783342712436691,
acute promyelocytic leukemia,bone marrow,"CD4-positive, alpha-beta memory T cell",238,0.06373861810391002,oxidative_stress_cell
colon adenocarcinoma,large intestine,smooth muscle cell,238,0.0009251664716560869,
normal,central nervous system,invaginating midget bipolar cell,238,0.00032037777655130823,
normal,respiratory system,pulmonary neuroendocrine cell,237,0.0004582402029404713,
normal,central nervous system,retinal cone cell,237,0.0003190316514397481,
chronic obstructive pulmonary disease,lung,alveolar adventitial fibroblast,237,0.0026315205080944238,oxidative_stress_cell
normal,musculature,neutrophil,237,0.00040660658496790897,oxidative_stress_cell
bipolar II disorder,brain,L5/6 near-projecting glutamatergic neuron,237,0.008948123536962924,neuron_stressed
pulmonary fibrosis,lung,club cell,237,0.0008812636651644282,oxidative_stress_cell
normal,lung,"central memory CD8-positive, alpha-beta T cell",237,7.526609900572531e-05,oxidative_stress_cell
normal,pleura,macrophage,237,0.012033511043412033,oxidative_stress_cell
normal,spinal cord,cerebellar granule cell,236,0.0047431465551893235,
neuroblastoma,chest,endothelial cell,236,0.015311749821579186,oxidative_stress_cell
normal,uterus,hematopoietic precursor cell,236,0.000766756554793853,
COVID-19,respiratory system,plasma cell,236,0.0033146998511194136,oxidative_stress_cell
normal,blood,"CD4-negative, CD8-negative, alpha-beta intraepithelial T cell",236,1.70734117639569e-05,oxidative_stress_cell
COVID-19,brain,endothelial cell,236,0.006887896564807519,oxidative_stress_cell
COVID-19,respiratory system,platelet,236,0.0033146998511194136,
COVID-19,respiratory system,secretory cell,236,0.0033146998511194136,
non-specific interstitial pneumonia,lung,lung interstitial macrophage,235,0.007852965747702589,oxidative_stress_cell
normal,ovary,glandular secretory epithelial cell,235,0.0013428417960937588,oxidative_stress_cell
normal,blood,activated type II NK T cell,234,1.6928721833753873e-05,oxidative_stress_cell
normal,stomach,stem cell,234,0.0008231263323038392,
normal,spleen,promonocyte,233,0.00040333958250025534,oxidative_stress_cell
normal,lung,early pro-B cell,233,7.399578509845567e-05,oxidative_stress_cell
normal,skin of body,sebaceous gland cell,233,0.00034559221601738343,
breast cancer,skeletal system,fibroblast,232,0.02163977240929018,oxidative_stress_cell
small cell lung carcinoma,axilla,T cell,232,0.03578038247995065,oxidative_stress_cell
normal,esophagogastric junction,vein endothelial cell,232,0.01816615770104142,oxidative_stress_cell
Crohn disease,small intestine,endothelial cell of lymphatic vessel,232,0.0015944578843193314,oxidative_stress_cell
invasive ductal breast carcinoma,exocrine gland,pericyte,231,0.034212085308056875,oxidative_stress_cell
breast cancer,breast,neutrophil,231,0.000393592115889876,oxidative_stress_cell
normal,eye,erythroid lineage cell,230,2.946240085261626e-05,
lung adenocarcinoma,lung,respiratory basal cell,230,0.00031875955412467936,
myocardial infarction,brain,cerebral cortex neuron,229,0.11143552311435523,neuron_stressed
normal,colon,paneth cell,228,0.00033987087887926086,gut_fermentative_microbe
post-COVID-19 disorder,blood,plasma cell,228,0.002345099975314737,oxidative_stress_cell
normal,hindlimb,endothelial cell of artery,228,0.0026215333670606632,oxidative_stress_cell
normal,kidney,interstitial cell,228,0.0003464787576609037,
type 2 diabetes mellitus,brain,microglial cell,228,0.019661952397378408,microglia_activated
normal,skin of body,"central memory CD4-positive, alpha-beta T cell",228,0.0003381760740427615,oxidative_stress_cell
atherosclerosis,brain,smooth muscle cell,227,0.001604070239903897,
tauopathy,brain,smooth muscle cell,227,0.0018190705911578745,
breast carcinoma,breast,myeloid cell,227,0.030788010307880104,
common variable immunodeficiency,blood,class switched memory B cell,226,0.003489862412946463,oxidative_stress_cell
normal,brain,medium spiny neuron,226,1.2189970879454078e-05,neuron_stressed
uveal melanoma,eye,endothelial cell,226,0.0043703589108910895,oxidative_stress_cell
pulmonary fibrosis,lung,nasal mucosa goblet cell,225,0.0008366427200928115,oxidative_stress_cell
normal,esophagus,interstitial cell of Cajal,225,0.0013436204899138888,
colorectal cancer,colon,abnormal cell,225,0.005434126313247192,
lymphoid interstitial pneumonia,lung,mesothelial cell of pleura,225,0.013488399976020622,
normal,urinary bladder,endothelial cell of lymphatic vessel,225,0.007541730911041094,oxidative_stress_cell
non-specific interstitial pneumonia,lung,hematopoietic cell,225,0.007518796992481203,
interstitial lung disease,lung,pulmonary artery endothelial cell,225,0.0007102250308553319,oxidative_stress_cell
acute myocardial infarction,brain,macroglial cell,225,0.028009460973484376,
small cell lung carcinoma,liver,endothelial cell,225,0.023060366916060265,oxidative_stress_cell
normal,bone marrow,intermediate monocyte,224,0.00029490680155142045,oxidative_stress_cell
gastric cancer,stomach,group 3 innate lymphoid cell,224,0.0010278859964299317,
normal,prostate gland,contractile cell,224,0.0025716089776706276,
chronic obstructive pulmonary disease,respiratory system,tracheobronchial serous cell,224,0.011761617222368076,
normal,small intestine,primary sensory neuron (sensu Teleostei),224,0.00018864889493014515,neuron_stressed
inflammatory bowel disease,colon,monocyte,224,0.005973651928102832,oxidative_stress_cell
non-specific interstitial pneumonia,lung,monocyte,224,0.007485380116959065,oxidative_stress_cell
normal,adrenal gland,erythroid progenitor cell,224,0.0005115451632719708,
malignant ovarian serous tumor,lymph node,monocyte,224,0.03443504996156802,oxidative_stress_cell
atherosclerosis,heart,dendritic cell,223,0.006300324904647549,oxidative_stress_cell
non-specific interstitial pneumonia,lung,endothelial cell of arteriole,223,0.007451963241436926,oxidative_stress_cell
Alzheimer disease,brain,perivascular macrophage,222,0.0003649905053145577,oxidative_stress_cell
normal,endocrine gland,neutrophil,222,0.00031657573432736214,oxidative_stress_cell
normal,colon,memory T cell,222,0.0003309269083824382,oxidative_stress_cell
normal,lung,erythroblast,222,7.050242185346421e-05,
normal,skin of body,small pre-B-II cell,222,0.0003292767036732151,
COVID-19,lung,squamous epithelial cell,221,0.0002718434181911219,oxidative_stress_cell
chronic kidney disease,kidney,"plasmacytoid dendritic cell, human",221,0.0008291376218382094,oxidative_stress_cell
digestive system disorder,small intestine,endothelial cell of lymphatic vessel,221,0.002459682355952765,oxidative_stress_cell
blastoma,liver,erythrocyte,221,0.003847158151275133,
normal,vasculature,monocyte,220,0.0015818234109864827,oxidative_stress_cell
non-specific interstitial pneumonia,lung,"myeloid dendritic cell, human",220,0.007351712614870509,oxidative_stress_cell
normal,breast,dendritic cell,220,9.344174841403868e-05,oxidative_stress_cell
benign prostatic hyperplasia,prostate gland,"CD8-positive, alpha-beta thymocyte",220,0.0036756720632215596,
non-specific interstitial pneumonia,lung,capillary endothelial cell,220,0.007351712614870509,oxidative_stress_cell
normal,lymph node,"effector memory CD4-positive, alpha-beta T cell, terminally differentiated",219,0.00023819208941230726,oxidative_stress_cell
normal,small intestine,colon epithelial cell,219,0.000184437982096883,oxidative_stress_cell
influenza,blood,megakaryocyte-erythroid progenitor cell,219,0.007360849690777091,
normal,respiratory system,basal cell of epithelium of bronchus,218,0.0004215036465865939,
acute myeloid leukemia,bone marrow,erythroid progenitor cell,218,0.007827086026138158,
Parkinson disease,brain,L6 intratelencephalic projecting glutamatergic neuron,218,0.00012043353864121136,neuron_stressed
squamous cell lung carcinoma,lung,stromal cell,218,0.0009288532497081356,oxidative_stress_cell
chronic obstructive pulmonary disease,respiratory system,pulmonary capillary endothelial cell,218,0.011446573903911787,oxidative_stress_cell
acute promyelocytic leukemia,bone marrow,myelocyte,218,0.05838243170862346,
normal,liver,naive B cell,218,0.00022802727122484117,oxidative_stress_cell
clear cell renal carcinoma,blood,conventional dendritic cell,217,0.006878843593482533,oxidative_stress_cell
Crohn disease,small intestine,capillary endothelial cell,217,0.0014913679349021333,oxidative_stress_cell
Crohn disease,colon,pericyte,217,0.006403257694237068,oxidative_stress_cell
colorectal cancer,large intestine,early colonocyte,217,0.01349502487562189,
normal,liver,"CD4-positive, alpha-beta memory T cell",217,0.00022698127456784647,oxidative_stress_cell
normal,intestine,neuroendocrine cell,216,0.000764926694525108,
myocardial infarction,heart,lymphocyte,216,0.0011483986219216536,
COVID-19,digestive system,inflammatory macrophage,216,0.011951529906490345,oxidative_stress_cell
normal,skin of body,granulocyte,215,0.00031889410490874436,
breast cancer,brain,VIP GABAergic cortical interneuron,215,0.021900784353672202,neuron_stressed
lymphoid interstitial pneumonia,lung,conventional dendritic cell,214,0.012828967088304059,oxidative_stress_cell
normal,esophagus,IgA plasma cell,214,0.0012779323770736543,oxidative_stress_cell
cystic fibrosis,lung,nasal mucosa goblet cell,214,0.012166003411028994,oxidative_stress_cell
normal,endocrine gland,stromal cell,214,0.0003051675997570067,oxidative_stress_cell
normal,kidney,megakaryocyte,214,0.00032520374622558505,
normal,lung,bronchiolar smooth muscle cell,214,6.796179403892495e-05,
nonpapillary renal cell carcinoma,adrenal gland,"CD4-positive, alpha-beta T cell",214,0.04595232982606828,oxidative_stress_cell
lung adenocarcinoma,lung,cytotoxic T cell,213,0.00029519906534155086,oxidative_stress_cell
normal,bone marrow,stromal cell of bone marrow,213,0.00028042477111809173,oxidative_stress_cell
acute promyelocytic leukemia,bone marrow,"effector memory CD8-positive, alpha-beta T cell",213,0.05704338510980182,oxidative_stress_cell
normal,intestine,macrophage,213,0.0007543027126567037,oxidative_stress_cell
normal,yolk sac,granulocyte,213,0.0037562162734102213,
normal,blood,"ILC1, human",213,1.5409477566622117e-05,
colorectal cancer,colon,conventional dendritic cell,213,0.005144306243207342,oxidative_stress_cell
normal,colon,myeloid cell,213,0.0003175109526372042,
non-compaction cardiomyopathy,heart,lymphocyte,212,0.018225584594222834,
normal,skin of body,granular cell of epidermis,212,0.00031444441972397117,
normal,adrenal gland,natural killer cell,212,0.0004841409580966866,
bipolar disorder,brain,microglial cell,212,0.02755751982321591,microglia_activated
triple-negative breast carcinoma,exocrine gland,myoepithelial cell,212,0.008734703967698076,oxidative_stress_cell
normal,forelimb,vein endothelial cell,212,0.005438267962958212,oxidative_stress_cell
follicular lymphoma,lymph node,erythrocyte,211,0.0017196133722351713,
normal,musculature,"effector memory CD8-positive, alpha-beta T cell, terminally differentiated",211,0.00036199995539337043,oxidative_stress_cell
colon adenocarcinoma,large intestine,myofibroblast cell,211,0.0008202106114261946,oxidative_stress_cell
COVID-19,saliva,secretory cell,211,0.014549717280375121,
normal,colon,cycling T cell,211,0.0003145296291382634,oxidative_stress_cell
normal,colon,erythroblast,211,0.0003145296291382634,
neuroblastoma,chest,T cell,211,0.013689742425225459,oxidative_stress_cell
normal,liver,cord blood hematopoietic stem cell,210,0.0002196592979688837,
normal,musculature,natural killer cell,210,0.0003602843157943497,
bronchopulmonary dysplasia,lung,mucus secreting cell of tracheobronchial tree submucosal gland,210,0.0013937652235665788,
ovarian cancer,ovary,plasmacytoid dendritic cell,209,0.003616980772891681,oxidative_stress_cell
normal,central nervous system,diffuse bipolar 2 cell,209,0.00028134014831606477,
normal,colon,inhibitory motor neuron,209,0.0003115483056393225,neuron_stressed
chronic obstructive pulmonary disease,respiratory system,natural killer cell,208,0.010921501706484642,
normal,respiratory system,myeloid leukocyte,208,0.00040216861692665836,
common variable immunodeficiency,blood,myeloid cell,208,0.003211908769437453,
normal,exocrine gland,"CD8-positive, alpha-beta cytotoxic T cell",208,0.0010776978715467036,oxidative_stress_cell
normal,digestive system,mast cell,208,0.002881205673758865,oxidative_stress_cell
chronic obstructive pulmonary disease,respiratory system,fibroblast,208,0.010921501706484642,oxidative_stress_cell
normal,hindlimb,monocyte,208,0.00239157429977464,oxidative_stress_cell
lung adenocarcinoma,brain,dendritic cell,207,0.007574648711943794,oxidative_stress_cell
colorectal cancer,colon,vascular associated smooth muscle cell,207,0.004999396208187417,
normal,uterus,mature NK T cell,207,0.0006725364696708795,oxidative_stress_cell
invasive lobular breast carcinoma,breast,conventional dendritic cell,207,0.012641221374045802,oxidative_stress_cell
normal,colon,oligodendrocyte precursor cell,207,0.0003085669821403816,microglia_activated
normal,musculature,professional antigen presenting cell,206,0.00035342175739826686,
normal,intestine,erythroblast,206,0.0007295134216304271,
normal,colon,motor neuron,206,0.00030707632039091116,neuron_stressed
normal,large intestine,Schwann cell,205,0.0011046210880248297,
normal,reproductive system,megakaryocyte-erythroid progenitor cell,205,0.000562530013034232,
normal,brain,monocyte,205,1.1057274470301267e-05,oxidative_stress_cell
small cell lung carcinoma,adrenal gland,dendritic cell,205,0.053961568833903656,oxidative_stress_cell
common variable immunodeficiency,blood,hematopoietic precursor cell,205,0.003165583162185951,
COVID-19,respiratory system,naive T cell,204,0.0028652490238489847,oxidative_stress_cell
non-specific interstitial pneumonia,lung,mesothelial cell of pleura,204,0.006817042606516291,
normal,respiratory system,innate lymphoid cell,204,0.0003944346050626842,
normal,musculature,mesothelial cell,204,0.00034999047820022546,
chronic obstructive pulmonary disease,respiratory system,lung microvascular endothelial cell,204,0.010711472827513783,oxidative_stress_cell
normal,exocrine gland,smooth muscle cell,204,0.001056972912478498,
small cell lung carcinoma,lung,B cell,204,0.006467977171845276,oxidative_stress_cell
normal,ovary,mesenchymal stem cell,204,0.001165700963417561,
small cell lung carcinoma,lung,endothelial cell,204,0.006467977171845276,oxidative_stress_cell
schizophrenia,brain,T cell,204,0.0008497556952376192,oxidative_stress_cell
normal,spleen,pro-B cell,204,0.00035313851858391455,oxidative_stress_cell
age related macular degeneration 7,eye,mature NK T cell,204,0.11992945326278659,oxidative_stress_cell
triple-negative breast carcinoma,pleural fluid,dendritic cell,204,0.008591644204851753,oxidative_stress_cell
melanoma,skin of body,epithelial cell,204,0.015663390663390665,oxidative_stress_cell
macular degeneration,eye,retinal blood vessel endothelial cell,204,0.05201427842937277,oxidative_stress_cell
benign prostatic hyperplasia,prostate gland,natural killer cell,203,0.0033916428583362574,
neuroblastoma,neck,dendritic cell,203,0.031472868217054265,oxidative_stress_cell
normal,mucosa,myeloid cell,203,0.0022195980668722253,
cystic fibrosis,skeletal system,mast cell,203,0.012803532008830023,oxidative_stress_cell
lymphoid interstitial pneumonia,lung,pulmonary capillary endothelial cell,202,0.012109585756249625,oxidative_stress_cell
normal,lung,enucleate erythrocyte,202,6.415085231711608e-05,
normal,tongue,tongue muscle cell,202,0.005212365175207721,
small cell lung carcinoma,brain,oligodendrocyte precursor cell,202,0.10648392198207696,microglia_activated
normal,intestine,"CD8-positive, alpha-beta memory T cell",201,0.0007118067851830866,oxidative_stress_cell
normal,small intestine,immature innate lymphoid cell,201,0.00016927869589713918,
normal,esophagus,"CD8-positive, alpha-beta cytotoxic T cell",201,0.0012003009709897407,oxidative_stress_cell
normal,adrenal gland,activated type II NK T cell,201,0.0004590204366860095,oxidative_stress_cell
normal,colon,colon endothelial cell,201,0.00029962301164355895,oxidative_stress_cell
progressive supranuclear palsy,brain,sst GABAergic cortical interneuron,201,0.001575951451286635,neuron_stressed
normal,small intestine,vascular associated smooth muscle cell,201,0.00016927869589713918,
Parkinson disease,brain,L6 corticothalamic-projecting glutamatergic cortical neuron,200,0.00011048948499193702,neuron_stressed
normal,yolk sac,megakaryocyte-erythroid progenitor cell,200,0.0035269636370049025,
basal cell carcinoma,skin of body,Schwann cell,200,0.0017079711011289689,
normal,large intestine,conventional dendritic cell,200,0.0010776791102681267,oxidative_stress_cell
normal,central nervous system,metamyelocyte,199,0.0002678788972004636,
normal,exocrine gland,alternatively activated macrophage,199,0.0010310667136432406,oxidative_stress_cell
COVID-19,saliva,monocyte,199,0.013722245207557578,oxidative_stress_cell
lymphoid interstitial pneumonia,lung,adventitial fibroblast,199,0.011929740423236017,oxidative_stress_cell
nonpapillary renal cell carcinoma,vasculature,fibroblast,199,0.04527872582480091,oxidative_stress_cell
normal,vasculature,plasma cell,199,0.0014308311763014093,oxidative_stress_cell
normal,spleen,small pre-B-II cell,198,0.00034275209156674056,
normal,adrenal gland,neutrophil,198,0.0004521693853921884,oxidative_stress_cell
malignant ovarian serous tumor,musculature,B cell,197,0.01012385014646179,oxidative_stress_cell
normal,reproductive system,mast cell,197,0.0005405776222816766,oxidative_stress_cell
normal,colon,"CD16-positive, CD56-dim natural killer cell, human",197,0.00029366036464567716,
blastoma,liver,neuron,197,0.003429367220819915,neuron_stressed
normal,brain,endocrine cell,197,1.062577107633829e-05,
ulcerative colitis,colon,cycling T cell,197,0.005488841213674737,oxidative_stress_cell
myocardial infarction,brain,VIP GABAergic cortical interneuron,197,0.09586374695863747,neuron_stressed
invasive ductal breast carcinoma,exocrine gland,fibroblast of lung,196,0.029028436018957347,oxidative_stress_cell
Lewy body dementia,brain,macrophage,196,0.0016301816488122963,oxidative_stress_cell
post-COVID-19 disorder,blood,erythrocyte,196,0.002015963136674072,
COVID-19,lung,mesothelial fibroblast,196,0.00024109190029619862,oxidative_stress_cell
luminal A breast carcinoma,pleural fluid,unknown,195,0.019067175124669992,
malignant ovarian serous tumor,large intestine,plasma cell,195,0.018394491085746627,oxidative_stress_cell
breast carcinoma,breast,T cell,195,0.026447850264478504,oxidative_stress_cell
normal,stomach,enteric neuron,195,0.0006859386102531993,neuron_stressed
normal,mucosa,bronchial goblet cell,195,0.002132126221872335,oxidative_stress_cell
post-COVID-19 disorder,blood,hematopoietic precursor cell,195,0.0020056776104665514,
chronic kidney disease,kidney,mast cell,195,0.0007315920192690082,oxidative_stress_cell
lung adenocarcinoma,adrenal gland,B cell,195,0.05497603608683394,oxidative_stress_cell
normal,stomach,interstitial cell of Cajal,194,0.0006824209763544649,
normal,intestine,B cell,194,0.0006870174941568099,oxidative_stress_cell
normal,tongue,T cell,194,0.005005934871239098,oxidative_stress_cell
type 1 diabetes mellitus,pancreas,pancreatic D cell,193,0.008616071428571428,
pulmonary emphysema,lung,epithelial cell of lower respiratory tract,193,0.006070709612481127,oxidative_stress_cell
ulcerative colitis,colon,"CD8-positive, alpha-beta memory T cell",193,0.005377392661112814,oxidative_stress_cell
normal,vasculature,basophil,193,0.0013876905378199598,
normal,spleen,"CD8-alpha-alpha-positive, alpha-beta intraepithelial T cell",192,0.00033236566454956663,oxidative_stress_cell
normal,lung,Schwann cell precursor,192,6.097506754894202e-05,
normal,bone marrow,precursor cell,191,0.0002514607102514344,
normal,lung,leukocyte,191,6.0657489072124615e-05,
normal,nose,gamma-delta T cell,191,0.0008045594510461379,oxidative_stress_cell
normal,vasculature,natural killer cell,191,0.00137331032499281,
"primary cutaneous diffuse large B-cell lymphoma, Leg type",skin of body,muscle fibroblast,191,0.026912780047907568,oxidative_stress_cell
normal,adrenal gland,B cell,191,0.0004361835990399393,oxidative_stress_cell
acute kidney failure,kidney,"plasmacytoid dendritic cell, human",191,0.0015244510778906705,oxidative_stress_cell
respiratory system disorder,blood,progenitor cell,190,0.0020002737216671756,
influenza,blood,gamma-delta T cell,190,0.006386125302500672,oxidative_stress_cell
normal,eye,diffuse bipolar 4b cell,190,2.433850505216126e-05,oxidative_stress_cell
colorectal cancer,intestine,IgG plasma cell,190,0.02695035460992908,oxidative_stress_cell
normal,lung,Schwann cell,190,6.0339910595307205e-05,
normal,liver,neuron,190,0.00019873936482899,neuron_stressed
normal,skin of body,contractile cell,190,0.0002818133950356346,
normal,heart,subcutaneous adipocyte,189,9.627938750008278e-05,adipocyte_lipolytic
normal,exocrine gland,myofibroblast cell,189,0.000979254315972726,oxidative_stress_cell
normal,bone marrow,mesodermal cell,189,0.00024882761380901096,
normal,brain,ciliated cell,188,1.0140329758129942e-05,
normal,blood,"decidual natural killer cell, human",188,1.360085343908431e-05,
normal,ovary,B cell,188,0.0010742734368750072,oxidative_stress_cell
breast cancer,skin of body,macrophage,187,0.020662983425414366,oxidative_stress_cell
cystic fibrosis,skeletal system,mucus secreting cell of bronchus submucosal gland,187,0.011794386628823716,
normal,lung,acinar cell,187,5.9387175164854985e-05,
normal,peripheral nervous system,stromal cell,187,0.28419452887537994,oxidative_stress_cell
lymphoma,cerebrospinal fluid,macrophage,187,0.010194068905364152,oxidative_stress_cell
normal,nose,mucus secreting cell,187,0.0007877100384587842,
Lewy body dementia,brain,pericyte,187,0.0015553263690198948,oxidative_stress_cell
normal,central nervous system,interneuron,187,0.00025172539586174216,neuron_stressed
normal,endocrine gland,progenitor cell,186,0.00026523912876076286,
COVID-19,respiratory system,"CD8-positive, alpha-beta memory T cell",186,0.0026124329335093684,oxidative_stress_cell
COVID-19,respiratory system,pulmonary ionocyte,186,0.0026124329335093684,
normal,lung,ionocyte,185,5.875201821122017e-05,
neuroblastoma,lymph node,dendritic cell,185,0.005410780614781668,oxidative_stress_cell
normal,lymph node,follicular dendritic cell,185,0.0002012124956222687,oxidative_stress_cell
chronic obstructive pulmonary disease,lung,leukocyte,185,0.0020541404810019764,
Crohn disease,colon,T cell,184,0.005429490395113459,oxidative_stress_cell
normal,large intestine,dendritic cell,184,0.0009914647814466765,oxidative_stress_cell
normal,breast,plasmacytoid dendritic cell,184,7.815128049174145e-05,oxidative_stress_cell
normal,adipose tissue,stromal cell,184,0.00040174497054598017,oxidative_stress_cell
lung adenocarcinoma,skeletal system,macrophage,183,0.15149006622516556,oxidative_stress_cell
normal,musculature,non-myelinating Schwann cell,183,0.00031396204662079044,
normal,colon,smooth muscle cell,183,0.00027279110015309094,
normal,blood,IgG plasma cell,183,1.3239128613576748e-05,oxidative_stress_cell
normal,yolk sac,hematopoietic multipotent progenitor cell,183,0.003227171727859486,
B-cell non-Hodgkin lymphoma,bone marrow,small pre-B-II cell,183,0.00306296655843069,
COVID-19,digestive system,T cell,183,0.010125601726332098,oxidative_stress_cell
squamous cell lung carcinoma,lung,granulocyte,182,0.0007754646396645902,
bipolar disorder,brain,GABAergic neuron,182,0.023657870791628753,neuron_stressed
Crohn disease,small intestine,fibroblast of gingiva,182,0.0012508247195953375,oxidative_stress_cell
frontotemporal dementia,brain,L2/3-6 intratelencephalic projecting glutamatergic neuron,182,0.0015353985287170143,neuron_stressed
influenza,blood,platelet,182,0.0061172358160795914,
normal,colon,"CD4-positive, CD25-positive, alpha-beta regulatory T cell",182,0.0002713004384036205,oxidative_stress_cell
COVID-19,lung,myofibroblast cell,181,0.00022264098955924466,oxidative_stress_cell
benign prostatic hyperplasia,prostate gland,CD141-positive myeloid dendritic cell,181,0.0030240756520141013,oxidative_stress_cell
myocardial infarction,brain,L2/3 intratelencephalic projecting glutamatergic neuron,181,0.08807785888077858,neuron_stressed
Down syndrome,bone marrow,"CD8-positive, alpha-beta T cell",181,0.010810487965119752,oxidative_stress_cell
Crohn disease,small intestine,TREM2-positive macrophage,180,0.0012370793930063777,oxidative_stress_cell
normal,lung,mesothelial cell of pleura,180,5.716412582713314e-05,
normal,adipose tissue,Schwann cell,180,0.0003930113842297632,
normal,prostate gland,dendritic cell,180,0.002066471499913897,oxidative_stress_cell
normal,liver,memory B cell,180,0.00018827939825904317,oxidative_stress_cell
normal,kidney,plasmacytoid dendritic cell,179,0.00027201621763728843,oxidative_stress_cell
progressive supranuclear palsy,brain,lamp5 GABAergic cortical interneuron,179,0.0014034592526383466,neuron_stressed
gastric cancer,stomach,parietal cell,178,0.0008168022650202136,
malignant ovarian serous tumor,ovary,mast cell,178,0.001265264923728693,oxidative_stress_cell
normal,small intestine,"CD34-positive, CD56-positive, CD117-positive common innate lymphoid precursor, human",178,0.00014990849686413323,
normal,intestine,plasma cell,178,0.0006303562575253205,oxidative_stress_cell
normal,small intestine,precursor B cell,177,0.00014906631429748078,oxidative_stress_cell
normal,kidney,IgG plasma cell,177,0.00026897693028938576,oxidative_stress_cell
malignant ovarian serous tumor,abdomen,mast cell,177,0.0007274191824959108,oxidative_stress_cell
normal,endocrine gland,immature B cell,177,0.00025240497736911307,oxidative_stress_cell
chronic obstructive pulmonary disease,lung,dendritic cell,177,0.001965312784526215,oxidative_stress_cell
normal,bone marrow,basophil,177,0.0002330290351544706,
normal,central nervous system,glycinergic amacrine cell,176,0.00023691801963458088,
normal,lymph node,dendritic cell,176,0.00019142377961902317,oxidative_stress_cell
normal,small intestine,non-classical monocyte,176,0.00014822413173082834,oxidative_stress_cell
inflammatory bowel disease,colon,IgM plasma cell,175,0.004666915568830338,oxidative_stress_cell
normal,respiratory system,myoepithelial cell,175,0.0003383630190488712,oxidative_stress_cell
non-specific interstitial pneumonia,lung,smooth muscle cell,175,0.005847953216374269,
normal,digestive system,Schwann cell,175,0.0024240913120567374,
triple-negative breast carcinoma,exocrine gland,T follicular helper cell,175,0.007210250916731902,
gastric cancer,stomach,cycling T cell,175,0.0008030359347108841,oxidative_stress_cell
normal,bone marrow,mature NK T cell,175,0.0002303959387120472,oxidative_stress_cell
normal,skin of body,pro-B cell,175,0.0002595649691117687,oxidative_stress_cell
nonpapillary renal cell carcinoma,vasculature,activated type II NK T cell,175,0.03981797497155859,oxidative_stress_cell
normal,colon,enteroendocrine cell of colon,175,0.0002608658061573274,
lung adenocarcinoma,lung,alveolar type 1 fibroblast cell,174,0.00024114853225084437,oxidative_stress_cell
normal,skin of body,B-1 B cell,174,0.00025808174071684426,oxidative_stress_cell
aspiration pneumonia,brain,ependymal cell,174,0.017052136417091336,
inflammatory bowel disease,colon,transit amplifying cell,174,0.004640247479865593,
normal,gallbladder,endothelial cell,174,0.008787878787878787,oxidative_stress_cell
digestive system disorder,small intestine,paneth cell,174,0.0019365824883971997,gut_fermentative_microbe
normal,vasculature,mast cell,174,0.0012510785159620362,oxidative_stress_cell
lung adenocarcinoma,brain,myeloid cell,173,0.006330503512880562,
pulmonary fibrosis,lung,conventional dendritic cell,173,0.0006432852914491395,oxidative_stress_cell
neuroblastoma,neck,Schwann cell,173,0.02682170542635659,
normal,large intestine,paneth cell of colon,173,0.0009321924303819295,gut_fermentative_microbe
normal,hindlimb,endothelial cell of lymphatic vessel,173,0.0019891459320240997,oxidative_stress_cell
normal,endocrine gland,myofibroblast cell,172,0.0002452748932626409,oxidative_stress_cell
normal,liver,"central memory CD4-positive, alpha-beta T cell",172,0.0001799114250030857,oxidative_stress_cell
normal,lung,lung perichondrial fibroblast,172,5.4623498012593893e-05,oxidative_stress_cell
type 2 diabetes mellitus,brain,endothelial cell,172,0.01483270093135564,oxidative_stress_cell
normal,eye,cell of skeletal muscle,172,2.2032751941956507e-05,
normal,tendon of semitendinosus,endothelial cell of lymphatic vessel,172,0.01632963068451533,oxidative_stress_cell
normal,large intestine,"CD4-positive, alpha-beta memory T cell",172,0.0009268040348305889,oxidative_stress_cell
breast cancer,brain,T cell,172,0.01752062748293776,oxidative_stress_cell
normal,central nervous system,B cell,171,0.0002301873940767803,oxidative_stress_cell
normal,lung,immature alpha-beta T cell,171,5.4305919535776484e-05,oxidative_stress_cell
diabetes mellitus,brain,smooth muscle cell,171,0.0022560259640882884,
lung adenocarcinoma,adrenal gland,macrophage,170,0.047927826332111644,oxidative_stress_cell
inflammatory bowel disease,colon,mucosal invariant T cell,170,0.004533575124006614,oxidative_stress_cell
normal,lymph node,granulocyte,170,0.00018489796895019284,
myocarditis,heart,mast cell,170,0.002711107567179651,oxidative_stress_cell
lung adenocarcinoma,skeletal system,T cell,169,0.13990066225165562,oxidative_stress_cell
normal,liver,endothelial cell of artery,169,0.00017677343503210165,oxidative_stress_cell
acute promyelocytic leukemia,bone marrow,"CD8-positive, alpha-beta memory T cell",169,0.045259775040171396,oxidative_stress_cell
colorectal cancer,colon,tuft cell of colon,168,0.0040574809805579036,oxidative_stress_cell
normal,esophagus,adipocyte,168,0.001003236632469037,adipocyte_lipolytic
common variable immunodeficiency,blood,plasma cell,168,0.0025942340060840963,oxidative_stress_cell
normal,adipose tissue,leukocyte,168,0.00036681062528111234,
normal pressure hydrocephalus,brain,L2/3 intratelencephalic projecting glutamatergic neuron,168,0.03546548448385054,neuron_stressed
interstitial lung disease,lung,endothelial cell of lymphatic vessel,167,0.0005271448006792908,oxidative_stress_cell
acute myocardial infarction,brain,Bergmann glial cell,167,0.020789244366986183,
ulcerative colitis,colon,"naive thymus-derived CD8-positive, alpha-beta T cell",167,0.004652977069460311,oxidative_stress_cell
normal,bone marrow,CD4-positive helper T cell,167,0.00021986355294235363,oxidative_stress_cell
normal pressure hydrocephalus,brain,VIP GABAergic cortical interneuron,167,0.0352543804095419,neuron_stressed
normal,lung,T-helper 17 cell,167,5.303560562850686e-05,
chronic obstructive pulmonary disease,brain,L2/3 intratelencephalic projecting glutamatergic neuron,167,0.10965200262639527,neuron_stressed
normal,skeletal system,endothelial cell,167,0.004834833965432384,oxidative_stress_cell
aspiration pneumonia,brain,glial cell,167,0.016366130929047432,
normal,musculature,blood vessel smooth muscle cell,166,0.0002847961734374383,
normal,skin of body,"CD4-positive, alpha-beta memory T cell",166,0.00024621591355744913,oxidative_stress_cell
myelodysplastic syndrome,blood,endothelial cell,166,0.0009422502752960141,oxidative_stress_cell
non-specific interstitial pneumonia,lung,"CD8-positive, alpha-beta T cell",165,0.005513784461152882,oxidative_stress_cell
normal,digestive system,neural cell,165,0.0022855718085106383,
normal,endocrine gland,skeletal muscle satellite cell,165,0.00023529277551357996,
neuroblastoma,liver,B cell,165,0.006792080023051908,oxidative_stress_cell
luminal B breast carcinoma,pleural fluid,lymphocyte of B lineage,165,0.00576358809557077,
Crohn disease,colon,myofibroblast cell,165,0.004868836495618047,oxidative_stress_cell
breast carcinoma,breast,endothelial cell,165,0.022378950223789502,oxidative_stress_cell
normal,bladder organ,natural killer cell,165,0.002187371574774966,
triple-negative breast carcinoma,exocrine gland,mature NK T cell,164,0.00675703514482304,oxidative_stress_cell
lung adenocarcinoma,liver,vein endothelial cell,164,0.06931530008453085,oxidative_stress_cell
small cell lung carcinoma,axilla,fibroblast,164,0.025293028994447873,oxidative_stress_cell
normal,colon,plasmablast,164,0.00024446852691315256,
normal,small intestine,plasmablast,164,0.00013811794093099915,
chronic obstructive pulmonary disease,lung,neutrophil,164,0.0018209677777531034,oxidative_stress_cell
open-angle glaucoma,blood,innate lymphoid cell,163,0.0011673458279919504,
diffuse large B-cell lymphoma,lymph node,capillary endothelial cell,163,0.00699240701814594,oxidative_stress_cell
isolated focal cortical dysplasia type II,brain,vascular leptomeningeal cell,163,0.002649329540837058,
malignant ovarian serous tumor,fallopian tube,B cell,163,0.008286731062531773,oxidative_stress_cell
normal,exocrine gland,dendritic cell,163,0.0008445420820293879,oxidative_stress_cell
breast cancer,brain,L4 intratelencephalic projecting glutamatergic neuron,162,0.01650198635020882,neuron_stressed
normal,respiratory system,brush cell of tracheobronchial tree,162,0.0003132274804909551,
non-specific interstitial pneumonia,lung,multiciliated columnar cell of tracheobronchial tree,162,0.005413533834586466,
normal,uterus,basal cell,162,0.0005263328893076448,
normal,reproductive system,neutrophil progenitor cell,162,0.0004445359127392468,oxidative_stress_cell
breast cancer,neck,endothelial cell,161,0.011708239400770853,oxidative_stress_cell
invasive lobular breast carcinoma,exocrine gland,"CD4-positive, alpha-beta memory T cell",161,0.040894081788163575,oxidative_stress_cell
influenza,blood,intermediate monocyte,161,0.005411400914224254,oxidative_stress_cell
COVID-19,nose,Langerhans cell,161,0.0018266187131981712,
cardiomyopathy,brain,oligodendrocyte precursor cell,161,0.12529182879377432,microglia_activated
invasive lobular breast carcinoma,breast,memory B cell,160,0.009770992366412214,oxidative_stress_cell
normal,esophagus,gamma-delta T cell,160,0.000955463459494321,oxidative_stress_cell
lung adenocarcinoma,brain,pericyte,160,0.00585480093676815,oxidative_stress_cell
normal,yolk sac,mast cell,160,0.002821570909603922,oxidative_stress_cell
normal,skin of body,cell of skeletal muscle,160,0.00023731654318790278,
normal,spinal cord,macrophage,159,0.0031955945011656888,oxidative_stress_cell
Crohn disease,small intestine,innate lymphoid cell,159,0.0010927534638223004,
non-small cell lung carcinoma,lung,pulmonary alveolar type 1 cell,158,0.001678048366026955,
small cell lung carcinoma,liver,fibroblast,158,0.016193502101055652,oxidative_stress_cell
normal,large intestine,colon endothelial cell,158,0.00085136649711182,oxidative_stress_cell
small cell lung carcinoma,liver,neutrophil,158,0.016193502101055652,oxidative_stress_cell
lymphoid interstitial pneumonia,lung,lung interstitial macrophage,158,0.00947185420538337,oxidative_stress_cell
normal,blood,proerythroblast,158,1.1430504486038941e-05,
normal,stomach,erythroblast,158,0.0005557861560000282,
Down syndrome,bone marrow,natural killer cell,158,0.009436779549662546,
normal,lung,contractile cell,158,5.0177399337150205e-05,
normal,small intestine,follicular dendritic cell,158,0.00013306484553108453,oxidative_stress_cell
normal,prostate gland,vascular associated smooth muscle cell,158,0.0018139027610355317,
lung adenocarcinoma,lung,natural T-regulatory cell,157,0.0002175880434677159,
breast cancer,lung,B cell,157,0.05300472653612424,oxidative_stress_cell
normal,musculature,epithelial cell,157,0.0002693554170462519,oxidative_stress_cell
non-small cell lung carcinoma,lung,capillary endothelial cell,157,0.0016674278067483033,oxidative_stress_cell
aspiration pneumonia,brain,neural cell,156,0.01528812230497844,
chronic obstructive pulmonary disease,brain,L4 intratelencephalic projecting glutamatergic neuron,156,0.10242941562705186,neuron_stressed
normal,lung,enterocyte,156,4.954224238351539e-05,oxidative_stress_cell
normal,cortex,oligodendrocyte,156,0.0010416249348984415,microglia_activated
normal,esophagus,epithelial cell of lung,156,0.000931576873006963,oxidative_stress_cell
type 2 diabetes mellitus,kidney,leukocyte,156,0.013554609436093492,
normal,uterus,stromal cell of endometrium,155,0.0005035901101400305,oxidative_stress_cell
ulcerative colitis,colon,conventional dendritic cell,155,0.00431863141177454,oxidative_stress_cell
normal,liver,immature innate lymphoid cell,155,0.00016212948183417605,
normal,central nervous system,mast cell,155,0.00020864939229181837,oxidative_stress_cell
Parkinson disease,brain,vascular leptomeningeal cell,154,8.507690344379151e-05,
normal,embryo,microglial cell,154,0.00038447615124393016,microglia_activated
normal,brain,neutrophil,154,8.306440333787294e-06,oxidative_stress_cell
lung adenocarcinoma,liver,neutrophil,154,0.0650887573964497,oxidative_stress_cell
adenocarcinoma,small intestine,colon goblet cell,154,0.045874292523086085,oxidative_stress_cell
normal,endocrine gland,chondrocyte,154,0.0002196065904793413,
normal,tongue,neutrophil,154,0.003973783351395985,oxidative_stress_cell
lung adenocarcinoma,lymph node,dendritic cell,153,0.0028349082823790994,oxidative_stress_cell
normal,central nervous system,committed oligodendrocyte precursor,153,0.00020595714206869816,microglia_activated
open-angle glaucoma,blood,dendritic cell,153,0.0010957295195261865,oxidative_stress_cell
normal,omentum,monocyte,153,0.011410246849131181,oxidative_stress_cell
invasive ductal breast carcinoma,breast,endothelial cell of lymphatic vessel,152,0.0008132256166069231,oxidative_stress_cell
normal,respiratory system,connective tissue cell,152,0.00029389245083101957,
normal,central nervous system,OFF midget ganglion cell,152,0.00020461101695713803,
lung adenocarcinoma,adrenal gland,"CD8-positive, alpha-beta T cell",152,0.04285311530871159,oxidative_stress_cell
normal,esophagus,gastrointestinal tract (lamina propria) macrophage,152,0.0009076902865196049,oxidative_stress_cell
Crohn disease,small intestine,"activated CD4-positive, alpha-beta T cell, human",151,0.0010377721574664615,oxidative_stress_cell
chronic obstructive pulmonary disease,lung,epithelial cell of lower respiratory tract,151,0.0016766227709799917,oxidative_stress_cell
dementia,brain,natural killer cell,151,0.00010825350533453201,
normal,adrenal gland,IgA plasma cell,151,0.00034483624845565883,oxidative_stress_cell
normal,musculature,subcutaneous adipocyte,150,0.00025734593985310693,adipocyte_lipolytic
normal,musculature,erythrocyte,150,0.00025734593985310693,
normal,reproductive system,megakaryocyte,150,0.00041160732661041366,
normal,small intestine,"activated CD4-positive, alpha-beta T cell, human",150,0.00012632738499786508,oxidative_stress_cell
acute myeloid leukemia,bone marrow,"naive thymus-derived CD4-positive, alpha-beta T cell",149,0.005349705586672411,oxidative_stress_cell
normal,skin of body,epithelial cell of nephron,149,0.00022100103084373446,oxidative_stress_cell
chronic obstructive pulmonary disease,lung,plasmacytoid dendritic cell,149,0.0016544158468610513,oxidative_stress_cell
normal,immune system,macrophage,149,0.0029875285720014438,oxidative_stress_cell
cystic fibrosis,skeletal system,B cell,149,0.009397666351308736,oxidative_stress_cell
normal,eye,erythrocyte,148,1.8958414461683507e-05,
normal,colon,TREM2-positive macrophage,148,0.00022061793892162547,oxidative_stress_cell
normal,nose,vein endothelial cell,148,0.000623428265732086,oxidative_stress_cell
normal,musculature,granulocyte,148,0.00025391466065506553,
frontotemporal dementia,brain,sst GABAergic cortical interneuron,148,0.0012485658365391104,neuron_stressed
normal,pancreas,mast cell,148,0.0003481034243498345,oxidative_stress_cell
invasive lobular breast carcinoma,breast,natural killer cell,148,0.009038167938931297,
breast cancer,brain,cerebral cortex neuron,148,0.015075888764388305,neuron_stressed
normal,spinal cord,ependymal cell,147,0.0029544175576814856,
periodontitis,mucosa,endothelial cell of lymphatic vessel,147,0.0038161993769470406,oxidative_stress_cell
Parkinson disease,brain,perivascular macrophage,147,8.120977146907371e-05,oxidative_stress_cell
non-small cell lung carcinoma,lung,plasmacytoid dendritic cell,147,0.0015612222139617872,oxidative_stress_cell
myocardial infarction,heart,Schwann cell,147,0.0007815490621411255,
normal,skeletal system,stromal cell,147,0.004255811933644075,oxidative_stress_cell
COVID-19,nose,club cell,147,0.001667782303354852,oxidative_stress_cell
invasive lobular breast carcinoma,breast,plasmablast,147,0.008977099236641221,
normal,central nervous system,leukocyte,146,0.0001965342662877773,
normal,stomach,fibroblast of gingiva,146,0.0005135745492152159,oxidative_stress_cell
invasive lobular breast carcinoma,breast,endothelial cell of artery,146,0.008916030534351145,oxidative_stress_cell
normal,esophagus,endothelial cell of artery,146,0.0008718604067885679,oxidative_stress_cell
normal,ovary,erythroid lineage cell,145,0.0008285619592918938,
normal,intestine,hematopoietic cell,145,0.0005134924569728734,
COVID-19,nose,T cell,145,0.001645091387662949,oxidative_stress_cell
colorectal cancer,intestine,macrophage,145,0.02056737588652482,oxidative_stress_cell
nonpapillary renal cell carcinoma,vasculature,"effector memory CD8-positive, alpha-beta T cell",145,0.03299203640500569,oxidative_stress_cell
Wilms tumor,kidney,leukocyte,144,0.031061259706643658,
cardiomyopathy,brain,microglial cell,144,0.11206225680933853,microglia_activated
normal,esophagus,plasma cell,144,0.0008599171135448889,oxidative_stress_cell
heart failure,brain,macroglial cell,144,0.03134523291249456,
glioblastoma,cerebrospinal fluid,natural killer cell,144,0.016203443231686734,
bipolar disorder,brain,L6 intratelencephalic projecting glutamatergic neuron,143,0.01858832705056545,neuron_stressed
gastric cancer,stomach,type X enteroendocrine cell,143,0.0006561950780780367,
normal,vasculature,vein endothelial cell,143,0.0010281852171412137,oxidative_stress_cell
normal,colon,fibroblastic reticular cell,143,0.00021316463017427326,oxidative_stress_cell
normal,endocrine gland,keratinocyte,143,0.00020392040544510263,oxidative_stress_cell
myocardial infarction,brain,pvalb GABAergic cortical interneuron,143,0.06958637469586375,neuron_stressed
normal,esophagogastric junction,unknown,142,0.011118941351499491,
normal,lung,bronchial goblet cell,142,4.5096143708071705e-05,oxidative_stress_cell
normal,lymph node,"CD34-positive, CD56-positive, CD117-positive common innate lymphoid precursor, human",142,0.0001544441858289846,
normal,eye,muscle cell,142,1.818983009161526e-05,
normal,esophagus,capillary endothelial cell,141,0.0008420021736793704,oxidative_stress_cell
COVID-19,nose,regulatory T cell,141,0.0015997095562791436,oxidative_stress_cell
Alzheimer disease,brain,blood vessel endothelial cell,141,0.00023181829391600287,oxidative_stress_cell
injury,musculature,dendritic cell,141,0.025451263537906138,oxidative_stress_cell
lung adenocarcinoma,lymph node,vein endothelial cell,141,0.002612562534741523,oxidative_stress_cell
normal,colon,"central memory CD4-positive, alpha-beta T cell",141,0.0002101833066753324,oxidative_stress_cell
normal,digestive system,endothelial cell of lymphatic vessel,141,0.001953125,oxidative_stress_cell
chronic obstructive pulmonary disease,respiratory system,endothelial cell of lymphatic vessel,141,0.007403517983722762,oxidative_stress_cell
non-small cell lung carcinoma,lung,multiciliated epithelial cell,140,0.001486878299011226,oxidative_stress_cell
normal,spinal cord,professional antigen presenting cell,140,0.0028137310073157004,
normal,esophagus,peripheral nervous system neuron,140,0.0008360305270575308,neuron_stressed
normal,uterus,kidney loop of Henle epithelial cell,140,0.00045485558335228563,oxidative_stress_cell
bronchopulmonary dysplasia,lung,vascular associated smooth muscle cell,140,0.0009291768157110525,
normal,milk,fibroblast,140,0.0028879079169932755,oxidative_stress_cell
frontotemporal dementia,brain,GABAergic neuron,140,0.0011810757913207801,neuron_stressed
nonpapillary renal cell carcinoma,kidney,unswitched memory B cell,139,0.0007004494970873395,oxidative_stress_cell
Crohn disease,small intestine,enteroglial cell,139,0.0009553001979327029,
invasive ductal breast carcinoma,exocrine gland,cytotoxic T cell,139,0.02058649289099526,oxidative_stress_cell
normal,pancreas,endothelial cell of lymphatic vessel,139,0.00032693497286910133,oxidative_stress_cell
normal,tongue,monocyte,139,0.0035867265314548174,oxidative_stress_cell
ulcerative colitis,colon,fibroblastic reticular cell,139,0.003872837201526845,oxidative_stress_cell
normal,prostate gland,erythrocyte,139,0.0015957752138223982,
normal,musculature,mature NK T cell,138,0.0002367582646648584,oxidative_stress_cell
normal,brain,noradrenergic cell,138,7.44343354586134e-06,
HIV infectious disease,blood,"CD16-positive, CD56-dim natural killer cell, human",138,0.07881210736721873,
normal,prostate gland,B cell,138,0.0015842948166006545,oxidative_stress_cell
colon adenocarcinoma,large intestine,glandular secretory epithelial cell,138,0.0005364410633972268,oxidative_stress_cell
lung adenocarcinoma,pleural fluid,dendritic cell,138,0.006442276270949069,oxidative_stress_cell
normal,eye,platelet,137,1.754934311655838e-05,
injury,musculature,mononuclear phagocyte,137,0.02472924187725632,
normal,large intestine,enteroendocrine cell,137,0.0007382101905336667,
normal,esophagogastric junction,glandular cell of esophagus,137,0.010727429332080495,
normal,large intestine,vascular associated smooth muscle cell,137,0.0007382101905336667,
lung adenocarcinoma,lymph node,conventional dendritic cell,137,0.0025384472855289977,oxidative_stress_cell
injury,musculature,stromal cell,137,0.02472924187725632,oxidative_stress_cell
malignant ovarian serous tumor,urinary bladder,T cell,137,0.021864028088094477,oxidative_stress_cell
normal pressure hydrocephalus,brain,pvalb GABAergic cortical interneuron,136,0.028710154105974245,neuron_stressed
normal,small intestine,neutrophil,136,0.000114536829064731,oxidative_stress_cell
normal,uterus,memory T cell,136,0.00044185970954222035,oxidative_stress_cell
normal,reproductive system,common myeloid progenitor,136,0.0003731906427934417,
injury,musculature,endothelial cell of venule,136,0.02454873646209386,oxidative_stress_cell
normal,placenta,"CD16-positive, CD56-dim natural killer cell, human",136,0.0002610880845925394,
gastric cancer,stomach,myofibroblast cell,136,0.0006240736406896014,oxidative_stress_cell
normal,liver,myofibroblast cell,136,0.00014225554535127706,oxidative_stress_cell
interstitial lung disease,lung,lung macrophage,135,0.0004261350185131991,oxidative_stress_cell
HIV infectious disease,blood,mature B cell,135,0.07709880068532267,oxidative_stress_cell
normal,adipose tissue,activated type II NK T cell,135,0.0002947585381723224,oxidative_stress_cell
normal,uterus,B cell,135,0.000438610741089704,oxidative_stress_cell
influenza,brain,microglial cell,135,0.028142589118198873,microglia_activated
normal,skin of body,sebocyte,135,0.00020023583331479298,
normal,mucosa,club cell,135,0.0014760873843731549,oxidative_stress_cell
normal,forelimb,macrophage,135,0.0034630479952799938,oxidative_stress_cell
normal,kidney,"naive thymus-derived CD4-positive, alpha-beta T cell",135,0.0002051518959834298,oxidative_stress_cell
normal,stomach,epithelial cell of lung,135,0.00047488057632913796,oxidative_stress_cell
normal,nose,mucosal invariant T cell,135,0.0005686676748231865,oxidative_stress_cell
normal,nose,macrophage,134,0.000564455321676348,oxidative_stress_cell
normal,embryo,unknown,134,0.00033454418354991327,
bipolar disorder,brain,L5/6 near-projecting glutamatergic neuron,134,0.017418432341089304,neuron_stressed
normal,stomach,enteroglial cell,134,0.0004713629424304036,
normal,pancreas,mesothelial cell,134,0.0003151747220464718,
type 2 diabetes mellitus,brain,L6 corticothalamic-projecting glutamatergic cortical neuron,134,0.011555708865125906,neuron_stressed
invasive ductal breast carcinoma,exocrine gland,macrophage,134,0.019845971563981043,oxidative_stress_cell
small cell lung carcinoma,lymph node,macrophage,133,0.007152845003764655,oxidative_stress_cell
breast cancer,breast,capillary endothelial cell,133,0.00022661364248204981,oxidative_stress_cell
acute myeloid leukemia,bone marrow,naive B cell,133,0.004775240557231078,oxidative_stress_cell
injury,musculature,T cell,133,0.0240072202166065,oxidative_stress_cell
normal,spleen,platelet,133,0.00023023246554735604,
ulcerative colitis,colon,gamma-delta T cell,133,0.0037056643726839597,oxidative_stress_cell
influenza,blood,IgG memory B cell,133,0.004470287711750471,oxidative_stress_cell
normal,spleen,"double-positive, alpha-beta thymocyte",133,0.00023023246554735604,
interstitial lung disease,lung,pulmonary neuroendocrine cell,133,0.0004198219071278184,
normal,exocrine gland,erythrocyte,132,0.0006839236492507927,
chronic kidney disease,kidney,neutrophil,132,0.000495231520735944,oxidative_stress_cell
normal,liver,professional antigen presenting cell,132,0.0001380715587232983,
normal,small intestine,endothelial cell of arteriole,132,0.00011116809879812126,oxidative_stress_cell
normal,esophagus,pericyte,132,0.0007882573540828148,oxidative_stress_cell
cystic fibrosis,lung,club cell,132,0.007504263786242183,oxidative_stress_cell
COVID-19,lung,bronchial goblet cell,131,0.00016113795376939807,oxidative_stress_cell
HIV infectious disease,blood,CD14-positive monocyte,131,0.07481439177612793,oxidative_stress_cell
normal,blood,peripheral blood mononuclear cell,131,9.477190428298109e-06,
normal,bone marrow,muscle cell,131,0.00017246781697873248,
bipolar disorder,brain,endothelial cell,131,0.017028467437930586,oxidative_stress_cell
normal,kidney,neuron,131,0.00019907332128762449,neuron_stressed
ulcerative colitis,colon,intestinal crypt stem cell,131,0.003649940096402998,gut_fermentative_microbe
adenocarcinoma,colon,stem cell,131,0.03026103026103026,
vascular dementia,brain,T cell,131,0.0015794740713054173,oxidative_stress_cell
normal,pancreas,mesenchymal cell,131,0.00030811857155289406,
COVID-19,saliva,B cell,131,0.009033236794924838,oxidative_stress_cell
gastric cancer,stomach,plasmablast,131,0.0006011297568407189,
normal,lamina propria,"effector memory CD8-positive, alpha-beta T cell, terminally differentiated",130,0.005488242495883818,oxidative_stress_cell
normal,small intestine,interneuron,130,0.0001094837336648164,neuron_stressed
Down syndrome,bone marrow,megakaryocyte-erythroid progenitor cell,130,0.007764438869975512,
type 2 diabetes mellitus,brain,L5/6 near-projecting glutamatergic neuron,130,0.011210762331838564,neuron_stressed
lung adenocarcinoma,liver,"CD4-positive, alpha-beta T cell",130,0.054945054945054944,oxidative_stress_cell
heart failure,heart,pericyte,130,0.011077971878994461,oxidative_stress_cell
normal,breast,contractile cell,130,5.5215578608295586e-05,
breast cancer,breast,cycling stromal cell,130,0.00022150205656140207,oxidative_stress_cell
normal,kidney,columnar/cuboidal epithelial cell,129,0.00019603403393972182,oxidative_stress_cell
respiratory system disorder,blood,mature NK T cell,129,0.001358080579447714,oxidative_stress_cell
normal,lymph node,capillary endothelial cell,129,0.00014030492937985221,oxidative_stress_cell
chromophobe renal cell carcinoma,kidney,macrophage,129,0.05007763975155279,oxidative_stress_cell
respiratory system disorder,blood,class switched memory B cell,129,0.001358080579447714,oxidative_stress_cell
non-specific interstitial pneumonia,lung,endothelial cell of respiratory system lymphatic vessel,129,0.00431077694235589,oxidative_stress_cell
myocardial infarction,brain,sst GABAergic cortical interneuron,129,0.06277372262773723,neuron_stressed
respiratory system disorder,blood,plasmacytoid dendritic cell,129,0.001358080579447714,oxidative_stress_cell
normal,intestine,intestine goblet cell,128,0.00045328989305191584,oxidative_stress_cell
digestive system disorder,small intestine,plasmacytoid dendritic cell,128,0.0014246124052577102,oxidative_stress_cell
normal,adrenal gland,gamma-delta T cell,128,0.0002923115218696976,oxidative_stress_cell
type 2 diabetes mellitus,kidney,fibroblast,128,0.011121730819358763,oxidative_stress_cell
influenza,brain,cerebral cortex neuron,128,0.026683343756514488,neuron_stressed
triple-negative breast carcinoma,pleural fluid,lymphocyte of B lineage,128,0.005390835579514825,
normal,central nervous system,retinal ganglion cell,128,0.00017230401427969518,
opiate dependence,brain,mural cell,128,0.002352984429860843,
normal,esophagus,monocyte,128,0.0007643707675954568,oxidative_stress_cell
normal,stomach,myeloid cell,127,0.00044673950513926313,
normal,adipose tissue,"effector memory CD8-positive, alpha-beta T cell",127,0.0002772913655398885,oxidative_stress_cell
estrogen-receptor positive breast cancer,breast,"plasmacytoid dendritic cell, human",127,0.001448977729098211,oxidative_stress_cell
normal,respiratory system,lung interstitial macrophage,127,0.0002455548766811808,oxidative_stress_cell
normal,mucosa,melanocyte,127,0.0013886155393732643,
normal,large intestine,myofibroblast cell,127,0.0006843262350202604,oxidative_stress_cell
normal,bladder organ,endothelial cell of lymphatic vessel,127,0.0016836132727055797,oxidative_stress_cell
normal,skin of body,large pre-B-II cell,127,0.00018837000615539785,
invasive lobular breast carcinoma,breast,endothelial cell of vascular tree,127,0.0077557251908396945,oxidative_stress_cell
normal,respiratory system,mesenchymal cell,126,0.00024362137371518729,
amyotrophic lateral sclerosis,brain,L5/6 near-projecting glutamatergic neuron,126,0.0007345268422924233,neuron_stressed
normal,brain,Schwann cell precursor,126,6.796178454916876e-06,
non-small cell lung carcinoma,lung,conventional dendritic cell,126,0.0013381904691101034,oxidative_stress_cell
normal,brain,pigmented epithelial cell,126,6.796178454916876e-06,oxidative_stress_cell
COVID-19,respiratory system,mucosal invariant T cell,126,0.001769712632377314,oxidative_stress_cell
normal,spleen,common myeloid progenitor,126,0.0002181149673606531,
normal,mucosa,myeloid dendritic cell,126,0.0013776815587482779,oxidative_stress_cell
COVID-19,respiratory system,T cell,125,0.001755667294025113,oxidative_stress_cell
interstitial lung disease,lung,mesothelial cell,125,0.0003945694615862955,
normal,lung,"plasmacytoid dendritic cell, human",125,3.9697309602175795e-05,oxidative_stress_cell
breast cancer,lung,fibroblast,125,0.04220121539500338,oxidative_stress_cell
acute kidney failure,kidney,mast cell,125,0.0009976774069965122,oxidative_stress_cell
normal,kidney,kidney collecting duct cell,125,0.00018995545924391648,oxidative_stress_cell
normal,spinal cord,vascular associated smooth muscle cell,125,0.002512259827960447,
normal,skin of body,megakaryocyte-erythroid progenitor cell,125,0.00018540354936554906,
breast cancer,skeletal system,mature NK T cell,125,0.011659360134315828,oxidative_stress_cell
chronic obstructive pulmonary disease,lung,mesothelial cell,124,0.0013768292953742977,
luminal B breast carcinoma,pleural fluid,unknown,124,0.00433142378091379,
COVID-19,brain,glial cell,124,0.0036190642967632723,
normal,lung,promonocyte,124,3.9379731125358386e-05,oxidative_stress_cell
COVID-19,saliva,ciliated cell,124,0.008550544752447937,
normal,colon,primary sensory neuron (sensu Teleostei),124,0.00018484205693433485,neuron_stressed
squamous cell carcinoma,skin of body,"naive thymus-derived CD8-positive, alpha-beta T cell",124,0.008089770354906054,oxidative_stress_cell
invasive lobular breast carcinoma,breast,monocyte,124,0.007572519083969466,oxidative_stress_cell
Down syndrome,bone marrow,plasmacytoid dendritic cell,124,0.00740608015289972,oxidative_stress_cell
nonpapillary renal cell carcinoma,adrenal gland,MHC-II-positive classical monocyte,124,0.026626583637534895,oxidative_stress_cell
ulcerative colitis,colon,macrophage,124,0.0034549051294196316,oxidative_stress_cell
normal,sensory system,melanocyte,123,0.05131414267834793,
lung adenocarcinoma,adrenal gland,plasma cell,123,0.03467719199323372,oxidative_stress_cell
normal,brain,arachnoid barrier cell,123,6.63436468218076e-06,
diffuse large B-cell lymphoma,stomach,mucous cell of stomach,123,0.08282828282828283,
normal,bone marrow,group 3 innate lymphoid cell,123,0.0001619354312090389,
normal,colon,migratory enteric neural crest cell,122,0.00018186073343539399,oxidative_stress_cell
normal,digestive system,plasmacytoid dendritic cell,122,0.0016899379432624114,oxidative_stress_cell
acute myocardial infarction,brain,committed oligodendrocyte precursor,122,0.015187352172289307,microglia_activated
normal,lymph node,myeloid dendritic cell,122,0.00013269148359955016,oxidative_stress_cell
normal,lymph node,pro-B cell,121,0.00013160384848807843,oxidative_stress_cell
normal,lymph node,immature alpha-beta T cell,121,0.00013160384848807843,oxidative_stress_cell
normal,forelimb,fibroblast,121,0.0031039170920657724,oxidative_stress_cell
COVID-19,digestive system,dendritic cell,121,0.006695069993913573,oxidative_stress_cell
Parkinson disease,brain,pericyte,121,6.68461384201219e-05,oxidative_stress_cell
luminal A breast carcinoma,pleural fluid,dendritic cell,121,0.011831426615820866,oxidative_stress_cell
melanoma,skin of body,fibroblast,120,0.009213759213759214,oxidative_stress_cell
normal,skin of body,early lymphoid progenitor,120,0.0001779874073909271,
frontotemporal dementia,brain,pvalb GABAergic cortical interneuron,120,0.0010123506782749544,neuron_stressed
type 2 diabetes mellitus,pancreas,mast cell,120,0.0015427733923015607,oxidative_stress_cell
normal,lymph node,endothelial cell of artery,120,0.0001305162133766067,oxidative_stress_cell
lung adenocarcinoma,lymph node,mast cell,120,0.0022234574763757642,oxidative_stress_cell
acute myeloid leukemia,bone marrow,"CD4-positive, alpha-beta cytotoxic T cell",120,0.004308487720809996,oxidative_stress_cell
normal,tendon of semitendinosus,adipocyte,119,0.01129782588056584,adipocyte_lipolytic
chronic obstructive pulmonary disease,respiratory system,respiratory tract suprabasal cell,119,0.00624835914938304,
neuroblastoma,adrenal gland,dendritic cell,119,0.0011239669421487604,oxidative_stress_cell
Crohn disease,colon,tuft cell,119,0.0035114638968396826,oxidative_stress_cell
lung adenocarcinoma,lung,tracheobronchial smooth muscle cell,119,0.0001649234214818993,
lung adenocarcinoma,lung,multiciliated columnar cell of tracheobronchial tree,119,0.0001649234214818993,
small cell lung carcinoma,axilla,dendritic cell,119,0.018352868599629858,oxidative_stress_cell
glioblastoma,cerebrospinal fluid,B cell,119,0.013390345448407786,oxidative_stress_cell
lung cancer,lung,plasmacytoid dendritic cell,119,0.0029039264013275092,oxidative_stress_cell
colorectal cancer,intestine,vein endothelial cell,119,0.016879432624113476,oxidative_stress_cell
chronic obstructive pulmonary disease,brain,cerebral cortex neuron,119,0.07813525935653316,neuron_stressed
respiratory system disorder,blood,unswitched memory B cell,118,0.0012422752587196142,oxidative_stress_cell
colorectal cancer,colon,"CD16-negative, CD56-bright natural killer cell, human",118,0.002849897355391861,
normal,reproductive system,immature innate lymphoid cell,118,0.0003237977636001921,
normal,spleen,promyelocyte,118,0.00020426639800442115,
ovarian cancer,ovary,mast cell,118,0.0020421231157953033,oxidative_stress_cell
normal,lymph node,smooth muscle cell,118,0.00012834094315366328,
normal,intestine,monocyte,118,0.00041787662015723494,oxidative_stress_cell
normal,endocrine gland,lymphocyte,118,0.00016826998491274202,
squamous cell lung carcinoma,lung,respiratory basal cell,118,0.0005027737773649541,
normal,yolk sac,natural killer cell,118,0.0020809085458328926,
metastatic melanoma,brain,monocyte,118,0.01083065626434144,oxidative_stress_cell
normal,skeletal system,renal intercalated cell,117,0.003387278885961611,
inflammatory bowel disease,colon,intestine goblet cell,117,0.00312016640887514,oxidative_stress_cell
type 2 diabetes mellitus,kidney,mesangial cell,117,0.01016595707707012,
Down syndrome,bone marrow,megakaryocyte,117,0.006987994982977961,
small cell lung carcinoma,lymph node,fibroblast,117,0.0062923523717328175,oxidative_stress_cell
prediabetes syndrome,pancreas,Schwann cell,117,0.001470311027332705,
COVID-19,lung,secretory cell,117,0.000143917103748241,
small cell lung carcinoma,liver,B cell,117,0.011991390796351337,oxidative_stress_cell
normal,intestine,regulatory T cell,116,0.00041079396557829875,oxidative_stress_cell
chronic obstructive pulmonary disease,respiratory system,pericyte,116,0.006090837490154897,oxidative_stress_cell
Crohn disease,small intestine,M cell of gut,116,0.0007972289421596657,
normal,bladder organ,dendritic cell,116,0.0015377885010539154,oxidative_stress_cell
normal,spleen,granulocyte monocyte progenitor cell,116,0.00020080425566536316,oxidative_stress_cell
invasive ductal breast carcinoma,breast,cycling stromal cell,116,0.0006206195495158098,oxidative_stress_cell
normal,exocrine gland,endothelial cell of artery,116,0.0006010238129779693,oxidative_stress_cell
colorectal cancer,large intestine,secretory cell,116,0.007213930348258706,
normal,prostate gland,"CD4-positive, alpha-beta T cell",116,0.0013317260777222892,oxidative_stress_cell
clear cell renal carcinoma,kidney,plasma cell,116,0.0007610999206094048,oxidative_stress_cell
normal,testis,male germ cell,116,0.005597375024126616,
normal,skin of body,professional antigen presenting cell,115,0.00017057126541630512,
normal,spleen,Kupffer cell,115,0.0001990731844958342,hepatocyte_sulfur
normal,central nervous system,diffuse bipolar 4a cell,115,0.00015480438782941363,
normal,spleen,early lymphoid progenitor,115,0.0001990731844958342,
malignant ovarian serous tumor,colon,B cell,115,0.006103386052436047,oxidative_stress_cell
nonpapillary renal cell carcinoma,vasculature,epithelial cell of proximal tubule,115,0.026166097838452786,oxidative_stress_cell
neuroblastoma,liver,dendritic cell,115,0.00473387395546042,oxidative_stress_cell
prostatic acinar adenocarcinoma,prostate gland,mast cell,115,0.0016832059951406575,oxidative_stress_cell
Down syndrome,bone marrow,precursor B cell,115,0.00686854207728603,oxidative_stress_cell
normal,tongue,plasma cell,115,0.00296743561954895,oxidative_stress_cell
lung adenocarcinoma,brain,vein endothelial cell,115,0.004208138173302108,oxidative_stress_cell
colorectal cancer,colon,"naive thymus-derived CD8-positive, alpha-beta T cell",115,0.0027774423378818984,oxidative_stress_cell
normal,stomach,TREM2-positive macrophage,115,0.00040452789835445084,oxidative_stress_cell
normal,lymph node,alveolar macrophage,114,0.00012399040270777637,oxidative_stress_cell
cystic fibrosis,lung,acinar cell,114,0.006480955088118249,
normal,kidney,primordial germ cell,114,0.00017323937883045184,
Alzheimer disease,brain,vascular leptomeningeal cell,113,0.00018578345540786045,
non-specific interstitial pneumonia,lung,tracheobronchial smooth muscle cell,113,0.0037761069340016707,
normal,colon,mature NK T cell,113,0.00016844477769015998,oxidative_stress_cell
Down syndrome,bone marrow,macrophage,113,0.006749089171594099,oxidative_stress_cell
pulmonary fibrosis,lung,multiciliated epithelial cell,113,0.0004201805660910565,oxidative_stress_cell
cystic fibrosis,skeletal system,endocardial cell,113,0.007127089246294544,
normal,adrenal gland,primordial germ cell,113,0.0002580562654005924,
normal,large intestine,mature conventional dendritic cell,113,0.0006088886973014915,oxidative_stress_cell
acute kidney failure,kidney,neutrophil,113,0.000901900375924847,oxidative_stress_cell
lymphoid interstitial pneumonia,lung,endothelial cell of respiratory system lymphatic vessel,113,0.0067741742101792455,oxidative_stress_cell
normal,yolk sac,promonocyte,113,0.00199273445490777,oxidative_stress_cell
normal,immune system,plasmacytoid dendritic cell,112,0.0022456590608333,oxidative_stress_cell
injury,musculature,endothelial cell of vascular tree,112,0.020216606498194945,oxidative_stress_cell
normal,esophagus,vascular associated smooth muscle cell,112,0.0006688244216460247,
normal,lymph node,T-helper 17 cell,112,0.00012181513248483293,
normal,blood,common dendritic progenitor,111,8.030291126267864e-06,oxidative_stress_cell
bipolar I disorder,brain,T cell,111,0.0007293275074739643,oxidative_stress_cell
invasive lobular breast carcinoma,breast,"effector memory CD8-positive, alpha-beta T cell",111,0.006778625954198474,oxidative_stress_cell
invasive lobular breast carcinoma,breast,myeloid cell,111,0.006778625954198474,
normal,lamina propria,lymphocyte,111,0.004686114746485414,
type 2 diabetes mellitus,brain,L6b glutamatergic neuron of the primary motor cortex,111,0.009572266298723698,neuron_stressed
colorectal cancer,intestine,capillary endothelial cell,111,0.01574468085106383,oxidative_stress_cell
Down syndrome,bone marrow,endothelial cell,111,0.006629636265902168,oxidative_stress_cell
cystic fibrosis,lung,epithelial cell of lower respiratory tract,111,0.006310403638430927,oxidative_stress_cell
COVID-19,nose,conventional dendritic cell,111,0.0012593458209006025,oxidative_stress_cell
progressive supranuclear palsy,brain,L6 intratelencephalic projecting glutamatergic neuron,111,0.0008703015477254551,neuron_stressed
influenza,brain,astrocyte,111,0.023139462163852407,microglia_activated
normal,reproductive system,plasmacytoid dendritic cell,111,0.0003045894216917061,oxidative_stress_cell
normal,large intestine,M cell of gut,110,0.0005927235106474696,
COVID-19,nose,macrophage,110,0.001248000363054651,oxidative_stress_cell
COVID-19,lung,ionocyte,110,0.0001353066787376625,
normal,small intestine,smooth muscle cell,110,9.264008233176771e-05,
normal,nose,T follicular helper cell,110,0.000463358846152226,
normal,yolk sac,hematopoietic stem cell,110,0.0019398300003526964,
chromophobe renal cell carcinoma,kidney,vascular associated smooth muscle cell,110,0.042701863354037264,
vascular dementia,brain,smooth muscle cell,109,0.0013142188837579425,
lung adenocarcinoma,lung,"CD4-positive, alpha-beta memory T cell",109,0.0001510643104330002,oxidative_stress_cell
multiple sclerosis,brain,vascular associated smooth muscle cell,109,0.009693196976433971,
basal cell carcinoma,skin of body,T-helper 17 cell,109,0.0009308442501152881,
normal,adipose tissue,unswitched memory B cell,109,0.00023799022711691215,oxidative_stress_cell
breast cancer,axilla,mature NK T cell,109,0.0012433412800711785,oxidative_stress_cell
normal,small intestine,type I enteroendocrine cell,109,9.179789976511528e-05,
normal,lamina propria,unknown,108,0.004559462996580403,
normal,small intestine,fibroblastic reticular cell,108,9.095571719846285e-05,oxidative_stress_cell
normal,blood,myelocyte,108,7.813256230963326e-06,
normal,uterus,blood vessel endothelial cell,108,0.00035088859287176323,oxidative_stress_cell
normal,brain,immature T cell,108,5.8252958185001795e-06,oxidative_stress_cell
normal,skin of body,myeloid dendritic cell,108,0.0001601886666518344,oxidative_stress_cell
normal,bone marrow,myeloid dendritic cell,108,0.00014218720789086343,oxidative_stress_cell
normal,colon,type L enteroendocrine cell,108,0.0001609914689428078,
follicular lymphoma,lymph node,follicular dendritic cell,108,0.0008801812521393294,oxidative_stress_cell
normal,tendon of semitendinosus,leukocyte,108,0.010253489034463116,
normal,lung,stratified epithelial cell,107,3.3980897019462476e-05,oxidative_stress_cell
squamous cell lung carcinoma,lung,lung macrophage,107,0.0004559050354072041,oxidative_stress_cell
normal,intestine,BEST4+ enterocyte,107,0.0003789220199730859,oxidative_stress_cell
normal,esophagus,glial cell,107,0.0006389661885368271,
invasive lobular breast carcinoma,breast,vascular associated smooth muscle cell,107,0.006534351145038168,
normal,prostate gland,"CD4-positive, alpha-beta thymocyte",107,0.0012284025027265943,
normal,bladder organ,capillary endothelial cell,107,0.0014184773242480082,oxidative_stress_cell
normal,omentum,fibroblast,107,0.007979715116712655,oxidative_stress_cell
normal,omentum,T cell,107,0.007979715116712655,oxidative_stress_cell
Down syndrome,bone marrow,promyelocyte,107,0.0063907304545183065,
normal,pancreas,hepatic stellate cell,107,0.00025166936760427226,
pneumonia,lung,non-classical monocyte,107,0.0033518153055790497,oxidative_stress_cell
normal,respiratory system,metallothionein-positive alveolar macrophage,106,0.00020495131439531627,oxidative_stress_cell
normal,central nervous system,diffuse bipolar 1 cell,106,0.00014268926182537257,
inflammatory bowel disease,colon,fibroblast,106,0.0028268174302629474,oxidative_stress_cell
normal,esophagogastric junction,P/D1 enteroendocrine cell,106,0.008300054811682719,
breast cancer,axilla,mast cell,106,0.0012091208778673846,oxidative_stress_cell
normal,lymph node,IgA plasma cell,106,0.0001152893218160026,oxidative_stress_cell
normal,bladder organ,erythrocyte,106,0.0014052205268251295,
common variable immunodeficiency,blood,B cell,106,0.0016368381228863943,oxidative_stress_cell
nonpapillary renal cell carcinoma,kidney,class switched memory B cell,106,0.000534155731591784,oxidative_stress_cell
normal,omentum,dendritic cell,106,0.007905138339920948,oxidative_stress_cell
progressive supranuclear palsy,brain,endothelial cell,105,0.0008232582208213765,oxidative_stress_cell
benign prostatic hyperplasia,prostate gland,mature NK T cell,105,0.0017542980301739261,oxidative_stress_cell
normal,pancreas,monocyte,105,0.00024696526727522043,oxidative_stress_cell
normal,musculature,classical monocyte,105,0.00018014215789717485,oxidative_stress_cell
acute kidney failure,kidney,lymphocyte,105,0.0008380490218770701,
frontotemporal dementia,brain,lamp5 GABAergic cortical interneuron,105,0.0008858068434905852,neuron_stressed
Down syndrome,bone marrow,hematopoietic multipotent progenitor cell,105,0.006271277548826375,
myocardial infarction,brain,L4 intratelencephalic projecting glutamatergic neuron,105,0.051094890510948905,neuron_stressed
inflammatory bowel disease,colon,"CD16-positive, CD56-dim natural killer cell, human",104,0.002773481252333458,
basal cell carcinoma,skin of body,melanocyte,104,0.0008881449725870638,
lung adenocarcinoma,lymph node,epithelial cell of lung,104,0.0019269964795256625,oxidative_stress_cell
gastric cancer,stomach,"plasmacytoid dendritic cell, human",104,0.000477232784056754,oxidative_stress_cell
injury,musculature,endothelial cell of arteriole,104,0.018772563176895306,oxidative_stress_cell
normal,skeletal system,macrophage,104,0.0030109145652992097,oxidative_stress_cell
normal,forelimb,muscle fibroblast,104,0.0026678295667342173,oxidative_stress_cell
small cell lung carcinoma,lymph node,endothelial cell,104,0.005593202108206949,oxidative_stress_cell
normal,uterus,T cell,104,0.0003378927190616979,oxidative_stress_cell
normal,exocrine gland,mature NK T cell,103,0.0005336676960063004,oxidative_stress_cell
invasive lobular breast carcinoma,exocrine gland,natural killer cell,103,0.026162052324104648,
inflammatory bowel disease,colon,plasmablast,103,0.002746813163368713,
lymphoid interstitial pneumonia,lung,alveolar macrophage,103,0.006174689766800552,oxidative_stress_cell
normal,spleen,large pre-B-II cell,103,0.00017830033046148627,
progressive supranuclear palsy,brain,L6 corticothalamic-projecting glutamatergic cortical neuron,103,0.0008075771118533502,neuron_stressed
Crohn disease,small intestine,tuft cell,103,0.0007078843193314273,oxidative_stress_cell
colorectal cancer,colon,endothelial cell of artery,103,0.002487622267842048,oxidative_stress_cell
invasive lobular breast carcinoma,exocrine gland,macrophage,103,0.026162052324104648,oxidative_stress_cell
normal,lung,pulmonary ionocyte,103,3.271058311219285e-05,
normal,uterus,neutrophil,103,0.0003346437506091816,oxidative_stress_cell
normal,skin of body,fraction A pre-pro B cell,102,0.00015128929628228802,oxidative_stress_cell
diffuse large B-cell lymphoma,stomach,salivary gland glandular cell,102,0.06868686868686869,
normal,mucosa,respiratory tract epithelial cell,102,0.001115266023748606,oxidative_stress_cell
normal,spleen,late pro-B cell,102,0.00017656925929195727,oxidative_stress_cell
bipolar disorder,brain,L6 corticothalamic-projecting glutamatergic cortical neuron,102,0.013258806707396334,neuron_stressed
normal,large intestine,natural killer cell,102,0.0005496163462367445,
Parkinson disease,brain,L6b glutamatergic neuron of the primary motor cortex,102,5.6349637345887884e-05,neuron_stressed
normal,brain,plasma cell,101,5.447730348782575e-06,oxidative_stress_cell
normal,skin of body,granulocyte monocyte progenitor cell,101,0.00014980606788736364,oxidative_stress_cell
malignant ovarian serous tumor,musculature,dendritic cell,101,0.005190400328896654,oxidative_stress_cell
normal,sensory system,endothelial cell of vascular tree,101,0.042136003337505216,oxidative_stress_cell
normal,uterus,myofibroblast cell,101,0.00032814581370414894,oxidative_stress_cell
Crohn disease,colon,conventional dendritic cell,101,0.002980318097317714,oxidative_stress_cell
cystic fibrosis,skeletal system,ionocyte,101,0.006370230211289814,
bronchopulmonary dysplasia,lung,plasma cell,101,0.0006703347027629737,oxidative_stress_cell
normal,skin of body,late pro-B cell,101,0.00014980606788736364,oxidative_stress_cell
normal,blood,T-helper 1 cell,101,7.306841475252741e-06,
inflammatory bowel disease,colon,BEST4+ enterocyte,101,0.0026934769854392235,oxidative_stress_cell
colorectal cancer,intestine,plasma cell,100,0.014184397163120567,oxidative_stress_cell
normal,respiratory system,"CD16-positive, CD56-dim natural killer cell, human",100,0.00019335029659935498,
non-specific interstitial pneumonia,lung,granzyme K-associated CD8 T cell,100,0.003341687552213868,oxidative_stress_cell
normal,stomach,cycling T cell,100,0.0003517633898734355,oxidative_stress_cell
squamous cell lung carcinoma,lung,T cell,100,0.00042607947234318144,oxidative_stress_cell
normal,pancreas,Schwann cell,100,0.0002352050164525909,
normal,central nervous system,diffuse bipolar 3a cell,99,0.00013326638604445174,
cystic fibrosis,skeletal system,stromal cell,99,0.0062440870387890255,oxidative_stress_cell
normal,brain,sst chodl GABAergic cortical interneuron,99,5.339854500291831e-06,neuron_stressed
ulcerative colitis,colon,BEST4+ enterocyte,99,0.002758351675907609,oxidative_stress_cell
normal,exocrine gland,monocyte,99,0.0005129427369380946,oxidative_stress_cell
COVID-19,digestive system,"CD8-positive, alpha-beta cytotoxic T cell",99,0.005477784540474742,oxidative_stress_cell
colorectal cancer,intestine,myeloid cell,99,0.014042553191489362,
bipolar II disorder,brain,L6b glutamatergic neuron of the primary motor cortex,98,0.0037000679604319263,neuron_stressed
colorectal cancer,colon,intestinal epithelial cell,98,0.002366863905325444,oxidative_stress_cell
normal,central nervous system,retinal pigment epithelial cell,98,0.00013192026093289164,oxidative_stress_cell
lung adenocarcinoma,lung,nasal mucosa goblet cell,98,0.0001358192882792112,oxidative_stress_cell
normal,adrenal gland,professional antigen presenting cell,98,0.0002238010089314872,
normal,digestive system,gut endothelial cell,98,0.001357491134751773,oxidative_stress_cell
invasive lobular breast carcinoma,exocrine gland,mast cell,98,0.02489204978409957,oxidative_stress_cell
normal,lung,mature alpha-beta T cell,98,3.112269072810582e-05,oxidative_stress_cell
bronchopulmonary dysplasia,lung,mature conventional dendritic cell,98,0.0006504237709977368,oxidative_stress_cell
diffuse large B-cell lymphoma,respiratory system,basal cell of epithelium of lobular bronchiole,97,0.03903420523138833,
normal,lymph node,glial cell,97,0.00010550060581275709,
normal,tongue,endothelial cell of lymphatic vessel,97,0.002502967435619549,oxidative_stress_cell
chronic obstructive pulmonary disease,respiratory system,bronchiolar smooth muscle cell,97,0.005093200315043319,
normal,lymph node,T-helper 1 cell,97,0.00010550060581275709,
normal,mucosa,mural cell,97,0.0010605961206236743,
normal,forelimb,peridermal cell,96,0.002462611907754662,
colorectal cancer,colon,cycling T cell,96,0.002318560560318802,oxidative_stress_cell
amyotrophic lateral sclerosis,brain,pericyte,96,0.0005596394988894653,oxidative_stress_cell
macular degeneration,eye,pericyte,95,0.02422233554309026,oxidative_stress_cell
inflammatory bowel disease,colon,macrophage,95,0.0025334684516507546,oxidative_stress_cell
age related macular degeneration 7,eye,retinal pigment epithelial cell,95,0.05584950029394474,oxidative_stress_cell
normal,small intestine,reticular cell,95,8.00073438319812e-05,
normal,omentum,CD4-positive helper T cell,95,0.007084793795212171,oxidative_stress_cell
normal,head,radial glial cell,95,0.013968534039111895,
normal,central nervous system,promyelocyte,95,0.00012788188559821126,
invasive lobular breast carcinoma,exocrine gland,classical monocyte,95,0.024130048260096522,oxidative_stress_cell
normal,bone marrow,thymocyte,95,0.00012507208101511134,
HIV infectious disease,blood,"naive thymus-derived CD4-positive, alpha-beta T cell",95,0.054254711593375214,oxidative_stress_cell
influenza,brain,pvalb GABAergic cortical interneuron,95,0.019804044194288096,neuron_stressed
normal,bladder organ,mature NK T cell,95,0.0012593957551734652,oxidative_stress_cell
chronic obstructive pulmonary disease,brain,astrocyte,95,0.0623768877216021,microglia_activated
bipolar II disorder,brain,vascular leptomeningeal cell,95,0.003586800573888092,
colorectal cancer,colon,myofibroblast cell,95,0.0022944088878154812,oxidative_stress_cell
Crohn disease,small intestine,plasmablast,94,0.0006460303496811084,
colorectal cancer,intestine,vascular associated smooth muscle cell,94,0.013333333333333334,
colorectal cancer,intestine,gamma-delta T cell,94,0.013333333333333334,oxidative_stress_cell
normal,respiratory system,Schwann cell,94,0.00018174927880339369,
long COVID-19,digestive system,nasal mucosa goblet cell,94,0.040763226366001735,oxidative_stress_cell
normal,bone marrow,fibroblast,94,0.00012375553279389965,oxidative_stress_cell
colorectal cancer,colon,mucosal invariant T cell,94,0.0022702572153121604,oxidative_stress_cell
normal,nose,"CD16-negative, CD56-bright natural killer cell, human",94,0.0003959611958028113,
multiple sclerosis,brain,oligodendrocyte precursor cell,94,0.008359270787016452,microglia_activated
normal,mucosa,Langerhans cell,94,0.0010277941787487153,
digestive system disorder,small intestine,myofibroblast cell,94,0.0010461997351111309,oxidative_stress_cell
congenital heart disease,brain,Bergmann glial cell,94,0.0186286167261197,
normal,mucosa,Schwann cell,94,0.0010277941787487153,
normal,forelimb,smooth muscle cell,94,0.0024113074930097733,
diffuse large B-cell lymphoma,respiratory system,capillary endothelial cell,94,0.037826961770623745,oxidative_stress_cell
type 2 diabetes mellitus,pancreas,Schwann cell,93,0.0011956493790337096,
normal,lung,peripheral nervous system neuron,93,2.953479834401879e-05,neuron_stressed
squamous cell lung carcinoma,lymph node,macrophage,93,0.08051948051948052,oxidative_stress_cell
non-specific interstitial pneumonia,lung,pulmonary artery endothelial cell,93,0.0031077694235588974,oxidative_stress_cell
normal,lung,granulocyte,93,2.953479834401879e-05,
colorectal cancer,intestine,B cell,93,0.013191489361702127,oxidative_stress_cell
breast cancer,breast,monocyte,93,0.00015845916354007995,oxidative_stress_cell
normal,mucosa,endothelial cell,93,0.0010168601981237289,oxidative_stress_cell
heart failure,heart,lymphocyte,93,0.007925010651896037,
normal,yolk sac,group 3 innate lymphoid cell,93,0.0016400380912072797,
schizophrenia,brain,natural killer cell,93,0.0003873886257700911,
breast carcinoma,breast,pericyte,92,0.012477960124779601,oxidative_stress_cell
normal,digestive system,ionocyte,92,0.0012743794326241136,
injury,musculature,osteoblast,92,0.01660649819494585,
melanoma,skin of body,endothelial cell,92,0.007063882063882064,oxidative_stress_cell
digestive system disorder,small intestine,endothelial cell,92,0.0010239401662789792,oxidative_stress_cell
amyotrophic lateral sclerosis,brain,L6 corticothalamic-projecting glutamatergic cortical neuron,92,0.0005363211864357376,neuron_stressed
normal,large intestine,"effector memory CD8-positive, alpha-beta T cell",92,0.0004957323907233383,oxidative_stress_cell
non-specific interstitial pneumonia,lung,non-classical monocyte,92,0.0030743525480367586,oxidative_stress_cell
normal,tongue,regulatory T cell,92,0.0023739484956391598,oxidative_stress_cell
myelodysplastic syndrome,blood,antibody secreting cell,92,0.0005222109959471886,
colorectal cancer,intestine,TREM2-positive macrophage,92,0.013049645390070922,oxidative_stress_cell
invasive ductal breast carcinoma,exocrine gland,"CD4-positive, alpha-beta memory T cell",91,0.013477488151658768,oxidative_stress_cell
normal,adrenal gland,inflammatory cell,91,0.0002078152225792381,
prostatic acinar adenocarcinoma,prostate gland,plasma cell,91,0.0013319282222417376,oxidative_stress_cell
cystic fibrosis,skeletal system,natural killer cell,91,0.005739514348785872,
acute myeloid leukemia,bone marrow,"naive thymus-derived CD8-positive, alpha-beta T cell",91,0.00326726985494758,oxidative_stress_cell
normal,lung,common myeloid progenitor,91,2.889964139038398e-05,
normal,endocrine gland,endothelial cell of vascular tree,91,0.0001297675307377926,oxidative_stress_cell
colorectal cancer,intestine,fibroblast of gingiva,91,0.012907801418439717,oxidative_stress_cell
colorectal cancer,colon,tuft cell,90,0.002173650525298877,oxidative_stress_cell
type 1 diabetes mellitus,brain,smooth muscle cell,90,0.0037187009338071233,
influenza,blood,hematopoietic stem cell,90,0.0030250067222371605,
normal,large intestine,naive B cell,90,0.00048495559962065697,oxidative_stress_cell
normal,omentum,memory B cell,90,0.006711909911253635,oxidative_stress_cell
clear cell renal carcinoma,blood,"activated CD4-positive, alpha-beta T cell, human",90,0.002852976605591834,oxidative_stress_cell
normal,central nervous system,diffuse bipolar 5 cell,90,0.00012115126004041068,
small cell lung carcinoma,brain,L2/3 intratelencephalic projecting glutamatergic neuron,90,0.047443331576172906,neuron_stressed
non-small cell lung carcinoma,lung,dendritic cell,90,0.0009558503350786452,oxidative_stress_cell
ulcerative colitis,colon,mast cell,89,0.0024797302945028,oxidative_stress_cell
normal,kidney,kidney outer medulla collecting duct intercalated cell,89,0.00013524828698166855,
normal,lung,megakaryocyte progenitor cell,89,2.8264484436749164e-05,
adenocarcinoma,small intestine,transit amplifying cell of colon,89,0.026511766458147155,
lymphoid interstitial pneumonia,lung,hematopoietic cell,89,0.00533541154607038,
normal,small intestine,immature pericyte,89,7.495424843206661e-05,oxidative_stress_cell
lung adenocarcinoma,lung,lung macrophage,89,0.000123346088335202,oxidative_stress_cell
myocardial infarction,brain,oligodendrocyte precursor cell,89,0.04330900243309002,microglia_activated
normal,skin of body,"CD8-positive, alpha-beta memory T cell",89,0.00013200732714827091,oxidative_stress_cell
small cell lung carcinoma,axilla,macrophage,89,0.013726095003084516,oxidative_stress_cell
prediabetes syndrome,pancreas,mast cell,89,0.0011184417216462458,oxidative_stress_cell
bronchopulmonary dysplasia,lung,pulmonary neuroendocrine cell,89,0.0005906909757020263,
prostatic acinar adenocarcinoma,prostate gland,unknown,89,0.001302655074500161,
small cell lung carcinoma,brain,VIP GABAergic cortical interneuron,88,0.04638903531892462,neuron_stressed
normal,musculature,innate lymphoid cell,88,0.00015097628471382273,
basal cell carcinoma,skin of body,chondrocyte,88,0.0007515072844967464,
acute myeloid leukemia,bone marrow,megakaryocyte-erythroid progenitor cell,88,0.00315955766192733,
normal,mucosa,multiciliated epithelial cell of the bronchus,88,0.0009621902949987972,oxidative_stress_cell
lymphoid interstitial pneumonia,lung,epithelial cell of lung,88,0.00527546310173251,oxidative_stress_cell
gastric cancer,stomach,erythrocyte,88,0.0004038123557403303,
pneumonia,lung,respiratory basal cell,88,0.002756633148513611,
invasive lobular breast carcinoma,exocrine gland,capillary endothelial cell,88,0.02235204470408941,oxidative_stress_cell
normal,blood,mast cell,88,6.366356928933081e-06,oxidative_stress_cell
normal,spinal cord,cord blood hematopoietic stem cell,87,0.0017485328402604711,
normal,intestine,"effector memory CD8-positive, alpha-beta T cell",87,0.00030809547418372406,oxidative_stress_cell
COVID-19,lung,ciliated cell,87,0.00010701528227433306,
normal,colon,"effector memory CD4-positive, alpha-beta T cell",87,0.0001296875722039285,oxidative_stress_cell
normal,bone marrow,mature alpha-beta T cell,87,0.00011453969524541775,oxidative_stress_cell
normal,lymph node,erythrocyte,87,9.462425469803986e-05,
normal,kidney,kidney resident macrophage,87,0.00013220899963376588,oxidative_stress_cell
normal,kidney,"naive thymus-derived CD8-positive, alpha-beta T cell",86,0.00013068935595981454,oxidative_stress_cell
COVID-19,lung,respiratory tract hillock cell,86,0.00010578522155853613,
colorectal cancer,colon,BEST4+ colonocyte,86,0.0020770438352855935,
normal,uterus,regulatory T cell,86,0.000279411286916404,oxidative_stress_cell
primary sclerosing cholangitis,liver,plasmacytoid dendritic cell,86,0.0008216534342247318,oxidative_stress_cell
normal,lamina propria,group 3 innate lymphoid cell,86,0.0036306834972769874,
normal,small intestine,TREM2-positive macrophage,86,7.24277007321093e-05,oxidative_stress_cell
chronic obstructive pulmonary disease,respiratory system,vascular associated smooth muscle cell,86,0.004515620897873458,
normal,esophagogastric junction,memory B cell,86,0.006734006734006734,oxidative_stress_cell
normal,hindlimb,early lymphoid progenitor,86,0.0009888239893298993,
COVID-19,respiratory system,memory B cell,86,0.0012078990982892779,oxidative_stress_cell
normal,prostate gland,CD1c-positive myeloid dendritic cell,86,0.000987314161069973,oxidative_stress_cell
lung adenocarcinoma,brain,fibroblast of lung,86,0.0031469555035128806,oxidative_stress_cell
Crohn disease,small intestine,type EC enteroendocrine cell,86,0.0005910490433252694,
chronic obstructive pulmonary disease,brain,pvalb GABAergic cortical interneuron,86,0.056467498358502954,neuron_stressed
chronic kidney disease,kidney,neural cell,86,0.0003226508392673575,
normal,central nervous system,melanocyte,85,0.00011442063448261008,
normal,central nervous system,diffuse bipolar 3b cell,85,0.00011442063448261008,oxidative_stress_cell
nonpapillary renal cell carcinoma,adrenal gland,mucosal invariant T cell,85,0.018252093622503757,oxidative_stress_cell
normal,intestine,tuft cell,85,0.00030101281960478787,oxidative_stress_cell
acute myeloid leukemia,bone marrow,basophil mast progenitor cell,85,0.0030518454689070803,
normal,intestine,enteroglial cell,85,0.00030101281960478787,
non-small cell lung carcinoma,lung,pericyte,85,0.0009027475386853872,oxidative_stress_cell
normal,esophagus,mature NK T cell,85,0.000507589962856358,oxidative_stress_cell
open-angle glaucoma,blood,"activated CD4-positive, alpha-beta T cell",84,0.0006015769911124161,oxidative_stress_cell
normal,lung,deuterosomal cell,84,2.667659205266213e-05,
normal,lymph node,IgG plasma cell,84,9.13613493636247e-05,oxidative_stress_cell
chronic obstructive pulmonary disease,respiratory system,plasma cell,84,0.004410606458388028,oxidative_stress_cell
colorectal cancer,intestine,cycling T cell,84,0.011914893617021277,oxidative_stress_cell
normal,nose,professional antigen presenting cell,84,0.0003538376643344271,
colorectal cancer,colon,BEST4+ enterocyte,84,0.0020287404902789518,oxidative_stress_cell
normal,colon,abnormal cell,84,0.00012521558695551718,
acute promyelocytic leukemia,bone marrow,"naive thymus-derived CD8-positive, alpha-beta T cell",84,0.022495982860203535,oxidative_stress_cell
normal,blood,IgM plasma cell,84,6.076977068527032e-06,oxidative_stress_cell
COVID-19,respiratory system,duct epithelial cell,84,0.001179808421584876,oxidative_stress_cell
normal,liver,stem cell,83,8.681772253055879e-05,
normal,musculature,B cell,83,0.00014239808671871916,oxidative_stress_cell
normal,pancreas,type D enteroendocrine cell,83,0.00019522016365565044,
small cell lung carcinoma,adrenal gland,macrophage,83,0.021847854698604896,oxidative_stress_cell
squamous cell lung carcinoma,lung,alveolar type 1 fibroblast cell,83,0.0003536459620448406,oxidative_stress_cell
nonpapillary renal cell carcinoma,kidney,epithelial cell of proximal tubule segment 1,83,0.000418254016246397,oxidative_stress_cell
amyotrophic lateral sclerosis,brain,L6b glutamatergic neuron of the primary motor cortex,83,0.0004838549834148503,neuron_stressed
normal,respiratory system,squamous epithelial cell,83,0.00016048074617746463,oxidative_stress_cell
Lewy body dementia,brain,T cell,83,0.0006903320247521459,oxidative_stress_cell
breast cancer,skeletal system,endothelial cell,82,0.007648540248111184,oxidative_stress_cell
influenza,brain,oligodendrocyte,82,0.017094017094017096,microglia_activated
COVID-19,nose,plasma cell,82,0.0009303275433680126,oxidative_stress_cell
nonpapillary renal cell carcinoma,vasculature,natural killer cell,82,0.018657565415244597,
congenital heart disease,brain,unknown,82,0.016250495441934205,
normal,immune system,innate lymphoid cell,82,0.0016441432409672375,
normal,lymph node,inflammatory macrophage,82,8.918607914068125e-05,oxidative_stress_cell
normal,exocrine gland,mast cell,82,0.00042486166089821973,oxidative_stress_cell
progressive supranuclear palsy,brain,L5/6 near-projecting glutamatergic neuron,82,0.000642925467689075,neuron_stressed
normal,ureter,monocyte,82,0.0018752286864251737,oxidative_stress_cell
normal,sensory system,hematopoietic cell,81,0.03379224030037547,
normal,liver,"CD8-alpha-alpha-positive, alpha-beta intraepithelial T cell",81,8.472572921656942e-05,oxidative_stress_cell
normal,skin of body,"double-positive, alpha-beta thymocyte",81,0.00012014149998887578,
lung adenocarcinoma,lung,lung pericyte,81,0.00011225879949608272,oxidative_stress_cell
colorectal cancer,intestine,conventional dendritic cell,81,0.01148936170212766,oxidative_stress_cell
normal,ovary,dendritic cell,81,0.0004628518531216786,oxidative_stress_cell
colorectal cancer,intestine,T-helper 17 cell,81,0.01148936170212766,
normal,central nervous system,forebrain neuroblast,81,0.00010903613403636961,neuron_stressed
normal,esophagogastric junction,"activated CD8-positive, alpha-beta T cell",81,0.006342494714587738,oxidative_stress_cell
normal,brain,myeloid cell,81,4.368971863875134e-06,
ulcerative colitis,colon,"CD16-negative, CD56-bright natural killer cell, human",81,0.002256833189378953,
atherosclerosis,brain,T cell,81,0.0005723774864855315,oxidative_stress_cell
non-specific interstitial pneumonia,lung,myofibroblast cell,81,0.002706766917293233,oxidative_stress_cell
non-specific interstitial pneumonia,lung,plasma cell,81,0.002706766917293233,oxidative_stress_cell
Crohn disease,colon,paneth cell,80,0.002360647997875417,gut_fermentative_microbe
normal,respiratory system,primary cultured cell,80,0.000154680237279484,
normal,skeletal system,hematopoietic stem cell,80,0.002316088127153238,
normal,lung,"CD34-positive, CD56-positive, CD117-positive common innate lymphoid precursor, human",80,2.5406278145392508e-05,
small cell lung carcinoma,pleural fluid,macrophage,80,0.011479408810446262,oxidative_stress_cell
uveal melanoma,eye,plasmacytoid dendritic cell,80,0.001547029702970297,oxidative_stress_cell
normal,bone marrow,chondrocyte,80,0.00010532385769693586,
myocardial infarction,heart,adipocyte,80,0.0004253328229339458,adipocyte_lipolytic
COVID-19,nose,"CD4-positive, alpha-beta memory T cell",80,0.0009076366276761098,oxidative_stress_cell
lung adenocarcinoma,pleural fluid,plasma cell,80,0.0037346529106951124,oxidative_stress_cell
interstitial lung disease,lung,club cell,80,0.00025252445541522914,oxidative_stress_cell
normal,heart,erythroid lineage cell,80,4.0753179894214936e-05,
Pick disease,brain,T cell,80,0.0008159685036157605,oxidative_stress_cell
acute myeloid leukemia,bone marrow,progenitor cell,80,0.0028723251472066638,
normal,kidney,erythroid lineage cell,80,0.00012157149391610655,
myocardial infarction,heart,smooth muscle cell,80,0.0004253328229339458,
normal,lung,T follicular helper cell,79,2.5088699668575102e-05,
normal,intestine,TREM2-positive macrophage,79,0.0002797648558679793,oxidative_stress_cell
chronic obstructive pulmonary disease,lung,pulmonary artery endothelial cell,79,0.0008771735026981413,oxidative_stress_cell
normal,urinary bladder,mature NK T cell,79,0.0026479855198766507,oxidative_stress_cell
normal,liver,"effector memory CD4-positive, alpha-beta T cell, terminally differentiated",79,8.263373590258005e-05,oxidative_stress_cell
post-COVID-19 disorder,blood,innate lymphoid cell,79,0.0008125565703941414,
bipolar disorder,brain,pericyte,79,0.010269075783179513,oxidative_stress_cell
normal,prostate gland,neuroendocrine cell,79,0.0009069513805177659,
normal,exocrine gland,natural killer cell,79,0.00040931794159706537,
Down syndrome,bone marrow,"CD16-negative, CD56-bright natural killer cell, human",79,0.004718389774831273,
neuroblastoma,chest,Schwann cell,79,0.005125543372477778,
multiple sclerosis,brain,progenitor cell,79,0.007025344597598933,
ulcerative colitis,colon,"dendritic cell, human",79,0.002201108913097991,oxidative_stress_cell
normal,sensory system,vascular associated smooth muscle cell,78,0.03254067584480601,
hematologic disorder,blood,endothelial cell,78,0.000778396503203401,oxidative_stress_cell
normal,respiratory system,"CD16-negative, CD56-bright natural killer cell, human",78,0.0001508132313474969,
HER2 positive breast carcinoma,breast,"plasmacytoid dendritic cell, human",78,0.004869825810076793,oxidative_stress_cell
normal,small intestine,"CD8-positive, alpha-beta memory T cell, CD45RO-positive",78,6.569024019888983e-05,oxidative_stress_cell
normal,brain,stem cell,78,4.207158091139018e-06,
normal,bone marrow,myofibroblast cell,78,0.00010269076125451246,oxidative_stress_cell
COVID-19,nose,mucosal invariant T cell,78,0.0008849457119842071,oxidative_stress_cell
nonpapillary renal cell carcinoma,vasculature,"CD4-positive, CD25-positive, alpha-beta regulatory T cell",78,0.017747440273037544,oxidative_stress_cell
normal,spinal cord,pericyte,78,0.001567650132647319,oxidative_stress_cell
normal,kidney,glomerular mesangial cell,78,0.00011853220656820389,
normal,esophagus,conventional dendritic cell,78,0.0004657884365034815,oxidative_stress_cell
normal,small intestine,type D enteroendocrine cell,78,6.569024019888983e-05,
breast cancer,liver,neuron,78,0.00021593787633403927,neuron_stressed
malignant ovarian serous tumor,lymph node,fibroblast,78,0.011990776325903152,oxidative_stress_cell
normal,large intestine,gastrointestinal tract (lamina propria) macrophage,77,0.0004149064574532287,oxidative_stress_cell
normal,central nervous system,megakaryocyte,77,0.00010365163359012913,
normal,embryo,oligodendrocyte,77,0.00019223807562196508,microglia_activated
heart failure,heart,Schwann cell,77,0.0065615679590967195,
clear cell renal carcinoma,blood,abnormal cell,77,0.002440879984784125,
COVID-19,nose,mature NK T cell,77,0.0008736002541382558,oxidative_stress_cell
digestive system disorder,small intestine,enteroendocrine cell,77,0.0008569934000378413,
colon adenocarcinoma,large intestine,endothelial cell of lymphatic vessel,77,0.0002993185643593222,oxidative_stress_cell
macular degeneration,eye,microglial cell,77,0.01963284038755737,microglia_activated
normal,testis,stromal cell,77,0.0037154989384288748,oxidative_stress_cell
normal,nose,keratinocyte,77,0.0003243511923065582,oxidative_stress_cell
acute myeloid leukemia,bone marrow,class switched memory B cell,77,0.002764612954186414,oxidative_stress_cell
nonpapillary renal cell carcinoma,kidney,kidney loop of Henle ascending limb epithelial cell,76,0.0003829795811412792,oxidative_stress_cell
normal,large intestine,enteroendocrine cell of colon,76,0.0004095180619018881,
normal,respiratory system,"CD4-positive, alpha-beta memory T cell",76,0.00014694622541550978,oxidative_stress_cell
influenza,blood,double negative T regulatory cell,76,0.002554450121000269,
normal,lamina propria,conventional dendritic cell,76,0.0032085109975936166,oxidative_stress_cell
lung adenocarcinoma,lymph node,alveolar macrophage,76,0.001408189735037984,oxidative_stress_cell
colorectal cancer,colon,"CD16-positive, CD56-dim natural killer cell, human",76,0.001835527110252385,
normal,vasculature,erythrocyte,76,0.000546448087431694,
ulcerative colitis,colon,group 3 innate lymphoid cell,76,0.0021175224986765486,
diffuse large B-cell lymphoma,small intestine,capillary endothelial cell,76,0.014245548266166823,oxidative_stress_cell
squamous cell lung carcinoma,lymph node,plasma cell,76,0.0658008658008658,oxidative_stress_cell
normal,lung,myoepithelial cell of bronchus submucosal gland,76,2.413596423812288e-05,oxidative_stress_cell
nonpapillary renal cell carcinoma,kidney,epithelial cell of proximal tubule segment 3,76,0.0003829795811412792,oxidative_stress_cell
acute promyelocytic leukemia,bone marrow,erythroid progenitor cell,76,0.020353508302088912,
normal,tongue,mast cell,76,0.001961087887701915,oxidative_stress_cell
clear cell renal carcinoma,lymph node,unknown,76,0.019817470664928293,
colon adenocarcinoma,large intestine,Schwann cell,76,0.00029543131027673364,
normal,nose,elicited macrophage,75,0.00031592648601288137,oxidative_stress_cell
normal,skin of body,"CD4-positive, CD25-positive, alpha-beta regulatory T cell",75,0.00011124212961932943,oxidative_stress_cell
macular degeneration,eye,retinal rod cell,75,0.01912289648138705,
nonpapillary renal cell carcinoma,vasculature,gamma-delta T cell,75,0.017064846416382253,oxidative_stress_cell
normal,peripheral nervous system,pericyte,75,0.11398176291793313,oxidative_stress_cell
normal,spinal cord,committed oligodendrocyte precursor,75,0.0015073558967762682,microglia_activated
normal,blood,"erythroid progenitor cell, mammalian",74,5.353527417511909e-06,
normal,liver,skeletal muscle satellite cell,74,7.740375261760663e-05,
lung adenocarcinoma,liver,natural killer cell,74,0.03127641589180051,
normal,adipose tissue,hematopoietic precursor cell,74,0.00016157134685001375,
normal,blood,"CD34-positive, CD38-negative hematopoietic stem cell",74,5.353527417511909e-06,
myocardial infarction,brain,cerebral cortex GABAergic interneuron,74,0.03600973236009732,neuron_stressed
normal,musculature,non-classical monocyte,74,0.00012695733032753277,oxidative_stress_cell
normal,small intestine,GIP cell,74,6.23215099322801e-05,
COVID-19,lung,brush cell of tracheobronchial tree,73,8.979443225317602e-05,
atherosclerosis,brain,natural killer cell,73,0.0005158463767091828,
pulmonary fibrosis,lung,T cell,73,0.0002714440825190011,oxidative_stress_cell
normal,colon,interstitial cell of Cajal,73,0.0001088183077113423,
triple-negative breast carcinoma,breast,mast cell,73,0.0006458290941583431,oxidative_stress_cell
progressive supranuclear palsy,brain,T cell,73,0.000572360477332957,oxidative_stress_cell
colorectal cancer,intestine,endothelial cell of artery,73,0.010354609929078015,oxidative_stress_cell
pulmonary fibrosis,lung,pulmonary alveolar epithelial cell,73,0.0002714440825190011,oxidative_stress_cell
colorectal cancer,intestine,"CD8-positive, alpha-beta memory T cell",73,0.010354609929078015,oxidative_stress_cell
normal,small intestine,"plasmacytoid dendritic cell, human",73,6.147932736562766e-05,oxidative_stress_cell
normal,ovary,"CD8-positive, alpha-beta T cell",73,0.0004171380898504017,oxidative_stress_cell
Crohn disease,colon,dendritic cell,73,0.0021540912980613177,oxidative_stress_cell
normal,brain,glioblast (sensu Vertebrata),73,3.937468469912159e-06,
Crohn disease,small intestine,"plasmacytoid dendritic cell, human",73,0.000501704420497031,oxidative_stress_cell
normal,lung,tracheobronchial goblet cell,72,2.2865650330853258e-05,oxidative_stress_cell
squamous cell lung carcinoma,lymph node,"CD8-positive, alpha-beta T cell",72,0.06233766233766234,oxidative_stress_cell
neuroblastoma,lymph node,Schwann cell,72,0.0021058173203474598,
normal,intestine,gastrointestinal tract (lamina propria) macrophage,72,0.00025497556484170266,oxidative_stress_cell
Crohn disease,colon,glial cell,72,0.0021245831980878753,
normal,esophagus,memory T cell,72,0.0004299585567724444,oxidative_stress_cell
normal,blood,group 3 innate lymphoid cell,72,5.208837487308884e-06,
normal,eye,mature NK T cell,72,9.223012440819003e-06,oxidative_stress_cell
injury,musculature,plasmacytoid dendritic cell,72,0.012996389891696752,oxidative_stress_cell
normal,lamina propria,"CD16-negative, CD56-bright natural killer cell, human",72,0.0030396419977202684,
normal,lamina propria,"CD16-positive, CD56-dim natural killer cell, human",71,0.0029974247477519314,
common variable immunodeficiency,blood,plasmacytoid dendritic cell,71,0.0010963727049522075,oxidative_stress_cell
pneumonia,lung,mast cell,71,0.0022241017448234816,oxidative_stress_cell
normal,nose,regulatory T cell,71,0.0002990770734255277,oxidative_stress_cell
Lewy body dementia,brain,natural killer cell,71,0.0005905249850289441,
normal,omentum,"CD8-positive, alpha-beta memory T cell, CD45RO-positive",71,0.005294951152211201,oxidative_stress_cell
injury,musculature,natural killer cell,71,0.012815884476534296,
normal,hindlimb,conventional dendritic cell,71,0.000816354688865382,oxidative_stress_cell
squamous cell lung carcinoma,lung,respiratory tract hillock cell,71,0.0003025164253636588,
COVID-19,respiratory system,erythrocyte,71,0.0009972190230062641,
normal,colon,M cell of gut,71,0.0001058369842124014,
age related macular degeneration 7,eye,pericyte,71,0.041740152851263965,oxidative_stress_cell
normal,respiratory system,multiciliated epithelial cell of the bronchus,71,0.00013727871058554205,oxidative_stress_cell
clear cell renal carcinoma,kidney,"dendritic cell, human",71,0.00046584564106265294,oxidative_stress_cell
clear cell renal carcinoma,kidney,megakaryocyte,71,0.00046584564106265294,
malignant ovarian serous tumor,intestine,mast cell,71,0.000933510393520649,oxidative_stress_cell
normal,lamina propria,memory B cell,70,0.0029552074977835944,oxidative_stress_cell
normal,lung,granulocyte monocyte progenitor cell,70,2.2230493377218443e-05,oxidative_stress_cell
non-specific interstitial pneumonia,lung,endothelial cell of lymphatic vessel,70,0.0023391812865497076,oxidative_stress_cell
normal,lamina propria,"naive thymus-derived CD4-positive, alpha-beta T cell",70,0.0029552074977835944,oxidative_stress_cell
squamous cell lung carcinoma,lymph node,plasmacytoid dendritic cell,70,0.06060606060606061,oxidative_stress_cell
normal,urinary bladder,B cell,70,0.002346316283435007,oxidative_stress_cell
normal,kidney,promonocyte,70,0.00010637505717659324,oxidative_stress_cell
normal,nose,innate lymphoid cell,70,0.0002948647202786893,
normal,nose,"plasmacytoid dendritic cell, human",70,0.0002948647202786893,oxidative_stress_cell
normal,small intestine,common lymphoid progenitor,70,5.8952779665670364e-05,
normal,bone marrow,proerythroblast,69,9.084182726360718e-05,
normal,musculature,immature neutrophil,69,0.0001183791323324292,oxidative_stress_cell
breast cancer,skeletal system,plasma cell,69,0.006435966794142337,oxidative_stress_cell
normal,spinal cord,fibroblast,69,0.0013867674250341668,oxidative_stress_cell
chronic obstructive pulmonary disease,respiratory system,chondrocyte,69,0.003622998162247309,
invasive ductal breast carcinoma,exocrine gland,natural T-regulatory cell,69,0.010219194312796208,
normal,stomach,intestinal epithelial cell,69,0.00024271673901267053,oxidative_stress_cell
normal,kidney,"plasmacytoid dendritic cell, human",69,0.0001048554135026419,oxidative_stress_cell
normal,nose,natural killer cell,69,0.0002906523671318509,
chronic obstructive pulmonary disease,respiratory system,deuterosomal cell,69,0.003622998162247309,
small cell lung carcinoma,lung,neutrophil,69,0.002187698161065314,oxidative_stress_cell
colorectal cancer,large intestine,neutrophil,69,0.004291044776119403,oxidative_stress_cell
normal,lamina propria,regulatory T cell,68,0.0028707729978469203,oxidative_stress_cell
normal,colon,immature B cell,68,0.00010136499896399009,oxidative_stress_cell
clear cell renal carcinoma,blood,"dendritic cell, human",68,0.0021555823242249412,oxidative_stress_cell
normal,spleen,hematopoietic precursor cell,68,0.00011771283952797152,
invasive lobular breast carcinoma,breast,cycling macrophage,68,0.004152671755725191,oxidative_stress_cell
normal,mucosa,respiratory tract suprabasal cell,68,0.0007435106824990706,
nonpapillary renal cell carcinoma,kidney,naive B cell,68,0.0003426659410211445,oxidative_stress_cell
lung adenocarcinoma,lung,stromal cell,68,9.424195513251389e-05,oxidative_stress_cell
adenocarcinoma,small intestine,stem cell,68,0.02025618111408996,
non-specific interstitial pneumonia,lung,lung pericyte,68,0.0022723475355054304,oxidative_stress_cell
chronic obstructive pulmonary disease,respiratory system,serous secreting cell of bronchus submucosal gland,67,0.0035179837227618796,
normal,endocrine gland,small pre-B-II cell,67,9.554312702672641e-05,
liver cancer,liver,plasmacytoid dendritic cell,67,0.010058549767302206,oxidative_stress_cell
ulcerative colitis,colon,TREM2-positive macrophage,67,0.0018667632554122203,oxidative_stress_cell
normal,nose,"CD16-positive, CD56-dim natural killer cell, human",67,0.000282227660838174,
normal,esophagogastric junction,macrophage,67,0.005246261060214549,oxidative_stress_cell
normal,prostate gland,Schwann cell,67,0.0007691866138568394,
adenocarcinoma,small intestine,paneth cell of colon,67,0.019958296097706284,gut_fermentative_microbe
neuroblastoma,lymph node,kidney cell,67,0.001959580006434442,
normal,testis,peritubular myoid cell,67,0.003232966608762787,
normal,spleen,erythroid progenitor cell,66,0.00011425069718891353,
normal,brain,tip cell,66,3.559903000194554e-06,
normal,colon,mesenchymal lymphangioblast,66,9.83836754650492e-05,
acute promyelocytic leukemia,bone marrow,unswitched memory B cell,66,0.017675415104445636,oxidative_stress_cell
open-angle glaucoma,blood,CD141-positive myeloid dendritic cell,66,0.0004726676358740412,oxidative_stress_cell
normal,vasculature,endothelial cell of lymphatic vessel,66,0.0004745470232959448,oxidative_stress_cell
adenocarcinoma,large intestine,enteroendocrine cell of colon,66,0.017382143797735054,
acute myocardial infarction,brain,unknown,66,0.008216108552222084,
normal,lung,hematopoietic multipotent progenitor cell,66,2.096017946994882e-05,
Down syndrome,bone marrow,mast cell,66,0.003941945887833721,oxidative_stress_cell
influenza,blood,CD4-positive helper T cell,66,0.0022183382629739176,oxidative_stress_cell
normal,blood,IgA plasmablast,66,4.774767696699811e-06,
COVID-19,blood,innate lymphoid cell,65,1.781094693680484e-05,
normal,nose,conventional dendritic cell,65,0.0002738029545444972,oxidative_stress_cell
normal,colon,"CD8-positive, alpha-beta thymocyte",65,9.689301371557876e-05,
Sjogren syndrome,exocrine gland,"CD8-positive, alpha-beta regulatory T cell",65,0.0014370674979549425,oxidative_stress_cell
non-specific interstitial pneumonia,lung,plasmacytoid dendritic cell,65,0.002172096908939014,oxidative_stress_cell
colorectal cancer,intestine,mast cell,64,0.009078014184397163,oxidative_stress_cell
normal,testis,spermatogonium,64,0.0030882069098629606,
normal,urinary bladder,Schwann cell,64,0.002145203459140578,
acute promyelocytic leukemia,bone marrow,"central memory CD8-positive, alpha-beta T cell",64,0.01713979646491698,oxidative_stress_cell
normal,breast,endocrine cell,64,2.7183054084083983e-05,
chronic obstructive pulmonary disease,brain,VIP GABAergic cortical interneuron,64,0.04202232435981615,neuron_stressed
normal,stomach,plasmablast,64,0.00022512856951899875,
influenza,blood,"double-positive, alpha-beta thymocyte",64,0.0021511158913686476,
oropharynx squamous cell carcinoma,digestive system,endothelial cell of lymphatic vessel,64,0.00125,oxidative_stress_cell
normal,adrenal gland,mucosal invariant T cell,64,0.0001461557609348488,oxidative_stress_cell
small cell lung carcinoma,brain,microglial cell,64,0.03373748023194518,microglia_activated
normal,lymph node,common lymphoid progenitor,64,6.960864713419024e-05,
breast cancer,breast,CD4-positive helper T cell,64,0.0001090471663071518,oxidative_stress_cell
diabetes mellitus,brain,T cell,64,0.000844360594746494,oxidative_stress_cell
respiratory system disorder,blood,immature B cell,63,0.0006632486550791161,oxidative_stress_cell
Down syndrome,bone marrow,eosinophil,63,0.003762766529295825,
"primary cutaneous diffuse large B-cell lymphoma, Leg type",skin of body,plasmacytoid dendritic cell,63,0.008876990277582077,oxidative_stress_cell
normal,respiratory system,epithelial cell,63,0.00012181068685759364,oxidative_stress_cell
normal,brain,immature microglial cell,63,3.398089227458438e-06,microglia_activated
benign prostatic hyperplasia,prostate gland,prostate stromal cell,63,0.0010525788181043557,oxidative_stress_cell
Crohn disease,small intestine,germinal center B cell,62,0.0004261051242577524,oxidative_stress_cell
normal,forelimb,endothelial cell of artery,62,0.0015904368570915527,oxidative_stress_cell
normal,esophagus,ciliated epithelial cell,62,0.00037024209055404935,oxidative_stress_cell
normal,colon,classical monocyte,62,9.242102846716743e-05,oxidative_stress_cell
lung adenocarcinoma,brain,fibroblast,62,0.002268735362997658,oxidative_stress_cell
acute myeloid leukemia,bone marrow,megakaryocyte progenitor cell,62,0.0022260519890851646,
COVID-19,saliva,"CD14-positive, CD16-positive monocyte",62,0.004275272376223969,oxidative_stress_cell
normal,hindlimb,B cell,62,0.0007128731085866716,oxidative_stress_cell
aspiration pneumonia,brain,cerebral cortex endothelial cell,62,0.006076048608388867,oxidative_stress_cell
influenza,brain,mesenchymal cell,62,0.012924744632061705,
lung adenocarcinoma,adrenal gland,epithelial cell,62,0.017479560191711305,oxidative_stress_cell
bipolar I disorder,brain,natural killer cell,62,0.0004073721212917639,
normal pressure hydrocephalus,brain,sst GABAergic cortical interneuron,61,0.012877348532826684,neuron_stressed
influenza,brain,VIP GABAergic cortical interneuron,61,0.012716281008963937,neuron_stressed
interstitial lung disease,lung,nasal mucosa goblet cell,61,0.0001925498972541122,oxidative_stress_cell
Parkinson disease,brain,L5/6 near-projecting glutamatergic neuron,61,3.3699292922540794e-05,neuron_stressed
normal,esophagogastric junction,peptic cell,61,0.0047764466369117535,
chronic obstructive pulmonary disease,respiratory system,Schwann cell,61,0.003202940404305592,
normal,central nervous system,giant bipolar cell,61,8.211363180516723e-05,
normal,endocrine gland,myelocyte,60,8.556100927766544e-05,
lymphoid interstitial pneumonia,lung,helper T cell,60,0.003596906660272166,oxidative_stress_cell
normal,lung,non-myelinating Schwann cell,60,1.905470860904438e-05,
normal,nose,neutrophil,60,0.0002527411888103051,oxidative_stress_cell
COVID-19,lung,platelet,60,7.38036429478159e-05,
normal,spleen,hematopoietic multipotent progenitor cell,60,0.00010386427017173957,
normal,intestine,intestinal crypt stem cell,60,0.00021247963736808557,gut_fermentative_microbe
colorectal cancer,colon,enteroglial cell,60,0.0014491003501992514,
gastric cancer,stomach,type G enteroendocrine cell,60,0.0002753266061865888,
normal,esophagogastric junction,enteroendocrine cell,59,0.004619841829144155,
normal,liver,pre-conventional dendritic cell,59,6.171380276268637e-05,oxidative_stress_cell
normal,lamina propria,classical monocyte,59,0.0024908177481318865,oxidative_stress_cell
normal,stomach,neuroblast (sensu Vertebrata),59,0.00020754040002532697,neuron_stressed
normal,brain,megakaryocyte,59,3.18233753047695e-06,
prostatic acinar adenocarcinoma,prostate gland,endothelial cell of lymphatic vessel,59,0.0008635578583765112,oxidative_stress_cell
type 2 diabetes mellitus,brain,pericyte,59,0.005087961365988272,oxidative_stress_cell
normal,liver,enteroendocrine cell,59,6.171380276268637e-05,
acute promyelocytic leukemia,bone marrow,"CD4-positive, alpha-beta cytotoxic T cell",59,0.01580074986609534,oxidative_stress_cell
COVID-19,blood,mast cell,59,1.6166859527253626e-05,oxidative_stress_cell
progressive supranuclear palsy,brain,GABAergic neuron,59,0.00046259271455677346,neuron_stressed
schizophrenia,brain,L5 extratelencephalic projecting glutamatergic cortical neuron,59,0.00024576267656382125,neuron_stressed
luminal B breast carcinoma,pleural fluid,dendritic cell,58,0.0020259885426854828,oxidative_stress_cell
cystic fibrosis,lung,ionocyte,58,0.003297328027288232,
diffuse large B-cell lymphoma,lymph node,pericyte,58,0.0024880957487881258,oxidative_stress_cell
hematologic disorder,blood,antibody secreting cell,58,0.00057880765622817,
COVID-19,saliva,mature alpha-beta T cell,58,0.003999448351951455,oxidative_stress_cell
non-specific interstitial pneumonia,lung,epithelial cell of lower respiratory tract,58,0.0019381787802840434,oxidative_stress_cell
normal,intestine,gamma-delta T cell,58,0.00020539698278914937,oxidative_stress_cell
small cell lung carcinoma,liver,mast cell,58,0.0059444501383622015,oxidative_stress_cell
nonpapillary renal cell carcinoma,kidney,epithelial cell,58,0.0002922738908709762,oxidative_stress_cell
cystic fibrosis,skeletal system,non-classical monocyte,58,0.0036581520025228634,oxidative_stress_cell
Sjogren syndrome,exocrine gland,pro-T cell,58,0.001282306382790564,oxidative_stress_cell
normal pressure hydrocephalus,brain,lamp5 GABAergic cortical interneuron,58,0.012244036309900782,neuron_stressed
normal,eye,primordial germ cell,58,7.429648910659753e-06,
colorectal cancer,intestine,IgA plasma cell,58,0.008226950354609928,oxidative_stress_cell
lung adenocarcinoma,skeletal system,dendritic cell,57,0.04718543046357616,oxidative_stress_cell
normal,yolk sac,promyelocyte,57,0.0010051846365463973,
COVID-19,lung,"plasmacytoid dendritic cell, human",57,7.01134608004251e-05,oxidative_stress_cell
COVID-19,nose,melanocyte,57,0.0006466910972192282,
normal,nose,alternatively activated macrophage,57,0.00024010412936978985,oxidative_stress_cell
breast carcinoma,breast,mature NK T cell,57,0.007730910077309101,oxidative_stress_cell
normal,skin of body,subcutaneous adipocyte,57,8.454401851069037e-05,adipocyte_lipolytic
normal,blood,"group 3 innate lymphoid cell, human",57,4.1236630107862e-06,
normal,lymph node,group 1 innate lymphoid cell,57,6.199520135388819e-05,
normal,esophagogastric junction,gamma-delta T cell,57,0.004463237021376556,oxidative_stress_cell
normal,skin of body,"effector memory CD4-positive, alpha-beta T cell",57,8.454401851069037e-05,oxidative_stress_cell
Down syndrome,bone marrow,osteoclast,57,0.003404407812220032,
diffuse large B-cell lymphoma,small intestine,"activated CD8-positive, alpha-beta T cell",57,0.010684161199625118,oxidative_stress_cell
COVID-19,blood,"group 2 innate lymphoid cell, human",57,1.5618830390736555e-05,
normal,liver,"CD4-positive, CD25-positive, alpha-beta regulatory T cell",56,5.857581279170232e-05,oxidative_stress_cell
acute promyelocytic leukemia,bone marrow,conventional dendritic cell,56,0.014997321906802356,oxidative_stress_cell
lung adenocarcinoma,lymph node,fibroblast of lung,56,0.0010376134889753567,oxidative_stress_cell
normal,stomach,BEST4+ enterocyte,56,0.0001969874983291239,oxidative_stress_cell
malignant ovarian serous tumor,fallopian tube,mast cell,56,0.0028469750889679717,oxidative_stress_cell
colorectal cancer,colon,plasma cell,56,0.001352493660185968,oxidative_stress_cell
Lewy body dementia,brain,ependymal cell,56,0.0004657661853749418,
normal,endocrine gland,erythroid lineage cell,56,7.985694199248775e-05,
COVID-19,nose,neuroendocrine cell,56,0.0006353456393732769,
normal,musculature,"CD4-positive, CD25-positive, alpha-beta regulatory T cell",56,9.607581754515992e-05,oxidative_stress_cell
normal,esophagogastric junction,fibroblast,56,0.004384934617492757,oxidative_stress_cell
type 1 diabetes mellitus,brain,perivascular macrophage,56,0.0023138583588133213,oxidative_stress_cell
normal,respiratory system,erythrocyte,56,0.0001082761660956388,
normal,esophagus,CD4-positive helper T cell,56,0.00033441221082301234,oxidative_stress_cell
normal,liver,myeloid dendritic cell,56,5.857581279170232e-05,oxidative_stress_cell
normal,lung,epithelial cell of distal tubule,55,1.746681622495735e-05,oxidative_stress_cell
breast carcinoma,breast,fibroblast of breast,55,0.007459650074596501,oxidative_stress_cell
age related macular degeneration 7,eye,macrophage,55,0.03233392122281011,oxidative_stress_cell
normal,urinary bladder,mast cell,55,0.0018435342226989341,oxidative_stress_cell
vascular dementia,brain,natural killer cell,55,0.0006631379688686866,
normal,small intestine,"central memory CD8-positive, alpha-beta T cell",55,4.6320041165883857e-05,oxidative_stress_cell
normal,central nervous system,ON midget ganglion cell,55,7.403688113580652e-05,
normal,immune system,natural killer cell,55,0.0011027790030877812,
normal,esophagus,mucus secreting cell,55,0.0003284405642011728,
lung adenocarcinoma,pleural fluid,conventional dendritic cell,55,0.0025675738761028895,oxidative_stress_cell
normal,central nervous system,central nervous system macrophage,55,7.403688113580652e-05,oxidative_stress_cell
normal,lymph node,monocyte-derived dendritic cell,55,5.981993113094474e-05,oxidative_stress_cell
normal,gallbladder,Kupffer cell,55,0.002777777777777778,hepatocyte_sulfur
COVID-19,brain,cerebral cortex endothelial cell,54,0.0015760441292356187,oxidative_stress_cell
normal,esophagogastric junction,IgA plasma cell,54,0.004228329809725159,oxidative_stress_cell
normal,spleen,myelocyte,54,9.347784315456562e-05,
normal,central nervous system,mechanoreceptor cell,54,7.26907560242464e-05,
normal,central nervous system,innate lymphoid cell,54,7.26907560242464e-05,
normal,endocrine gland,pre-conventional dendritic cell,54,7.700490834989889e-05,oxidative_stress_cell
neuroblastoma,neck,kidney cell,54,0.008372093023255815,
primary sclerosing cholangitis,liver,mast cell,54,0.0005159219238155292,oxidative_stress_cell
normal,skin of body,promyelocyte,54,8.00943333259172e-05,
normal,colon,"effector memory CD8-positive, alpha-beta T cell, terminally differentiated",54,8.04957344714039e-05,oxidative_stress_cell
normal,testis,tissue-resident macrophage,54,0.0026056745801968733,oxidative_stress_cell
normal,bone marrow,endosteal cell,54,7.109360394543172e-05,
normal,spinal cord,monocyte,54,0.0010852962456789131,oxidative_stress_cell
COVID-19,digestive system,B cell,54,0.0029878824766225863,oxidative_stress_cell
prostatic acinar adenocarcinoma,prostate gland,smooth muscle cell of prostate,54,0.0007903749890225696,
congenital heart disease,brain,oligodendrocyte precursor cell,54,0.01070154577883472,microglia_activated
normal,skeletal system,erythroid lineage cell,53,0.0015344083842390203,
injury,musculature,neural cell,53,0.009566787003610109,
normal,embryo,astrocyte,53,0.00013231971438914478,microglia_activated
cystic fibrosis,lung,multiciliated epithelial cell,53,0.0030130756111426947,oxidative_stress_cell
lung adenocarcinoma,adrenal gland,"CD4-positive, alpha-beta T cell",53,0.014942204680011277,oxidative_stress_cell
lymphoid interstitial pneumonia,lung,B cell,53,0.00317726754990708,oxidative_stress_cell
COVID-19,nose,gamma-delta T cell,53,0.0006013092658354228,oxidative_stress_cell
normal,musculature,"effector memory CD4-positive, alpha-beta T cell",53,9.092889874809779e-05,oxidative_stress_cell
Down syndrome,bone marrow,mesenchymal stem cell,53,0.0031655020008361703,
normal,vasculature,B cell,53,0.0003810756399194708,oxidative_stress_cell
interstitial lung disease,lung,granzyme K-associated CD8 T cell,53,0.0001672974517125893,oxidative_stress_cell
Down syndrome,bone marrow,basophil mast progenitor cell,53,0.0031655020008361703,
normal,colon,precursor B cell,53,7.900507272193345e-05,oxidative_stress_cell
normal,exocrine gland,pro-T cell,53,0.00027460570765372737,oxidative_stress_cell
normal,stomach,"dendritic cell, human",53,0.00018643459663292083,oxidative_stress_cell
injury,musculature,osteoclast,53,0.009566787003610109,
normal,respiratory system,non-myelinating Schwann cell,52,0.00010054215423166459,
progressive supranuclear palsy,brain,L6b glutamatergic neuron of the primary motor cortex,52,0.0004077088331686817,neuron_stressed
long COVID-19,digestive system,secretory cell,52,0.022549869904596703,
invasive lobular breast carcinoma,exocrine gland,pericyte,52,0.013208026416052832,oxidative_stress_cell
COVID-19,respiratory system,Langerhans cell,52,0.000730357594314447,
normal,digestive system,pericyte,52,0.0007203014184397163,oxidative_stress_cell
normal,colon,reticular cell,52,7.7514410972463e-05,
normal,placenta,monocyte,52,9.98277970500886e-05,oxidative_stress_cell
normal,endocrine gland,common myeloid progenitor,52,7.415287470731005e-05,
chronic obstructive pulmonary disease,respiratory system,fibroblast of lung,52,0.0027303754266211604,oxidative_stress_cell
Crohn disease,colon,innate lymphoid cell,52,0.001534421198619021,
Crohn disease,small intestine,enteroendocrine cell,52,0.0003573784913129536,
normal,pleura,T cell,52,0.0026402640264026403,oxidative_stress_cell
normal,small intestine,endothelial cell of venule,52,4.3793493465926554e-05,oxidative_stress_cell
normal,esophagus,unknown,52,0.00031052562433565433,
normal,lung,granzyme K-associated CD8 T cell,52,1.651408079450513e-05,oxidative_stress_cell
normal,central nervous system,choroid plexus macrophage,52,6.999850580112616e-05,oxidative_stress_cell
normal,milk,B cell,52,0.0010726515120260737,oxidative_stress_cell
normal,intestine,cord blood hematopoietic stem cell,52,0.00018414901905234083,
normal,spinal cord,dendritic cell,52,0.001045100088431546,oxidative_stress_cell
glioblastoma,brain,vascular lymphangioblast,51,3.763570994232143e-05,
chronic obstructive pulmonary disease,lung,tracheobronchial smooth muscle cell,51,0.0005662765650329773,
normal,respiratory system,mesothelial cell,51,9.860865126567105e-05,
normal,yolk sac,fraction A pre-pro B cell,51,0.0008993757274362501,oxidative_stress_cell
influenza,brain,neural cell,51,0.010631644777986242,
normal,eye,neutrophil,51,6.5329671455801275e-06,oxidative_stress_cell
normal,breast,innate lymphoid cell,51,2.1661496223254424e-05,
normal,peripheral nervous system,endothelial cell of vascular tree,51,0.07750759878419453,oxidative_stress_cell
Crohn disease,colon,stromal cell,51,0.0015049130986455781,oxidative_stress_cell
glioblastoma,brain,myeloid leukocyte,51,3.763570994232143e-05,
normal,small intestine,inflammatory macrophage,51,4.295131089927412e-05,oxidative_stress_cell
normal,intestine,neoplastic cell,51,0.00018060769176287273,tumor_epithelial_warburg
invasive lobular breast carcinoma,breast,endothelial cell of lymphatic vessel,51,0.003114503816793893,oxidative_stress_cell
normal,heart,basophil,51,2.598015218256202e-05,
injury,musculature,leukocyte,51,0.0092057761732852,
normal,pancreas,natural killer cell,50,0.00011760250822629546,
normal,adrenal gland,"CD4-positive, CD25-positive, alpha-beta regulatory T cell",50,0.00011418418823035061,oxidative_stress_cell
COVID-19,respiratory system,regulatory T cell,50,0.0007022669176100452,oxidative_stress_cell
normal,small intestine,natural T-regulatory cell,50,4.210912833262169e-05,
pulmonary emphysema,lung,ciliated cell,50,0.0015727226975339708,
metastatic melanoma,brain,B cell,50,0.004589261128958238,oxidative_stress_cell
normal,lung,hematopoietic stem cell,50,1.5878923840870316e-05,
lymphoid interstitial pneumonia,lung,pulmonary alveolar type 1 cell,50,0.0029974222168934715,
normal,respiratory system,enteroendocrine cell,50,9.667514829967749e-05,
squamous cell lung carcinoma,lung,mesothelial cell,50,0.00021303973617159072,
normal,digestive system,T cell,50,0.0006925975177304965,oxidative_stress_cell
normal,mucosa,"CD8-positive, alpha-beta T cell",50,0.0005466990312493166,oxidative_stress_cell
influenza,brain,ependymal cell,50,0.010423181154888472,
normal,musculature,primordial germ cell,50,8.578197995103564e-05,
Lewy body dementia,brain,smooth muscle cell,50,0.00041586266551334086,
normal,tendon of semitendinosus,neural cell,50,0.0047469856641032945,
Down syndrome,bone marrow,common myeloid progenitor,50,0.002986322642298274,
nonpapillary renal cell carcinoma,vasculature,mucosal invariant T cell,50,0.011376564277588168,oxidative_stress_cell
normal,esophagus,myeloid leukocyte,50,0.0002985823310919753,
pneumonia,lung,B cell,50,0.0015662688343827335,oxidative_stress_cell
normal,kidney,neural cell,50,7.598218369756659e-05,
progressive supranuclear palsy,brain,vascular leptomeningeal cell,50,0.0003920277242006555,
chronic obstructive pulmonary disease,brain,L5/6 near-projecting glutamatergic neuron,49,0.03217334208798424,neuron_stressed
normal,intestine,vascular associated smooth muscle cell,49,0.00017352503718393654,
normal,adrenal gland,cord blood hematopoietic stem cell,49,0.0001119005044657436,
normal,adrenal gland,collagen secreting cell,49,0.0001119005044657436,
myocardial infarction,brain,L5/6 near-projecting glutamatergic neuron,49,0.023844282238442822,neuron_stressed
normal,brain,primordial germ cell,49,2.6429582880232297e-06,
normal,stomach,precursor B cell,49,0.00017236406103798342,oxidative_stress_cell
normal,yolk sac,granulocyte monocyte progenitor cell,49,0.0008641060910662011,oxidative_stress_cell
normal,liver,double negative thymocyte,49,5.125383619273953e-05,
normal,bone marrow,immature alpha-beta T cell,49,6.451086283937322e-05,oxidative_stress_cell
normal,hindlimb,mast cell,49,0.0005633997148507565,oxidative_stress_cell
colorectal cancer,colon,"dendritic cell, human",49,0.001183431952662722,oxidative_stress_cell
COVID-19,blood,myeloid lineage restricted progenitor cell,49,1.3426713844668265e-05,
breast carcinoma,breast,luminal epithelial cell of mammary gland,49,0.0066458700664587,oxidative_stress_cell
normal,kidney,mucosal invariant T cell,49,7.446254002361527e-05,oxidative_stress_cell
normal,pancreas,stem cell,49,0.00011525045806176954,
benign prostatic hyperplasia,prostate gland,plasmacytoid dendritic cell,49,0.0008186724140811655,oxidative_stress_cell
normal,endocrine gland,stem cell,49,6.987482424342677e-05,
normal,skin of body,mature B cell,49,7.267819135129523e-05,oxidative_stress_cell
normal,respiratory system,glial cell,49,9.474164533368394e-05,
normal,spleen,erythroid lineage cell,48,8.309141613739166e-05,
colorectal cancer,intestine,gastrointestinal tract (lamina propria) macrophage,48,0.006808510638297872,oxidative_stress_cell
nonpapillary renal cell carcinoma,kidney,pericyte,48,0.00024188184072080788,oxidative_stress_cell
colorectal cancer,intestine,monocyte,48,0.006808510638297872,oxidative_stress_cell
atherosclerosis,heart,mast cell,48,0.0013561237462918492,oxidative_stress_cell
nonpapillary renal cell carcinoma,kidney,kidney pelvis urothelial cell,48,0.00024188184072080788,
non-small cell lung carcinoma,lung,non-classical monocyte,48,0.0005097868453752775,oxidative_stress_cell
invasive lobular breast carcinoma,breast,naive T cell,48,0.002931297709923664,oxidative_stress_cell
normal,colon,pro-B cell,48,7.155176397458124e-05,oxidative_stress_cell
digestive system disorder,small intestine,intestinal tuft cell,48,0.0005342296519716413,oxidative_stress_cell
normal,head,erythrocyte,48,0.0070577856197618,
long COVID-19,digestive system,T cell,48,0.020815264527320035,oxidative_stress_cell
normal,skin of body,epidermal Langerhans cell,48,7.119496295637083e-05,
normal,large intestine,malignant cell,48,0.00025864298646435037,tumor_epithelial_warburg
normal,kidney,pericyte,47,7.14232526757126e-05,oxidative_stress_cell
gastric cancer,stomach,Langerhans cell,47,0.00021567250817949458,
invasive lobular breast carcinoma,breast,mature NK T cell,47,0.002870229007633588,oxidative_stress_cell
normal,intestine,IgG plasma cell,47,0.00016644238260500035,oxidative_stress_cell
temporal lobe epilepsy,brain,T cell,47,0.02234902520209225,oxidative_stress_cell
tauopathy,brain,L5 extratelencephalic projecting glutamatergic cortical neuron,47,0.00037663576116484627,neuron_stressed
diabetes mellitus,brain,natural killer cell,47,0.0006200773117669565,
myocardial infarction,brain,microglial cell,47,0.022871046228710463,microglia_activated
breast cancer,brain,microglial cell,47,0.004787613323826016,microglia_activated
normal pressure hydrocephalus,brain,L5/6 near-projecting glutamatergic neuron,47,0.009921891492505806,neuron_stressed
acute promyelocytic leukemia,bone marrow,lymphoid lineage restricted progenitor cell,47,0.012587038028923407,
colorectal cancer,colon,endothelial cell of lymphatic vessel,47,0.0011351286076560802,oxidative_stress_cell
malignant ovarian serous tumor,large intestine,mast cell,47,0.00443354400528252,oxidative_stress_cell
clear cell renal carcinoma,blood,megakaryocyte,46,0.0014581880428580485,
normal,pancreas,cord blood hematopoietic stem cell,46,0.00010819430756819181,
amyotrophic lateral sclerosis,brain,perivascular macrophage,46,0.0002681605932178688,oxidative_stress_cell
chronic obstructive pulmonary disease,lung,respiratory basal cell,46,0.0005107592547356265,
bronchopulmonary dysplasia,lung,alveolar adventitial fibroblast,46,0.00030530095373363156,oxidative_stress_cell
breast cancer,lung,endothelial cell,46,0.015530047265361242,oxidative_stress_cell
lung adenocarcinoma,lung,erythrocyte,46,6.375191082493587e-05,
cystic fibrosis,lung,mast cell,46,0.0026151222285389427,oxidative_stress_cell
normal,colon,alpha-beta T cell,46,6.857044047564035e-05,oxidative_stress_cell
normal,kidney,B-2 B cell,46,6.990360900176126e-05,oxidative_stress_cell
malignant ovarian serous tumor,paracolic gutter,B cell,46,0.005741387918122816,oxidative_stress_cell
normal pressure hydrocephalus,brain,L6 corticothalamic-projecting glutamatergic cortical neuron,46,0.009710787418197172,neuron_stressed
myocarditis,heart,adipocyte,46,0.0007335938122956702,adipocyte_lipolytic
breast cancer,brain,cerebral cortex GABAergic interneuron,46,0.004685749210553122,neuron_stressed
ulcerative colitis,colon,"CD16-positive, CD56-dim natural killer cell, human",46,0.0012816583544621215,
colorectal cancer,abdomen,malignant cell,46,1.0,tumor_epithelial_warburg
melanoma,skin of body,mononuclear phagocyte,46,0.003531941031941032,
normal,lamina propria,mucosal invariant T cell,45,0.0018997762485751678,oxidative_stress_cell
bipolar I disorder,brain,L5 extratelencephalic projecting glutamatergic cortical neuron,45,0.00029567331384079633,neuron_stressed
normal,intestine,intestinal enteroendocrine cell,45,0.00015935972802606416,gut_fermentative_microbe
normal,nose,follicular dendritic cell,45,0.00018955589160772883,oxidative_stress_cell
acute myocardial infarction,brain,microglial cell,45,0.005601892194696876,microglia_activated
normal,eye,adipocyte,45,5.764382775511877e-06,adipocyte_lipolytic
normal,spleen,group 1 innate lymphoid cell,45,7.789820262880468e-05,
prostatic acinar adenocarcinoma,prostate gland,ciliated epithelial cell,45,0.0006586458241854747,oxidative_stress_cell
normal,kidney,kidney cortex collecting duct epithelial cell,45,6.838396532780994e-05,oxidative_stress_cell
breast cancer,breast,plasma cell,45,7.66737888097161e-05,oxidative_stress_cell
ulcerative colitis,colon,"plasmacytoid dendritic cell, human",45,0.0012537962163216405,oxidative_stress_cell
invasive ductal breast carcinoma,exocrine gland,plasma cell,45,0.006664691943127962,oxidative_stress_cell
lung adenocarcinoma,adrenal gland,fibroblast of lung,45,0.012686777558500142,oxidative_stress_cell
normal,endocrine gland,cord blood hematopoietic stem cell,45,6.417075695824908e-05,
lung adenocarcinoma,liver,smooth muscle cell,45,0.019019442096365174,
lung adenocarcinoma,pleural fluid,myeloid cell,45,0.0021007422622660006,
normal,kidney,urothelial cell,45,6.838396532780994e-05,
normal,yolk sac,common dendritic progenitor,45,0.0007935668183261031,oxidative_stress_cell
HIV infectious disease,blood,memory B cell,44,0.025128498001142203,oxidative_stress_cell
normal,gallbladder,stromal cell,44,0.0022222222222222222,oxidative_stress_cell
ulcerative colitis,colon,enteroendocrine cell,44,0.0012259340781811596,
tauopathy,brain,T cell,44,0.00035259518066496246,oxidative_stress_cell
HIV infectious disease,blood,"naive thymus-derived CD8-positive, alpha-beta T cell",44,0.025128498001142203,oxidative_stress_cell
normal,lung,pro-T cell,44,1.397345297996588e-05,oxidative_stress_cell
normal,placenta,erythroid lineage cell,44,8.446967442699805e-05,
lung adenocarcinoma,liver,CD1c-positive myeloid dendritic cell,44,0.018596787827557058,oxidative_stress_cell
normal,small intestine,progenitor cell of endocrine pancreas,44,3.7056032932707084e-05,
normal,pancreas,professional antigen presenting cell,44,0.00010349020723913999,
normal,colon,paneth cell of colon,44,6.558911697669947e-05,gut_fermentative_microbe
normal,skin of body,myelocyte,44,6.526204937667327e-05,
normal,skin of body,hematopoietic stem cell,44,6.526204937667327e-05,
malignant ovarian serous tumor,lymph node,dendritic cell,44,0.00676402767102229,oxidative_stress_cell
normal,kidney,regulatory T cell,44,6.686432165385861e-05,oxidative_stress_cell
normal,digestive system,macrophage,44,0.0006094858156028369,oxidative_stress_cell
normal,forelimb,pericyte,44,0.0011286971243875535,oxidative_stress_cell
lung adenocarcinoma,lung,alveolar adventitial fibroblast,44,6.098008861515605e-05,oxidative_stress_cell
normal,colon,erythrocyte,44,6.558911697669947e-05,
normal,skeletal system,T cell,43,0.0012448973683448655,oxidative_stress_cell
lung adenocarcinoma,pleural fluid,vein endothelial cell,43,0.002007375939498623,oxidative_stress_cell
acute promyelocytic leukemia,bone marrow,non-classical monocyte,43,0.011515800749866096,oxidative_stress_cell
normal,small intestine,mesenchymal lymphangioblast,43,3.621385036605465e-05,
normal,colon,"dendritic cell, human",43,6.409845522722902e-05,oxidative_stress_cell
normal,musculature,mononuclear phagocyte,43,7.377250275789066e-05,
acute promyelocytic leukemia,bone marrow,plasma cell,43,0.011515800749866096,oxidative_stress_cell
normal,pleura,dendritic cell,43,0.002183295252602183,oxidative_stress_cell
pulmonary fibrosis,lung,respiratory tract hillock cell,43,0.00015989171983995954,
breast carcinoma,breast,memory B cell,43,0.005832090058320901,oxidative_stress_cell
prediabetes syndrome,pancreas,pancreatic epsilon cell,43,0.0005403707194470626,
interstitial lung disease,lung,dendritic cell,43,0.00013573189478568564,oxidative_stress_cell
normal,vasculature,T cell,43,0.0003091745757837216,oxidative_stress_cell
normal,adipose tissue,intermediate monocyte,43,9.388605289933232e-05,oxidative_stress_cell
normal,exocrine gland,classical monocyte,43,0.00022279330998321278,oxidative_stress_cell
normal,respiratory system,Langerhans cell,42,8.12071245717291e-05,
Crohn disease,small intestine,neutrophil,42,0.00028865185836815483,oxidative_stress_cell
normal,esophagus,neutrophil,42,0.00025080915811725925,oxidative_stress_cell
normal,pancreas,intermediate monocyte,42,9.878610691008818e-05,oxidative_stress_cell
normal,brain,professional antigen presenting cell,42,2.2653928183056255e-06,
normal,exocrine gland,intermediate monocyte,42,0.0002176120702161613,oxidative_stress_cell
chronic obstructive pulmonary disease,lung,lung macrophage,42,0.000466345406497746,oxidative_stress_cell
normal,large intestine,BEST4+ enterocyte,42,0.00022631261315630657,oxidative_stress_cell
Down syndrome,bone marrow,immature B cell,42,0.00250851101953055,oxidative_stress_cell
normal,immune system,myeloid cell,42,0.0008421221478124875,
non-compaction cardiomyopathy,heart,mast cell,42,0.003610729023383769,oxidative_stress_cell
normal,hindlimb,melanocyte,41,0.00047141608793634733,
long COVID-19,digestive system,"CD8-positive, alpha-beta T cell",41,0.01777970511708586,oxidative_stress_cell
normal,liver,"double-positive, alpha-beta thymocyte",41,4.2885862936782056e-05,
lung adenocarcinoma,brain,bronchus fibroblast of lung,41,0.0015002927400468383,oxidative_stress_cell
normal,large intestine,intestinal enteroendocrine cell,41,0.00022092421760496595,gut_fermentative_microbe
normal,blood,basophil,41,2.9661435691620038e-06,
normal,blood,"myeloid dendritic cell, human",41,2.9661435691620038e-06,oxidative_stress_cell
normal,lung,M cell of gut,41,1.302071754951366e-05,
small cell lung carcinoma,brain,sst GABAergic cortical interneuron,41,0.02161307327358988,neuron_stressed
normal,nose,bronchus fibroblast of lung,41,0.00017270647902037516,oxidative_stress_cell
normal,central nervous system,H2 horizontal cell,41,5.519112957396487e-05,
chronic obstructive pulmonary disease,brain,sst GABAergic cortical interneuron,41,0.026920551543007223,neuron_stressed
normal,esophagogastric junction,endothelial cell of artery,41,0.0032103985592357685,oxidative_stress_cell
lung adenocarcinoma,liver,myeloid cell,41,0.017328825021132713,
COVID-19,saliva,"CD8-positive, alpha-beta T cell",41,0.00282719624879327,oxidative_stress_cell
acute promyelocytic leukemia,bone marrow,"naive thymus-derived CD4-positive, alpha-beta T cell",41,0.01098018211033744,oxidative_stress_cell
normal,forelimb,erythrocyte,41,0.0010517405022702204,
normal,lamina propria,"effector memory CD4-positive, alpha-beta T cell",41,0.0017309072487018196,oxidative_stress_cell
normal,mucosa,pulmonary ionocyte,41,0.0004482932056244396,
normal,hindlimb,natural killer cell,41,0.00047141608793634733,
chronic obstructive pulmonary disease,lung,lung pericyte,41,0.00045524194443827585,oxidative_stress_cell
normal,musculature,plasmacytoid dendritic cell,41,7.034122355984923e-05,oxidative_stress_cell
normal,liver,hematopoietic precursor cell,41,4.2885862936782056e-05,
diffuse large B-cell lymphoma,lymph node,plasma cell,40,0.0017159281026125006,oxidative_stress_cell
non-small cell lung carcinoma,lung,club cell,40,0.00042482237114606456,oxidative_stress_cell
lung adenocarcinoma,lymph node,multiciliated epithelial cell,40,0.0007411524921252547,oxidative_stress_cell
normal,musculature,"CD8-positive, alpha-beta memory T cell, CD45RO-positive",40,6.862558396082852e-05,oxidative_stress_cell
normal,spleen,group 2 innate lymphoid cell,40,6.924284678115972e-05,
normal,liver,group 2 innate lymphoid cell,40,4.183986627978737e-05,
normal,large intestine,neoplastic cell,40,0.0002155358220536253,tumor_epithelial_warburg
normal,prostate gland,mast cell,40,0.0004592158888697549,oxidative_stress_cell
normal,kidney,group 3 innate lymphoid cell,39,5.9266103284101945e-05,
normal,small intestine,"dendritic cell, human",39,3.284512009944492e-05,oxidative_stress_cell
influenza,brain,oligodendrocyte precursor cell,39,0.008130081300813009,microglia_activated
normal,intestine,conventional dendritic cell,39,0.00013811176428925562,oxidative_stress_cell
normal,respiratory system,granulocyte,39,7.540661567374845e-05,
ulcerative colitis,colon,mucosal invariant T cell,39,0.0010866233874787551,oxidative_stress_cell
normal,intestine,T follicular helper cell,39,0.00013811176428925562,
normal,yolk sac,common myeloid progenitor,39,0.000687757909215956,
influenza,brain,cerebral cortex GABAergic interneuron,38,0.007921617677715239,neuron_stressed
normal,endocrine gland,megakaryocyte,38,5.4188639209188113e-05,
small cell lung carcinoma,brain,cerebral cortex GABAergic interneuron,38,0.020031628887717447,neuron_stressed
Crohn disease,colon,enteroendocrine cell,38,0.001121307798990823,
invasive lobular breast carcinoma,exocrine gland,plasmacytoid dendritic cell,38,0.009652019304038608,oxidative_stress_cell
colorectal cancer,colon,germinal center B cell,38,0.0009177635551261925,oxidative_stress_cell
normal,liver,glial cell,38,3.9747872965798e-05,
non-specific interstitial pneumonia,lung,alveolar adventitial fibroblast,38,0.0012698412698412698,oxidative_stress_cell
lung adenocarcinoma,lung,"activated CD8-positive, alpha-beta T cell",38,5.2664621985816587e-05,oxidative_stress_cell
colorectal cancer,intestine,intestinal crypt stem cell,38,0.005390070921985815,gut_fermentative_microbe
normal,spleen,alveolar macrophage,38,6.578070444210173e-05,oxidative_stress_cell
normal,stomach,motor neuron,38,0.0001336700881519055,neuron_stressed
normal,musculature,erythroblast,38,6.51943047627871e-05,
malignant ovarian serous tumor,musculature,mast cell,38,0.0019528238861195335,oxidative_stress_cell
congenital heart disease,brain,macroglial cell,38,0.0075307173999207295,
colorectal cancer,intestine,pericyte,38,0.005390070921985815,oxidative_stress_cell
metastatic melanoma,brain,microglial cell,37,0.003396053235429096,microglia_activated
normal,respiratory system,hepatocyte,37,7.153960974176135e-05,hepatocyte_ketogenic
normal,skeletal system,epithelial cell,37,0.0010711907588083728,oxidative_stress_cell
non-specific interstitial pneumonia,lung,respiratory basal cell,37,0.0012364243943191312,
COVID-19,blood,T-helper 2 cell,37,1.0138539025565832e-05,
diffuse large B-cell lymphoma,stomach,macrophage,37,0.024915824915824916,oxidative_stress_cell
normal,brain,dendritic cell,37,1.995703197078765e-06,oxidative_stress_cell
non-small cell lung carcinoma,lung,endothelial cell of lymphatic vessel,37,0.0003929606933101097,oxidative_stress_cell
tauopathy,brain,natural killer cell,37,0.00029650049283190023,
normal,large intestine,glial cell,37,0.0001993706353996034,
lung adenocarcinoma,pleural fluid,mesothelial cell,37,0.0017272769711964894,
normal,omentum,"effector memory CD4-positive, alpha-beta T cell",37,0.0027593407412931613,oxidative_stress_cell
normal,urinary bladder,granulocyte,37,0.0012401957498156466,
non-small cell lung carcinoma,lung,smooth muscle cell,37,0.0003929606933101097,
normal,peripheral nervous system,vestibular dark cell,37,0.05623100303951368,
normal,nose,brush cell of trachea,37,0.0001558570664330215,
normal,bone marrow,pre-natural killer cell,37,4.8712284184832836e-05,
normal,pancreas,"CD4-positive, alpha-beta T cell",37,8.702585608745863e-05,oxidative_stress_cell
normal,hindlimb,megakaryocyte,37,0.0004254242744791427,
normal,pleura,stromal cell,37,0.0018786494034018786,oxidative_stress_cell
normal,adrenal gland,endocrine cell,37,8.449629929045945e-05,
inflammatory bowel disease,colon,cycling T cell,37,0.000986719291695557,oxidative_stress_cell
normal,ovary,neutrophil,37,0.00021142615512965567,oxidative_stress_cell
normal,esophagogastric junction,monocyte,36,0.0028188865398167725,oxidative_stress_cell
breast cancer,liver,erythrocyte,36,9.966363523109506e-05,
clear cell renal carcinoma,lymph node,"CD4-positive, alpha-beta T cell",36,0.00938722294654498,oxidative_stress_cell
inflammatory bowel disease,colon,tuft cell of small intestine,36,0.0009600512027308123,oxidative_stress_cell
malignant ovarian serous tumor,urinary bladder,B cell,36,0.005745292052345995,oxidative_stress_cell
normal,colon,myeloid dendritic cell,36,5.366382298093593e-05,oxidative_stress_cell
normal,blood,"group 2 innate lymphoid cell, human",36,2.604418743654442e-06,
chromophobe renal cell carcinoma,kidney,endothelial cell,36,0.013975155279503106,oxidative_stress_cell
normal,central nervous system,diffuse bipolar 6 cell,36,4.846050401616427e-05,
normal,lung,mesothelial fibroblast,36,1.1432825165426629e-05,oxidative_stress_cell
normal,lung,bone marrow cell,36,1.1432825165426629e-05,
normal,central nervous system,fibrocyte,36,4.846050401616427e-05,
normal,musculature,eosinophil,36,6.176302556474567e-05,
respiratory system disorder,blood,"CD34-positive, CD38-negative hematopoietic stem cell",36,0.0003789992314737806,
normal,skeletal system,glial cell,36,0.0010422396572189571,
normal,blood,group 1 innate lymphoid cell,36,2.604418743654442e-06,
normal,lung,promyelocyte,36,1.1432825165426629e-05,
chronic obstructive pulmonary disease,respiratory system,neutrophil,36,0.0018902599107377264,oxidative_stress_cell
gastric cancer,stomach,enteroglial cell,36,0.00016519596371195332,
open-angle glaucoma,blood,platelet,36,0.00025781871047674974,
normal,kidney,small pre-B-II cell,36,5.470717226224795e-05,
COVID-19,respiratory system,ionocyte,36,0.0005056321806792325,
normal,skin of body,"CD8-alpha-alpha-positive, alpha-beta intraepithelial T cell",35,5.191299382235374e-05,oxidative_stress_cell
normal,ovary,erythroid progenitor cell,35,0.00019999771431183645,
luminal A breast carcinoma,pleural fluid,malignant cell,35,0.0034223134839151265,tumor_epithelial_warburg
normal,colon,CD4-positive helper T cell,35,5.2173161231465485e-05,oxidative_stress_cell
colorectal cancer,colon,group 3 innate lymphoid cell,35,0.0008453085376162299,
small cell lung carcinoma,pleural fluid,dendritic cell,35,0.00502224135457024,oxidative_stress_cell
normal,kidney,"CD4-positive, CD25-positive, alpha-beta regulatory T cell",35,5.318752858829662e-05,oxidative_stress_cell
malignant ovarian serous tumor,colon,mast cell,35,0.0018575522768283623,oxidative_stress_cell
squamous cell lung carcinoma,lymph node,classical monocyte,35,0.030303030303030304,oxidative_stress_cell
normal,tongue,Schwann cell,35,0.0009031325798627239,
normal,digestive system,multiciliated epithelial cell,35,0.0004848182624113475,oxidative_stress_cell
normal,spinal cord,B cell,35,0.0007034327518289251,oxidative_stress_cell
normal,intestine,memory B cell,35,0.00012394645513138323,oxidative_stress_cell
influenza,brain,sst GABAergic cortical interneuron,35,0.00729622680842193,neuron_stressed
invasive ductal breast carcinoma,exocrine gland,plasmacytoid dendritic cell,35,0.005183649289099526,oxidative_stress_cell
dementia,brain,B cell,35,2.509187209740808e-05,oxidative_stress_cell
normal,pancreas,plasma cell,35,8.232175575840681e-05,oxidative_stress_cell
normal,skin of body,erythroid progenitor cell,35,5.191299382235374e-05,
type 2 diabetes mellitus,brain,vascular leptomeningeal cell,35,0.003018282166264229,
ulcerative colitis,colon,endothelial cell of lymphatic vessel,35,0.0009751748349168315,oxidative_stress_cell
normal,omentum,"effector memory CD8-positive, alpha-beta T cell, terminally differentiated",35,0.002610187187709747,oxidative_stress_cell
lymphoid interstitial pneumonia,lung,mast cell,35,0.00209819555182543,oxidative_stress_cell
normal,omentum,endothelial cell,35,0.002610187187709747,oxidative_stress_cell
small cell lung carcinoma,axilla,endothelial cell,34,0.005243676742751388,oxidative_stress_cell
colorectal cancer,intestine,"naive thymus-derived CD8-positive, alpha-beta T cell",34,0.004822695035460993,oxidative_stress_cell
breast cancer,brain,sst GABAergic cortical interneuron,34,0.0034633798512783945,neuron_stressed
gastric cancer,stomach,fibroblastic reticular cell,34,0.00015601841017240034,oxidative_stress_cell
pneumonia,lung,T cell,34,0.0010650628073802587,oxidative_stress_cell
normal,ureter,plasma cell,34,0.0007775338455909257,oxidative_stress_cell
bipolar disorder,brain,L6b glutamatergic neuron of the primary motor cortex,34,0.004419602235798778,neuron_stressed
normal,kidney,large pre-B-II cell,34,5.166788491434528e-05,
HIV infectious disease,blood,"CD8-positive, alpha-beta memory T cell",34,0.019417475728155338,oxidative_stress_cell
normal,esophagogastric junction,natural T-regulatory cell,34,0.0026622817320491737,
pulmonary fibrosis,lung,pulmonary neuroendocrine cell,33,0.0001227075989469457,
pulmonary fibrosis,lung,stromal cell,33,0.0001227075989469457,oxidative_stress_cell
normal,lymph node,type EC enteroendocrine cell,33,3.589195867856684e-05,
lung adenocarcinoma,brain,smooth muscle cell,33,0.001207552693208431,
normal,spleen,enteroendocrine cell,33,5.712534859445677e-05,
cystic fibrosis,lung,pulmonary alveolar type 2 cell,33,0.0018760659465605458,
normal,lung,erythroid lineage cell,33,1.048008973497441e-05,
diffuse large B-cell lymphoma,small intestine,plasmacytoid dendritic cell,33,0.006185567010309278,oxidative_stress_cell
normal,lung,myeloid dendritic cell,33,1.048008973497441e-05,oxidative_stress_cell
lung adenocarcinoma,lymph node,endothelial cell of lymphatic vessel,33,0.0006114508060033352,oxidative_stress_cell
small cell lung carcinoma,lung,mast cell,33,0.001046290424857324,oxidative_stress_cell
normal,endocrine gland,promonocyte,33,4.705855510271599e-05,oxidative_stress_cell
normal,hindlimb,myelocyte,33,0.0003794324610219381,
normal,lung,immature Schwann cell,33,1.048008973497441e-05,
normal,spinal cord,T cell,33,0.000663236594581558,oxidative_stress_cell
colorectal cancer,colon,intestinal enteroendocrine cell,33,0.0007970051926095883,gut_fermentative_microbe
Crohn disease,small intestine,vascular associated smooth muscle cell,33,0.00022679788871783594,
colorectal cancer,colon,IgM plasma cell,32,0.0007728535201062674,oxidative_stress_cell
prostatic acinar adenocarcinoma,prostate gland,myelinating Schwann cell,32,0.00046837036386522643,
atherosclerosis,brain,L5 extratelencephalic projecting glutamatergic cortical neuron,32,0.00022612443910539518,neuron_stressed
chronic obstructive pulmonary disease,brain,cerebral cortex GABAergic interneuron,32,0.021011162179908074,neuron_stressed
diffuse large B-cell lymphoma,small intestine,plasma cell,32,0.005998125585754452,oxidative_stress_cell
normal,tongue,taste receptor cell,32,0.0008257212158744903,
normal,spinal cord,chondrocyte,32,0.0006431385159578744,
normal,small intestine,group 2 innate lymphoid cell,32,2.6949842132877883e-05,
normal,colon,neutrophil,32,4.7701175983054155e-05,oxidative_stress_cell
influenza,blood,mucosal invariant T cell,32,0.0010755579456843238,oxidative_stress_cell
normal,large intestine,TREM2-positive macrophage,32,0.00017242865764290026,oxidative_stress_cell
squamous cell lung carcinoma,lung,multiciliated columnar cell of tracheobronchial tree,32,0.00013634543114981806,
myelodysplastic/myeloproliferative disease,blood,endothelial cell,31,0.00023797095219086806,oxidative_stress_cell
normal,head,macrophage,31,0.004558153212762829,oxidative_stress_cell
normal,gallbladder,smooth muscle cell,31,0.0015656565656565658,
normal,urinary bladder,plasma cell,31,0.0010390829255212174,oxidative_stress_cell
normal,kidney,erythroid progenitor cell,31,4.710895389249129e-05,
prostatic acinar adenocarcinoma,prostate gland,plasmacytoid dendritic cell,31,0.0004537337899944381,oxidative_stress_cell
acute kidney failure,kidney,neural cell,31,0.000247423996935135,
macular degeneration,eye,retinal astrocyte,31,0.00790413054563998,microglia_activated
squamous cell lung carcinoma,lymph node,B cell,31,0.02683982683982684,oxidative_stress_cell
follicular lymphoma,lymph node,plasma cell,31,0.0002526446186696223,oxidative_stress_cell
open-angle glaucoma,blood,"activated CD8-positive, alpha-beta T cell",31,0.00022201055624386786,oxidative_stress_cell
small cell lung carcinoma,adrenal gland,B cell,31,0.008160042116346407,oxidative_stress_cell
lung adenocarcinoma,adrenal gland,malignant cell,31,0.008739780095855652,tumor_epithelial_warburg
injury,musculature,adipocyte,31,0.005595667870036101,adipocyte_lipolytic
clear cell renal carcinoma,lymph node,"CD14-positive, CD16-positive monocyte",31,0.008083441981747066,oxidative_stress_cell
Down syndrome,bone marrow,mature B cell,31,0.00185152003822493,oxidative_stress_cell
normal,spleen,cord blood hematopoietic stem cell,31,5.366320625539878e-05,
bipolar II disorder,brain,smooth muscle cell,31,0.0011704296609529564,
normal,bone marrow,macrophage dendritic cell progenitor,31,4.0812994857562645e-05,oxidative_stress_cell
chromophobe renal cell carcinoma,kidney,T cell,30,0.011645962732919254,oxidative_stress_cell
invasive ductal breast carcinoma,exocrine gland,mast cell,30,0.004443127962085308,oxidative_stress_cell
normal,fallopian tube,myeloid leukocyte,30,0.00014034102869974038,
normal,respiratory system,peripheral nervous system neuron,30,5.800508897980649e-05,neuron_stressed
normal,musculature,"naive thymus-derived CD4-positive, alpha-beta T cell",30,5.1469187970621386e-05,oxidative_stress_cell
squamous cell lung carcinoma,lung,lung pericyte,30,0.00012782384170295443,oxidative_stress_cell
normal,bone marrow,group 1 innate lymphoid cell,30,3.9496446636350946e-05,
normal,intestine,erythroid lineage cell,30,0.00010623981868404278,
normal,placenta,megakaryocyte,30,5.759295983658958e-05,
normal,adrenal gland,conventional dendritic cell,30,6.851051293821037e-05,oxidative_stress_cell
lung adenocarcinoma,lymph node,non-classical monocyte,30,0.0005558643690939411,oxidative_stress_cell
normal,skin of body,mature NK T cell,30,4.449685184773177e-05,oxidative_stress_cell
respiratory system disorder,blood,"erythroid progenitor cell, mammalian",30,0.0003158326928948172,
lung adenocarcinoma,pleural fluid,alveolar macrophage,30,0.001400494841510667,oxidative_stress_cell
lung adenocarcinoma,lymph node,bronchus fibroblast of lung,30,0.0005558643690939411,oxidative_stress_cell
normal,endocrine gland,early lymphoid progenitor,30,4.278050463883272e-05,
small cell lung carcinoma,axilla,B cell,30,0.0046267735965453425,oxidative_stress_cell
normal,brain,endothelial cell of arteriole,30,1.618137727361161e-06,oxidative_stress_cell
normal,forelimb,endothelial cell of lymphatic vessel,30,0.000769566221173332,oxidative_stress_cell
breast cancer,liver,neutrophil,30,8.305302935924588e-05,oxidative_stress_cell
normal,eye,intermediate monocyte,30,3.842921850341251e-06,oxidative_stress_cell
type 2 diabetes mellitus,pancreas,pancreatic epsilon cell,30,0.0003856933480753902,
normal,brain,pinealocyte,30,1.618137727361161e-06,
lymphoid interstitial pneumonia,lung,smooth muscle cell,29,0.0017385048857982135,
normal,head,neuron,29,0.00426407881193942,neuron_stressed
normal,uterus,plasma cell,29,9.422008512297345e-05,oxidative_stress_cell
pneumonia,lung,natural killer cell,29,0.0009084359239419854,
normal,embryo,myoblast,29,7.240135315632451e-05,
normal,bone marrow,germinal center B cell,29,3.817989841513925e-05,oxidative_stress_cell
normal,spinal cord,epithelial cell,29,0.0005828442800868237,oxidative_stress_cell
melanoma,skin of body,plasmacytoid dendritic cell,29,0.002226658476658477,oxidative_stress_cell
normal,intestine,"naive thymus-derived CD8-positive, alpha-beta T cell",29,0.00010269849139457469,oxidative_stress_cell
diffuse large B-cell lymphoma,stomach,parietal cell,29,0.019528619528619527,
colorectal cancer,colon,tuft cell of small intestine,29,0.0007003985025963048,oxidative_stress_cell
normal,digestive system,mature alpha-beta T cell,29,0.0004017065602836879,oxidative_stress_cell
COVID-19,respiratory system,gamma-delta T cell,29,0.00040731481221382624,oxidative_stress_cell
heart failure,heart,smooth muscle cell,29,0.0024712398806987644,
neuroblastoma,chest,B cell,29,0.0018815285797703237,oxidative_stress_cell
normal,adipose tissue,classical monocyte,29,6.331850079257296e-05,oxidative_stress_cell
normal,skeletal system,natural killer cell,28,0.0008106308445036334,
normal,immune system,conventional dendritic cell,28,0.000561414765208325,oxidative_stress_cell
acute promyelocytic leukemia,bone marrow,erythroid lineage cell,28,0.007498660953401178,
squamous cell lung carcinoma,lymph node,"CD4-positive, alpha-beta T cell",28,0.024242424242424242,oxidative_stress_cell
normal,vasculature,basal cell,28,0.0002013229795800978,
normal,digestive system,leukocyte,28,0.00038785460992907803,
clear cell renal carcinoma,blood,"naive thymus-derived CD8-positive, alpha-beta T cell",28,0.0008875927217396818,oxidative_stress_cell
respiratory system disorder,blood,T follicular helper cell,28,0.0002947771800351627,
normal,intestine,mast cell,28,9.915716410510659e-05,oxidative_stress_cell
normal,testis,erythroid lineage cell,28,0.0013510905230650454,
normal,omentum,classical monocyte,28,0.0020881497501677978,oxidative_stress_cell
COVID-19,respiratory system,"CD16-positive, CD56-dim natural killer cell, human",28,0.0003932694738616253,
chronic obstructive pulmonary disease,respiratory system,pulmonary alveolar type 1 cell,28,0.0014702021527960094,
normal,intestine,cycling T cell,28,9.915716410510659e-05,oxidative_stress_cell
type 1 diabetes mellitus,brain,natural killer cell,28,0.0011569291794066607,
normal,eye,myeloid dendritic cell,28,3.5867270603185016e-06,oxidative_stress_cell
normal,hindlimb,neuron,28,0.0003219426942004323,neuron_stressed
normal,head,cell,28,0.004117041611527717,
normal,kidney,endothelial cell of lymphatic vessel,28,4.255002287063729e-05,oxidative_stress_cell
lung adenocarcinoma,liver,plasma cell,28,0.011834319526627219,oxidative_stress_cell
squamous cell lung carcinoma,lung,tracheobronchial smooth muscle cell,27,0.00011504145753265899,
normal,central nervous system,retinal cell,27,3.63453780121232e-05,
normal,brain,innate lymphoid cell,27,1.4563239546250449e-06,
inflammatory bowel disease,colon,"plasmacytoid dendritic cell, human",27,0.0007200384020481092,oxidative_stress_cell
colorectal cancer,intestine,"CD16-negative, CD56-bright natural killer cell, human",27,0.003829787234042553,
squamous cell lung carcinoma,lymph node,pericyte,27,0.023376623376623377,oxidative_stress_cell
influenza,brain,macrophage,27,0.005628517823639775,oxidative_stress_cell
colorectal cancer,colon,plasmablast,27,0.0006520951575896631,
normal,skin of body,common myeloid progenitor,27,4.00471666629586e-05,
normal,esophagus,IgG plasma cell,27,0.00016123445878966667,oxidative_stress_cell
heart failure,brain,interneuron,27,0.0058772311710927295,neuron_stressed
invasive lobular breast carcinoma,breast,T cell,27,0.001648854961832061,oxidative_stress_cell
breast cancer,neck,B cell,27,0.0019634935641044287,oxidative_stress_cell
cystic fibrosis,skeletal system,nasal mucosa goblet cell,27,0.0017029328287606433,oxidative_stress_cell
breast cancer,breast,mature NK T cell,27,4.6004273285829664e-05,oxidative_stress_cell
normal,digestive system,enteroendocrine cell,27,0.0003740026595744681,
chronic obstructive pulmonary disease,respiratory system,pulmonary neuroendocrine cell,27,0.0014176949330532947,
pulmonary fibrosis,lung,bronchial goblet cell,27,0.00010039712641113738,oxidative_stress_cell
normal,esophagogastric junction,mast cell,27,0.0021141649048625794,oxidative_stress_cell
breast cancer,brain,L5/6 near-projecting glutamatergic neuron,27,0.002750331058368137,neuron_stressed
invasive lobular breast carcinoma,breast,"effector memory CD4-positive, alpha-beta T cell",27,0.001648854961832061,oxidative_stress_cell
normal,liver,progenitor cell,27,2.8241909738856475e-05,
colorectal cancer,intestine,enteroglial cell,27,0.003829787234042553,
normal,vasculature,mesothelial cell,27,0.00019413287316652285,
vascular dementia,brain,L5 extratelencephalic projecting glutamatergic cortical neuron,26,0.0003134834034651973,neuron_stressed
normal,stomach,epithelial cell of esophagus,26,9.145848136709324e-05,oxidative_stress_cell
colorectal cancer,large intestine,intestinal crypt stem cell of colon,26,0.001616915422885572,gut_fermentative_microbe
normal,central nervous system,platelet,26,3.499925290056308e-05,
nonpapillary renal cell carcinoma,vasculature,mast cell,26,0.005915813424345847,oxidative_stress_cell
diffuse large B-cell lymphoma,respiratory system,plasmacytoid dendritic cell,26,0.010462776659959759,oxidative_stress_cell
normal,head,neuroblast (sensu Vertebrata),26,0.003822967210704308,neuron_stressed
normal,lung,germinal center B cell,26,8.257040397252566e-06,oxidative_stress_cell
normal,nose,alveolar macrophage,26,0.00010952118181779888,oxidative_stress_cell
normal,liver,mesodermal cell,26,2.719591308186179e-05,
lung adenocarcinoma,pleural fluid,mast cell,26,0.0012137621959759115,oxidative_stress_cell
normal,small intestine,epithelial cell of lung,26,2.1896746732963277e-05,oxidative_stress_cell
small cell lung carcinoma,adrenal gland,fibroblast,26,0.006843906291129244,oxidative_stress_cell
normal,omentum,T follicular helper cell,26,0.0019389961965843837,
normal,omentum,"CD16-positive, CD56-dim natural killer cell, human",26,0.0019389961965843837,
normal,colon,enterochromaffin-like cell,26,3.87572054862315e-05,
chronic obstructive pulmonary disease,respiratory system,pulmonary ionocyte,26,0.0013651877133105802,
normal,bone marrow,immature natural killer cell,26,3.423025375150416e-05,
clear cell renal carcinoma,lymph node,endothelial cell,26,0.006779661016949152,oxidative_stress_cell
normal,liver,smooth muscle cell,26,2.719591308186179e-05,
normal,skin of body,primordial germ cell,26,3.85639382680342e-05,
normal,endocrine gland,eurydendroid cell,26,3.707643735365502e-05,
small cell lung carcinoma,adrenal gland,endothelial cell,26,0.006843906291129244,oxidative_stress_cell
normal,esophagus,neuron,25,0.00014929116554598766,neuron_stressed
normal,respiratory system,plasmablast,25,4.8337574149838744e-05,
colorectal cancer,intestine,intestine goblet cell,25,0.0035460992907801418,oxidative_stress_cell
normal,endocrine gland,"effector memory CD8-positive, alpha-beta T cell, terminally differentiated",25,3.56504205323606e-05,oxidative_stress_cell
squamous cell lung carcinoma,lung,alveolar adventitial fibroblast,25,0.00010651986808579536,oxidative_stress_cell
normal,large intestine,"naive thymus-derived CD4-positive, alpha-beta T cell",25,0.00013470988878351583,oxidative_stress_cell
breast cancer,brain,pvalb GABAergic cortical interneuron,25,0.002546602831822349,neuron_stressed
normal,endocrine gland,"CD8-positive, alpha-beta memory T cell, CD45RO-positive",25,3.56504205323606e-05,oxidative_stress_cell
normal,small intestine,alveolar macrophage,25,2.1054564166310845e-05,oxidative_stress_cell
normal,ovary,monocyte,25,0.0001428555102227403,oxidative_stress_cell
breast cancer,liver,mast cell,25,6.921085779937157e-05,oxidative_stress_cell
normal,milk,eosinophil,25,0.0005156978423202277,
nonpapillary renal cell carcinoma,vasculature,MHC-II-positive classical monocyte,25,0.005688282138794084,oxidative_stress_cell
normal,stomach,afferent neuron,25,8.794084746835888e-05,neuron_stressed
normal,intestine,vein endothelial cell,25,8.853318223670232e-05,oxidative_stress_cell
normal,kidney,collagen secreting cell,25,3.7991091848783295e-05,
normal,bone marrow,erythroblast,25,3.291370553029246e-05,
interstitial lung disease,lung,pulmonary alveolar epithelial cell,25,7.89138923172591e-05,oxidative_stress_cell
amyotrophic lateral sclerosis,brain,vascular leptomeningeal cell,25,0.00014573945283579827,
normal,adipose tissue,hematopoietic cell,25,5.4584914476356e-05,
normal,pancreas,erythroid progenitor cell,25,5.880125411314773e-05,
normal,forelimb,early lymphoid progenitor,24,0.0006156529769386656,
malignant ovarian serous tumor,fallopian tube,dendritic cell,24,0.0012201321809862736,oxidative_stress_cell
invasive lobular breast carcinoma,breast,myofibroblast cell,24,0.001465648854961832,oxidative_stress_cell
congenital heart disease,brain,immature astrocyte,24,0.0047562425683709865,microglia_activated
frontotemporal dementia,brain,vascular leptomeningeal cell,24,0.00020247013565499088,
colorectal cancer,intestine,group 3 innate lymphoid cell,24,0.003404255319148936,
colorectal cancer,intestine,mucosal invariant T cell,24,0.003404255319148936,oxidative_stress_cell
diabetes mellitus,brain,L5 extratelencephalic projecting glutamatergic cortical neuron,24,0.00031663522302993524,neuron_stressed
normal,small intestine,type B pancreatic cell,24,2.021238159965841e-05,
normal,esophagus,natural killer cell,24,0.00014331951892414813,
normal,adipose tissue,non-classical monocyte,24,5.240151789730176e-05,oxidative_stress_cell
pulmonary fibrosis,lung,ionocyte,24,8.924189014323323e-05,
normal,kidney,gamma-delta T cell,24,3.647144817483197e-05,oxidative_stress_cell
normal,adipose tissue,mucosal invariant T cell,24,5.240151789730176e-05,oxidative_stress_cell
normal,nose,mature NK T cell,24,0.00010109647552412204,oxidative_stress_cell
normal,yolk sac,keratinocyte,24,0.0004232356364405883,oxidative_stress_cell
normal,adrenal gland,epithelial cell of proximal tubule,24,5.48084103505683e-05,oxidative_stress_cell
prostatic acinar adenocarcinoma,prostate gland,prostate neuroendocrine cell,24,0.0003512777728989198,
progressive supranuclear palsy,brain,perivascular macrophage,24,0.00018817330761631464,oxidative_stress_cell
normal,omentum,alpha-beta T cell,24,0.0017898426430009696,oxidative_stress_cell
normal,omentum,alveolar macrophage,24,0.0017898426430009696,oxidative_stress_cell
normal,adipose tissue,"naive thymus-derived CD4-positive, alpha-beta T cell",24,5.240151789730176e-05,oxidative_stress_cell
colorectal cancer,large intestine,plasmacytoid dendritic cell,24,0.0014925373134328358,oxidative_stress_cell
normal,skin of body,common dendritic progenitor,24,3.559748147818542e-05,oxidative_stress_cell
normal,prostate gland,classical monocyte,24,0.00027552953332185293,oxidative_stress_cell
normal,scalp,granular cell of epidermis,23,0.0075932651039947174,
normal,kidney,cell of skeletal muscle,23,3.495180450088063e-05,
normal,intestine,professional antigen presenting cell,23,8.145052765776613e-05,
normal,prostate gland,granulocyte,23,0.0002640491361001091,
nonpapillary renal cell carcinoma,adrenal gland,fibroblast,23,0.004938801803736311,oxidative_stress_cell
heart failure,brain,Bergmann glial cell,23,0.00500653025685677,
lymphoid interstitial pneumonia,lung,alveolar type 1 fibroblast cell,23,0.0013788142197709969,oxidative_stress_cell
lymphoid interstitial pneumonia,lung,myofibroblast cell,23,0.0013788142197709969,oxidative_stress_cell
normal,brain,fibrocyte,23,1.2405722576435567e-06,
small cell lung carcinoma,brain,L4 intratelencephalic projecting glutamatergic neuron,23,0.012124406958355299,neuron_stressed
normal,omentum,plasma cell,23,0.0017152658662092624,oxidative_stress_cell
normal,spleen,glial cell,23,3.981463689916684e-05,
normal,yolk sac,plasmacytoid dendritic cell,23,0.0004056008182555638,oxidative_stress_cell
normal,stomach,erythroid progenitor cell,23,8.090557967089017e-05,
normal,ovary,"CD4-positive, alpha-beta T cell",23,0.0001314270694049211,oxidative_stress_cell
normal,esophagus,professional antigen presenting cell,23,0.00013734787230230863,
normal,bone marrow,cord blood hematopoietic stem cell,23,3.028060908786906e-05,
breast cancer,lung,mature NK T cell,23,0.007765023632680621,oxidative_stress_cell
non-specific interstitial pneumonia,lung,mast cell,23,0.0007685881370091896,oxidative_stress_cell
normal,nose,brush cell of tracheobronchial tree,23,9.688412237728362e-05,
normal,lung,mature conventional dendritic cell,23,7.304304966800346e-06,oxidative_stress_cell
normal,endocrine gland,colon epithelial cell,23,3.279838688977175e-05,oxidative_stress_cell
age related macular degeneration 7,eye,endothelial cell,23,0.01352145796590241,oxidative_stress_cell
normal,lung,lung microvascular endothelial cell,23,7.304304966800346e-06,oxidative_stress_cell
normal,bladder organ,regulatory T cell,23,0.00030490634072620736,oxidative_stress_cell
"primary cutaneous diffuse large B-cell lymphoma, Leg type",skin of body,pericyte,23,0.0032408059743553614,oxidative_stress_cell
inflammatory bowel disease,colon,myofibroblast cell,23,0.0006133660461891301,oxidative_stress_cell
chronic obstructive pulmonary disease,lung,bronchus fibroblast of lung,23,0.00025537962736781327,oxidative_stress_cell
normal,liver,"central memory CD8-positive, alpha-beta T cell",23,2.4057923110877736e-05,oxidative_stress_cell
normal,kidney,professional antigen presenting cell,23,3.495180450088063e-05,
periodontitis,mucosa,Langerhans cell,23,0.0005970924195223261,
chronic obstructive pulmonary disease,lung,pulmonary neuroendocrine cell,23,0.00025537962736781327,
normal,pleura,plasma cell,23,0.0011678090886011678,oxidative_stress_cell
lung adenocarcinoma,adrenal gland,endothelial cell,23,0.006484352974344516,oxidative_stress_cell
clear cell renal carcinoma,lymph node,CD14-positive monocyte,23,0.005997392438070404,oxidative_stress_cell
normal,central nervous system,S cone cell,23,3.096087756588273e-05,
normal,forelimb,monocyte,23,0.0005900007695662212,oxidative_stress_cell
normal,respiratory system,duct epithelial cell,23,4.447056821785165e-05,oxidative_stress_cell
lung adenocarcinoma,lymph node,smooth muscle cell,22,0.00040763387066889014,
normal,digestive system,stem cell,22,0.00030474290780141845,
normal,nose,melanocyte,22,9.26717692304452e-05,
lung adenocarcinoma,brain,multiciliated epithelial cell,22,0.0008050351288056206,oxidative_stress_cell
Parkinson disease,brain,T cell,22,1.2153843349113074e-05,oxidative_stress_cell
normal,spleen,epithelial cell,22,3.808356572963784e-05,oxidative_stress_cell
normal,exocrine gland,muscle cell,22,0.00011398727487513213,
normal,lamina propria,T follicular helper cell,22,0.0009287794993034154,
COVID-19,respiratory system,conventional dendritic cell,22,0.0003089974437484199,oxidative_stress_cell
normal,large intestine,colon macrophage,22,0.00011854470212949392,oxidative_stress_cell
normal,liver,primordial germ cell,22,2.3011926453883052e-05,
normal,adrenal gland,goblet cell,22,5.024104282135427e-05,oxidative_stress_cell
Crohn disease,small intestine,myeloid cell,22,0.0001511985924785573,
normal,uterus,monocyte,22,7.147730595535917e-05,oxidative_stress_cell
nonpapillary renal cell carcinoma,adrenal gland,gamma-delta T cell,22,0.004724071290530384,oxidative_stress_cell
COVID-19,lung,pulmonary alveolar epithelial cell,22,2.70613357475325e-05,oxidative_stress_cell
normal,skin of body,hematopoietic multipotent progenitor cell,22,3.2631024688336634e-05,
normal,adrenal gland,"effector memory CD4-positive, alpha-beta T cell",22,5.024104282135427e-05,oxidative_stress_cell
normal,heart,plasma cell,22,1.1207124470909106e-05,oxidative_stress_cell
normal,digestive system,Kupffer cell,22,0.00030474290780141845,hepatocyte_sulfur
normal,kidney,pro-B cell,22,3.3432160826929303e-05,oxidative_stress_cell
non-specific interstitial pneumonia,lung,dendritic cell,22,0.0007351712614870509,oxidative_stress_cell
chronic obstructive pulmonary disease,respiratory system,serous cell of epithelium of lobular bronchiole,22,0.0011551588343397218,
gastric cancer,stomach,endothelial cell of lymphatic vessel,22,0.00010095308893508257,oxidative_stress_cell
non-small cell lung carcinoma,lung,pulmonary artery endothelial cell,22,0.0002336523041303355,oxidative_stress_cell
normal,musculature,leukocyte,22,3.7744071178455684e-05,
normal,tongue,myeloid dendritic cell,22,0.0005676833359137121,oxidative_stress_cell
normal,endocrine gland,erythroid progenitor cell,22,3.137237006847733e-05,
acute myeloid leukemia,bone marrow,memory B cell,22,0.0007898894154818325,oxidative_stress_cell
normal,large intestine,neutrophil,22,0.00011854470212949392,oxidative_stress_cell
COVID-19,digestive system,enteroendocrine cell,22,0.0012172854534388314,
HIV infectious disease,blood,monocyte,21,0.011993146773272416,oxidative_stress_cell
normal,lung,primordial germ cell,21,6.669148013165533e-06,
colorectal cancer,intestine,"dendritic cell, human",21,0.0029787234042553193,oxidative_stress_cell
cardiomyopathy,brain,cerebral cortex neuron,21,0.01634241245136187,neuron_stressed
cystic fibrosis,skeletal system,fibroblast of lung,21,0.0013245033112582781,oxidative_stress_cell
normal,omentum,non-classical monocyte,21,0.0015661123126258483,oxidative_stress_cell
malignant ovarian serous tumor,paracolic gutter,dendritic cell,21,0.0026210683974038943,oxidative_stress_cell
normal,omentum,mesothelial cell,21,0.0015661123126258483,
normal,lung,platelet,21,6.669148013165533e-06,
malignant ovarian serous tumor,colon,dendritic cell,21,0.0011145313660970173,oxidative_stress_cell
normal,liver,goblet cell,21,2.1965929796888368e-05,oxidative_stress_cell
normal,brain,embryonic blood vessel endothelial progenitor cell,21,1.1326964091528128e-06,oxidative_stress_cell
normal,skeletal system,cell of skeletal muscle,21,0.000607973133377725,
normal,stomach,Langerhans cell,21,7.387031187342147e-05,
normal,yolk sac,eurydendroid cell,21,0.00037033118188551474,
nonpapillary renal cell carcinoma,vasculature,"naive thymus-derived CD8-positive, alpha-beta T cell",21,0.00477815699658703,oxidative_stress_cell
normal,colon,"NKp44-positive group 3 innate lymphoid cell, human",21,3.1303896738879294e-05,
injury,musculature,B cell,21,0.0037906137184115524,oxidative_stress_cell
normal,testis,epithelial cell of proximal tubule,21,0.001013317892298784,oxidative_stress_cell
respiratory system disorder,blood,IgA plasma cell,21,0.00022108288502637203,oxidative_stress_cell
cystic fibrosis,skeletal system,plasma cell,21,0.0013245033112582781,oxidative_stress_cell
normal,lymph node,colon macrophage,21,2.2840337340906174e-05,oxidative_stress_cell
long COVID-19,digestive system,ionocyte,21,0.009106678230702514,
colorectal cancer,colon,B cell,21,0.0005071851225697379,oxidative_stress_cell
COVID-19,lung,megakaryocyte,21,2.5831275031735566e-05,
normal,intestine,capillary endothelial cell,21,7.436787307882995e-05,oxidative_stress_cell
normal,intestine,club cell,21,7.436787307882995e-05,oxidative_stress_cell
normal,central nervous system,OFFx cell,21,2.826862734276249e-05,
"primary cutaneous diffuse large B-cell lymphoma, Leg type",skin of body,"plasmacytoid dendritic cell, human",21,0.0029589967591940255,oxidative_stress_cell
interstitial lung disease,lung,respiratory tract hillock cell,21,6.628766954649764e-05,
normal,endocrine gland,fast muscle cell,21,2.9946353247182903e-05,
interstitial lung disease,lung,multiciliated epithelial cell,21,6.628766954649764e-05,oxidative_stress_cell
acute myeloid leukemia,bone marrow,natural killer cell,21,0.0007539853511417492,
COVID-19,saliva,natural killer cell,21,0.0014480761274306992,
normal,digestive system,melanocyte,21,0.0002908909574468085,
normal,testis,macrophage,21,0.001013317892298784,oxidative_stress_cell
small cell lung carcinoma,brain,pvalb GABAergic cortical interneuron,21,0.01107011070110701,neuron_stressed
ulcerative colitis,colon,tuft cell of small intestine,21,0.000585104900950099,oxidative_stress_cell
normal,kidney,IgA plasma cell,20,3.0392873479026637e-05,oxidative_stress_cell
nonpapillary renal cell carcinoma,adrenal gland,"CD4-positive, CD25-positive, alpha-beta regulatory T cell",20,0.004294610264118532,oxidative_stress_cell
Crohn disease,colon,lymphocyte,20,0.0005901619994688542,
colorectal cancer,intestine,endothelial cell of lymphatic vessel,20,0.0028368794326241137,oxidative_stress_cell
normal,adipose tissue,IgA plasma cell,20,4.3667931581084796e-05,oxidative_stress_cell
normal,stomach,acinar cell,20,7.035267797468711e-05,
nonpapillary renal cell carcinoma,vasculature,conventional dendritic cell,20,0.004550625711035267,oxidative_stress_cell
pneumonia,lung,plasma cell,20,0.0006265075337530934,oxidative_stress_cell
pneumonia,lung,dendritic cell,20,0.0006265075337530934,oxidative_stress_cell
malignant ovarian serous tumor,urinary bladder,endothelial cell,20,0.0031918289179699967,oxidative_stress_cell
acute myeloid leukemia,bone marrow,mesenchymal cell,20,0.0007180812868016659,
normal,kidney,early lymphoid progenitor,20,3.0392873479026637e-05,
normal,skin of body,"effector memory CD4-positive, alpha-beta T cell, terminally differentiated",20,2.9664567898487848e-05,oxidative_stress_cell
normal,blood,IgG plasmablast,20,1.4468993020302457e-06,
normal,gallbladder,T cell,20,0.00101010101010101,oxidative_stress_cell
ulcerative colitis,colon,Langerhans cell,20,0.000557242762809618,
normal,mucosa,deuterosomal cell,20,0.00021867961249972666,
normal,small intestine,megakaryocyte,20,1.6843651333048674e-05,
normal,spleen,common dendritic progenitor,20,3.462142339057986e-05,oxidative_stress_cell
type 1 diabetes mellitus,pancreas,pancreatic epsilon cell,20,0.0008928571428571428,
normal,ovary,plasmacytoid dendritic cell,20,0.00011428440817819225,oxidative_stress_cell
normal,ovary,glial cell,20,0.00011428440817819225,
normal,yolk sac,double negative thymocyte,20,0.00035269636370049024,
chronic obstructive pulmonary disease,brain,microglial cell,20,0.013131976362442548,microglia_activated
normal,stomach,glandular cell of esophagus,20,7.035267797468711e-05,
normal,musculature,gamma-delta T cell,20,3.431279198041426e-05,oxidative_stress_cell
normal pressure hydrocephalus,brain,pericyte,20,0.004222081486172683,oxidative_stress_cell
age related macular degeneration 7,eye,mast cell,20,0.011757789535567314,oxidative_stress_cell
adenocarcinoma,small intestine,enteroendocrine cell of colon,20,0.005957700327673518,
colorectal cancer,colon,Langerhans cell,19,0.0004588817775630962,
diffuse large B-cell lymphoma,small intestine,basal cell of epithelium of lobular bronchiole,19,0.003561387066541706,
normal,bone marrow,alveolar macrophage,19,2.5014416203022267e-05,oxidative_stress_cell
normal,brain,platelet,19,1.0248205606620686e-06,
normal,stomach,cord blood hematopoietic stem cell,19,6.683504407595275e-05,
normal,musculature,megakaryocyte,19,3.259715238139355e-05,
normal,forelimb,conventional dendritic cell,19,0.00048739194007644355,oxidative_stress_cell
lung adenocarcinoma,brain,conventional dendritic cell,19,0.0006952576112412178,oxidative_stress_cell
normal,spleen,"dendritic cell, human",19,3.289035222105087e-05,oxidative_stress_cell
lung adenocarcinoma,pleural fluid,fibroblast of lung,19,0.0008869800662900892,oxidative_stress_cell
myelodysplastic/myeloproliferative disease,blood,antibody secreting cell,19,0.00014585316424601592,
normal,adrenal gland,"naive thymus-derived CD8-positive, alpha-beta T cell",19,4.3389991527533236e-05,oxidative_stress_cell
normal,mucosa,Merkel cell,19,0.0002077456318747403,
normal,kidney,immature B cell,19,2.8873229805075305e-05,oxidative_stress_cell
COVID-19,nose,innate lymphoid cell,19,0.0002155636990730761,
normal,skin of body,double negative thymocyte,19,2.8181339503563456e-05,
small cell lung carcinoma,pleural fluid,B cell,19,0.0027263595924809873,oxidative_stress_cell
nonpapillary renal cell carcinoma,kidney,kidney collecting duct principal cell,19,9.57448952853198e-05,
normal,small intestine,neutrophil progenitor cell,19,1.6001468766396242e-05,oxidative_stress_cell
normal,central nervous system,diffuse bipolar 4b cell,19,2.5576377119642254e-05,oxidative_stress_cell
normal,peripheral nervous system,hematopoietic cell,19,0.028875379939209727,
normal,small intestine,microfold cell of epithelium of small intestine,19,1.6001468766396242e-05,
normal,heart,epithelial cell,19,9.678880224876046e-06,oxidative_stress_cell
diffuse large B-cell lymphoma,stomach,muscle fibroblast,19,0.012794612794612794,oxidative_stress_cell
normal,colon,"NKp44-negative group 3 innate lymphoid cell, human",19,2.8322573239938405e-05,
normal,skeletal system,dendritic cell,19,0.0005500709301988941,oxidative_stress_cell
lung adenocarcinoma,lymph node,pericyte,19,0.000352047433759496,oxidative_stress_cell
invasive lobular breast carcinoma,breast,mast cell,19,0.0011603053435114503,oxidative_stress_cell
normal,blood,epithelial cell,19,1.3745543369287334e-06,oxidative_stress_cell
HIV infectious disease,blood,"CD4-positive, alpha-beta cytotoxic T cell",19,0.010850942318675044,oxidative_stress_cell
squamous cell lung carcinoma,lymph node,mast cell,18,0.015584415584415584,oxidative_stress_cell
nonpapillary renal cell carcinoma,adrenal gland,conventional dendritic cell,18,0.003865149237706678,oxidative_stress_cell
pulmonary fibrosis,lung,fibroblast,18,6.693141760742493e-05,oxidative_stress_cell
COVID-19,lung,"CD14-positive, CD16-positive monocyte",18,2.214109288434477e-05,oxidative_stress_cell
nonpapillary renal cell carcinoma,kidney,renal alpha-intercalated cell,18,9.070569027030296e-05,
normal,small intestine,myeloid cell,18,1.5159286199743809e-05,
normal,ovary,oocyte,18,0.00010285596736037303,
normal,blood,basal cell,18,1.302209371827221e-06,
inflammatory bowel disease,colon,intestinal crypt stem cell,18,0.0004800256013654062,gut_fermentative_microbe
squamous cell lung carcinoma,lymph node,vein endothelial cell,18,0.015584415584415584,oxidative_stress_cell
normal,adrenal gland,alternatively activated macrophage,18,4.1106307762926224e-05,oxidative_stress_cell
normal,prostate gland,non-classical monocyte,18,0.0002066471499913897,oxidative_stress_cell
lung adenocarcinoma,adrenal gland,regulatory T cell,18,0.005074711023400056,oxidative_stress_cell
normal,pleura,epithelial cell,18,0.0009139375476009139,oxidative_stress_cell
normal,skeletal system,smooth muscle cell,18,0.0005211198286094786,
lung adenocarcinoma,adrenal gland,mast cell,18,0.005074711023400056,oxidative_stress_cell
acute promyelocytic leukemia,bone marrow,classical monocyte,18,0.0048205677557579,oxidative_stress_cell
normal,large intestine,"activated CD8-positive, alpha-beta T cell",18,9.69911199241314e-05,oxidative_stress_cell
Alzheimer disease,brain,neural cell,18,2.9593824755234407e-05,
normal,uterus,skeletal muscle satellite stem cell,18,5.848143214529387e-05,
normal,small intestine,angiogenic pericyte,17,1.4317103633091375e-05,oxidative_stress_cell
normal,large intestine,"CD16-positive, CD56-dim natural killer cell, human",17,9.160272437279076e-05,
heart failure,brain,T cell,17,0.0037004788855028296,oxidative_stress_cell
congenital heart disease,brain,microglial cell,17,0.003369005152596116,microglia_activated
neuroblastoma,chest,dendritic cell,17,0.0011029650295205347,oxidative_stress_cell
normal,immune system,follicular dendritic cell,17,0.00034085896459076873,oxidative_stress_cell
normal,colon,"CD34-positive, CD56-positive, CD117-positive common innate lymphoid precursor, human",17,2.5341249740997522e-05,
chronic obstructive pulmonary disease,respiratory system,endothelial cell of artery,17,0.0008926227356261486,oxidative_stress_cell
small cell lung carcinoma,adrenal gland,neutrophil,17,0.004474861805738352,oxidative_stress_cell
normal,kidney,cord blood hematopoietic stem cell,17,2.583394245717264e-05,
breast cancer,lung,monocyte,17,0.005739365293720459,oxidative_stress_cell
normal,blood,erythroblast,17,1.2298644067257087e-06,
"primary cutaneous diffuse large B-cell lymphoma, Leg type",skin of body,conventional dendritic cell,17,0.0023953783288713543,oxidative_stress_cell
normal,cortex,fibroblast,17,0.00011351040957226607,oxidative_stress_cell
temporal lobe epilepsy,brain,monocyte,17,0.008083689966714217,oxidative_stress_cell
normal,kidney,enterocyte,17,2.583394245717264e-05,oxidative_stress_cell
normal,large intestine,intestinal crypt stem cell,17,9.160272437279076e-05,gut_fermentative_microbe
pneumonia,lung,plasmacytoid dendritic cell,17,0.0005325314036901293,oxidative_stress_cell
normal,adipose tissue,mesenchymal stem cell,17,3.711774184392208e-05,
normal,omentum,mast cell,17,0.0012678052054590201,oxidative_stress_cell
normal,pancreas,neutrophil,17,3.9984852796940455e-05,oxidative_stress_cell
lung adenocarcinoma,brain,endothelial cell,17,0.000622072599531616,oxidative_stress_cell
acute promyelocytic leukemia,bone marrow,class switched memory B cell,17,0.0045527584359935725,oxidative_stress_cell
COVID-19,respiratory system,"CD16-negative, CD56-bright natural killer cell, human",17,0.00023877075198741536,
frontotemporal dementia,brain,pericyte,17,0.00014341634608895187,oxidative_stress_cell
normal,adipose tissue,naive B cell,17,3.711774184392208e-05,oxidative_stress_cell
normal,spleen,myeloid dendritic cell,17,2.942820988199288e-05,oxidative_stress_cell
bipolar II disorder,brain,natural killer cell,16,0.0006040927282337839,
influenza,blood,enucleated reticulocyte,16,0.0005377789728421619,
normal,brain,stromal cell,16,8.630067879259525e-07,oxidative_stress_cell
normal,hindlimb,common myeloid progenitor,16,0.00018396725382881847,
normal,stomach,inhibitory motor neuron,16,5.628214237974969e-05,neuron_stressed
HIV infectious disease,blood,"CD16-negative, CD56-bright natural killer cell, human",16,0.009137635636778984,
normal,pancreas,cell of skeletal muscle,16,3.7632802632414547e-05,
normal,blood,T-helper 2 cell,16,1.1575194416241966e-06,
cystic fibrosis,lung,respiratory tract hillock cell,16,0.0009096077316657191,
normal,lymph node,"NKp44-negative group 3 innate lymphoid cell, human",16,1.740216178354756e-05,
normal,brain,erythroid progenitor cell,16,8.630067879259525e-07,
normal,esophagogastric junction,erythrocyte,16,0.0012528384621407877,
breast cancer,neck,monocyte,16,0.0011635517416915134,oxidative_stress_cell
normal,lamina propria,naive B cell,16,0.000675475999493393,oxidative_stress_cell
normal,spinal cord,renal intercalated cell,16,0.0003215692579789372,
ulcerative colitis,colon,endothelial cell,16,0.0004457942102476944,oxidative_stress_cell
chronic obstructive pulmonary disease,brain,oligodendrocyte precursor cell,16,0.010505581089954037,microglia_activated
normal,colon,progenitor cell of endocrine pancreas,16,2.3850587991527077e-05,
normal,adrenal gland,classical monocyte,16,3.65389402337122e-05,oxidative_stress_cell
normal,uterus,dendritic cell,16,5.1983495240261215e-05,oxidative_stress_cell
nonpapillary renal cell carcinoma,vasculature,"effector memory CD4-positive, alpha-beta T cell",16,0.0036405005688282138,oxidative_stress_cell
post-COVID-19 disorder,blood,dendritic cell,16,0.00016456841932033242,oxidative_stress_cell
chronic obstructive pulmonary disease,lung,nasal mucosa goblet cell,16,0.0001776553929515223,oxidative_stress_cell
normal,skin of body,"effector memory CD8-positive, alpha-beta T cell",16,2.3731654318790278e-05,oxidative_stress_cell
normal,respiratory system,intermediate monocyte,16,3.09360474558968e-05,oxidative_stress_cell
normal,testis,smooth muscle cell,16,0.0007720517274657402,
nonpapillary renal cell carcinoma,kidney,plasma cell,16,8.062728024026929e-05,oxidative_stress_cell
normal,adrenal gland,cell of skeletal muscle,16,3.65389402337122e-05,
Parkinson disease,brain,smooth muscle cell,16,8.839158799354962e-06,
normal,central nervous system,perivascular macrophage,16,2.1538001784961897e-05,oxidative_stress_cell
normal,intestine,naive B cell,16,5.666123663148948e-05,oxidative_stress_cell
macular degeneration,eye,amacrine cell,16,0.00407955124936257,
normal,intestine,endocrine cell,16,5.666123663148948e-05,
acute promyelocytic leukemia,bone marrow,gamma-delta T cell,16,0.004284949116229245,oxidative_stress_cell
HIV infectious disease,blood,mucosal invariant T cell,16,0.009137635636778984,oxidative_stress_cell
HIV infectious disease,blood,naive B cell,16,0.009137635636778984,oxidative_stress_cell
HIV infectious disease,blood,gamma-delta T cell,16,0.009137635636778984,oxidative_stress_cell
normal,adipose tissue,class switched memory B cell,16,3.493434526486784e-05,oxidative_stress_cell
normal,respiratory system,serous secreting cell,16,3.09360474558968e-05,
normal,skeletal system,monocyte,15,0.00043426652384123216,oxidative_stress_cell
normal,nose,lung macrophage,15,6.318529720257627e-05,oxidative_stress_cell
colorectal cancer,large intestine,tuft cell of colon,15,0.0009328358208955224,oxidative_stress_cell
bipolar II disorder,brain,perivascular macrophage,15,0.0005663369327191724,oxidative_stress_cell
normal,lung,serous cell of epithelium of bronchus,15,4.763677152261095e-06,
normal,colon,type D enteroendocrine cell,15,2.2359926242056636e-05,
normal pressure hydrocephalus,brain,L6 intratelencephalic projecting glutamatergic neuron,15,0.0031665611146295125,neuron_stressed
normal,liver,epithelial cell of nephron,15,1.5689949854920265e-05,oxidative_stress_cell
normal,esophagus,memory B cell,15,8.957469932759259e-05,oxidative_stress_cell
normal,esophagus,foveolar cell of stomach,15,8.957469932759259e-05,
acute myeloid leukemia,bone marrow,common dendritic progenitor,15,0.0005385609651012495,oxidative_stress_cell
normal,lung,neural progenitor cell,15,4.763677152261095e-06,
normal,heart,adipocyte of epicardial fat of left ventricle,15,7.6412212301653e-06,adipocyte_lipolytic
normal,heart,cell of skeletal muscle,15,7.6412212301653e-06,
COVID-19,nose,mast cell,15,0.0001701818676892706,oxidative_stress_cell
normal,exocrine gland,pulmonary alveolar type 1 cell,15,7.77185965057719e-05,
lung adenocarcinoma,lymph node,capillary endothelial cell,15,0.00027793218454697053,oxidative_stress_cell
atherosclerosis,heart,neutrophil,15,0.0004237886707162029,oxidative_stress_cell
normal,endocrine gland,goblet cell,15,2.139025231941636e-05,oxidative_stress_cell
normal,prostate gland,"effector CD4-positive, alpha-beta T cell",15,0.00017220595832615808,oxidative_stress_cell
malignant ovarian serous tumor,large intestine,dendritic cell,15,0.0014149608527497407,oxidative_stress_cell
normal,central nervous system,common myeloid progenitor,15,2.019187667340178e-05,
normal,liver,leukocyte,15,1.5689949854920265e-05,
normal,blood,megakaryocyte progenitor cell,15,1.0851744765226843e-06,
acute myeloid leukemia,bone marrow,plasma cell,15,0.0005385609651012495,oxidative_stress_cell
diffuse large B-cell lymphoma,respiratory system,salivary gland glandular cell,15,0.006036217303822937,
diffuse large B-cell lymphoma,respiratory system,mucous cell of stomach,15,0.006036217303822937,
congenital heart disease,brain,unipolar brush cell,15,0.002972651605231867,
type 1 diabetes mellitus,brain,T cell,15,0.0006197834889678539,oxidative_stress_cell
HIV infectious disease,blood,"effector memory CD4-positive, alpha-beta T cell",15,0.008566533409480296,oxidative_stress_cell
normal,skeletal system,neutrophil,15,0.00043426652384123216,oxidative_stress_cell
normal,nose,alveolar adventitial fibroblast,14,5.897294405573786e-05,oxidative_stress_cell
normal,pleura,endothelial cell,14,0.0007108403148007108,oxidative_stress_cell
lung adenocarcinoma,adrenal gland,fibroblast,14,0.0039469974626444885,oxidative_stress_cell
normal,omentum,naive B cell,14,0.0010440748750838989,oxidative_stress_cell
normal,pleura,B cell,14,0.0007108403148007108,oxidative_stress_cell
normal,digestive system,dendritic cell,14,0.00019392730496453902,oxidative_stress_cell
nonpapillary renal cell carcinoma,kidney,kidney distal convoluted tubule epithelial cell,14,7.054887021023563e-05,oxidative_stress_cell
normal,testis,neuron,14,0.0006755452615325227,neuron_stressed
normal,ovary,mast cell,14,7.999908572473458e-05,oxidative_stress_cell
lung adenocarcinoma,liver,capillary endothelial cell,14,0.005917159763313609,oxidative_stress_cell
non-specific interstitial pneumonia,lung,bronchus fibroblast of lung,14,0.00046783625730994154,oxidative_stress_cell
normal,esophagogastric junction,memory T cell,14,0.0010962336543731892,oxidative_stress_cell
pneumonia,lung,multiciliated epithelial cell,14,0.0004385552736271654,oxidative_stress_cell
normal,large intestine,tuft cell,14,7.543753771876886e-05,oxidative_stress_cell
normal,colon,"CD8-positive, alpha-beta memory T cell, CD45RO-positive",14,2.0869264492586195e-05,oxidative_stress_cell
normal,endocrine gland,"effector memory CD4-positive, alpha-beta T cell",14,1.9964235498121936e-05,oxidative_stress_cell
periodontitis,mucosa,Schwann cell,14,0.00036344755970924193,
colorectal cancer,intestine,myofibroblast cell,14,0.0019858156028368795,oxidative_stress_cell
normal,ovary,plasma cell,14,7.999908572473458e-05,oxidative_stress_cell
bipolar disorder,brain,vascular leptomeningeal cell,14,0.0018198362147406734,
normal,lymph node,transit amplifying cell,14,1.5226891560604116e-05,
normal,omentum,regulatory T cell,14,0.0010440748750838989,oxidative_stress_cell
colorectal cancer,colon,enteroendocrine cell,14,0.000338123415046492,
lung adenocarcinoma,lymph node,pulmonary alveolar type 2 cell,14,0.00025940337224383917,
lung adenocarcinoma,liver,regulatory T cell,14,0.005917159763313609,oxidative_stress_cell
colorectal cancer,intestine,"plasmacytoid dendritic cell, human",14,0.0019858156028368795,oxidative_stress_cell
normal,hindlimb,hypertrophic chondrocyte,14,0.00016097134710021615,
normal,skeletal system,professional antigen presenting cell,14,0.0004053154222518167,
bipolar II disorder,brain,T cell,14,0.0005285811372045609,oxidative_stress_cell
normal,mucosa,keratocyte,14,0.00015307572874980865,
tauopathy,brain,plasma cell,13,0.00010417584883282982,oxidative_stress_cell
normal,skeletal system,primordial germ cell,13,0.0003763643206624012,
normal,adipose tissue,"effector memory CD4-positive, alpha-beta T cell",13,2.838415552770512e-05,oxidative_stress_cell
normal,eye,radial glial cell,13,1.6652661351478757e-06,
acute promyelocytic leukemia,bone marrow,hematopoietic multipotent progenitor cell,13,0.0034815211569362613,
normal,adipose tissue,conventional dendritic cell,13,2.838415552770512e-05,oxidative_stress_cell
normal,nose,non-classical monocyte,13,5.476059090889944e-05,oxidative_stress_cell
normal,nose,tracheobronchial serous cell,13,5.476059090889944e-05,
normal,intestine,"dendritic cell, human",13,4.603725476308521e-05,oxidative_stress_cell
colorectal cancer,colon,enteroendocrine cell of colon,13,0.0003139717425431711,
adenocarcinoma,colon,enteroendocrine cell of colon,13,0.003003003003003003,
normal,stomach,pro-B cell,13,4.572924068354662e-05,oxidative_stress_cell
normal,omentum,gamma-delta T cell,13,0.0009694980982921918,oxidative_stress_cell
normal,endocrine gland,granulocyte,13,1.853821867682751e-05,
normal,kidney,granulocyte,13,1.9755367761367315e-05,
HIV infectious disease,blood,regulatory T cell,13,0.0074243289548829245,oxidative_stress_cell
nonpapillary renal cell carcinoma,vasculature,non-classical monocyte,13,0.0029579067121729237,oxidative_stress_cell
normal,fallopian tube,monocyte,13,6.081444576988749e-05,oxidative_stress_cell
normal,lung,eosinophil,13,4.128520198626283e-06,
benign prostatic hyperplasia,prostate gland,plasma cell,13,0.00021719880373581943,oxidative_stress_cell
normal,small intestine,memory T cell,13,1.0948373366481638e-05,oxidative_stress_cell
normal,small intestine,foveolar cell of stomach,13,1.0948373366481638e-05,
normal,colon,Langerhans cell,13,1.937860274311575e-05,
frontotemporal dementia,brain,L6 intratelencephalic projecting glutamatergic neuron,13,0.00010967132347978673,neuron_stressed
normal,colon,"plasmacytoid dendritic cell, human",13,1.937860274311575e-05,oxidative_stress_cell
normal,pancreas,basal cell,13,3.0576652138836815e-05,
normal,spleen,smooth muscle cell,13,2.250392520387691e-05,
lung cancer,lung,neutrophil,13,0.00031723565728787915,oxidative_stress_cell
colorectal cancer,colon,"plasmacytoid dendritic cell, human",13,0.0003139717425431711,oxidative_stress_cell
normal,pancreas,primordial germ cell,13,3.0576652138836815e-05,
lung adenocarcinoma,lung,epithelial cell of lower respiratory tract,13,1.8016844363568832e-05,oxidative_stress_cell
long COVID-19,digestive system,multiciliated epithelial cell,13,0.005637467476149176,oxidative_stress_cell
Down syndrome,bone marrow,immature innate lymphoid cell,13,0.0007764438869975512,
normal,lamina propria,alveolar macrophage,13,0.0005488242495883818,oxidative_stress_cell
malignant ovarian serous tumor,paracolic gutter,mast cell,13,0.0016225661507738391,oxidative_stress_cell
cystic fibrosis,lung,pulmonary neuroendocrine cell,13,0.0007390562819783968,
normal,large intestine,myeloid leukocyte,13,7.004914216742823e-05,
normal,small intestine,Langerhans cell,13,1.0948373366481638e-05,
COVID-19,nose,B cell,13,0.00014749095199736786,oxidative_stress_cell
normal,testis,monocyte,13,0.000627292028565914,oxidative_stress_cell
COVID-19,nose,"CD4-positive, alpha-beta T cell",13,0.00014749095199736786,oxidative_stress_cell
normal,respiratory system,neuroendocrine cell,12,2.3202035591922597e-05,
normal,lung,cell of skeletal muscle,12,3.810941721808876e-06,
chronic kidney disease,kidney,lymphocyte,12,4.502104733963128e-05,
normal,sensory system,vestibular dark cell,12,0.0050062578222778474,
inflammatory bowel disease,colon,pericyte,12,0.00032001706757693745,oxidative_stress_cell
normal,respiratory system,pulmonary alveolar epithelial cell,12,2.3202035591922597e-05,oxidative_stress_cell
lung adenocarcinoma,skeletal system,fibroblast,12,0.009933774834437087,oxidative_stress_cell
COVID-19,blood,T-helper 17 cell,12,3.2881748191024325e-06,
normal,mucosa,neuroendocrine cell,12,0.000131207767499836,
injury,musculature,granulocyte,12,0.0021660649819494585,
small cell lung carcinoma,liver,plasma cell,12,0.0012298862355232141,oxidative_stress_cell
amyotrophic lateral sclerosis,brain,smooth muscle cell,12,6.995493736118317e-05,
colorectal cancer,intestine,"CD16-positive, CD56-dim natural killer cell, human",12,0.001702127659574468,
normal,esophagus,cycling basal cell,12,7.165975946207407e-05,
normal,central nervous system,spinal cord radial glial cell,12,1.6153501338721425e-05,
Crohn disease,small intestine,BEST4+ enterocyte,12,8.247195953375852e-05,oxidative_stress_cell
diffuse large B-cell lymphoma,lymph node,salivary gland glandular cell,12,0.0005147784307837502,
interstitial lung disease,lung,T cell,12,3.787866831228437e-05,oxidative_stress_cell
COVID-19,digestive system,plasmacytoid dendritic cell,12,0.0006639738836939081,oxidative_stress_cell
normal,large intestine,intestinal tuft cell,12,6.466074661608759e-05,oxidative_stress_cell
normal,blood,"activated CD4-positive, alpha-beta T cell, human",12,8.681395812181474e-07,oxidative_stress_cell
benign prostatic hyperplasia,prostate gland,neuroendocrine cell,12,0.0002004912034484487,
"primary cutaneous diffuse large B-cell lymphoma, Leg type",skin of body,capillary endothelial cell,12,0.0016908552909680147,oxidative_stress_cell
normal,ovary,cell of skeletal muscle,12,6.857064490691535e-05,
acute promyelocytic leukemia,bone marrow,"CD16-negative, CD56-bright natural killer cell, human",12,0.0032137118371719335,
normal,testis,neutrophil,12,0.0005790387955993051,oxidative_stress_cell
normal,lymph node,hematopoietic precursor cell,12,1.3051621337660672e-05,
normal,large intestine,abnormal cell,12,6.466074661608759e-05,
normal,intestine,erythroid progenitor cell,12,4.249592747361711e-05,
normal,embryo,neutrophil,12,2.995918061641014e-05,oxidative_stress_cell
diffuse large B-cell lymphoma,respiratory system,conventional dendritic cell,12,0.00482897384305835,oxidative_stress_cell
age related macular degeneration 7,eye,B cell,12,0.007054673721340388,oxidative_stress_cell
normal,omentum,mucosal invariant T cell,12,0.0008949213215004848,oxidative_stress_cell
chronic obstructive pulmonary disease,respiratory system,mucus secreting cell of bronchus submucosal gland,12,0.0006300866369125755,
normal,exocrine gland,basophil,12,6.217487720461752e-05,
nonpapillary renal cell carcinoma,vasculature,B cell,12,0.0027303754266211604,oxidative_stress_cell
normal,lamina propria,non-classical monocyte,12,0.0005066069996200448,oxidative_stress_cell
normal,ureter,dendritic cell,12,0.00027442371020856203,oxidative_stress_cell
normal,lung,thymocyte,12,3.810941721808876e-06,
"primary cutaneous diffuse large B-cell lymphoma, Leg type",skin of body,"CD4-positive, alpha-beta memory T cell",12,0.0016908552909680147,oxidative_stress_cell
ovarian cancer,ovary,neutrophil,11,0.00019036740909956216,oxidative_stress_cell
normal,brain,mast cell,11,5.933171666990923e-07,oxidative_stress_cell
invasive ductal breast carcinoma,exocrine gland,natural killer cell,11,0.0016291469194312795,
normal,respiratory system,respiratory tract epithelial cell,11,2.126853262592905e-05,oxidative_stress_cell
normal,esophagus,fibroblast of gingiva,11,6.568811284023456e-05,oxidative_stress_cell
normal,small intestine,myeloid dendritic cell,11,9.264008233176771e-06,oxidative_stress_cell
normal,vasculature,epithelial cell,11,7.909117054932413e-05,oxidative_stress_cell
normal,lung,cord blood hematopoietic stem cell,11,3.49336324499147e-06,
normal pressure hydrocephalus,brain,endothelial cell,11,0.002322144817394976,oxidative_stress_cell
normal,bladder organ,goblet cell,11,0.00014582477165166438,oxidative_stress_cell
Crohn disease,small intestine,Langerhans cell,11,7.559929623927865e-05,
Down syndrome,bone marrow,osteoblast,11,0.0006569909813056203,
normal,kidney,embryonic stem cell,11,1.6716080413464652e-05,
normal,placenta,"CD16-negative, CD56-bright natural killer cell, human",11,2.1117418606749512e-05,
normal,lymph node,adipocyte,11,1.1963986226188948e-05,adipocyte_lipolytic
normal,large intestine,mucosal invariant T cell,11,5.927235106474696e-05,oxidative_stress_cell
luminal A breast carcinoma,pleural fluid,mesothelial cell,11,0.001075584237801897,
normal,spinal cord,stromal cell,11,0.00022107886486051934,oxidative_stress_cell
normal,spinal cord,primordial germ cell,11,0.00022107886486051934,
lung adenocarcinoma,liver,bronchus fibroblast of lung,11,0.004649196956889264,oxidative_stress_cell
normal,peripheral nervous system,macrophage,11,0.016717325227963525,oxidative_stress_cell
acute myeloid leukemia,bone marrow,"CD16-negative, CD56-bright natural killer cell, human",11,0.00039494470774091627,
non-small cell lung carcinoma,lung,stromal cell,11,0.00011682615206516775,oxidative_stress_cell
normal,liver,alveolar macrophage,11,1.1505963226941526e-05,oxidative_stress_cell
post-COVID-19 disorder,blood,plasmablast,11,0.00011314078828272854,
normal,kidney,"effector memory CD4-positive, alpha-beta T cell",11,1.6716080413464652e-05,oxidative_stress_cell
squamous cell lung carcinoma,lymph node,CD1c-positive myeloid dendritic cell,11,0.009523809523809525,oxidative_stress_cell
normal,stomach,professional antigen presenting cell,11,3.869397288607791e-05,
squamous cell lung carcinoma,lymph node,dendritic cell,11,0.009523809523809525,oxidative_stress_cell
normal,intestine,immature pericyte,11,3.8954600184149016e-05,oxidative_stress_cell
normal,skin of body,Kupffer cell,11,1.6315512344168317e-05,hepatocyte_sulfur
normal,intestine,tuft cell of small intestine,11,3.8954600184149016e-05,oxidative_stress_cell
normal,testis,cell of skeletal muscle,11,0.0005307855626326964,
normal,musculature,basophil,11,1.8872035589227842e-05,
normal,skeletal system,non-classical monocyte,11,0.0003184621174835702,oxidative_stress_cell
normal,colon,interneuron,11,1.6397279244174868e-05,neuron_stressed
normal,colon,group 1 innate lymphoid cell,11,1.6397279244174868e-05,
normal,adipose tissue,IgG plasma cell,11,2.401736236959664e-05,oxidative_stress_cell
normal,forelimb,common myeloid progenitor,11,0.0002821742810968884,
uveal melanoma,eye,neutrophil,11,0.00021271658415841584,oxidative_stress_cell
type 2 diabetes mellitus,brain,smooth muscle cell,11,0.0009486029665401863,
lung adenocarcinoma,pleural fluid,pericyte,10,0.00046683161383688905,oxidative_stress_cell
normal,forelimb,megakaryocyte,10,0.000256522073724444,
normal,musculature,CD4-positive helper T cell,10,1.715639599020713e-05,oxidative_stress_cell
"primary cutaneous diffuse large B-cell lymphoma, Leg type",skin of body,natural killer cell,10,0.0014090460758066788,
normal,forelimb,connective tissue cell,10,0.000256522073724444,
normal,intestine,IgM plasma cell,10,3.541327289468093e-05,oxidative_stress_cell
small cell lung carcinoma,lymph node,mast cell,10,0.0005378078950198989,oxidative_stress_cell
injury,musculature,blood vessel smooth muscle cell,10,0.0018050541516245488,
normal,kidney,fraction A pre-pro B cell,10,1.5196436739513318e-05,oxidative_stress_cell
injury,musculature,endothelial cell of lymphatic vessel,10,0.0018050541516245488,oxidative_stress_cell
respiratory system disorder,blood,IgG plasma cell,10,0.00010527756429827239,oxidative_stress_cell
nonpapillary renal cell carcinoma,adrenal gland,"effector memory CD4-positive, alpha-beta T cell",10,0.002147305132059266,oxidative_stress_cell
periodontitis,mucosa,melanocyte,10,0.00025960539979231567,
normal,adipose tissue,collagen secreting cell,10,2.1833965790542398e-05,
heart valve disorder,heart,neuron,10,5.446148483792262e-05,neuron_stressed
nonpapillary renal cell carcinoma,kidney,kidney loop of Henle thick ascending limb epithelial cell,10,5.039205015016831e-05,oxidative_stress_cell
lung adenocarcinoma,brain,non-classical monocyte,10,0.0003659250585480094,oxidative_stress_cell
breast cancer,brain,oligodendrocyte precursor cell,10,0.0010186411327289396,microglia_activated
COVID-19,respiratory system,"plasmacytoid dendritic cell, human",10,0.00014045338352200904,oxidative_stress_cell
malignant ovarian serous tumor,liver,B cell,10,0.0011016855789357718,oxidative_stress_cell
nonpapillary renal cell carcinoma,vasculature,IgA plasma cell,10,0.0022753128555176336,oxidative_stress_cell
normal,endocrine gland,pro-B cell,10,1.426016821294424e-05,oxidative_stress_cell
breast cancer,brain,endothelial cell,10,0.0010186411327289396,oxidative_stress_cell
normal,central nervous system,ON parasol ganglion cell,10,1.3461251115601187e-05,
normal,large intestine,enteric neuron,10,5.3883955513406325e-05,neuron_stressed
normal,esophagogastric junction,parietal cell,10,0.0007830240388379923,
normal pressure hydrocephalus,brain,GABAergic neuron,10,0.0021110407430863414,neuron_stressed
nonpapillary renal cell carcinoma,kidney,kidney connecting tubule principal cell,10,5.039205015016831e-05,
lung adenocarcinoma,adrenal gland,vein endothelial cell,10,0.00281928390188892,oxidative_stress_cell
normal,testis,Leydig cell,10,0.00048253232966608765,
normal,stomach,"plasmacytoid dendritic cell, human",10,3.5176338987343556e-05,oxidative_stress_cell
colorectal cancer,large intestine,colonocyte,10,0.0006218905472636816,
macular degeneration,eye,retinal cone cell,10,0.0025497195308516064,
lung adenocarcinoma,adrenal gland,smooth muscle cell,10,0.00281928390188892,
normal,intestine,neutrophil,10,3.541327289468093e-05,oxidative_stress_cell
normal,intestine,pulmonary alveolar type 1 cell,10,3.541327289468093e-05,
small cell lung carcinoma,brain,cerebral cortex neuron,10,0.005271481286241434,neuron_stressed
inflammatory bowel disease,colon,TREM2-positive macrophage,10,0.0002666808896474479,oxidative_stress_cell
normal,forelimb,reticulocyte,10,0.000256522073724444,
gastric cancer,stomach,endothelial cell,10,4.5887767697764804e-05,oxidative_stress_cell
temporal lobe epilepsy,brain,erythrocyte,10,0.004755111745126011,
normal,lung,myelocyte,10,3.1757847681740635e-06,
nonpapillary renal cell carcinoma,kidney,podocyte,10,5.039205015016831e-05,
frontotemporal dementia,brain,L6 corticothalamic-projecting glutamatergic cortical neuron,10,8.436255652291287e-05,neuron_stressed
Lewy body dementia,brain,L5 extratelencephalic projecting glutamatergic cortical neuron,9,7.485527979240135e-05,neuron_stressed
normal,adrenal gland,class switched memory B cell,9,2.0553153881463112e-05,oxidative_stress_cell
normal,respiratory system,brush cell of trachea,9,1.7401526693941948e-05,
nonpapillary renal cell carcinoma,adrenal gland,plasmacytoid dendritic cell,9,0.001932574618853339,oxidative_stress_cell
non-specific interstitial pneumonia,lung,mesothelial cell,9,0.0003007518796992481,
normal,intestine,primordial germ cell,9,3.187194560521283e-05,
lung adenocarcinoma,pleural fluid,non-classical monocyte,9,0.00042014845245320014,oxidative_stress_cell
normal,bone marrow,Schwann cell,9,1.1848933990905284e-05,
diffuse large B-cell lymphoma,stomach,"activated CD8-positive, alpha-beta T cell",9,0.006060606060606061,oxidative_stress_cell
diffuse large B-cell lymphoma,small intestine,regulatory T cell,9,0.0016869728209934396,oxidative_stress_cell
normal,nose,pulmonary artery endothelial cell,9,3.7911178321545765e-05,oxidative_stress_cell
normal,liver,mesenchymal cell,9,9.413969912952158e-06,
normal,endocrine gland,B-2 B cell,9,1.2834151391649816e-05,oxidative_stress_cell
cardiomyopathy,brain,L4 intratelencephalic projecting glutamatergic neuron,9,0.007003891050583658,neuron_stressed
normal,musculature,myeloid dendritic cell,9,1.5440756391186418e-05,oxidative_stress_cell
lung adenocarcinoma,adrenal gland,neutrophil,9,0.002537355511700028,oxidative_stress_cell
colorectal cancer,intestine,plasmablast,9,0.001276595744680851,
chronic obstructive pulmonary disease,lung,pulmonary alveolar epithelial cell,9,9.993115853523129e-05,oxidative_stress_cell
normal,stomach,interneuron,9,3.16587050886092e-05,neuron_stressed
normal,respiratory system,T follicular helper cell,9,1.7401526693941948e-05,
normal,intestine,endothelial cell of artery,9,3.187194560521283e-05,oxidative_stress_cell
normal,small intestine,P/D1 enteroendocrine cell,9,7.579643099871904e-06,
inflammatory bowel disease,colon,vein endothelial cell,9,0.0002400128006827031,oxidative_stress_cell
normal,sensory system,supporting cell of vestibular epithelium,9,0.0037546933667083854,
inflammatory bowel disease,colon,capillary endothelial cell,9,0.0002400128006827031,oxidative_stress_cell
normal,adipose tissue,innate lymphoid cell,9,1.965056921148816e-05,
normal,lymph node,cycling T cell,9,9.788716003245504e-06,oxidative_stress_cell
normal,central nervous system,amacrine cell,9,1.2115126004041067e-05,
COVID-19,nose,T follicular helper cell,9,0.00010210912061356236,
normal,omentum,lymphocyte,9,0.0006711909911253635,
myocardial infarction,brain,endothelial cell,9,0.004379562043795621,oxidative_stress_cell
normal,adipose tissue,gamma-delta T cell,9,1.965056921148816e-05,oxidative_stress_cell
normal,colon,common lymphoid progenitor,9,1.3415955745233982e-05,
small cell lung carcinoma,brain,L5/6 near-projecting glutamatergic neuron,9,0.004744333157617291,neuron_stressed
normal,embryo,erythroid lineage cell,9,2.2469385462307605e-05,
normal,exocrine gland,"CD8-positive, alpha-beta regulatory T cell",9,4.663115790346314e-05,oxidative_stress_cell
non-small cell lung carcinoma,lung,mesothelial cell,9,9.558503350786452e-05,
normal,adrenal gland,mast cell,9,2.0553153881463112e-05,oxidative_stress_cell
interstitial lung disease,lung,bronchial goblet cell,9,2.8409001234213275e-05,oxidative_stress_cell
normal,respiratory system,"plasmacytoid dendritic cell, human",9,1.7401526693941948e-05,oxidative_stress_cell
normal,digestive system,intestinal tuft cell,9,0.00012466755319148935,oxidative_stress_cell
normal,vasculature,intermediate monocyte,9,6.47109577221743e-05,oxidative_stress_cell
bronchopulmonary dysplasia,lung,goblet cell,9,5.973279529571052e-05,oxidative_stress_cell
normal,liver,basal cell,9,9.413969912952158e-06,
normal,esophagus,enteroglial cell,9,5.374481959655555e-05,
normal,lung,professional antigen presenting cell,9,2.8582062913566573e-06,
normal,yolk sac,"CD8-alpha-alpha-positive, alpha-beta intraepithelial T cell",9,0.0001587133636652206,oxidative_stress_cell
normal,small intestine,endocrine cell,9,7.579643099871904e-06,
normal,heart,erythroid progenitor cell,9,4.58473273809918e-06,
normal,ovary,unknown,9,5.1427983680186515e-05,
normal,stomach,fibroblastic reticular cell,8,2.8141071189874844e-05,oxidative_stress_cell
normal,gallbladder,mast cell,8,0.00040404040404040404,oxidative_stress_cell
ulcerative colitis,colon,paneth cell,8,0.0002228971051238472,gut_fermentative_microbe
Down syndrome,bone marrow,regulatory T cell,8,0.0004778116227677238,oxidative_stress_cell
malignant ovarian serous tumor,urinary bladder,mast cell,8,0.0012767315671879987,oxidative_stress_cell
bipolar II disorder,brain,L5 extratelencephalic projecting glutamatergic cortical neuron,8,0.00030204636411689195,neuron_stressed
cardiomyopathy,brain,L2/3 intratelencephalic projecting glutamatergic neuron,8,0.0062256809338521405,neuron_stressed
normal,endocrine gland,T follicular helper cell,8,1.1408134570355391e-05,
normal,musculature,alpha-beta T cell,8,1.3725116792165703e-05,oxidative_stress_cell
post-COVID-19 disorder,blood,granulocyte,8,8.228420966016621e-05,
normal,nose,neuroendocrine cell,8,3.369882517470735e-05,
invasive lobular breast carcinoma,exocrine gland,"dendritic cell, human",8,0.002032004064008128,oxidative_stress_cell
type 2 diabetes mellitus,brain,natural killer cell,8,0.0006898930665746809,
normal,brain,mesenchyme condensation cell,8,4.3150339396297624e-07,
lymphoid interstitial pneumonia,lung,plasmacytoid dendritic cell,8,0.00047958755470295546,oxidative_stress_cell
Alzheimer disease,brain,monocyte,8,1.3152811002326404e-05,oxidative_stress_cell
normal,lamina propria,"dendritic cell, human",8,0.0003377379997466965,oxidative_stress_cell
invasive lobular breast carcinoma,breast,cycling T cell,8,0.0004885496183206107,oxidative_stress_cell
nonpapillary renal cell carcinoma,vasculature,innate lymphoid cell,8,0.0018202502844141069,
progressive supranuclear palsy,brain,smooth muscle cell,8,6.272443587210488e-05,
normal,stomach,primordial germ cell,8,2.8141071189874844e-05,
temporal lobe epilepsy,brain,B cell,8,0.0038040893961008085,oxidative_stress_cell
squamous cell lung carcinoma,lung,epithelial cell of lower respiratory tract,8,3.4086357787454515e-05,oxidative_stress_cell
normal,skin of body,B cell,8,1.1865827159395139e-05,oxidative_stress_cell
normal,adrenal gland,non-classical monocyte,8,1.82694701168561e-05,oxidative_stress_cell
normal,liver,T follicular helper cell,8,8.367973255957474e-06,
normal,vasculature,classical monocyte,8,5.7520851308599364e-05,oxidative_stress_cell
normal,pancreas,pancreatic endocrine cell,8,1.8816401316207273e-05,
normal,endocrine gland,innate lymphoid cell,8,1.1408134570355391e-05,
COVID-19,respiratory system,squamous epithelial cell,8,0.00011236270681760723,oxidative_stress_cell
chronic obstructive pulmonary disease,respiratory system,"lung resident memory CD8-positive, alpha-beta T cell",8,0.000420057757941717,oxidative_stress_cell
normal,yolk sac,epithelial cell of nephron,8,0.0001410785454801961,oxidative_stress_cell
nonpapillary renal cell carcinoma,kidney,renal beta-intercalated cell,8,4.0313640120134645e-05,
nonpapillary renal cell carcinoma,vasculature,IgG plasma cell,8,0.0018202502844141069,oxidative_stress_cell
COVID-19,digestive system,mast cell,8,0.00044264925579593867,oxidative_stress_cell
progressive supranuclear palsy,brain,natural killer cell,8,6.272443587210488e-05,
clear cell renal carcinoma,blood,regulatory T cell,8,0.00025359792049705195,oxidative_stress_cell
normal,esophagogastric junction,capillary endothelial cell,8,0.0006264192310703939,oxidative_stress_cell
normal,esophagogastric junction,enterocyte,8,0.0006264192310703939,oxidative_stress_cell
normal,esophagogastric junction,natural killer cell,8,0.0006264192310703939,
normal,intestine,"CD16-positive, CD56-dim natural killer cell, human",8,2.833061831574474e-05,
normal,lymph node,group 2 innate lymphoid cell,8,8.70108089177378e-06,
normal,skin of body,basophil,8,1.1865827159395139e-05,
normal,skin of body,cord blood hematopoietic stem cell,8,1.1865827159395139e-05,
normal,prostate gland,plasma cell,8,9.184317777395098e-05,oxidative_stress_cell
respiratory system disorder,blood,"effector memory CD4-positive, alpha-beta T cell",8,8.422205143861791e-05,oxidative_stress_cell
normal,spinal cord,plasma cell,8,0.0001607846289894686,oxidative_stress_cell
long COVID-19,digestive system,"CD8-positive, alpha-beta cytotoxic T cell",8,0.003469210754553339,oxidative_stress_cell
COVID-19,nose,brush cell of trachea,8,9.076366276761099e-05,
normal,tongue,natural killer cell,8,0.00020643030396862258,
Crohn disease,small intestine,tuft cell of small intestine,8,5.4981306355839013e-05,oxidative_stress_cell
normal,intestine,fibroblast of gingiva,8,2.833061831574474e-05,oxidative_stress_cell
respiratory system disorder,blood,IgM plasma cell,8,8.422205143861791e-05,oxidative_stress_cell
influenza,brain,endothelial cell,8,0.0016677089847821555,oxidative_stress_cell
non-specific interstitial pneumonia,lung,lung macrophage,8,0.00026733500417710945,oxidative_stress_cell
normal,intestine,"CD16-negative, CD56-bright natural killer cell, human",8,2.833061831574474e-05,
long COVID-19,digestive system,basal cell,8,0.003469210754553339,
COVID-19,lung,tracheobronchial goblet cell,8,9.840485726375454e-06,oxidative_stress_cell
schizophrenia,brain,B cell,8,3.332375275441644e-05,oxidative_stress_cell
normal,kidney,B-1 B cell,8,1.2157149391610655e-05,oxidative_stress_cell
normal,stomach,angiogenic pericyte,8,2.8141071189874844e-05,oxidative_stress_cell
normal,intestine,group 3 innate lymphoid cell,8,2.833061831574474e-05,
small cell lung carcinoma,lung,plasma cell,8,0.0002536461636017755,oxidative_stress_cell
lung adenocarcinoma,adrenal gland,bronchus fibroblast of lung,8,0.002255427121511136,oxidative_stress_cell
normal,small intestine,mucous neck cell of gastric gland,8,6.737460533219471e-06,
nonpapillary renal cell carcinoma,adrenal gland,endothelial cell,8,0.0017178441056474125,oxidative_stress_cell
gastric cancer,stomach,BEST4+ enterocyte,8,3.671021415821185e-05,oxidative_stress_cell
temporal lobe epilepsy,brain,neural cell,8,0.0038040893961008085,
normal,fallopian tube,professional antigen presenting cell,7,3.274624002993942e-05,
type 2 diabetes mellitus,brain,perivascular macrophage,7,0.0006036564332528458,oxidative_stress_cell
normal,endocrine gland,B-1 B cell,7,9.982117749060968e-06,oxidative_stress_cell
cardiomyopathy,brain,VIP GABAergic cortical interneuron,7,0.005447470817120622,neuron_stressed
normal,brain,metamyelocyte,7,3.7756546971760424e-07,
normal,liver,enterocyte,7,7.32197659896279e-06,oxidative_stress_cell
normal,musculature,alveolar macrophage,7,1.200947719314499e-05,oxidative_stress_cell
COVID-19,lung,mature gamma-delta T cell,7,8.610425010578521e-06,oxidative_stress_cell
lung adenocarcinoma,liver,pericyte,7,0.0029585798816568047,oxidative_stress_cell
normal,musculature,regulatory T cell,7,1.200947719314499e-05,oxidative_stress_cell
normal,endocrine gland,fraction A pre-pro B cell,7,9.982117749060968e-06,oxidative_stress_cell
lung adenocarcinoma,adrenal gland,CD1c-positive myeloid dendritic cell,7,0.0019734987313222443,oxidative_stress_cell
normal,liver,group 1 innate lymphoid cell,7,7.32197659896279e-06,
small cell lung carcinoma,brain,endothelial cell,7,0.0036900369003690036,oxidative_stress_cell
normal,intestine,acinar cell,7,2.4789291026276648e-05,
normal,omentum,"CD16-negative, CD56-bright natural killer cell, human",7,0.0005220374375419494,
normal,ureter,stromal cell,7,0.0001600804976216612,oxidative_stress_cell
acute myeloid leukemia,bone marrow,plasmacytoid dendritic cell,7,0.0002513284503805831,oxidative_stress_cell
lung adenocarcinoma,lung,respiratory tract hillock cell,7,9.70137773422937e-06,
Crohn disease,small intestine,intestinal tuft cell,7,4.810864306135914e-05,oxidative_stress_cell
normal,skin of body,memory B cell,7,1.0382598764470748e-05,oxidative_stress_cell
atherosclerosis,brain,B cell,7,4.94647210543052e-05,oxidative_stress_cell
colorectal cancer,colon,fibroblastic reticular cell,7,0.000169061707523246,oxidative_stress_cell
normal,intestine,epithelial cell of pancreas,7,2.4789291026276648e-05,oxidative_stress_cell
normal,esophagus,T-helper 17 cell,7,4.180152635287654e-05,
normal,intestine,fibroblastic reticular cell,7,2.4789291026276648e-05,oxidative_stress_cell
normal,spleen,pre-conventional dendritic cell,7,1.211749818670295e-05,oxidative_stress_cell
bipolar disorder,brain,perivascular macrophage,7,0.0009099181073703367,oxidative_stress_cell
normal,lymph node,vascular associated smooth muscle cell,7,7.613445780302058e-06,
normal,blood,alveolar macrophage,7,5.06414755710586e-07,oxidative_stress_cell
normal,skin of body,"effector memory CD8-positive, alpha-beta T cell, terminally differentiated",7,1.0382598764470748e-05,oxidative_stress_cell
normal,respiratory system,myelinating Schwann cell,7,1.353452076195485e-05,
normal,blood,placental villous trophoblast,7,5.06414755710586e-07,
lung adenocarcinoma,skeletal system,B cell,7,0.005794701986754967,oxidative_stress_cell
normal,skeletal system,cord blood hematopoietic stem cell,7,0.00020265771112590834,
normal,blood,Hofbauer cell,7,5.06414755710586e-07,
diffuse large B-cell lymphoma,small intestine,natural killer cell,7,0.0013120899718837863,
invasive lobular breast carcinoma,breast,plasmacytoid dendritic cell,7,0.00042748091603053435,oxidative_stress_cell
normal,placenta,neutrophil,7,1.3438357295204234e-05,oxidative_stress_cell
normal,spinal cord,Bergmann glial cell,7,0.00014068655036578504,
normal,liver,neuroendocrine cell,7,7.32197659896279e-06,
normal,esophagus,peptic cell,7,4.180152635287654e-05,
normal,esophagus,erythroblast,7,4.180152635287654e-05,
lymphoid interstitial pneumonia,lung,granzyme K-associated CD8 T cell,7,0.000419639110365086,oxidative_stress_cell
normal,forelimb,Schwann cell,7,0.0001795654516071108,
normal,skeletal system,erythroid progenitor cell,7,0.00020265771112590834,
normal,sensory system,"CD4-positive, alpha-beta T cell",7,0.002920317062995411,oxidative_stress_cell
nonpapillary renal cell carcinoma,adrenal gland,innate lymphoid cell,7,0.001503113592441486,
bipolar I disorder,brain,B cell,7,4.599362659745721e-05,oxidative_stress_cell
lung adenocarcinoma,liver,fibroblast of lung,7,0.0029585798816568047,oxidative_stress_cell
normal,esophagogastric junction,IgG plasma cell,7,0.0005481168271865946,oxidative_stress_cell
small cell lung carcinoma,pleural fluid,fibroblast,7,0.001004448270914048,oxidative_stress_cell
normal,esophagogastric junction,dendritic cell,7,0.0005481168271865946,oxidative_stress_cell
normal,digestive system,"CD8-positive, alpha-beta cytotoxic T cell",7,9.696365248226951e-05,oxidative_stress_cell
normal,lung,endocrine cell,7,2.2230493377218443e-06,
COVID-19,respiratory system,brush cell of trachea,7,9.831736846540633e-05,
normal,small intestine,T-helper 1 cell,7,5.895277966567036e-06,
normal,musculature,erythroid progenitor cell,7,1.200947719314499e-05,
normal,large intestine,IgM plasma cell,7,3.771876885938443e-05,oxidative_stress_cell
normal,kidney,late pro-B cell,7,1.0637505717659323e-05,oxidative_stress_cell
acute promyelocytic leukemia,bone marrow,basophil mast progenitor cell,7,0.0018746652383502945,
normal,large intestine,endothelial tip cell,6,3.2330373308043797e-05,oxidative_stress_cell
normal,esophagus,"CD8-positive, alpha-beta memory T cell",6,3.582987973103703e-05,oxidative_stress_cell
normal,esophagogastric junction,stem cell,6,0.0004698144233027954,
clear cell renal carcinoma,lymph node,"naive thymus-derived CD8-positive, alpha-beta T cell",6,0.0015645371577574967,oxidative_stress_cell
clear cell renal carcinoma,lymph node,"activated CD4-positive, alpha-beta T cell, human",6,0.0015645371577574967,oxidative_stress_cell
normal,omentum,B cell,6,0.0004474606607502424,oxidative_stress_cell
Lewy body dementia,brain,plasma cell,6,4.9903519861600904e-05,oxidative_stress_cell
normal,eye,erythroid progenitor cell,6,7.685843700682503e-07,
normal,exocrine gland,leukocyte,6,3.108743860230876e-05,
normal,stomach,neutrophil progenitor cell,6,2.110580339240613e-05,oxidative_stress_cell
bipolar disorder,brain,smooth muscle cell,6,0.0007799298063174314,
normal,mucosa,"CD4-positive, alpha-beta T cell",6,6.5603883749918e-05,oxidative_stress_cell
squamous cell lung carcinoma,lung,nasal mucosa goblet cell,6,2.5564768340590886e-05,oxidative_stress_cell
normal,heart,erythroblast,6,3.05648849206612e-06,
normal,esophagus,enteroendocrine cell,6,3.582987973103703e-05,
cystic fibrosis,lung,"CD8-positive, alpha-beta T cell",6,0.00034110289937464467,oxidative_stress_cell
normal,kidney,"CD8-alpha-alpha-positive, alpha-beta intraepithelial T cell",6,9.117862043707992e-06,oxidative_stress_cell
normal,skin of body,pre-conventional dendritic cell,6,8.899370369546354e-06,oxidative_stress_cell
normal,embryo,T cell,6,1.497959030820507e-05,oxidative_stress_cell
acute kidney failure,kidney,papillary tips cell,6,4.788851553583258e-05,
normal,eye,professional antigen presenting cell,6,7.685843700682503e-07,
lung adenocarcinoma,skeletal system,endothelial cell,6,0.004966887417218543,oxidative_stress_cell
normal,stomach,cell of skeletal muscle,6,2.110580339240613e-05,
normal,blood,respiratory basal cell,6,4.340697906090737e-07,
normal,liver,pericyte,6,6.275979941968106e-06,oxidative_stress_cell
normal,endocrine gland,group 2 innate lymphoid cell,6,8.556100927766543e-06,
lung adenocarcinoma,brain,plasmacytoid dendritic cell,6,0.00021955503512880562,oxidative_stress_cell
normal pressure hydrocephalus,brain,perivascular macrophage,6,0.001266624445851805,oxidative_stress_cell
lymphoma,cerebrospinal fluid,stromal cell,6,0.0003270824247710423,oxidative_stress_cell
normal,colon,type N enteroendocrine cell,6,8.943970496822654e-06,
malignant ovarian serous tumor,lymph node,mast cell,6,0.0009223674096848578,oxidative_stress_cell
lung adenocarcinoma,brain,stromal cell,6,0.00021955503512880562,oxidative_stress_cell
influenza,brain,glial cell,6,0.0012507817385866166,
normal,blood,early promyelocyte,6,4.340697906090737e-07,
frontotemporal dementia,brain,L5/6 near-projecting glutamatergic neuron,6,5.061753391374772e-05,neuron_stressed
respiratory system disorder,blood,erythrocyte,6,6.316653857896343e-05,
normal,kidney,skeletal muscle satellite cell,6,9.117862043707992e-06,
normal,ovary,cord blood hematopoietic stem cell,6,3.4285322453457674e-05,
nonpapillary renal cell carcinoma,vasculature,pericyte,6,0.0013651877133105802,oxidative_stress_cell
normal,eye,basophil,6,7.685843700682503e-07,
colorectal cancer,large intestine,colon goblet cell,6,0.00037313432835820896,oxidative_stress_cell
normal,omentum,professional antigen presenting cell,6,0.0004474606607502424,
normal,endocrine gland,mucosal invariant T cell,6,8.556100927766543e-06,oxidative_stress_cell
non-specific interstitial pneumonia,lung,nasal mucosa goblet cell,6,0.0002005012531328321,oxidative_stress_cell
normal,omentum,"naive thymus-derived CD4-positive, alpha-beta T cell",6,0.0004474606607502424,oxidative_stress_cell
normal,heart,plasmacytoid dendritic cell,6,3.05648849206612e-06,oxidative_stress_cell
normal,kidney,naive B cell,6,9.117862043707992e-06,oxidative_stress_cell
squamous cell lung carcinoma,lymph node,bronchus fibroblast of lung,6,0.005194805194805195,oxidative_stress_cell
squamous cell lung carcinoma,lymph node,regulatory T cell,6,0.005194805194805195,oxidative_stress_cell
normal,heart,cord blood hematopoietic stem cell,6,3.05648849206612e-06,
pneumonia,lung,lung macrophage,6,0.000187952260125928,oxidative_stress_cell
invasive lobular breast carcinoma,exocrine gland,"activated CD8-positive, alpha-beta T cell",6,0.001524003048006096,oxidative_stress_cell
interstitial lung disease,lung,tracheobronchial serous cell,6,1.8939334156142185e-05,
nonpapillary renal cell carcinoma,adrenal gland,non-classical monocyte,6,0.0012883830792355595,oxidative_stress_cell
normal,skin of body,"CD16-negative, CD56-bright natural killer cell, human",6,8.899370369546354e-06,
diffuse large B-cell lymphoma,small intestine,"CD4-positive, alpha-beta memory T cell",6,0.0011246485473289597,oxidative_stress_cell
lung adenocarcinoma,pleural fluid,epithelial cell of lung,6,0.0002800989683021334,oxidative_stress_cell
inflammatory bowel disease,colon,Langerhans cell,6,0.00016000853378846872,
HIV infectious disease,blood,CD1c-positive myeloid dendritic cell,6,0.0034266133637921186,oxidative_stress_cell
normal,adipose tissue,myeloid dendritic cell,6,1.310037947432544e-05,oxidative_stress_cell
normal,esophagus,fibroblastic reticular cell,6,3.582987973103703e-05,oxidative_stress_cell
nonpapillary renal cell carcinoma,adrenal gland,collagen secreting cell,6,0.0012883830792355595,
normal,peripheral nervous system,neutrophil,6,0.00911854103343465,oxidative_stress_cell
normal,forelimb,melanocyte,6,0.0001539132442346664,
normal,small intestine,stromal cell of lamina propria of small intestine,5,4.210912833262169e-06,oxidative_stress_cell
nonpapillary renal cell carcinoma,adrenal gland,B cell,5,0.001073652566029633,oxidative_stress_cell
non-specific interstitial pneumonia,lung,pulmonary neuroendocrine cell,5,0.0001670843776106934,
gastric cancer,stomach,eosinophil,5,2.2943883848882402e-05,
normal,peripheral nervous system,melanocyte,5,0.007598784194528876,
glioblastoma,cerebrospinal fluid,stromal cell,5,0.0005626195566557894,oxidative_stress_cell
diffuse large B-cell lymphoma,stomach,plasmacytoid dendritic cell,5,0.003367003367003367,oxidative_stress_cell
colorectal cancer,colon,mesothelial cell,5,0.00012075836251660427,
lymphoid interstitial pneumonia,lung,plasma cell,5,0.00029974222168934714,oxidative_stress_cell
lymphoid interstitial pneumonia,lung,pericyte,5,0.00029974222168934714,oxidative_stress_cell
nonpapillary renal cell carcinoma,adrenal gland,IgA plasma cell,5,0.001073652566029633,oxidative_stress_cell
HIV infectious disease,blood,plasmablast,5,0.0028555111364934323,
breast cancer,skeletal system,blood vessel smooth muscle cell,5,0.00046637440537263317,
normal,respiratory system,thyroid follicular cell,5,9.66751482996775e-06,
invasive ductal breast carcinoma,breast,CD4-positive helper T cell,5,2.6750842651543523e-05,oxidative_stress_cell
normal,fallopian tube,epithelial cell,5,2.3390171449956728e-05,oxidative_stress_cell
normal,forelimb,mast cell,5,0.000128261036862222,oxidative_stress_cell
small cell lung carcinoma,lymph node,plasma cell,5,0.00026890394750994943,oxidative_stress_cell
colorectal cancer,intestine,IgM plasma cell,5,0.0007092198581560284,oxidative_stress_cell
lung adenocarcinoma,pleural fluid,smooth muscle cell,5,0.00023341580691844453,
normal,head,neuroblast (sensu Nematoda and Protostomia),5,0.0007351860020585208,neuron_stressed
Parkinson disease,brain,natural killer cell,5,2.762237124798426e-06,
breast cancer,neck,mature NK T cell,5,0.00036360991927859794,oxidative_stress_cell
normal,lymph node,"NKp44-positive group 3 innate lymphoid cell, human",5,5.438175557358613e-06,
normal,spleen,double negative thymocyte,5,8.655355847644965e-06,
normal,blood,club cell,5,3.6172482550756143e-07,oxidative_stress_cell
normal,pleura,cord blood hematopoietic stem cell,5,0.0002538715410002539,
frontotemporal dementia,brain,L6b glutamatergic neuron of the primary motor cortex,5,4.218127826145643e-05,neuron_stressed
normal,colon,Schwann cell,5,7.453308747352212e-06,
lung adenocarcinoma,liver,epithelial cell of lung,5,0.002113271344040575,oxidative_stress_cell
normal,small intestine,fibroblast of gingiva,5,4.210912833262169e-06,oxidative_stress_cell
normal,lymph node,fibroblastic reticular cell,5,5.438175557358613e-06,oxidative_stress_cell
normal,small intestine,hepatic stellate cell,5,4.210912833262169e-06,
normal,small intestine,eosinophil,5,4.210912833262169e-06,
normal,nose,tracheobronchial smooth muscle cell,5,2.1061765734192092e-05,
normal,kidney,granulocyte monocyte progenitor cell,5,7.598218369756659e-06,oxidative_stress_cell
normal,kidney,goblet cell,5,7.598218369756659e-06,oxidative_stress_cell
normal,vasculature,myeloid dendritic cell,5,3.59505320678746e-05,oxidative_stress_cell
normal,esophagus,P/D1 enteroendocrine cell,5,2.985823310919753e-05,
normal,skin of body,immature innate lymphoid cell,5,7.416141974621962e-06,
cystic fibrosis,skeletal system,epithelial cell of lung,5,0.000315357931251971,oxidative_stress_cell
normal,pleura,professional antigen presenting cell,5,0.0002538715410002539,
normal,respiratory system,intestinal epithelial cell,5,9.66751482996775e-06,oxidative_stress_cell
normal,blood,MHC-II-positive classical monocyte,5,3.6172482550756143e-07,oxidative_stress_cell
normal,yolk sac,group 2 innate lymphoid cell,5,8.817409092512256e-05,
small cell lung carcinoma,pleural fluid,plasma cell,5,0.0007174630506528914,oxidative_stress_cell
normal,embryo,monocyte,5,1.2482991923504226e-05,oxidative_stress_cell
normal,endocrine gland,megakaryocyte-erythroid progenitor cell,5,7.13008410647212e-06,
lung adenocarcinoma,brain,club cell,5,0.0001829625292740047,oxidative_stress_cell
normal,omentum,"naive thymus-derived CD8-positive, alpha-beta T cell",5,0.0003728838839585353,oxidative_stress_cell
cystic fibrosis,skeletal system,mature T cell,5,0.000315357931251971,oxidative_stress_cell
normal,peripheral nervous system,vascular associated smooth muscle cell,5,0.007598784194528876,
nonpapillary renal cell carcinoma,vasculature,"naive thymus-derived CD4-positive, alpha-beta T cell",5,0.0011376564277588168,oxidative_stress_cell
normal,intestine,abnormal cell,5,1.7706636447340464e-05,
normal,intestine,cell of skeletal muscle,5,1.7706636447340464e-05,
normal,colon,basal cell,5,7.453308747352212e-06,
normal,colon,epithelial cell of lung,5,7.453308747352212e-06,oxidative_stress_cell
normal,adrenal gland,plasmacytoid dendritic cell,5,1.1418418823035062e-05,oxidative_stress_cell
normal,embryo,sst GABAergic cortical interneuron,5,1.2482991923504226e-05,neuron_stressed
malignant ovarian serous tumor,urinary bladder,plasma cell,5,0.0007979572294924992,oxidative_stress_cell
normal,liver,stromal cell,5,5.229983284973421e-06,oxidative_stress_cell
Alzheimer disease,brain,erythrocyte,5,8.220506876454001e-06,
normal,musculature,"naive thymus-derived CD8-positive, alpha-beta T cell",5,8.578197995103565e-06,oxidative_stress_cell
normal,gallbladder,plasma cell,5,0.0002525252525252525,oxidative_stress_cell
normal,central nervous system,pigmented epithelial cell,5,6.730625557800593e-06,oxidative_stress_cell
normal,pancreas,neuroendocrine cell,5,1.1760250822629545e-05,
normal,lung,colon epithelial cell,5,1.5878923840870318e-06,oxidative_stress_cell
normal,liver,myelocyte,5,5.229983284973421e-06,
normal,kidney,common dendritic progenitor,5,7.598218369756659e-06,oxidative_stress_cell
neuroblastoma,chest,cortical cell of adrenal gland,5,0.00032440147927074547,
bipolar disorder,brain,L5 extratelencephalic projecting glutamatergic cortical neuron,5,0.0006499415052645262,neuron_stressed
normal,skin of body,progenitor cell,5,7.416141974621962e-06,
inflammatory bowel disease,colon,fibroblastic reticular cell,5,0.00013334044482372394,oxidative_stress_cell
inflammatory bowel disease,colon,enteroendocrine cell,5,0.00013334044482372394,
inflammatory bowel disease,colon,eosinophil,5,0.00013334044482372394,
normal,testis,dendritic cell,5,0.00024126616483304382,oxidative_stress_cell
normal,testis,erythroid progenitor cell,5,0.00024126616483304382,
normal,uterus,intermediate monocyte,5,1.624484226258163e-05,oxidative_stress_cell
normal,kidney,erythrocyte,5,7.598218369756659e-06,
normal,intestine,mucosal invariant T cell,5,1.7706636447340464e-05,oxidative_stress_cell
normal,stomach,basal cell,5,1.7588169493671778e-05,
normal,mucosa,erythrocyte,5,5.4669903124931666e-05,
lung adenocarcinoma,lymph node,club cell,5,9.264406151565684e-05,oxidative_stress_cell
HIV infectious disease,blood,plasmacytoid dendritic cell,4,0.002284408909194746,oxidative_stress_cell
normal,small intestine,type N enteroendocrine cell,4,3.3687302666097353e-06,
normal,uterus,adventitial cell,4,1.2995873810065304e-05,
normal,central nervous system,OFF parasol ganglion cell,4,5.384500446240474e-06,
lung adenocarcinoma,lung,myofibroblast cell,4,5.543644419559641e-06,oxidative_stress_cell
Parkinson disease,brain,L5 extratelencephalic projecting glutamatergic cortical neuron,4,2.2097896998387405e-06,neuron_stressed
normal,pleura,mast cell,4,0.0002030972328002031,oxidative_stress_cell
normal,kidney,stratified epithelial cell,4,6.0785746958053275e-06,oxidative_stress_cell
normal,uterus,mesenchymal stem cell,4,1.2995873810065304e-05,
normal,pleura,erythroid lineage cell,4,0.0002030972328002031,
lung adenocarcinoma,pleural fluid,bronchus fibroblast of lung,4,0.00018673264553475561,oxidative_stress_cell
normal,lung,myelinating Schwann cell,4,1.2703139072696255e-06,
normal,digestive system,myofibroblast cell,4,5.5407801418439715e-05,oxidative_stress_cell
pneumonia,lung,respiratory tract hillock cell,4,0.00012530150675061868,
diffuse large B-cell lymphoma,respiratory system,pericyte,4,0.0016096579476861167,oxidative_stress_cell
pneumonia,lung,tracheobronchial goblet cell,4,0.00012530150675061868,oxidative_stress_cell
normal,large intestine,"naive thymus-derived CD8-positive, alpha-beta T cell",4,2.1553582205362532e-05,oxidative_stress_cell
inflammatory bowel disease,colon,"dendritic cell, human",4,0.00010667235585897915,oxidative_stress_cell
normal,esophagus,mucous neck cell of gastric gland,4,2.3886586487358026e-05,
normal,forelimb,myelocyte,4,0.0001026088294897776,
normal,spinal cord,alternatively activated macrophage,4,8.03923144947343e-05,oxidative_stress_cell
normal,liver,pancreatic epsilon cell,4,4.183986627978737e-06,
nonpapillary renal cell carcinoma,adrenal gland,classical monocyte,4,0.0008589220528237063,oxidative_stress_cell
HIV infectious disease,blood,"CD4-negative, CD8-negative, alpha-beta intraepithelial T cell",4,0.002284408909194746,oxidative_stress_cell
bronchopulmonary dysplasia,lung,mesothelial cell of pleura,4,2.654790902031579e-05,
normal,large intestine,granulocyte,4,2.1553582205362532e-05,
normal,vasculature,dendritic cell,4,2.8760425654299682e-05,oxidative_stress_cell
normal,vasculature,alternatively activated macrophage,4,2.8760425654299682e-05,oxidative_stress_cell
neuroblastoma,liver,hepatocyte,4,0.00016465648540731897,hepatocyte_ketogenic
normal,endocrine gland,late pro-B cell,4,5.704067285177696e-06,oxidative_stress_cell
normal,colon,mesenchymal stem cell,4,5.962646997881769e-06,
normal,eye,endocrine cell,4,5.123895800455002e-07,
normal,large intestine,"CD16-negative, CD56-bright natural killer cell, human",4,2.1553582205362532e-05,
COVID-19,respiratory system,"CD4-positive, alpha-beta T cell",4,5.6181353408803615e-05,oxidative_stress_cell
normal,esophagus,"effector memory CD8-positive, alpha-beta T cell",4,2.3886586487358026e-05,oxidative_stress_cell
normal pressure hydrocephalus,brain,L6b glutamatergic neuron of the primary motor cortex,4,0.0008444162972345366,neuron_stressed
normal,yolk sac,large pre-B-II cell,4,7.053927274009805e-05,
normal,large intestine,tuft cell of small intestine,4,2.1553582205362532e-05,oxidative_stress_cell
normal,ureter,macrophage,4,9.147457006952067e-05,oxidative_stress_cell
Down syndrome,bone marrow,chondrocyte,4,0.0002389058113838619,
normal,adipose tissue,"naive thymus-derived CD8-positive, alpha-beta T cell",4,8.73358631621696e-06,oxidative_stress_cell
long COVID-19,digestive system,B cell,4,0.0017346053772766695,oxidative_stress_cell
normal,omentum,"CD8-positive, alpha-beta memory T cell",4,0.00029830710716682824,oxidative_stress_cell
normal,lymph node,colonocyte,4,4.35054044588689e-06,
normal,lymph node,mesodermal cell,4,4.35054044588689e-06,
frontotemporal dementia,brain,perivascular macrophage,4,3.374502260916515e-05,oxidative_stress_cell
COVID-19,nose,follicular dendritic cell,4,4.538183138380549e-05,oxidative_stress_cell
clear cell renal carcinoma,lymph node,"effector CD4-positive, alpha-beta T cell",4,0.0010430247718383311,oxidative_stress_cell
normal,kidney,endocrine cell,4,6.0785746958053275e-06,
acute myocardial infarction,brain,meningeal macrophage,4,0.0004979459728619445,oxidative_stress_cell
normal,kidney,glial cell,4,6.0785746958053275e-06,
normal,yolk sac,B-2 B cell,4,7.053927274009805e-05,oxidative_stress_cell
neuroblastoma,lymph node,cortical cell of adrenal gland,4,0.00011698985113041444,
normal,cortex,neural crest cell,4,2.6708331664062604e-05,oxidative_stress_cell
normal,lamina propria,plasmacytoid dendritic cell,4,0.00016886899987334826,oxidative_stress_cell
lung adenocarcinoma,liver,B cell,4,0.0016906170752324597,oxidative_stress_cell
COVID-19,respiratory system,melanocyte,4,5.6181353408803615e-05,
normal,kidney,unswitched memory B cell,4,6.0785746958053275e-06,oxidative_stress_cell
normal,yolk sac,glial cell,4,7.053927274009805e-05,
normal,lung,erythroid progenitor cell,4,1.2703139072696255e-06,
normal,exocrine gland,melanocyte,4,2.072495906820584e-05,
chronic obstructive pulmonary disease,respiratory system,myoepithelial cell of bronchus submucosal gland,4,0.0002100288789708585,oxidative_stress_cell
normal,heart,intermediate monocyte,4,2.0376589947107467e-06,oxidative_stress_cell
lung adenocarcinoma,brain,neutrophil,4,0.00014637002341920375,oxidative_stress_cell
squamous cell lung carcinoma,lung,pulmonary alveolar epithelial cell,4,1.7043178893727258e-05,oxidative_stress_cell
HIV infectious disease,blood,innate lymphoid cell,4,0.002284408909194746,
non-specific interstitial pneumonia,lung,club cell,4,0.00013366750208855473,oxidative_stress_cell
lung adenocarcinoma,adrenal gland,natural killer cell,4,0.001127713560755568,
lung adenocarcinoma,adrenal gland,classical monocyte,4,0.001127713560755568,oxidative_stress_cell
lung adenocarcinoma,adrenal gland,epithelial cell of lung,4,0.001127713560755568,oxidative_stress_cell
normal,endocrine gland,hepatoblast,4,5.704067285177696e-06,
normal,respiratory system,mucus secreting cell of bronchus submucosal gland,4,7.7340118639742e-06,
normal,colon,alternatively activated macrophage,4,5.962646997881769e-06,oxidative_stress_cell
normal,colon,alveolar macrophage,4,5.962646997881769e-06,oxidative_stress_cell
normal,heart,classical monocyte,4,2.0376589947107467e-06,oxidative_stress_cell
colorectal cancer,large intestine,enteroendocrine cell of colon,4,0.0002487562189054726,
tauopathy,brain,B cell,4,3.2054107333178405e-05,oxidative_stress_cell
influenza,blood,mast cell,4,0.00013444474321054048,oxidative_stress_cell
normal,brain,cord blood hematopoietic stem cell,4,2.1575169698148812e-07,
normal,brain,common myeloid progenitor,4,2.1575169698148812e-07,
influenza,brain,cerebral cortex endothelial cell,4,0.0008338544923910778,oxidative_stress_cell
lung adenocarcinoma,adrenal gland,pericyte,4,0.001127713560755568,oxidative_stress_cell
liver cancer,liver,mast cell,4,0.0006005104338687885,oxidative_stress_cell
normal,endocrine gland,CD4-positive helper T cell,4,5.704067285177696e-06,oxidative_stress_cell
normal,large intestine,myeloid dendritic cell,4,2.1553582205362532e-05,oxidative_stress_cell
normal,esophagus,regulatory T cell,4,2.3886586487358026e-05,oxidative_stress_cell
cardiomyopathy,brain,cerebral cortex GABAergic interneuron,4,0.0031128404669260703,neuron_stressed
normal,liver,intestinal epithelial cell,4,4.183986627978737e-06,oxidative_stress_cell
chronic kidney disease,kidney,papillary tips cell,4,1.5007015779877092e-05,
normal,liver,eurydendroid cell,4,4.183986627978737e-06,
invasive ductal breast carcinoma,exocrine gland,"dendritic cell, human",4,0.0005924170616113745,oxidative_stress_cell
normal,stomach,embryonic stem cell,4,1.4070535594937422e-05,
normal,musculature,mucosal invariant T cell,4,6.862558396082851e-06,oxidative_stress_cell
normal,nose,endothelial cell of lymphatic vessel,4,1.6849412587353674e-05,oxidative_stress_cell
type 1 diabetes mellitus,brain,L5 extratelencephalic projecting glutamatergic cortical neuron,4,0.00016527559705809436,neuron_stressed
invasive ductal breast carcinoma,exocrine gland,conventional dendritic cell,4,0.0005924170616113745,oxidative_stress_cell
normal,blood,primordial germ cell,4,2.8937986040604915e-07,
Down syndrome,bone marrow,stromal cell,4,0.0002389058113838619,oxidative_stress_cell
normal,embryo,VIP GABAergic cortical interneuron,3,7.489795154102535e-06,neuron_stressed
normal,skin of body,"CD16-positive, CD56-dim natural killer cell, human",3,4.449685184773177e-06,
clear cell renal carcinoma,lymph node,mast cell,3,0.0007822685788787483,oxidative_stress_cell
diffuse large B-cell lymphoma,respiratory system,"CD4-positive, alpha-beta memory T cell",3,0.0012072434607645875,oxidative_stress_cell
normal,brain,promyelocyte,3,1.618137727361161e-07,
heart failure,brain,leukocyte,3,0.00065302568567697,
normal,heart,primordial germ cell,3,1.52824424603306e-06,
amyotrophic lateral sclerosis,brain,L5 extratelencephalic projecting glutamatergic cortical neuron,3,1.7488734340295792e-05,neuron_stressed
acute promyelocytic leukemia,bone marrow,immature B cell,3,0.0008034279592929834,oxidative_stress_cell
normal,skeletal system,neuron,3,8.685330476824644e-05,neuron_stressed
squamous cell lung carcinoma,lymph node,smooth muscle cell,3,0.0025974025974025974,
invasive ductal breast carcinoma,exocrine gland,"activated CD8-positive, alpha-beta T cell",3,0.0004443127962085308,oxidative_stress_cell
normal,gallbladder,monocyte,3,0.00015151515151515152,oxidative_stress_cell
normal,small intestine,basal cell,3,2.526547699957301e-06,
normal,placenta,stratified epithelial cell,3,5.759295983658957e-06,oxidative_stress_cell
normal,esophagogastric junction,CD4-positive helper T cell,3,0.0002349072116513977,oxidative_stress_cell
lung adenocarcinoma,liver,dendritic cell,3,0.001267962806424345,oxidative_stress_cell
normal,blood,enucleated reticulocyte,3,2.1703489530453685e-07,
invasive lobular breast carcinoma,breast,"CD4-positive, CD25-positive, CCR4-positive, alpha-beta regulatory T cell",3,0.000183206106870229,oxidative_stress_cell
normal,kidney,mesothelial cell,3,4.558931021853996e-06,
invasive lobular breast carcinoma,exocrine gland,conventional dendritic cell,3,0.000762001524003048,oxidative_stress_cell
pneumonia,lung,bronchial goblet cell,3,9.3976130062964e-05,oxidative_stress_cell
normal,embryo,stratified epithelial cell,3,7.489795154102535e-06,oxidative_stress_cell
normal,central nervous system,ON-blue cone bipolar cell,3,4.038375334680356e-06,
normal,nose,tracheobronchial goblet cell,3,1.2637059440515255e-05,oxidative_stress_cell
pneumonia,lung,pulmonary alveolar type 1 cell,3,9.3976130062964e-05,
lung adenocarcinoma,lung,"dendritic cell, human",3,4.157733314669731e-06,oxidative_stress_cell
normal,prostate gland,CD141-positive myeloid dendritic cell,3,3.4441191665231616e-05,oxidative_stress_cell
respiratory system disorder,blood,T-helper 1 cell,3,3.158326928948172e-05,
diffuse large B-cell lymphoma,lymph node,basal cell of epithelium of lobular bronchiole,3,0.00012869460769593754,
normal,prostate gland,enterocyte,3,3.4441191665231616e-05,oxidative_stress_cell
normal,prostate gland,monocyte,3,3.4441191665231616e-05,oxidative_stress_cell
non-compaction cardiomyopathy,heart,adipocyte,3,0.00025790921595598347,adipocyte_lipolytic
malignant ovarian serous tumor,liver,dendritic cell,3,0.0003305056736807315,oxidative_stress_cell
malignant ovarian serous tumor,liver,mast cell,3,0.0003305056736807315,oxidative_stress_cell
malignant ovarian serous tumor,liver,plasma cell,3,0.0003305056736807315,oxidative_stress_cell
normal,ovary,classical monocyte,3,1.7142661226728837e-05,oxidative_stress_cell
normal,spinal cord,kidney loop of Henle epithelial cell,3,6.029423587105073e-05,oxidative_stress_cell
dementia,brain,plasma cell,3,2.15073189406355e-06,oxidative_stress_cell
normal,prostate gland,stromal cell,3,3.4441191665231616e-05,oxidative_stress_cell
COVID-19,lung,tracheobronchial serous cell,3,3.690182147390795e-06,
small cell lung carcinoma,adrenal gland,plasma cell,3,0.0007896814951302974,oxidative_stress_cell
normal,digestive system,goblet cell,3,4.1555851063829786e-05,oxidative_stress_cell
normal,skin of body,naive B cell,3,4.449685184773177e-06,oxidative_stress_cell
normal,intestine,neuroblast (sensu Vertebrata),3,1.0623981868404278e-05,neuron_stressed
melanoma,skin of body,mast cell,3,0.00023034398034398035,oxidative_stress_cell
pneumonia,lung,tracheobronchial serous cell,3,9.3976130062964e-05,
"primary cutaneous diffuse large B-cell lymphoma, Leg type",skin of body,mucous cell of stomach,3,0.00042271382274200367,
normal,esophagus,"CD16-positive, CD56-dim natural killer cell, human",3,1.7914939865518517e-05,
normal,esophagus,TREM2-positive macrophage,3,1.7914939865518517e-05,oxidative_stress_cell
normal,placenta,neuron,3,5.759295983658957e-06,neuron_stressed
normal,yolk sac,innate lymphoid cell,3,5.290445455507354e-05,
normal,yolk sac,pre-conventional dendritic cell,3,5.290445455507354e-05,oxidative_stress_cell
normal,yolk sac,"naive thymus-derived CD4-positive, alpha-beta T cell",3,5.290445455507354e-05,oxidative_stress_cell
normal,endocrine gland,M cell of gut,3,4.278050463883272e-06,
normal,endocrine gland,alternatively activated macrophage,3,4.278050463883272e-06,oxidative_stress_cell
normal,pancreas,epithelial cell of proximal tubule,3,7.056150493577727e-06,oxidative_stress_cell
normal,pancreas,mesodermal cell,3,7.056150493577727e-06,
normal,esophagus,cord blood hematopoietic stem cell,3,1.7914939865518517e-05,
normal,exocrine gland,pericyte,3,1.554371930115438e-05,oxidative_stress_cell
cystic fibrosis,lung,plasma cell,3,0.00017055144968732233,oxidative_stress_cell
normal,placenta,cord blood hematopoietic stem cell,3,5.759295983658957e-06,
normal,lamina propria,"naive thymus-derived CD8-positive, alpha-beta T cell",3,0.0001266517499050112,oxidative_stress_cell
normal,digestive system,acinar cell,3,4.1555851063829786e-05,
normal,lymph node,stem cell,3,3.262905334415168e-06,
interstitial lung disease,lung,fibroblast,3,9.469667078071093e-06,oxidative_stress_cell
long COVID-19,digestive system,dendritic cell,3,0.0013009540329575022,oxidative_stress_cell
long COVID-19,digestive system,enteroendocrine cell,3,0.0013009540329575022,
long COVID-19,digestive system,macrophage,3,0.0013009540329575022,oxidative_stress_cell
normal,lymph node,motor neuron,3,3.262905334415168e-06,neuron_stressed
normal,respiratory system,megakaryocyte,3,5.800508897980649e-06,
inflammatory bowel disease,colon,fibroblast of gingiva,3,8.000426689423436e-05,oxidative_stress_cell
normal,adipose tissue,plasmacytoid dendritic cell,3,6.55018973716272e-06,oxidative_stress_cell
normal,adrenal gland,naive B cell,3,6.851051293821037e-06,oxidative_stress_cell
normal,adrenal gland,unswitched memory B cell,3,6.851051293821037e-06,oxidative_stress_cell
normal,lymph node,myofibroblast cell,3,3.262905334415168e-06,oxidative_stress_cell
normal,lymph node,"plasmacytoid dendritic cell, human",3,3.262905334415168e-06,oxidative_stress_cell
normal,large intestine,erythrocyte,3,1.6165186654021898e-05,
normal,large intestine,cord blood hematopoietic stem cell,3,1.6165186654021898e-05,
normal,large intestine,cycling T cell,3,1.6165186654021898e-05,oxidative_stress_cell
chronic obstructive pulmonary disease,respiratory system,plasmacytoid dendritic cell,3,0.00015752165922814387,oxidative_stress_cell
normal,yolk sac,T cell,3,5.290445455507354e-05,oxidative_stress_cell
normal,skin of body,gamma-delta T cell,3,4.449685184773177e-06,oxidative_stress_cell
normal,intestine,enteric neuron,3,1.0623981868404278e-05,neuron_stressed
normal,lymph node,reticular cell,3,3.262905334415168e-06,
normal,musculature,embryonic stem cell,3,5.1469187970621385e-06,
normal,testis,"CD8-positive, alpha-beta T cell",3,0.00014475969889982628,oxidative_stress_cell
normal,intestine,eosinophil,3,1.0623981868404278e-05,
normal,esophagus,stem cell,3,1.7914939865518517e-05,
normal,nose,bronchial goblet cell,3,1.2637059440515255e-05,oxidative_stress_cell
interstitial lung disease,lung,acinar cell,3,9.469667078071093e-06,
normal,colon,follicular dendritic cell,3,4.471985248411327e-06,oxidative_stress_cell
normal,colon,megakaryocyte,3,4.471985248411327e-06,
diffuse large B-cell lymphoma,stomach,plasma cell,3,0.00202020202020202,oxidative_stress_cell
squamous cell lung carcinoma,lymph node,natural killer cell,3,0.0025974025974025974,
normal,embryo,mesenchymal stem cell,3,7.489795154102535e-06,
acute promyelocytic leukemia,bone marrow,plasmacytoid dendritic cell,3,0.0008034279592929834,oxidative_stress_cell
normal,esophagus,neuroblast (sensu Vertebrata),3,1.7914939865518517e-05,neuron_stressed
Crohn disease,small intestine,fibroblastic reticular cell,3,2.061798988343963e-05,oxidative_stress_cell
ovarian cancer,ovary,megakaryocyte,3,5.191838429988059e-05,
basal cell carcinoma,skin of body,smooth muscle cell,3,2.5619566516934533e-05,
normal,pancreas,pericyte,3,7.056150493577727e-06,oxidative_stress_cell
acute promyelocytic leukemia,bone marrow,precursor B cell,3,0.0008034279592929834,oxidative_stress_cell
diffuse large B-cell lymphoma,small intestine,pericyte,3,0.0005623242736644799,oxidative_stress_cell
cardiomyopathy,brain,L5/6 near-projecting glutamatergic neuron,3,0.0023346303501945525,neuron_stressed
normal,bladder organ,basal cell,3,3.977039226863574e-05,
normal,small intestine,pulmonary alveolar type 1 cell,3,2.526547699957301e-06,
normal,spinal cord,cell of skeletal muscle,3,6.029423587105073e-05,
normal,gallbladder,B cell,3,0.00015151515151515152,oxidative_stress_cell
normal,musculature,intermediate monocyte,3,5.1469187970621385e-06,oxidative_stress_cell
normal,musculature,plasmablast,3,5.1469187970621385e-06,
normal,adipose tissue,"CD4-positive, CD25-positive, alpha-beta regulatory T cell",3,6.55018973716272e-06,oxidative_stress_cell
normal,nose,goblet cell,3,1.2637059440515255e-05,oxidative_stress_cell
normal,colon,"central memory CD8-positive, alpha-beta T cell",3,4.471985248411327e-06,oxidative_stress_cell
respiratory system disorder,blood,regulatory T cell,3,3.158326928948172e-05,oxidative_stress_cell
COVID-19,lung,pulmonary neuroendocrine cell,3,3.690182147390795e-06,
normal,stomach,Schwann cell,3,1.0552901696203066e-05,
normal,embryo,erythroid progenitor cell,3,7.489795154102535e-06,
normal,lung,serous cell of epithelium of lobular bronchiole,3,9.52735430452219e-07,
lymphoid interstitial pneumonia,lung,pulmonary neuroendocrine cell,3,0.0001798453330136083,
normal,sensory system,neutrophil,3,0.0012515644555694619,oxidative_stress_cell
normal,adipose tissue,epithelial cell of proximal tubule segment 1,3,6.55018973716272e-06,oxidative_stress_cell
lung adenocarcinoma,liver,plasmacytoid dendritic cell,3,0.001267962806424345,oxidative_stress_cell
colorectal cancer,intestine,fibroblastic reticular cell,3,0.000425531914893617,oxidative_stress_cell
normal,spleen,neuron,3,5.1932135085869786e-06,neuron_stressed
nonpapillary renal cell carcinoma,adrenal gland,"naive thymus-derived CD8-positive, alpha-beta T cell",3,0.0006441915396177797,oxidative_stress_cell
normal,sensory system,intermediate monocyte,3,0.0012515644555694619,oxidative_stress_cell
ulcerative colitis,colon,follicular dendritic cell,3,8.35864144214427e-05,oxidative_stress_cell
type 2 diabetes mellitus,brain,L5 extratelencephalic projecting glutamatergic cortical neuron,2,0.00017247326664367022,neuron_stressed
normal,sensory system,"CD8-positive, alpha-beta T cell",2,0.0008343763037129745,oxidative_stress_cell
normal,sensory system,monocyte,2,0.0008343763037129745,oxidative_stress_cell
normal,fallopian tube,neutrophil,2,9.356068579982691e-06,oxidative_stress_cell
type 1 diabetes mellitus,brain,B cell,2,8.263779852904718e-05,oxidative_stress_cell
normal,adipose tissue,epithelial cell,2,4.36679315810848e-06,oxidative_stress_cell
lung adenocarcinoma,liver,non-classical monocyte,2,0.0008453085376162299,oxidative_stress_cell
normal,spleen,professional antigen presenting cell,2,3.4621423390579856e-06,
diffuse large B-cell lymphoma,stomach,conventional dendritic cell,2,0.0013468013468013469,oxidative_stress_cell
normal,adrenal gland,endothelial cell of lymphatic vessel,2,4.567367529214025e-06,oxidative_stress_cell
normal,lung,renal intercalated cell,2,6.351569536348127e-07,
normal,uterus,myeloid dendritic cell,2,6.497936905032652e-06,oxidative_stress_cell
normal,intestine,"plasmacytoid dendritic cell, human",2,7.082654578936185e-06,oxidative_stress_cell
normal,lung,ventricular cardiac muscle cell,2,6.351569536348127e-07,
normal,lymph node,Langerhans cell,2,2.175270222943445e-06,
lung adenocarcinoma,lymph node,stromal cell,2,3.7057624606262736e-05,oxidative_stress_cell
malignant ovarian serous tumor,abdomen,unknown,2,8.219425790914246e-06,
normal,stomach,follicular dendritic cell,2,7.035267797468711e-06,oxidative_stress_cell
normal,musculature,mesenchymal cell,2,3.4312791980414256e-06,
neuroblastoma,chest,kidney cell,2,0.0001297605917082982,
inflammatory bowel disease,colon,endothelial cell of artery,2,5.3336177929489575e-05,oxidative_stress_cell
nonpapillary renal cell carcinoma,vasculature,epithelial cell,2,0.0004550625711035267,oxidative_stress_cell
normal,bladder organ,cord blood hematopoietic stem cell,2,2.6513594845757163e-05,
normal,liver,osteoclast,2,2.0919933139893686e-06,
nonpapillary renal cell carcinoma,adrenal gland,epithelial cell,2,0.00042946102641185313,oxidative_stress_cell
normal,skeletal system,B cell,2,5.790220317883095e-05,oxidative_stress_cell
cardiomyopathy,brain,endothelial cell,2,0.0015564202334630351,oxidative_stress_cell
cardiomyopathy,brain,pvalb GABAergic cortical interneuron,2,0.0015564202334630351,neuron_stressed
cardiomyopathy,brain,sst GABAergic cortical interneuron,2,0.0015564202334630351,neuron_stressed
chronic obstructive pulmonary disease,brain,endothelial cell,2,0.0013131976362442547,oxidative_stress_cell
normal,endocrine gland,club cell,2,2.852033642588848e-06,oxidative_stress_cell
multiple sclerosis,brain,VIP GABAergic cortical interneuron,2,0.0001778568252556692,neuron_stressed
normal,colon,group 2 innate lymphoid cell,2,2.9813234989408847e-06,
normal,endocrine gland,interstitial cell of Cajal,2,2.852033642588848e-06,
normal,endocrine gland,large pre-B-II cell,2,2.852033642588848e-06,
colorectal cancer,large intestine,BEST4+ colonocyte,2,0.0001243781094527363,
squamous cell lung carcinoma,lymph node,endothelial cell of lymphatic vessel,2,0.0017316017316017316,oxidative_stress_cell
squamous cell lung carcinoma,lymph node,epithelial cell of lung,2,0.0017316017316017316,oxidative_stress_cell
squamous cell lung carcinoma,lymph node,fibroblast of lung,2,0.0017316017316017316,oxidative_stress_cell
normal,testis,cord blood hematopoietic stem cell,2,9.650646593321752e-05,
congenital heart disease,brain,neuroblast (sensu Vertebrata),2,0.00039635354736424893,neuron_stressed
normal,large intestine,mesothelial cell,2,1.0776791102681266e-05,
normal,pancreas,Sertoli cell,2,4.704100329051818e-06,
normal,spinal cord,embryonic stem cell,2,4.019615724736715e-05,
lung adenocarcinoma,brain,pulmonary artery endothelial cell,2,7.318501170960187e-05,oxidative_stress_cell
normal,liver,Langerhans cell,2,2.0919933139893686e-06,
normal,liver,"dendritic cell, human",2,2.0919933139893686e-06,oxidative_stress_cell
normal,small intestine,epithelial cell of stomach,2,1.6843651333048677e-06,oxidative_stress_cell
normal,testis,B cell,2,9.650646593321752e-05,oxidative_stress_cell
normal,testis,"CD4-positive, alpha-beta T cell",2,9.650646593321752e-05,oxidative_stress_cell
normal,testis,T cell,2,9.650646593321752e-05,oxidative_stress_cell
normal,testis,acinar cell,2,9.650646593321752e-05,
normal,spleen,interstitial cell of Cajal,2,3.4621423390579856e-06,
normal,skin of body,group 1 innate lymphoid cell,2,2.9664567898487848e-06,
normal,respiratory system,myoepithelial cell of bronchus submucosal gland,2,3.8670059319871e-06,oxidative_stress_cell
normal,respiratory system,endocrine cell,2,3.8670059319871e-06,
normal,respiratory system,hematopoietic stem cell,2,3.8670059319871e-06,
normal,respiratory system,kidney loop of Henle epithelial cell,2,3.8670059319871e-06,oxidative_stress_cell
breast cancer,skin of body,blood vessel smooth muscle cell,2,0.00022099447513812155,
normal,lung,hepatocyte,2,6.351569536348127e-07,hepatocyte_ketogenic
normal,large intestine,interneuron,2,1.0776791102681266e-05,neuron_stressed
progressive supranuclear palsy,brain,L5 extratelencephalic projecting glutamatergic cortical neuron,2,1.568110896802622e-05,neuron_stressed
normal,adrenal gland,"naive thymus-derived CD4-positive, alpha-beta T cell",2,4.567367529214025e-06,oxidative_stress_cell
normal,omentum,mesenchymal stem cell,2,0.00014915355358341412,
breast cancer,brain,fibroblast,2,0.0002037282265457879,oxidative_stress_cell
cystic fibrosis,skeletal system,pulmonary neuroendocrine cell,2,0.0001261431725007884,
lung adenocarcinoma,brain,capillary endothelial cell,2,7.318501170960187e-05,oxidative_stress_cell
lung adenocarcinoma,brain,endothelial cell of lymphatic vessel,2,7.318501170960187e-05,oxidative_stress_cell
normal,omentum,conventional dendritic cell,2,0.00014915355358341412,oxidative_stress_cell
normal,intestine,interneuron,2,7.082654578936185e-06,neuron_stressed
normal,blood,late promyelocyte,2,1.4468993020302458e-07,
normal,intestine,Langerhans cell,2,7.082654578936185e-06,
amyotrophic lateral sclerosis,brain,T cell,2,1.1659156226863861e-05,oxidative_stress_cell
normal,intestine,epithelial cell of proximal tubule,2,7.082654578936185e-06,oxidative_stress_cell
normal,intestine,epithelial cell of stomach,2,7.082654578936185e-06,oxidative_stress_cell
normal,intestine,hepatic stellate cell,2,7.082654578936185e-06,
normal,lymph node,colon epithelial cell,2,2.175270222943445e-06,oxidative_stress_cell
normal,lymph node,erythroid lineage cell,2,2.175270222943445e-06,
normal,testis,professional antigen presenting cell,2,9.650646593321752e-05,
normal,lymph node,intestine goblet cell,2,2.175270222943445e-06,oxidative_stress_cell
small cell lung carcinoma,axilla,mast cell,2,0.00030845157310302283,oxidative_stress_cell
small cell lung carcinoma,axilla,plasma cell,2,0.00030845157310302283,oxidative_stress_cell
normal,brain,embryonic stem cell,2,1.0787584849074406e-07,
normal,exocrine gland,regulatory T cell,2,1.036247953410292e-05,oxidative_stress_cell
normal,exocrine gland,salivary gland cell,2,1.036247953410292e-05,
normal,intestine,pancreatic ductal cell,2,7.082654578936185e-06,
normal,lamina propria,progenitor cell,2,8.443449993667413e-05,
COVID-19,respiratory system,"CD4-positive, alpha-beta memory T cell",2,2.8090676704401807e-05,oxidative_stress_cell
normal,placenta,embryonic stem cell,2,3.839530655772638e-06,
nonpapillary renal cell carcinoma,vasculature,unswitched memory B cell,2,0.0004550625711035267,oxidative_stress_cell
normal,ovary,professional antigen presenting cell,2,1.1428440817819225e-05,
normal,endocrine gland,"CD16-positive, CD56-dim natural killer cell, human",2,2.852033642588848e-06,
normal,endocrine gland,Langerhans cell,2,2.852033642588848e-06,
normal,pancreas,mature NK T cell,2,4.704100329051818e-06,oxidative_stress_cell
normal,esophagus,cycling T cell,2,1.1943293243679013e-05,oxidative_stress_cell
normal,esophagus,endocrine cell,2,1.1943293243679013e-05,
normal,esophagus,enterocyte,2,1.1943293243679013e-05,oxidative_stress_cell
normal,lung,embryonic stem cell,2,6.351569536348127e-07,
normal,yolk sac,myofibroblast cell,2,3.526963637004903e-05,oxidative_stress_cell
normal,yolk sac,neuron,2,3.526963637004903e-05,neuron_stressed
normal,yolk sac,neutrophil,2,3.526963637004903e-05,oxidative_stress_cell
normal,esophagus,"CD4-positive, alpha-beta memory T cell",2,1.1943293243679013e-05,oxidative_stress_cell
normal,large intestine,type EC enteroendocrine cell,2,1.0776791102681266e-05,
normal,large intestine,type L enteroendocrine cell,2,1.0776791102681266e-05,
normal,yolk sac,myelocyte,2,3.526963637004903e-05,
invasive lobular breast carcinoma,exocrine gland,granulocyte,2,0.000508001016002032,
normal,large intestine,neuroblast (sensu Vertebrata),2,1.0776791102681266e-05,neuron_stressed
normal,large intestine,plasmablast,2,1.0776791102681266e-05,
interstitial lung disease,lung,brush cell of tracheobronchial tree,2,6.313111385380728e-06,
normal,digestive system,inflammatory macrophage,2,2.7703900709219857e-05,oxidative_stress_cell
normal,digestive system,mesothelial cell,2,2.7703900709219857e-05,
normal,lung,intestinal tuft cell,2,6.351569536348127e-07,oxidative_stress_cell
normal,lung,kidney loop of Henle epithelial cell,2,6.351569536348127e-07,oxidative_stress_cell
acute myeloid leukemia,bone marrow,pre-natural killer cell,2,7.18081286801666e-05,
interstitial lung disease,lung,stromal cell,2,6.313111385380728e-06,oxidative_stress_cell
nonpapillary renal cell carcinoma,kidney,endothelial cell of lymphatic vessel,2,1.0078410030033661e-05,oxidative_stress_cell
normal,kidney,"double-positive, alpha-beta thymocyte",2,3.0392873479026638e-06,
malignant ovarian serous tumor,fallopian tube,unknown,2,0.00010167768174885612,
schizophrenia,brain,plasma cell,2,8.33093818860411e-06,oxidative_stress_cell
small cell lung carcinoma,adrenal gland,mast cell,2,0.0005264543300868649,oxidative_stress_cell
normal,ovary,Sertoli cell,2,1.1428440817819225e-05,
normal,kidney,MHC-II-positive classical monocyte,2,3.0392873479026638e-06,oxidative_stress_cell
normal,endocrine gland,enterocyte,2,2.852033642588848e-06,oxidative_stress_cell
normal,prostate gland,stratified epithelial cell,2,2.2960794443487744e-05,oxidative_stress_cell
non-specific interstitial pneumonia,lung,pulmonary alveolar epithelial cell,2,6.683375104427736e-05,oxidative_stress_cell
normal,ovary,neuron,2,1.1428440817819225e-05,neuron_stressed
nonpapillary renal cell carcinoma,vasculature,classical monocyte,2,0.0004550625711035267,oxidative_stress_cell
invasive lobular breast carcinoma,breast,T follicular helper cell,2,0.00012213740458015266,
normal,prostate gland,goblet cell,2,2.2960794443487744e-05,oxidative_stress_cell
respiratory system disorder,blood,T-helper 2 cell,2,2.1055512859654478e-05,
acute myocardial infarction,brain,T cell,2,0.00024897298643097225,oxidative_stress_cell
acute myocardial infarction,brain,leukocyte,2,0.00024897298643097225,
non-specific interstitial pneumonia,lung,fibroblast,2,6.683375104427736e-05,oxidative_stress_cell
non-specific interstitial pneumonia,lung,ionocyte,2,6.683375104427736e-05,
normal,kidney,group 2 innate lymphoid cell,2,3.0392873479026638e-06,
pulmonary fibrosis,lung,tracheobronchial goblet cell,2,7.43682417860277e-06,oxidative_stress_cell
normal,bone marrow,stromal cell,2,2.6330964424233965e-06,oxidative_stress_cell
diffuse large B-cell lymphoma,lymph node,mucous cell of stomach,2,8.579640513062503e-05,
normal,adrenal gland,Sertoli cell,2,4.567367529214025e-06,
normal,adrenal gland,acinar cell,2,4.567367529214025e-06,
normal,ovary,mature NK T cell,2,1.1428440817819225e-05,oxidative_stress_cell
acute promyelocytic leukemia,bone marrow,memory B cell,2,0.0005356186395286556,oxidative_stress_cell
lung adenocarcinoma,lung,granulocyte,2,2.7718222097798203e-06,
lung adenocarcinoma,lung,ionocyte,2,2.7718222097798203e-06,
normal,endocrine gland,cell of skeletal muscle,2,2.852033642588848e-06,
normal,liver,keratinocyte,2,2.0919933139893686e-06,oxidative_stress_cell
normal,embryo,smooth muscle cell,2,4.9931967694016905e-06,
normal,embryo,sncg GABAergic cortical interneuron,2,4.9931967694016905e-06,neuron_stressed
normal,kidney,megakaryocyte-erythroid progenitor cell,2,3.0392873479026638e-06,
normal,kidney,promyelocyte,2,3.0392873479026638e-06,
cystic fibrosis,lung,pulmonary alveolar epithelial cell,2,0.00011370096645821489,oxidative_stress_cell
cystic fibrosis,skeletal system,alveolar type 1 fibroblast cell,2,0.0001261431725007884,oxidative_stress_cell
cystic fibrosis,skeletal system,bronchial goblet cell,2,0.0001261431725007884,oxidative_stress_cell
pulmonary fibrosis,lung,acinar cell,2,7.43682417860277e-06,
invasive lobular breast carcinoma,breast,"CD8-positive, alpha-beta regulatory T cell",2,0.00012213740458015266,oxidative_stress_cell
invasive lobular breast carcinoma,breast,IgG plasma cell,2,0.00012213740458015266,oxidative_stress_cell
lung adenocarcinoma,lung,pulmonary alveolar epithelial cell,2,2.7718222097798203e-06,oxidative_stress_cell
normal,spleen,Langerhans cell,2,3.4621423390579856e-06,
normal,spleen,basophil,2,3.4621423390579856e-06,
normal,kidney,intermediate monocyte,2,3.0392873479026638e-06,oxidative_stress_cell
normal,blood,epithelial cell of proximal tubule segment 1,2,1.4468993020302458e-07,oxidative_stress_cell
normal,small intestine,acinar cell,2,1.6843651333048677e-06,
normal,kidney,hematopoietic multipotent progenitor cell,2,3.0392873479026638e-06,
lung adenocarcinoma,liver,endothelial cell of lymphatic vessel,2,0.0008453085376162299,oxidative_stress_cell
lung adenocarcinoma,liver,mast cell,2,0.0008453085376162299,oxidative_stress_cell
normal,uterus,epithelial fate stem cell,2,6.497936905032652e-06,
inflammatory bowel disease,colon,paneth cell,2,5.3336177929489575e-05,gut_fermentative_microbe
colorectal cancer,large intestine,megakaryocyte,2,0.0001243781094527363,
normal,brain,mesothelial cell of dura mater,2,1.0787584849074406e-07,
normal,gallbladder,dendritic cell,2,0.00010101010101010101,oxidative_stress_cell
normal,gallbladder,embryonic stem cell,2,0.00010101010101010101,
normal,eye,non-classical monocyte,2,2.561947900227501e-07,oxidative_stress_cell
normal,eye,parasol ganglion cell of retina,2,2.561947900227501e-07,
normal,skeletal system,plasma cell,2,5.790220317883095e-05,oxidative_stress_cell
lung adenocarcinoma,skeletal system,mast cell,2,0.0016556291390728477,oxidative_stress_cell
lung adenocarcinoma,pleural fluid,pulmonary alveolar type 2 cell,2,9.336632276737781e-05,
lung adenocarcinoma,pleural fluid,neutrophil,2,9.336632276737781e-05,oxidative_stress_cell
lung adenocarcinoma,pleural fluid,multiciliated epithelial cell,2,9.336632276737781e-05,oxidative_stress_cell
heart failure,brain,meningeal macrophage,2,0.00043535045711797995,oxidative_stress_cell
ulcerative colitis,colon,erythrocyte,2,5.57242762809618e-05,
normal,respiratory system,stem cell,2,3.8670059319871e-06,
normal,digestive system,neuroendocrine cell,2,2.7703900709219857e-05,
inflammatory bowel disease,colon,vascular associated smooth muscle cell,2,5.3336177929489575e-05,
normal,embryo,alternatively activated macrophage,2,4.9931967694016905e-06,oxidative_stress_cell
normal,embryo,caudal ganglionic eminence derived cortical interneuron,2,4.9931967694016905e-06,neuron_stressed
normal,embryo,cord blood hematopoietic stem cell,2,4.9931967694016905e-06,
diffuse large B-cell lymphoma,respiratory system,plasma cell,2,0.0008048289738430583,oxidative_stress_cell
diffuse large B-cell lymphoma,small intestine,conventional dendritic cell,2,0.00037488284910965324,oxidative_stress_cell
normal,mucosa,muscle cell,2,2.1867961249972665e-05,
normal,musculature,T follicular helper cell,2,3.4312791980414256e-06,
normal,omentum,unknown,2,0.00014915355358341412,
uveal melanoma,eye,megakaryocyte,1,1.9337871287128713e-05,
colorectal cancer,intestine,neuroblast (sensu Vertebrata),1,0.00014184397163120567,neuron_stressed
type 2 diabetes mellitus,brain,T cell,1,8.623663332183511e-05,oxidative_stress_cell
normal,skeletal system,embryonic stem cell,1,2.8951101589415477e-05,
normal,skeletal system,enterocyte,1,2.8951101589415477e-05,oxidative_stress_cell
normal,skeletal system,melanocyte,1,2.8951101589415477e-05,
normal,sensory system,B cell,1,0.00041718815185648727,oxidative_stress_cell
non-specific interstitial pneumonia,lung,stromal cell,1,3.341687552213868e-05,oxidative_stress_cell
nonpapillary renal cell carcinoma,adrenal gland,IgG plasma cell,1,0.00021473051320592657,oxidative_stress_cell
normal,pancreas,pulmonary alveolar type 1 cell,1,2.352050164525909e-06,
normal,small intestine,pancreatic ductal cell,1,8.421825666524338e-07,
normal,small intestine,parietal cell,1,8.421825666524338e-07,
normal,small intestine,peptic cell,1,8.421825666524338e-07,
normal,small intestine,professional antigen presenting cell,1,8.421825666524338e-07,
normal,small intestine,type G enteroendocrine cell,1,8.421825666524338e-07,
normal,spinal cord,choroid plexus epithelial cell,1,2.0098078623683576e-05,oxidative_stress_cell
nonpapillary renal cell carcinoma,vasculature,endothelial cell of lymphatic vessel,1,0.00022753128555176336,oxidative_stress_cell
normal,bladder organ,endocrine cell,1,1.3256797422878582e-05,
normal,bladder organ,erythroid progenitor cell,1,1.3256797422878582e-05,
chronic obstructive pulmonary disease,lung,multiciliated epithelial cell,1,1.1103462059470143e-05,oxidative_stress_cell
chronic obstructive pulmonary disease,lung,myofibroblast cell,1,1.1103462059470143e-05,oxidative_stress_cell
lung adenocarcinoma,liver,pulmonary artery endothelial cell,1,0.00042265426880811494,oxidative_stress_cell
HIV infectious disease,blood,erythroid lineage cell,1,0.0005711022272986865,
normal,musculature,progenitor cell,1,1.7156395990207128e-06,
normal,stomach,chondrocyte,1,3.5176338987343555e-06,
normal,stomach,colon epithelial cell,1,3.5176338987343555e-06,oxidative_stress_cell
normal,stomach,eosinophil,1,3.5176338987343555e-06,
normal,esophagus,mesenchymal stem cell,1,5.971646621839506e-06,
normal,esophagus,mesothelial cell,1,5.971646621839506e-06,
normal,esophagus,motor neuron,1,5.971646621839506e-06,neuron_stressed
normal,esophagus,myofibroblast cell,1,5.971646621839506e-06,oxidative_stress_cell
normal,esophagus,parietal cell,1,5.971646621839506e-06,
normal,liver,epithelial cell of exocrine pancreas,1,1.0459966569946843e-06,oxidative_stress_cell
normal,liver,germinal center B cell,1,1.0459966569946843e-06,oxidative_stress_cell
normal,liver,interstitial cell of Cajal,1,1.0459966569946843e-06,
colorectal cancer,colon,paneth cell,1,2.4151672503320856e-05,gut_fermentative_microbe
normal,liver,paneth cell,1,1.0459966569946843e-06,gut_fermentative_microbe
open-angle glaucoma,blood,erythroid lineage cell,1,7.161630846576383e-06,
Crohn disease,small intestine,eosinophil,1,6.872663294479877e-06,
Crohn disease,small intestine,erythrocyte,1,6.872663294479877e-06,
normal,esophagus,erythrocyte,1,5.971646621839506e-06,
normal,esophagus,erythroid progenitor cell,1,5.971646621839506e-06,
normal,esophagus,kidney loop of Henle epithelial cell,1,5.971646621839506e-06,oxidative_stress_cell
normal,omentum,smooth muscle cell,1,7.457677679170706e-05,
bipolar II disorder,brain,B cell,1,3.7755795514611494e-05,oxidative_stress_cell
normal,heart,platelet,1,5.094147486776867e-07,
squamous cell lung carcinoma,lymph node,pulmonary artery endothelial cell,1,0.0008658008658008658,oxidative_stress_cell
heart failure,brain,erythroid lineage cell,1,0.00021767522855898998,
normal,heart,alternatively activated macrophage,1,5.094147486776867e-07,oxidative_stress_cell
colorectal cancer,colon,neuroblast (sensu Vertebrata),1,2.4151672503320856e-05,neuron_stressed
colorectal cancer,colon,neutrophil progenitor cell,1,2.4151672503320856e-05,oxidative_stress_cell
chronic obstructive pulmonary disease,lung,T cell,1,1.1103462059470143e-05,oxidative_stress_cell
pneumonia,lung,conventional dendritic cell,1,3.132537668765467e-05,oxidative_stress_cell
pneumonia,lung,epithelial cell of lower respiratory tract,1,3.132537668765467e-05,oxidative_stress_cell
pneumonia,lung,ionocyte,1,3.132537668765467e-05,
pneumonia,lung,mucus secreting cell,1,3.132537668765467e-05,
normal,liver,endocrine cell,1,1.0459966569946843e-06,
normal,musculature,"CD8-positive, alpha-beta memory T cell",1,1.7156395990207128e-06,oxidative_stress_cell
normal,musculature,alternatively activated macrophage,1,1.7156395990207128e-06,oxidative_stress_cell
cystic fibrosis,lung,serous secreting cell,1,5.6850483229107444e-05,
cystic fibrosis,lung,smooth muscle cell,1,5.6850483229107444e-05,
cystic fibrosis,skeletal system,alveolar adventitial fibroblast,1,6.30715862503942e-05,oxidative_stress_cell
COVID-19,respiratory system,innate lymphoid cell,1,1.4045338352200904e-05,
normal,kidney,mature B cell,1,1.5196436739513319e-06,oxidative_stress_cell
acute promyelocytic leukemia,bone marrow,common dendritic progenitor,1,0.0002678093197643278,oxidative_stress_cell
normal,ovary,myeloid dendritic cell,1,5.714220408909612e-06,oxidative_stress_cell
normal,spinal cord,enterocyte,1,2.0098078623683576e-05,oxidative_stress_cell
normal,pleura,erythroid progenitor cell,1,5.077430820005077e-05,
normal,kidney,interstitial cell of Cajal,1,1.5196436739513319e-06,
normal,kidney,keratinocyte,1,1.5196436739513319e-06,oxidative_stress_cell
normal,blood,decidual cell,1,7.234496510151229e-08,
normal,blood,fibroblast,1,7.234496510151229e-08,oxidative_stress_cell
normal,spinal cord,smooth muscle cell,1,2.0098078623683576e-05,
normal,spinal cord,stratified epithelial cell,1,2.0098078623683576e-05,oxidative_stress_cell
normal,spleen,eurydendroid cell,1,1.7310711695289928e-06,
normal,endocrine gland,pulmonary alveolar type 1 cell,1,1.426016821294424e-06,
normal,adrenal gland,embryonic stem cell,1,2.2836837646070124e-06,
normal,uterus,primordial germ cell,1,3.248968452516326e-06,
normal,uterus,pulmonary alveolar type 2 cell,1,3.248968452516326e-06,
normal,lung,pancreatic A cell,1,3.175784768174064e-07,
normal,small intestine,alternatively activated macrophage,1,8.421825666524338e-07,oxidative_stress_cell
normal,placenta,professional antigen presenting cell,1,1.919765327886319e-06,
normal,pleura,alternatively activated macrophage,1,5.077430820005077e-05,oxidative_stress_cell
breast cancer,chest wall,chondrocyte,1,5.1692943913155855e-05,
breast cancer,chest wall,mature NK T cell,1,5.1692943913155855e-05,oxidative_stress_cell
normal,colon,afferent neuron,1,1.4906617494704423e-06,neuron_stressed
normal,colon,"effector memory CD4-positive, alpha-beta T cell, terminally differentiated",1,1.4906617494704423e-06,oxidative_stress_cell
normal,colon,endocrine cell,1,1.4906617494704423e-06,
normal,colon,epithelial cell of stomach,1,1.4906617494704423e-06,oxidative_stress_cell
normal,colon,erythroid lineage cell,1,1.4906617494704423e-06,
normal,endocrine gland,promyelocyte,1,1.426016821294424e-06,
normal,lung,intestine goblet cell,1,3.175784768174064e-07,oxidative_stress_cell
Crohn disease,small intestine,neuroblast (sensu Vertebrata),1,6.872663294479877e-06,neuron_stressed
normal,vasculature,myeloid cell,1,7.1901064135749205e-06,
normal,adrenal gland,kidney loop of Henle ascending limb epithelial cell,1,2.2836837646070124e-06,oxidative_stress_cell
normal,digestive system,hepatic stellate cell,1,1.3851950354609929e-05,
normal,digestive system,muscle cell,1,1.3851950354609929e-05,
normal,placenta,alternatively activated macrophage,1,1.919765327886319e-06,oxidative_stress_cell
normal,placenta,basal cell,1,1.919765327886319e-06,
normal,skin of body,hepatocyte,1,1.4832283949243924e-06,hepatocyte_ketogenic
normal,skin of body,mesothelial cell,1,1.4832283949243924e-06,
normal,skin of body,mucosal invariant T cell,1,1.4832283949243924e-06,oxidative_stress_cell
normal,skin of body,osteoclast,1,1.4832283949243924e-06,
normal,skin of body,renal intercalated cell,1,1.4832283949243924e-06,
acute myeloid leukemia,bone marrow,precursor B cell,1,3.59040643400833e-05,oxidative_stress_cell
normal,lung,interstitial cell of Cajal,1,3.175784768174064e-07,
normal,lung,intestinal epithelial cell,1,3.175784768174064e-07,oxidative_stress_cell
normal,kidney,acinar cell,1,1.5196436739513319e-06,
normal,kidney,chondrocyte,1,1.5196436739513319e-06,
normal,kidney,double negative thymocyte,1,1.5196436739513319e-06,
small cell lung carcinoma,axilla,erythrocyte,1,0.00015422578655151142,
interstitial lung disease,lung,ionocyte,1,3.156555692690364e-06,
lung adenocarcinoma,adrenal gland,capillary endothelial cell,1,0.000281928390188892,oxidative_stress_cell
lung adenocarcinoma,adrenal gland,endothelial cell of lymphatic vessel,1,0.000281928390188892,oxidative_stress_cell
lung adenocarcinoma,adrenal gland,myeloid cell,1,0.000281928390188892,
normal,endocrine gland,common dendritic progenitor,1,1.426016821294424e-06,oxidative_stress_cell
normal,endocrine gland,endocrine cell,1,1.426016821294424e-06,
diabetes mellitus,brain,B cell,1,1.3193134292913968e-05,oxidative_stress_cell
normal,endocrine gland,enteroendocrine cell,1,1.426016821294424e-06,
normal,endocrine gland,epithelial cell of nephron,1,1.426016821294424e-06,oxidative_stress_cell
normal,endocrine gland,germinal center B cell,1,1.426016821294424e-06,oxidative_stress_cell
normal,endocrine gland,hematopoietic stem cell,1,1.426016821294424e-06,
normal,intestine,type B pancreatic cell,1,3.5413272894680925e-06,
inflammatory bowel disease,colon,follicular dendritic cell,1,2.6668088964744787e-05,oxidative_stress_cell
normal,intestine,germinal center B cell,1,3.5413272894680925e-06,oxidative_stress_cell
normal,intestine,hepatoblast,1,3.5413272894680925e-06,
normal,intestine,megakaryocyte,1,3.5413272894680925e-06,
normal,respiratory system,melanocyte,1,1.93350296599355e-06,
breast cancer,axilla,chondrocyte,1,1.1406800734597967e-05,
lung adenocarcinoma,brain,mesothelial cell,1,3.659250585480094e-05,
normal,omentum,alternatively activated macrophage,1,7.457677679170706e-05,oxidative_stress_cell
breast cancer,breast,chondrocyte,1,1.7038619735492468e-06,
breast cancer,breast,endothelial cell of hepatic sinusoid,1,1.7038619735492468e-06,oxidative_stress_cell
breast cancer,breast,megakaryocyte,1,1.7038619735492468e-06,
normal,lymph node,enteroendocrine cell,1,1.0876351114717226e-06,
normal,lymph node,enteroglial cell,1,1.0876351114717226e-06,
normal,lymph node,gastrointestinal tract (lamina propria) macrophage,1,1.0876351114717226e-06,oxidative_stress_cell
normal,adipose tissue,platelet,1,2.18339657905424e-06,
normal,adipose tissue,podocyte,1,2.18339657905424e-06,
normal,exocrine gland,stem cell,1,5.18123976705146e-06,
normal,exocrine gland,thymocyte,1,5.18123976705146e-06,
normal,intestine,pancreatic epsilon cell,1,3.5413272894680925e-06,
gastric cancer,stomach,follicular dendritic cell,1,4.588776769776481e-06,oxidative_stress_cell
normal,brain,enterocyte,1,5.393792424537203e-08,oxidative_stress_cell
normal,brain,goblet cell,1,5.393792424537203e-08,oxidative_stress_cell
inflammatory bowel disease,colon,enterocyte,1,2.6668088964744787e-05,oxidative_stress_cell
normal,ureter,basal cell,1,2.2868642517380167e-05,
normal,placenta,cell of skeletal muscle,1,1.919765327886319e-06,
normal,placenta,erythroid progenitor cell,1,1.919765327886319e-06,
lung adenocarcinoma,lung,tracheobronchial goblet cell,1,1.3859111048899102e-06,oxidative_stress_cell
normal,lamina propria,plasmablast,1,4.2217249968337064e-05,
normal,exocrine gland,myeloid dendritic cell,1,5.18123976705146e-06,oxidative_stress_cell
normal,exocrine gland,non-classical monocyte,1,5.18123976705146e-06,oxidative_stress_cell
cystic fibrosis,lung,endothelial cell of lymphatic vessel,1,5.6850483229107444e-05,oxidative_stress_cell
acute myeloid leukemia,bone marrow,pro-B cell,1,3.59040643400833e-05,oxidative_stress_cell
normal,lung,hepatic stellate cell,1,3.175784768174064e-07,
normal,respiratory system,myeloid dendritic cell,1,1.93350296599355e-06,oxidative_stress_cell
normal,respiratory system,enterocyte,1,1.93350296599355e-06,oxidative_stress_cell
normal,skin of body,"activated CD4-positive, alpha-beta T cell",1,1.4832283949243924e-06,oxidative_stress_cell
normal,skin of body,"central memory CD8-positive, alpha-beta T cell",1,1.4832283949243924e-06,oxidative_stress_cell
normal,skin of body,classical monocyte,1,1.4832283949243924e-06,oxidative_stress_cell
normal,skin of body,embryonic stem cell,1,1.4832283949243924e-06,
normal,skin of body,enteroendocrine cell,1,1.4832283949243924e-06,
normal,large intestine,enterochromaffin-like cell,1,5.388395551340633e-06,
normal,large intestine,erythroid lineage cell,1,5.388395551340633e-06,
normal,large intestine,innate lymphoid cell,1,5.388395551340633e-06,
normal,pleura,primordial germ cell,1,5.077430820005077e-05,
normal,pleura,smooth muscle cell,1,5.077430820005077e-05,
normal,lung,pancreatic ductal cell,1,3.175784768174064e-07,
normal,lung,paneth cell,1,3.175784768174064e-07,gut_fermentative_microbe
breast cancer,skeletal system,endothelial stalk cell,1,9.327488107452663e-05,oxidative_stress_cell
normal,lung,epithelial cell of proximal tubule,1,3.175784768174064e-07,oxidative_stress_cell
normal,yolk sac,Langerhans cell,1,1.7634818185024513e-05,
normal,yolk sac,enteroendocrine cell,1,1.7634818185024513e-05,
"primary cutaneous diffuse large B-cell lymphoma, Leg type",skin of body,salivary gland glandular cell,1,0.0001409046075806679,
normal,blood,T-helper 17 cell,1,7.234496510151229e-08,
normal,blood,"activated CD8-positive, alpha-beta T cell, human",1,7.234496510151229e-08,oxidative_stress_cell
normal,blood,alternatively activated macrophage,1,7.234496510151229e-08,oxidative_stress_cell
normal,blood,chondrocyte,1,7.234496510151229e-08,
normal,omentum,"dendritic cell, human",1,7.457677679170706e-05,oxidative_stress_cell
normal,omentum,group 3 innate lymphoid cell,1,7.457677679170706e-05,
normal,endocrine gland,mature T cell,1,1.426016821294424e-06,oxidative_stress_cell
normal,endocrine gland,primordial germ cell,1,1.426016821294424e-06,
cystic fibrosis,skeletal system,respiratory tract goblet cell,1,6.30715862503942e-05,oxidative_stress_cell
normal,adrenal gland,kidney loop of Henle epithelial cell,1,2.2836837646070124e-06,oxidative_stress_cell
normal,adrenal gland,renal intercalated cell,1,2.2836837646070124e-06,
normal,lung,epithelial cell of pancreas,1,3.175784768174064e-07,oxidative_stress_cell
normal,colon,pancreatic epsilon cell,1,1.4906617494704423e-06,
normal,colon,primordial germ cell,1,1.4906617494704423e-06,
normal,colon,professional antigen presenting cell,1,1.4906617494704423e-06,
normal,colon,pulmonary alveolar type 1 cell,1,1.4906617494704423e-06,
normal,colon,type B pancreatic cell,1,1.4906617494704423e-06,
normal,colon,type I enteroendocrine cell,1,1.4906617494704423e-06,
normal,ovary,embryonic stem cell,1,5.714220408909612e-06,
normal,ovary,hematopoietic precursor cell,1,5.714220408909612e-06,
normal,liver,cell of skeletal muscle,1,1.0459966569946843e-06,
normal,liver,chondrocyte,1,1.0459966569946843e-06,
normal,liver,club cell,1,1.0459966569946843e-06,oxidative_stress_cell
normal,liver,colon epithelial cell,1,1.0459966569946843e-06,oxidative_stress_cell
normal,large intestine,megakaryocyte,1,5.388395551340633e-06,
normal,large intestine,myeloid cell,1,5.388395551340633e-06,
normal,exocrine gland,hematopoietic precursor cell,1,5.18123976705146e-06,
normal,spinal cord,endocrine cell,1,2.0098078623683576e-05,
normal pressure hydrocephalus,brain,T cell,1,0.00021110407430863416,oxidative_stress_cell
multiple sclerosis,brain,L2/3 intratelencephalic projecting glutamatergic neuron,1,8.89284126278346e-05,neuron_stressed
multiple sclerosis,brain,L2/3-6 intratelencephalic projecting glutamatergic neuron,1,8.89284126278346e-05,neuron_stressed
acute myeloid leukemia,bone marrow,fraction A pre-pro B cell,1,3.59040643400833e-05,oxidative_stress_cell
normal,small intestine,hepatoblast,1,8.421825666524338e-07,
non-specific interstitial pneumonia,lung,T cell,1,3.341687552213868e-05,oxidative_stress_cell
non-specific interstitial pneumonia,lung,bronchial goblet cell,1,3.341687552213868e-05,oxidative_stress_cell
normal,small intestine,hepatocyte,1,8.421825666524338e-07,hepatocyte_ketogenic
normal,intestine,embryonic stem cell,1,3.5413272894680925e-06,
colorectal cancer,colon,eosinophil,1,2.4151672503320856e-05,
colorectal cancer,colon,erythrocyte,1,2.4151672503320856e-05,
invasive lobular breast carcinoma,breast,cycling stromal cell,1,6.106870229007633e-05,oxidative_stress_cell
small cell lung carcinoma,pleural fluid,neutrophil,1,0.00014349261013057828,oxidative_stress_cell
bipolar disorder,brain,natural killer cell,1,0.00012998830105290525,
normal,musculature,ventricular cardiac muscle cell,1,1.7156395990207128e-06,
normal,musculature,cord blood hematopoietic stem cell,1,1.7156395990207128e-06,
normal,pancreas,enteroendocrine cell,1,2.352050164525909e-06,
normal,pancreas,interstitial cell of Cajal,1,2.352050164525909e-06,
normal,pancreas,non-classical monocyte,1,2.352050164525909e-06,oxidative_stress_cell
normal,embryo,professional antigen presenting cell,1,2.4965983847008452e-06,
normal,embryo,pvalb GABAergic cortical interneuron,1,2.4965983847008452e-06,neuron_stressed
normal,embryo,sst chodl GABAergic cortical interneuron,1,2.4965983847008452e-06,neuron_stressed
normal,endocrine gland,classical monocyte,1,1.426016821294424e-06,oxidative_stress_cell
normal,liver,lung secretory cell,1,1.0459966569946843e-06,
pneumonia,lung,tracheobronchial smooth muscle cell,1,3.132537668765467e-05,
"primary cutaneous diffuse large B-cell lymphoma, Leg type",skin of body,basal cell of epithelium of lobular bronchiole,1,0.0001409046075806679,
normal,large intestine,reticular cell,1,5.388395551340633e-06,
normal,large intestine,transit amplifying cell of colon,1,5.388395551340633e-06,
normal,placenta,mesenchymal stem cell,1,1.919765327886319e-06,
normal,esophagus,chondrocyte,1,5.971646621839506e-06,
normal,yolk sac,regulatory T cell,1,1.7634818185024513e-05,oxidative_stress_cell
normal,yolk sac,smooth muscle cell,1,1.7634818185024513e-05,
colorectal cancer,colon,enteric neuron,1,2.4151672503320856e-05,neuron_stressed
squamous cell lung carcinoma,lung,myofibroblast cell,1,4.260794723431814e-06,oxidative_stress_cell
squamous cell lung carcinoma,lymph node,neutrophil,1,0.0008658008658008658,oxidative_stress_cell
normal,embryo,plasma cell,1,2.4965983847008452e-06,oxidative_stress_cell
normal,endocrine gland,kidney loop of Henle epithelial cell,1,1.426016821294424e-06,oxidative_stress_cell
normal,colon,inflammatory macrophage,1,1.4906617494704423e-06,oxidative_stress_cell
diffuse large B-cell lymphoma,stomach,pericyte,1,0.0006734006734006734,oxidative_stress_cell
diffuse large B-cell lymphoma,stomach,"plasmacytoid dendritic cell, human",1,0.0006734006734006734,oxidative_stress_cell
normal,testis,chondrocyte,1,4.825323296660876e-05,
normal,testis,kidney loop of Henle epithelial cell,1,4.825323296660876e-05,oxidative_stress_cell
normal,testis,mast cell,1,4.825323296660876e-05,oxidative_stress_cell
COVID-19,lung,acinar cell,1,1.2300607157969318e-06,
cystic fibrosis,lung,"CD4-positive, alpha-beta T cell",1,5.6850483229107444e-05,oxidative_stress_cell
cystic fibrosis,lung,brush cell of tracheobronchial tree,1,5.6850483229107444e-05,
normal,eye,cord blood hematopoietic stem cell,1,1.2809739501137506e-07,
normal,eye,embryonic stem cell,1,1.2809739501137506e-07,
colorectal cancer,intestine,Langerhans cell,1,0.00014184397163120567,
colorectal cancer,intestine,BEST4+ enterocyte,1,0.00014184397163120567,oxidative_stress_cell
normal,sensory system,mast cell,1,0.00041718815185648727,oxidative_stress_cell
nonpapillary renal cell carcinoma,adrenal gland,"naive thymus-derived CD4-positive, alpha-beta T cell",1,0.00021473051320592657,oxidative_stress_cell
uveal melanoma,eye,mast cell,1,1.9337871287128713e-05,oxidative_stress_cell
lung adenocarcinoma,skeletal system,neutrophil,1,0.0008278145695364238,oxidative_stress_cell
normal,eye,stratified epithelial cell,1,1.2809739501137506e-07,oxidative_stress_cell
normal,nose,epithelial cell of lower respiratory tract,1,4.212353146838418e-06,oxidative_stress_cell
normal,spleen,precursor B cell,1,1.7310711695289928e-06,oxidative_stress_cell
normal,stomach,M cell of gut,1,3.5176338987343555e-06,
normal,stomach,alternatively activated macrophage,1,3.5176338987343555e-06,oxidative_stress_cell
normal,adipose tissue,epithelial cell of proximal tubule,1,2.18339657905424e-06,oxidative_stress_cell
normal,adipose tissue,erythroid lineage cell,1,2.18339657905424e-06,
normal,adipose tissue,"activated CD4-positive, alpha-beta T cell",1,2.18339657905424e-06,oxidative_stress_cell
lung adenocarcinoma,liver,pulmonary alveolar type 1 cell,1,0.00042265426880811494,
invasive ductal breast carcinoma,exocrine gland,granulocyte,1,0.0001481042654028436,
diffuse large B-cell lymphoma,stomach,"CD4-positive, alpha-beta memory T cell",1,0.0006734006734006734,oxidative_stress_cell
diffuse large B-cell lymphoma,stomach,basal cell of epithelium of lobular bronchiole,1,0.0006734006734006734,
normal,embryo,kidney loop of Henle epithelial cell,1,2.4965983847008452e-06,oxidative_stress_cell
normal,embryo,lamp5 GABAergic cortical interneuron,1,2.4965983847008452e-06,neuron_stressed
normal,heart,non-classical monocyte,1,5.094147486776867e-07,oxidative_stress_cell
colorectal cancer,intestine,enteroendocrine cell,1,0.00014184397163120567,
colorectal cancer,intestine,eosinophil,1,0.00014184397163120567,
HIV infectious disease,blood,natural killer cell,1,0.0005711022272986865,
normal,small intestine,mesenchymal stem cell,1,8.421825666524338e-07,
normal,peripheral nervous system,mast cell,1,0.001519756838905775,oxidative_stress_cell
multiple sclerosis,brain,smooth muscle cell,1,8.89284126278346e-05,
multiple sclerosis,brain,vascular leptomeningeal cell,1,8.89284126278346e-05,
normal,liver,type B pancreatic cell,1,1.0459966569946843e-06,
normal pressure hydrocephalus,brain,vascular leptomeningeal cell,1,0.00021110407430863416,
acute promyelocytic leukemia,bone marrow,megakaryocyte-erythroid progenitor cell,1,0.0002678093197643278,
acute promyelocytic leukemia,bone marrow,pro-B cell,1,0.0002678093197643278,oxidative_stress_cell
respiratory system disorder,blood,myeloid lineage restricted progenitor cell,1,1.0527756429827239e-05,
lung adenocarcinoma,lymph node,pulmonary alveolar type 1 cell,1,1.8528812303131368e-05,
lung adenocarcinoma,lymph node,pulmonary artery endothelial cell,1,1.8528812303131368e-05,oxidative_stress_cell
lung adenocarcinoma,pleural fluid,capillary endothelial cell,1,4.6683161383688904e-05,oxidative_stress_cell
normal,intestine,plasmablast,1,3.5413272894680925e-06,
normal,intestine,precursor B cell,1,3.5413272894680925e-06,oxidative_stress_cell
breast cancer,neck,mast cell,1,7.272198385571959e-05,oxidative_stress_cell
normal,lymph node,TREM2-positive macrophage,1,1.0876351114717226e-06,oxidative_stress_cell
clear cell renal carcinoma,lymph node,regulatory T cell,1,0.0002607561929595828,oxidative_stress_cell
normal,bone marrow,primordial germ cell,1,1.3165482212116982e-06,
acute myocardial infarction,brain,brain vascular cell,1,0.00012448649321548613,
non-specific interstitial pneumonia,lung,multiciliated epithelial cell,1,3.341687552213868e-05,oxidative_stress_cell
normal,prostate gland,"effector CD8-positive, alpha-beta T cell",1,1.1480397221743872e-05,oxidative_stress_cell
normal,prostate gland,primordial germ cell,1,1.1480397221743872e-05,
normal,prostate gland,professional antigen presenting cell,1,1.1480397221743872e-05,
respiratory system disorder,blood,hematopoietic precursor cell,1,1.0527756429827239e-05,
heart failure,brain,brain vascular cell,1,0.00021767522855898998,
normal,blood,uterine smooth muscle cell,1,7.234496510151229e-08,
lung adenocarcinoma,liver,conventional dendritic cell,1,0.00042265426880811494,oxidative_stress_cell
normal,uterus,endocrine cell,1,3.248968452516326e-06,
normal,uterus,enterocyte,1,3.248968452516326e-06,oxidative_stress_cell
normal,uterus,granulocyte,1,3.248968452516326e-06,
clear cell renal carcinoma,lymph node,B cell,1,0.0002607561929595828,oxidative_stress_cell
clear cell renal carcinoma,lymph node,naive T cell,1,0.0002607561929595828,oxidative_stress_cell
lung cancer,lung,megakaryocyte,1,2.4402742868298398e-05,
normal,gallbladder,cell of skeletal muscle,1,5.0505050505050505e-05,
normal,gallbladder,enterocyte,1,5.0505050505050505e-05,oxidative_stress_cell
normal,gallbladder,mesenchymal stem cell,1,5.0505050505050505e-05,
normal,gallbladder,myeloid cell,1,5.0505050505050505e-05,
normal,gallbladder,neutrophil,1,5.0505050505050505e-05,oxidative_stress_cell
normal,gallbladder,primordial germ cell,1,5.0505050505050505e-05,
normal,blood,myeloid leukocyte,1,7.234496510151229e-08,
