tissue_general,cell_type,n_cells,fraction_in_tissue,exhalepath_state
brain,neuron,3490689,0.18828051884615346,neuron_stressed
blood,"naive thymus-derived CD4-positive, alpha-beta T cell",2228975,0.16125511858714334,oxidative_stress_cell
brain,oligodendrocyte,2211932,0.11930702065191424,microglia_activated
brain,glutamatergic neuron,1904286,0.10271323400952252,neuron_stressed
brain,L2/3-6 intratelencephalic projecting glutamatergic neuron,1496676,0.08072759670786643,neuron_stressed
blood,"central memory CD4-positive, alpha-beta T cell",1431041,0.10352861120383323,oxidative_stress_cell
eye,retinal rod cell,1303310,0.16695061589227522,
blood,"CD14-positive, CD16-negative classical monocyte",1210529,0.08757567825936856,oxidative_stress_cell
brain,astrocyte,1082131,0.05836789990156868,microglia_activated
brain,radial glial cell,839385,0.0452746845427016,
blood,"CD16-positive, CD56-dim natural killer cell, human",810899,0.05866445985585121,
eye,fibroblast,732342,0.09381110245742043,oxidative_stress_cell
blood,"naive thymus-derived CD8-positive, alpha-beta T cell",715606,0.0517704910964328,oxidative_stress_cell
lung,unknown,702439,0.2230795076771421,
blood,"effector memory CD4-positive, alpha-beta T cell",681277,0.049286960789462986,oxidative_stress_cell
blood,naive B cell,654810,0.04737220659812126,oxidative_stress_cell
blood,"effector memory CD8-positive, alpha-beta T cell",641394,0.04640162654631937,oxidative_stress_cell
brain,unknown,546147,0.0294580355128372,
brain,neural cell,531051,0.028643788608429064,
brain,GABAergic neuron,505345,0.02725726032777753,neuron_stressed
blood,CD14-positive monocyte,499467,0.036133922684357035,oxidative_stress_cell
brain,oligodendrocyte precursor cell,463461,0.024998124308684366,microglia_activated
blood,natural killer cell,445457,0.032226571119224355,
brain,neuroblast (sensu Vertebrata),420470,0.022679279007451578,neuron_stressed
brain,Purkinje cell,381978,0.020603100427398716,
blood,"CD4-positive, alpha-beta T cell",358673,0.025948185667854715,oxidative_stress_cell
eye,GABAergic amacrine cell,351411,0.04501483367834232,neuron_stressed
heart,fibroblast,351055,0.17883259459704529,oxidative_stress_cell
adrenal gland,cortical cell of adrenal gland,328920,0.7511492638545385,
breast,luminal adaptive secretory precursor cell of mammary gland,321201,0.13642537741971655,
blood,mucosal invariant T cell,321036,0.0232253382163291,oxidative_stress_cell
eye,Mueller cell,306168,0.03921932323584268,
eye,epithelial cell,306152,0.03921727367752249,oxidative_stress_cell
brain,VIP GABAergic cortical interneuron,299239,0.016140330513260883,neuron_stressed
blood,memory B cell,295298,0.021363323504546373,oxidative_stress_cell
blood,"CD14-low, CD16-positive monocyte",289844,0.020968754064882727,oxidative_stress_cell
lung,pulmonary alveolar type 2 cell,289832,0.09204440509294251,
blood,B cell,288159,0.02084685279868668,oxidative_stress_cell
brain,pvalb GABAergic cortical interneuron,287868,0.015527002376666757,neuron_stressed
blood,"CD8-positive, alpha-beta T cell",287438,0.020794692078848487,oxidative_stress_cell
brain,sst GABAergic cortical interneuron,286947,0.015477325548436768,neuron_stressed
breast,fibroblast of mammary gland,270739,0.11499238874485646,oxidative_stress_cell
eye,pigmented ciliary epithelial cell,270381,0.034635101760570594,oxidative_stress_cell
brain,L2/3 intratelencephalic projecting glutamatergic neuron,268706,0.014493443872276936,neuron_stressed
lung,alveolar macrophage,267079,0.08481854200991606,oxidative_stress_cell
heart,regular ventricular cardiac myocyte,265132,0.13506215114641243,
blood,classical monocyte,265034,0.019173875480714208,oxidative_stress_cell
eye,melanocyte,259528,0.03324486073251214,
brain,microglial cell,259526,0.013998293727704421,microglia_activated
heart,cardiac muscle cell,252428,0.1285905461792111,
blood,hematopoietic precursor cell,246892,0.01786139312384257,
breast,fibroblast,240865,0.10230384878067013,oxidative_stress_cell
eye,ciliary muscle cell,239140,0.03063321104302023,
eye,retinal pigment epithelial cell,235610,0.030181027238630077,oxidative_stress_cell
central nervous system,oligodendrocyte,229891,0.3094620480216672,microglia_activated
eye,keratocyte,223734,0.028659742575474986,
blood,hematopoietic multipotent progenitor cell,211563,0.015305517851771243,
endocrine gland,"double-positive, alpha-beta thymocyte",208551,0.2973972340977734,
breast,luminal hormone-sensing cell of mammary gland,207411,0.08809475672865535,
eye,OFF midget ganglion cell,195409,0.025031383861777785,
eye,Schwann cell,181525,0.023252879629439855,
brain,glioblast,180786,0.009751221572623828,
central nervous system,astrocyte,180013,0.24232001970727163,microglia_activated
blood,mature gamma-delta T cell,171397,0.012399709983503902,oxidative_stress_cell
blood,"central memory CD8-positive, alpha-beta T cell",169414,0.012256249917707603,oxidative_stress_cell
lung,macrophage,169230,0.05374380563180968,oxidative_stress_cell
brain,neural progenitor cell,167764,0.009048841923100593,
eye,non-pigmented ciliary epithelial cell,166913,0.021381120493533644,oxidative_stress_cell
brain,cerebral cortex pyramidal neuron,165500,0.008926726462609072,neuron_stressed
brain,lamp5 GABAergic cortical interneuron,163218,0.008803640119481133,neuron_stressed
breast,basal-myoepithelial cell of mammary gland,162976,0.06922164722511986,oxidative_stress_cell
brain,inhibitory interneuron,162008,0.008738375231144232,neuron_stressed
eye,retinal cone cell,157548,0.020181488389252118,
breast,luminal epithelial cell of mammary gland,157543,0.06691406077451317,oxidative_stress_cell
eye,amacrine cell,157230,0.020140753417638498,
eye,ON midget ganglion cell,148308,0.01899786845934701,
eye,macrophage,146870,0.018813664405320653,oxidative_stress_cell
eye,flat midget bipolar cell,138737,0.01777184829169314,
lung,pulmonary alveolar type 1 cell,135211,0.04294010342895833,
small intestine,stem cell,134611,0.11336703747965077,
heart,pericyte,134219,0.06837313815277042,oxidative_stress_cell
breast,blood vessel endothelial cell,133608,0.05674802328228582,oxidative_stress_cell
breast,perivascular cell,131160,0.05570827146356961,
eye,glycinergic amacrine cell,129539,0.016593608452378512,
small intestine,"CD8-positive, alpha-beta memory T cell",128647,0.10834426065213565,oxidative_stress_cell
eye,retinal bipolar neuron,126798,0.016242493492652332,neuron_stressed
breast,basal cell,125667,0.05337520089975909,
small intestine,enterocyte,125261,0.10549263048145051,oxidative_stress_cell
reproductive system,mesenchymal cell,121084,0.3322604102353022,
kidney,epithelial cell of proximal tubule,120324,0.18284960542452006,oxidative_stress_cell
lymph node,memory B cell,119424,0.129889735552399,oxidative_stress_cell
uterus,cell in vitro,118672,0.38556158419701747,
heart,endocardial cell,118638,0.06043594695362339,
eye,retinal progenitor cell,117442,0.015044014264925909,
skin of body,fibroblast,115159,0.17080709873109812,oxidative_stress_cell
placenta,stromal cell,112746,0.21644586165787094,oxidative_stress_cell
brain,pyramidal neuron,112685,0.0060779949935897476,neuron_stressed
brain,astrocyte of the cerebral cortex,112590,0.006072870890786437,microglia_activated
skin of body,skin fibroblast,111944,0.16603851944141618,oxidative_stress_cell
eye,retinal ganglion cell,111387,0.014268384538132032,
brain,central nervous system macrophage,111323,0.006004531540767551,oxidative_stress_cell
musculature,fibroblast,109863,0.18848531326721257,oxidative_stress_cell
eye,rod bipolar cell,109661,0.014047288434342399,
eye,trabecular meshwork cell,109432,0.014017954130884795,
lung,epithelial cell of lower respiratory tract,106635,0.033864980875424125,oxidative_stress_cell
liver,T cell,100871,0.1055107287877108,oxidative_stress_cell
brain,neuroblast (sensu Nematoda and Protostomia),99242,0.005352907477959211,neuron_stressed
eye,invaginating midget bipolar cell,98625,0.012633605582996863,
brain,granule cell,97844,0.005277502259864181,
eye,astrocyte,96887,0.012410972310467094,microglia_activated
central nervous system,fibroblast,93871,0.1263621103472599,oxidative_stress_cell
kidney,unknown,92625,0.14075699529974212,
pancreas,type B pancreatic cell,92529,0.21763284967341784,
lung,stromal cell,90298,0.02867670129965816,oxidative_stress_cell
respiratory system,respiratory basal cell,86913,0.1680465432833974,
blood,T cell,86862,0.00628402835864756,oxidative_stress_cell
brain,cerebral cortex neuron,85869,0.004631595617025851,neuron_stressed
heart,capillary endothelial cell,85430,0.04351930197953477,oxidative_stress_cell
pancreas,pancreatic A cell,83830,0.19717236529220694,
lymph node,"naive thymus-derived CD4-positive, alpha-beta T cell",83785,0.09112750781465828,oxidative_stress_cell
heart,regular atrial cardiac myocyte,83550,0.04256160225202072,
blood,memory regulatory T cell,81494,0.005895680585982642,oxidative_stress_cell
eye,pericyte,81411,0.010428537025271054,oxidative_stress_cell
blood,transitional stage B cell,81161,0.005871589712603839,oxidative_stress_cell
lymph node,"group 3 innate lymphoid cell, human",80271,0.08730555803294664,
lymph node,"central memory CD4-positive, alpha-beta T cell",80201,0.08722942357514363,oxidative_stress_cell
pancreas,pancreatic acinar cell,80164,0.18854974938905497,
blood,CD1c-positive myeloid dendritic cell,79946,0.005783690580005501,oxidative_stress_cell
blood,"CD16-negative, CD56-bright natural killer cell, human",78905,0.005708379471334827,
blood,gamma-delta T cell,78846,0.005704111118393838,oxidative_stress_cell
heart,endothelial cell,78201,0.039836742761343774,oxidative_stress_cell
brain,cerebral cortex GABAergic interneuron,76218,0.004111040710133766,neuron_stressed
brain,forebrain radial glial cell,76075,0.004103327586966677,
blood,monocyte,75169,0.005438098681715577,oxidative_stress_cell
blood,"CD4-positive, alpha-beta memory T cell",73333,0.0053052733257892,oxidative_stress_cell
skin of body,keratinocyte,72566,0.10763195170608346,oxidative_stress_cell
liver,macrophage,72521,0.07585672356191149,oxidative_stress_cell
brain,L6b glutamatergic cortical neuron,71970,0.0038819124079394252,neuron_stressed
blood,naive regulatory T cell,71329,0.00516029401572577,oxidative_stress_cell
placenta,placental villous trophoblast,70794,0.13590786662238408,
brain,glial cell,70687,0.003812710051132613,
eye,endothelial cell of venule,70546,0.009036758828472465,oxidative_stress_cell
heart,myeloid cell,70530,0.03592902222423724,
brain,extratelencephalic-projecting glutamatergic cortical neuron,70109,0.003781533930918788,neuron_stressed
liver,hepatoblast,69987,0.07320616803308697,
lymph node,B cell,69670,0.07577553821623491,oxidative_stress_cell
endocrine gland,thymocyte,69607,0.09926075287984097,
brain,corticothalamic-projecting glutamatergic cortical neuron,68306,0.003684283853504382,neuron_stressed
blood,regulatory T cell,67894,0.004911789060602075,oxidative_stress_cell
lung,epithelial cell of lung,67007,0.021279980996103946,oxidative_stress_cell
eye,diffuse bipolar 2 cell,66728,0.008547682974319034,
musculature,fast muscle cell,66462,0.11402483903011462,
adipose tissue,mesothelial cell,64651,0.14115877223243567,
lymph node,naive B cell,64172,0.06979572037336339,oxidative_stress_cell
brain,neuron associated cell (sensu Vertebrata),63657,0.0034335264436876475,neuron_stressed
breast,vein endothelial cell,62276,0.02645081056469397,oxidative_stress_cell
fallopian tube,stromal cell,61578,0.28806399550908707,oxidative_stress_cell
eye,H1 horizontal cell,61318,0.007854676067307496,
ovary,stromal cell of ovary,61291,0.35023028308247905,oxidative_stress_cell
brain,interneuron,61223,0.003302241536074412,neuron_stressed
eye,blood vessel endothelial cell,60344,0.007729909204566416,oxidative_stress_cell
liver,natural killer cell,60290,0.06306313845020951,
brain,stellate neuron,60284,0.0032515938252080075,neuron_stressed
lung,classical monocyte,59335,0.018843518921960806,oxidative_stress_cell
cortex,radial glial cell,59069,0.3944086107661285,
brain,cerebellar granule cell,58639,0.0031628659398243706,
lung,natural killer cell,58481,0.01857230690275874,
liver,erythrocyte,58282,0.060962777162964187,
brain,endothelial cell,57956,0.0031260263375647813,oxidative_stress_cell
liver,periportal region hepatocyte,57756,0.06041258292138498,hepatocyte_ketogenic
ovary,stromal cell,57451,0.32828767671226616,oxidative_stress_cell
blood,"CD8-positive, alpha-beta cytotoxic T cell",57215,0.004139217178283025,oxidative_stress_cell
adipose tissue,macrophage,56786,0.12398635813817407,oxidative_stress_cell
brain,unipolar brush cell,56478,0.0030463060855301215,
blood,platelet,55908,0.004044662308895349,
brain,progenitor cell,55894,0.0030148063377708244,
lymph node,"CD4-positive, alpha-beta T cell",55669,0.06054755902051932,oxidative_stress_cell
endocrine gland,double negative thymocyte,54151,0.07722023688991435,
colon,enterocyte,54102,0.08064778196984987,oxidative_stress_cell
reproductive system,granulosa cell,53994,0.1481621732866845,
eye,oligodendrocyte,53962,0.00691239162960382,microglia_activated
breast,endothelial tip cell,53780,0.022842260135031822,oxidative_stress_cell
blood,intermediate monocyte,53701,0.0038849969709163113,oxidative_stress_cell
kidney,kidney loop of Henle thick ascending limb epithelial cell,53289,0.08098029174119252,oxidative_stress_cell
colon,stem cell,52928,0.07889774507597158,
adipose tissue,preadipocyte,52482,0.11458901926192462,adipocyte_lipolytic
spleen,memory B cell,51953,0.08993434047053976,oxidative_stress_cell
esophagus,stratified epithelial cell,51307,0.30638727322671955,oxidative_stress_cell
blood,"CD8-positive, alpha-beta memory T cell",49634,0.0035907699978484607,oxidative_stress_cell
lymph node,natural killer cell,49394,0.05372264869603426,
eye,diffuse bipolar 1 cell,49355,0.006322246930786416,
blood,plasmacytoid dendritic cell,49146,0.0035554656548789226,oxidative_stress_cell
intestine,stem cell,48962,0.17339046674693676,
eye,progenitor cell,48956,0.0062711360701768765,
embryo,neural progenitor cell,48779,0.12178157260732252,
musculature,type I muscle cell,47932,0.08223403726026081,
bone marrow,"CD16-positive, CD56-dim natural killer cell, human",47345,0.06233197553326786,
lung,"CD4-positive, alpha-beta T cell",46862,0.014882362580617297,oxidative_stress_cell
placenta,syncytiotrophoblast cell,46722,0.08969527564950461,oxidative_stress_cell
colon,plasma cell,46133,0.06876869848831992,oxidative_stress_cell
brain,near-projecting glutamatergic cortical neuron,46112,0.002487185562802595,neuron_stressed
liver,erythroblast,46008,0.048124214195011436,
small intestine,plasma cell,45972,0.03871681695414569,oxidative_stress_cell
musculature,slow muscle cell,45268,0.07766357336846963,
eye,diffuse bipolar 4 cell,45250,0.005796407124264721,
eye,T cell,45144,0.005782828800393516,oxidative_stress_cell
adipose tissue,adipocyte,45037,0.0983336317308658,adipocyte_lipolytic
blood,non-classical monocyte,44956,0.003252340251103586,oxidative_stress_cell
pancreas,pancreatic ductal cell,44954,0.10573406309609772,
kidney,mesangial cell,44892,0.0682198438110232,
colon,fibroblast,44465,0.06628227469020322,oxidative_stress_cell
placenta,extravillous trophoblast,44253,0.08495537505495328,
eye,endothelial cell,44176,0.005658830522022504,oxidative_stress_cell
skin of body,macrophage,43928,0.06515525693223871,oxidative_stress_cell
blood,mature alpha-beta T cell,43891,0.0031752928632704756,oxidative_stress_cell
respiratory system,unknown,43891,0.0848633786804229,
liver,hepatocyte,43866,0.04588368935572882,hepatocyte_ketogenic
heart,unknown,43668,0.022245123245257223,
exocrine gland,acinar cell of salivary gland,43083,0.22322335288387807,
brain,macroglial cell,42294,0.002281250568033765,
brain,sncg GABAergic cortical interneuron,41677,0.0022479708687743703,neuron_stressed
lung,capillary endothelial cell,41578,0.013204277909114121,oxidative_stress_cell
respiratory system,multiciliated columnar cell of tracheobronchial tree,41259,0.07977439887392787,
blood,Be cell,41150,0.0029769953139272306,
intestine,stromal cell,40689,0.14409306608116723,oxidative_stress_cell
embryo,pluripotent stem cell,40562,0.10126702368023568,
blood,neutrophil,40311,0.0029162978882070617,oxidative_stress_cell
central nervous system,microglial cell,40219,0.054139805861836414,microglia_activated
placenta,macrophage,40180,0.0771361708744723,oxidative_stress_cell
liver,monocyte,40063,0.041905764069178036,oxidative_stress_cell
small intestine,fibroblast,40017,0.03370161976973044,oxidative_stress_cell
adipose tissue,endothelial cell,39945,0.08721577635032161,oxidative_stress_cell
milk,epithelial cell,39825,0.8215066628161227,oxidative_stress_cell
heart,macrophage,39813,0.02028132938910474,oxidative_stress_cell
liver,epithelial cell,39670,0.04149468738297912,oxidative_stress_cell
small intestine,"CD4-positive, alpha-beta memory T cell",39634,0.03337906384670256,oxidative_stress_cell
eye,retina horizontal cell,39593,0.005071760160685372,
heart,smooth muscle cell,39456,0.020099468323826804,
nose,nasal mucosa goblet cell,39158,0.1649473245238988,oxidative_stress_cell
breast,mammary gland epithelial cell,38668,0.01642366148942749,oxidative_stress_cell
eye,fenestrated endothelial cell,38441,0.004924191961632268,oxidative_stress_cell
placenta,"decidual natural killer cell, human",38405,0.07372858741747408,
heart,cardiac blood vessel endothelial cell,38309,0.0195151696070935,oxidative_stress_cell
eye,conjunctival epithelial cell,37984,0.0048656514521120695,oxidative_stress_cell
small intestine,mesenchymal cell,37848,0.031874925782661316,
cortex,neuron,37756,0.2520999425770869,neuron_stressed
brain,L6 intratelencephalic projecting glutamatergic neuron,37513,0.002023373352216641,neuron_stressed
brain,caudal ganglionic eminence derived cortical interneuron,37211,0.0020070840990945387,neuron_stressed
uterus,stromal cell of ovary,37111,0.12057246824133337,oxidative_stress_cell
musculature,mesenchymal stem cell,37086,0.06362621016928216,
bone marrow,"naive thymus-derived CD4-positive, alpha-beta T cell",36817,0.0484713558603511,oxidative_stress_cell
blood,"CD4-positive, alpha-beta cytotoxic T cell",36573,0.0026458724086576087,oxidative_stress_cell
spleen,B cell,36535,0.06324468517874175,oxidative_stress_cell
endocrine gland,"CD4-positive, alpha-beta T cell",36402,0.051909864328759624,oxidative_stress_cell
small intestine,mesodermal cell,36231,0.030513116572384327,
eye,diffuse bipolar 3b cell,36189,0.004635716628066651,oxidative_stress_cell
nose,tracheal goblet cell,36022,0.1517373850554135,oxidative_stress_cell
lung,club cell,35945,0.011415358349201672,oxidative_stress_cell
musculature,type II muscle cell,35891,0.06157602084845241,
heart,fibroblast of cardiac tissue,35362,0.018013924342740358,oxidative_stress_cell
reproductive system,Sertoli cell,35281,0.09681278726761336,
stomach,unknown,35273,0.12407750051005692,
skin of body,helper T cell,34929,0.0518076846063141,oxidative_stress_cell
lung,monocyte,34849,0.011067292338609794,oxidative_stress_cell
intestine,enterocyte,34728,0.12298321410864792,oxidative_stress_cell
spleen,fibroblast,34459,0.05965098143079956,oxidative_stress_cell
brain,hippocampal granule cell,34220,0.001845755767676631,
eye,lymphocyte,34191,0.004379778032833924,
bone marrow,CD14-positive monocyte,34104,0.04489956053620376,oxidative_stress_cell
brain,pericyte,33910,0.0018290350111605656,oxidative_stress_cell
lung,"CD8-positive, alpha-beta T cell",33901,0.010766227942586892,oxidative_stress_cell
lung,elicited macrophage,33755,0.010719861484971551,oxidative_stress_cell
colon,gut absorptive cell,33743,0.05029939941238114,
colon,IgA plasma cell,33722,0.05026809551564226,oxidative_stress_cell
vasculature,fibroblast,33357,0.23984037963761864,oxidative_stress_cell
lung,mesenchymal cell,33235,0.0105547206770265,
brain,choroid plexus epithelial cell,33148,0.0017879343128855921,oxidative_stress_cell
breast,capillary endothelial cell,33148,0.014079123074675248,oxidative_stress_cell
small intestine,macrophage,32753,0.027584005605567164,oxidative_stress_cell
musculature,skeletal muscle satellite stem cell,32753,0.05619234378672541,
spleen,naive B cell,32660,0.056536784396816905,oxidative_stress_cell
liver,hepatic stellate cell,32645,0.03414656086759147,
heart,cardiac endothelial cell,31868,0.016234029210860517,oxidative_stress_cell
embryo,GABAergic neuron,31773,0.07932442047709995,neuron_stressed
lymph node,"naive thymus-derived CD8-positive, alpha-beta T cell",31742,0.034523713708335416,oxidative_stress_cell
lung,pulmonary alveolar epithelial cell,31649,0.010051041212794093,oxidative_stress_cell
lymph node,"CD4-positive, alpha-beta memory T cell",31535,0.03429857324026077,oxidative_stress_cell
small intestine,stromal cell,31503,0.026531277397251623,oxidative_stress_cell
eye,endothelial cell of arteriole,31468,0.00403096882621795,oxidative_stress_cell
spleen,natural killer cell,31412,0.054376407577244726,
heart,endothelial cell of artery,31267,0.015927870946905228,oxidative_stress_cell
esophagus,epithelial cell,30884,0.1844283342688913,oxidative_stress_cell
lung,basal cell,30865,0.009802059686969247,
small intestine,"CD4-positive, alpha-beta T cell",30582,0.025755627253364728,oxidative_stress_cell
bone marrow,classical monocyte,30483,0.0401323394271962,oxidative_stress_cell
skin of body,endothelial cell of vascular tree,30322,0.044974451390897424,oxidative_stress_cell
lung,fibroblast of lung,30273,0.009614053228693343,oxidative_stress_cell
breast,leukocyte,30259,0.012852063023910894,
lung,"CD16-positive, CD56-dim natural killer cell, human",30159,0.009577849282336157,
breast,endothelial cell of lymphatic vessel,30119,0.01279260009310196,oxidative_stress_cell
lung,T cell,30002,0.009527989461475825,oxidative_stress_cell
vasculature,blood vessel smooth muscle cell,29903,0.21500575208513087,
eye,pigmented epithelial cell,29856,0.0038244758254596133,oxidative_stress_cell
hindlimb,mesenchymal cell,29822,0.342891965230189,
nose,club cell,29716,0.12517428611145043,oxidative_stress_cell
brain,central nervous system neuron,29561,0.0015944589786174427,neuron_stressed
cortex,neuroblast (sensu Vertebrata),29406,0.19634630022835622,neuron_stressed
adipose tissue,mesenchymal stem cell of adipose tissue,29308,0.06399098693892166,
liver,centrilobular region hepatocyte,29214,0.030557746337442706,hepatocyte_ketogenic
lung,endothelial cell,29187,0.009269163002869639,oxidative_stress_cell
skin of body,basal cell of epidermis,29185,0.043288020705868395,
placenta,Hofbauer cell,28936,0.05555032952771853,
small intestine,"CD8-positive, alpha-beta T cell",28901,0.024339918358821988,oxidative_stress_cell
bone marrow,erythroid progenitor cell,28900,0.03804824359301808,
eye,corneal epithelial cell,28805,0.003689845463302658,oxidative_stress_cell
eye,non-myelinating Schwann cell,28776,0.0036861306388473285,
heart,mesothelial cell,28504,0.014520357996308781,
respiratory system,nasal mucosa goblet cell,28284,0.05468719789016156,oxidative_stress_cell
kidney,endothelial cell,27959,0.04248771748000529,oxidative_stress_cell
breast,vascular associated smooth muscle cell,27928,0.011862005225942147,
breast,T cell,27894,0.011847564228459978,oxidative_stress_cell
lung,lung secretory cell,27777,0.008821377350557096,
heart,mural cell,27553,0.014035904570316301,
bladder organ,bladder urothelial cell,27241,0.3611284185966354,
brain,hippocampal astrocyte,27092,0.0014612862436556191,microglia_activated
respiratory system,club cell,26782,0.05178307643523925,oxidative_stress_cell
breast,unknown,26472,0.011243590745529237,
heart,lymphocyte,26444,0.013470963614032746,
breast,pericyte,26404,0.011214708750564897,oxidative_stress_cell
adipose tissue,fibroblast,26401,0.05764385308361099,oxidative_stress_cell
lung,multiciliated columnar cell of tracheobronchial tree,26382,0.008378355375396815,
breast,CD4-positive helper T cell,26379,0.011204090370063303,oxidative_stress_cell
brain,fibroblast,26371,0.0014223970002747058,oxidative_stress_cell
skin of body,spinous cell of epidermis,26321,0.039040054582804934,
respiratory system,basal cell,26276,0.050804723934446516,
central nervous system,leptomeningeal cell,26205,0.035275208548432906,
blood,myeloid cell,26097,0.0018879865542541661,
lung,alveolar type 1 fibroblast cell,25973,0.008248465778378495,oxidative_stress_cell
colon,transit amplifying cell,25906,0.03861708328178128,
large intestine,transit amplifying cell,25873,0.1394139580998362,
lung,lung macrophage,25471,0.008089041383016157,oxidative_stress_cell
small intestine,T cell,25427,0.021414176122271433,oxidative_stress_cell
blood,conventional dendritic cell,25340,0.0018332214156723213,oxidative_stress_cell
prostate gland,luminal cell of prostate epithelium,25283,0.2902588829573503,
bone marrow,"effector memory CD8-positive, alpha-beta T cell",25139,0.03309670573304088,oxidative_stress_cell
endocrine gland,"CD8-positive, alpha-beta T cell",25121,0.03582296856773722,oxidative_stress_cell
reproductive system,interstitial cell of ovary,24823,0.06811552445633533,
spleen,macrophage,24710,0.042774768599061416,oxidative_stress_cell
intestine,intestinal epithelial cell,24664,0.08734329626744104,oxidative_stress_cell
vasculature,macrophage,24458,0.17585562266321542,oxidative_stress_cell
brain,chandelier pvalb GABAergic cortical interneuron,24385,0.001315276282723397,neuron_stressed
lung,fibroblast,24225,0.007693338600901669,oxidative_stress_cell
eye,giant bipolar cell,24203,0.0031003412514603104,
endocrine gland,T cell,24187,0.03449106885664823,oxidative_stress_cell
blood,erythrocyte,24000,0.0017362791624362947,
lymph node,"CD34-negative, CD117-positive innate lymphoid cell, human",23970,0.02607061362197719,
adrenal gland,epithelial cell,23897,0.05457319092281377,oxidative_stress_cell
lymph node,"CD4-positive, CD25-positive, alpha-beta regulatory T cell",23874,0.025966200651275903,oxidative_stress_cell
eye,ON-bipolar cell,23558,0.0030177184316779733,
embryo,neuron,23458,0.05856520490831242,neuron_stressed
bone marrow,granulocyte monocyte progenitor cell,23271,0.03063739365581743,oxidative_stress_cell
breast,"CD8-positive, alpha-beta memory T cell",23220,0.009862351809881719,oxidative_stress_cell
stomach,IgA plasma cell,23210,0.08164428278962439,oxidative_stress_cell
brain,vascular leptomeningeal cell,23124,0.001247260560249983,
brain,L6 corticothalamic-projecting glutamatergic cortical neuron,23119,0.001246990870628756,neuron_stressed
kidney,kidney collecting duct principal cell,23039,0.03501107060416474,
colon,colon epithelial cell,23012,0.034303108178813824,oxidative_stress_cell
embryo,glutamatergic neuron,22945,0.05728444993696089,neuron_stressed
lung,stem cell,22910,0.00727572290388678,
lung,vein endothelial cell,22565,0.007166158329384774,oxidative_stress_cell
endocrine gland,immature alpha-beta T cell,22542,0.032145271185618905,oxidative_stress_cell
spleen,classical monocyte,22290,0.03858557636880125,oxidative_stress_cell
yolk sac,erythrocyte,22279,0.3928861143441611,
lymph node,"effector memory CD4-positive, alpha-beta T cell",21989,0.023916008466151707,oxidative_stress_cell
small intestine,colonocyte,21864,0.018413479637288812,
lymph node,"CD8-positive, alpha-beta T cell",21843,0.023757213739876836,oxidative_stress_cell
lung,ciliated cell,21787,0.006919082274420832,
small intestine,goblet cell,21671,0.018250938401924894,oxidative_stress_cell
musculature,cell of skeletal muscle,21339,0.036610033403502995,
musculature,skeletal muscle fiber,21309,0.03655856421553237,
eye,diffuse bipolar 3a cell,21251,0.002722197741386731,
spleen,plasma cell,21225,0.036741985573252874,oxidative_stress_cell
yolk sac,macrophage,20811,0.36699820124854515,oxidative_stress_cell
colon,goblet cell,20808,0.031017689682980965,oxidative_stress_cell
large intestine,stem cell,20736,0.11173377015259936,
bone marrow,unknown,20733,0.02729599427038214,
spinal cord,oligodendrocyte,20708,0.4161910121392395,microglia_activated
musculature,stromal cell,20666,0.03545540795336205,oxidative_stress_cell
kidney,epithelial cell,20565,0.03125147215480914,oxidative_stress_cell
small intestine,mast cell,20545,0.01730264083187425,oxidative_stress_cell
bone marrow,erythrocyte,20522,0.027018202595706472,
adrenal gland,chromaffin cell,20456,0.046715035088801045,
placenta,fibroblast,20316,0.03900195240133846,oxidative_stress_cell
brain,L4 intratelencephalic projecting glutamatergic neuron,20288,0.0010942926070901077,neuron_stressed
digestive system,epithelial cell,20264,0.2806959219858156,oxidative_stress_cell
reproductive system,epithelial cell,20222,0.0554901557247719,oxidative_stress_cell
uterus,epithelial cell,20206,0.06564865655154488,oxidative_stress_cell
liver,midzonal region hepatocyte,20168,0.021095660578268793,hepatocyte_ketogenic
eye,OFF-bipolar cell,20132,0.0025788567563690026,
small intestine,B cell,20108,0.016934607050247137,oxidative_stress_cell
embryo,epithelial cell,20017,0.04997440986655682,oxidative_stress_cell
large intestine,enterocyte,19936,0.10742305371152686,oxidative_stress_cell
embryo,splanchnic mesodermal cell,19921,0.049734736421625535,
brain,midbrain dopaminergic neuron,19760,0.0010658133830885514,neuron_stressed
liver,endothelial cell,19642,0.020545466336689588,oxidative_stress_cell
liver,neutrophil,19639,0.020542328346718604,oxidative_stress_cell
endocrine gland,fibroblast,19586,0.02792996546187259,oxidative_stress_cell
lung,mast cell,19451,0.006177218952575371,oxidative_stress_cell
forelimb,mesenchymal cell,19394,0.49749890978118666,
eye,B cell,19359,0.0024798374700252097,oxidative_stress_cell
blood,double negative thymocyte,19332,0.0013985728653424356,
nose,basal cell of epithelium of trachea,19237,0.08103303748573065,
bone marrow,"central memory CD4-positive, alpha-beta T cell",19025,0.02504732990855256,oxidative_stress_cell
eye,corneal endothelial cell,18980,0.0024312885573158985,oxidative_stress_cell
eye,blood vessel smooth muscle cell,18833,0.0024124582402492265,
breast,endothelial cell of artery,18763,0.007969306934057308,oxidative_stress_cell
bone marrow,hematopoietic multipotent progenitor cell,18737,0.02466816402084359,
exocrine gland,lymphocyte,18705,0.09691508984269756,
small intestine,intestinal epithelial cell,18695,0.01574460308356725,oxidative_stress_cell
bone marrow,naive B cell,18682,0.024595753868676948,oxidative_stress_cell
bone marrow,"effector memory CD8-positive, alpha-beta T cell, terminally differentiated",18670,0.024579955290022406,oxidative_stress_cell
colon,intestinal epithelial cell,18606,0.02773525251064705,oxidative_stress_cell
embryo,mesodermal cell,18573,0.0463693217990488,
eye,diffuse bipolar 6 cell,18491,0.002368648931155336,
embryo,neural cell,18472,0.04611716536219401,
brain,endothelial cell of vascular tree,18342,0.0009893294065086138,oxidative_stress_cell
heart,cardiac muscle myoblast,18310,0.009327384048288442,
endocrine gland,cortical thymic epithelial cell,18286,0.026076143594189836,oxidative_stress_cell
eye,starburst amacrine cell,18210,0.0023326535631571395,
musculature,smooth muscle cell,18129,0.031102830290646505,
lung,non-classical monocyte,18097,0.005747217694964603,oxidative_stress_cell
placenta,epithelial cell,18072,0.03469399900556156,oxidative_stress_cell
esophagus,fibroblast,18058,0.1078359946971778,oxidative_stress_cell
eye,glial cell,18011,0.002307162181549876,
spleen,"naive thymus-derived CD4-positive, alpha-beta T cell",17965,0.031098693560588357,oxidative_stress_cell
bone marrow,precursor B cell,17956,0.023639939860077255,oxidative_stress_cell
fallopian tube,secretory cell,17899,0.0837321357565551,
bone marrow,neutrophil,17853,0.02350433539329245,oxidative_stress_cell
brain,dopaminergic neuron,17676,0.0009534067489611961,neuron_stressed
respiratory system,"CD8-positive, alpha-beta T cell",17572,0.03397551411843866,oxidative_stress_cell
embryo,sensory neuron,17571,0.043867730217578546,neuron_stressed
prostate gland,basal cell of prostate epithelium,17570,0.20171057918603982,
pancreas,acinar cell,17542,0.0412596639861135,
large intestine,IgA plasma cell,17493,0.09425920337960168,oxidative_stress_cell
brain,mature microglial cell,17492,0.0009434821709000476,microglia_activated
bone marrow,progenitor cell,17465,0.02299351468346231,
spleen,"CD16-positive, CD56-dim natural killer cell, human",17439,0.030188150125416105,
kidney,kidney distal convoluted tubule epithelial cell,17428,0.02648434994962381,oxidative_stress_cell
central nervous system,mesenchymal cell,17371,0.02338353931291082,
kidney,kidney proximal convoluted tubule epithelial cell,17308,0.026301992708749652,oxidative_stress_cell
lung,endothelial cell of lymphatic vessel,17299,0.0054937900704643125,oxidative_stress_cell
endocrine gland,unknown,17278,0.024638718638325056,
colon,transit amplifying cell of colon,17225,0.02567664863462837,
esophagus,epithelial cell of esophagus,17218,0.10281981153483262,oxidative_stress_cell
central nervous system,oligodendrocyte precursor cell,17172,0.023115660415710358,microglia_activated
brain,forebrain neuroblast,17107,0.0009227160700655794,neuron_stressed
vasculature,endothelial cell of artery,17088,0.12286453839516825,oxidative_stress_cell
placenta,uterine smooth muscle cell,17042,0.032716640717838655,
heart,vein endothelial cell,16975,0.00864731535880373,oxidative_stress_cell
endocrine gland,capillary endothelial cell,16761,0.02390146794171584,oxidative_stress_cell
nose,secretory cell,16635,0.07007249459765709,
spleen,neutrophil,16610,0.02875309212587657,oxidative_stress_cell
brain,cortical interneuron,16416,0.0008854449644120272,neuron_stressed
heart,stromal cell,16413,0.008361024270046872,oxidative_stress_cell
intestine,interstitial cell of Cajal,16344,0.057879453219066505,
spleen,follicular B cell,16286,0.028192225066949177,oxidative_stress_cell
colon,mesodermal cell,16271,0.024254557325633568,
tongue,basal cell,16263,0.41964700418021367,
uterus,perivascular cell,16228,0.05272426004743494,
blood,unknown,16158,0.0011689499461102356,
bone marrow,promonocyte,16136,0.021243822097471964,oxidative_stress_cell
adipose tissue,fibro/adipogenic progenitor cell,16021,0.03498019659302798,
mucosa,fibroblast,15990,0.17483435019353147,oxidative_stress_cell
fallopian tube,lymphocyte,15982,0.07476434402264169,
breast,lactocyte,15973,0.0067842956700792725,
small intestine,endothelial cell,15948,0.013431127572973014,oxidative_stress_cell
eye,OFFx cell,15923,0.002039694820766125,
immune system,memory B cell,15906,0.31892368769298635,oxidative_stress_cell
small intestine,gamma-delta T cell,15885,0.013378070071273911,oxidative_stress_cell
adipose tissue,B cell,15877,0.03466578748564417,oxidative_stress_cell
lymph node,regulatory T cell,15861,0.01725098050305299,oxidative_stress_cell
lymph node,T cell,15847,0.017235753611492387,oxidative_stress_cell
liver,Kupffer cell,15745,0.016469217364381304,hepatocyte_sulfur
liver,endothelial cell of hepatic sinusoid,15732,0.016455619407840374,oxidative_stress_cell
lung,endothelial cell of vascular tree,15725,0.004993921547953715,oxidative_stress_cell
eye,microglial cell,15690,0.0020098481277284743,microglia_activated
spleen,"CD16-negative, CD56-bright natural killer cell, human",15627,0.02705144916622957,
intestine,mesodermal cell,15626,0.055336780225228414,
stomach,foveolar cell of stomach,15499,0.05451980779648377,
adipose tissue,adipocyte of omentum tissue,15460,0.03375531111217855,adipocyte_lipolytic
exocrine gland,luminal epithelial cell of mammary gland,15432,0.07995689208513813,oxidative_stress_cell
lung,conventional dendritic cell,15415,0.004895472220140319,oxidative_stress_cell
endocrine gland,regulatory T cell,15359,0.021902192358261057,oxidative_stress_cell
bone marrow,hematopoietic cell,15347,0.020205065550935934,
pleura,fibroblast,15156,0.7695354150799696,oxidative_stress_cell
musculature,capillary endothelial cell,15049,0.02581866032566271,oxidative_stress_cell
lung,neuroendocrine cell,15034,0.0047744748204728875,
uterus,glandular secretory epithelial cell,14850,0.04824718151986744,oxidative_stress_cell
eye,midget ganglion cell of retina,14779,0.0018931514008731119,
blood,CD8aa(I) thymocyte,14707,0.0010639774017479411,
kidney,kidney epithelial cell,14631,0.02223390659358194,oxidative_stress_cell
musculature,macrophage,14592,0.025034613028910243,oxidative_stress_cell
kidney,kidney collecting duct intercalated cell,14556,0.022119933318035585,
reproductive system,germ cell,14516,0.03983261302051176,
lung,respiratory basal cell,14514,0.004609334012527836,
reproductive system,endothelial cell,14484,0.039744803457501546,oxidative_stress_cell
brain,ependymal cell,14484,0.0007812368947699686,
respiratory system,B cell,14433,0.027906248308184906,oxidative_stress_cell
stomach,epithelial cell,14429,0.05075593952483801,oxidative_stress_cell
adrenal gland,endothelial cell of vascular tree,14417,0.032923868834339294,oxidative_stress_cell
brain,intratelencephalic-projecting glutamatergic cortical neuron,14400,0.0007767061091333572,neuron_stressed
spleen,"CD8-positive, alpha-beta T cell",14397,0.02492223162770891,oxidative_stress_cell
blood,CD4-positive helper T cell,14375,0.001039958873334239,oxidative_stress_cell
stomach,mucous neck cell of gastric gland,14362,0.05052025805362281,
brain,macrophage,14288,0.0007706650616178755,oxidative_stress_cell
spleen,B-2 B cell,14262,0.024688537019822494,oxidative_stress_cell
pancreas,pancreatic D cell,14243,0.03350025049334252,
lung,alveolar adventitial fibroblast,14211,0.004513107734052162,oxidative_stress_cell
liver,erythroid progenitor cell,14057,0.014703575007374277,
bone marrow,hematopoietic stem cell,14012,0.018447473675618317,
small intestine,myofibroblast cell,13989,0.011781291924900896,oxidative_stress_cell
bone marrow,"effector memory CD4-positive, alpha-beta T cell",13982,0.018407977228981964,oxidative_stress_cell
heart,adipocyte,13974,0.007118561698021993,adipocyte_lipolytic
colon,"CD4-positive, alpha-beta T cell",13893,0.020709763685392856,oxidative_stress_cell
eye,monocyte,13858,0.0017751737000676355,oxidative_stress_cell
embryo,placental villous trophoblast,13856,0.03459286721841491,
bladder organ,fibroblast,13846,0.18355361711717683,oxidative_stress_cell
spleen,"CD4-positive, alpha-beta T cell",13823,0.023928596776399268,oxidative_stress_cell
lymph node,T follicular helper cell,13780,0.014987611836080337,
central nervous system,erythroblast,13767,0.018532104410848155,
nose,respiratory tract epithelial cell,13707,0.0577387245837142,oxidative_stress_cell
breast,progenitor cell of mammary luminal epithelium,13702,0.005819721985314355,
respiratory system,pulmonary alveolar type 2 cell,13657,0.02640585000657391,
small intestine,enterocyte of epithelium proper of duodenum,13495,0.011365253736974595,oxidative_stress_cell
lung,pulmonary artery endothelial cell,13425,0.00426349105127368,oxidative_stress_cell
eye,retinal astrocyte,13351,0.0017102283207968683,microglia_activated
eye,basal cell,13303,0.0017040796458363222,
skin of body,pericyte,13284,0.01970320599817563,oxidative_stress_cell
bone marrow,"naive thymus-derived CD8-positive, alpha-beta T cell",13186,0.017360004844897452,oxidative_stress_cell
vasculature,microcirculation associated smooth muscle cell,13169,0.09468651136036814,
exocrine gland,epithelial cell,13102,0.06788460342790822,oxidative_stress_cell
brain,leptomeningeal cell,13072,0.0007050765457355032,
eye,natural killer cell,12967,0.0016610389211125002,
placenta,decidual cell,12958,0.024876319118750923,
nose,ciliated cell,12958,0.054583672076732224,
cortex,neuroblast (sensu Nematoda and Protostomia),12902,0.08614772378243393,neuron_stressed
brain,L6b glutamatergic neuron of the primary motor cortex,12895,0.0006955295331440724,neuron_stressed
blood,plasma cell,12893,0.0009327436350537978,oxidative_stress_cell
spleen,"central memory CD4-positive, alpha-beta T cell",12889,0.02231177630405919,oxidative_stress_cell
bone marrow,plasma cell,12861,0.01693212667300365,oxidative_stress_cell
small intestine,epithelial cell,12807,0.01078583213111772,oxidative_stress_cell
kidney,kidney connecting tubule epithelial cell,12793,0.019440801520859387,oxidative_stress_cell
liver,mononuclear phagocyte,12781,0.013368883273049059,
brain,L5 extratelencephalic projecting glutamatergic cortical neuron,12781,0.0006893806097801,neuron_stressed
fallopian tube,ciliated epithelial cell,12723,0.05951863027155989,oxidative_stress_cell
reproductive system,mural cell,12679,0.034791795293956235,
skin of body,Langerhans cell,12670,0.018792503763692053,
lung,B cell,12625,0.004009428269819755,oxidative_stress_cell
stomach,fibroblast,12622,0.04439957506982503,oxidative_stress_cell
colon,colonocyte,12612,0.01880022598432122,
fallopian tube,macrophage,12604,0.05896194419105092,oxidative_stress_cell
lung,blood vessel endothelial cell,12596,0.00400021849399205,oxidative_stress_cell
placenta,endothelial cell of placenta,12553,0.024098814160956966,oxidative_stress_cell
brain,Bergmann glial cell,12513,0.0006749252460823402,
liver,endothelial cell of pericentral hepatic sinusoid,12506,0.01308123419237552,oxidative_stress_cell
skin of body,monocyte-derived dendritic cell,12490,0.018525522652605663,oxidative_stress_cell
embryo,endothelial cell,12409,0.030980289355752786,oxidative_stress_cell
central nervous system,reticulocyte,12402,0.016694643633568592,
eye,photoreceptor cell,12398,0.0015881515033510278,
brain,hippocampal pyramidal neuron,12345,0.0006658636748091177,neuron_stressed
tongue,stratified squamous epithelial cell,12323,0.31798007947566703,oxidative_stress_cell
small intestine,glial cell,12313,0.010369793943191418,
respiratory system,"CD4-positive, alpha-beta T cell",12306,0.023793687499516623,oxidative_stress_cell
reproductive system,mesothelial cell,12238,0.033581669753721614,
adipose tissue,subcutaneous adipocyte,12205,0.026648355247356998,adipocyte_lipolytic
endocrine gland,pro-T cell,12182,0.017371736917008673,oxidative_stress_cell
blood,dendritic cell,12038,0.0008708886898920049,oxidative_stress_cell
skin of body,regulatory T cell,12028,0.01784027113415059,oxidative_stress_cell
spleen,"effector memory CD8-positive, alpha-beta T cell, terminally differentiated",11996,0.020765929749669797,oxidative_stress_cell
spleen,endothelial cell,11920,0.020634368340785594,oxidative_stress_cell
exocrine gland,fibroblast,11892,0.061615303309775965,oxidative_stress_cell
eye,H2 horizontal cell,11840,0.0015166731569346806,
embryo,lateral mesodermal cell,11823,0.02951728270231809,
placenta,embryonic fibroblast,11816,0.022683947114304746,oxidative_stress_cell
heart,endothelial cell of vascular tree,11757,0.005989189200203562,oxidative_stress_cell
mucosa,endothelial cell of venule,11719,0.12813531894421484,oxidative_stress_cell
lung,lung multiciliated epithelial cell,11712,0.003719479120485463,oxidative_stress_cell
bone marrow,common myeloid progenitor,11686,0.015385182513079907,
adipose tissue,"CD4-positive, alpha-beta T cell",11615,0.025360151265714996,oxidative_stress_cell
embryo,extravillous trophoblast,11567,0.028878153515834674,
adipose tissue,T cell,11551,0.025220413884655526,oxidative_stress_cell
skin of body,natural killer cell,11548,0.017128321504586885,
fallopian tube,pericyte,11535,0.05396112553505017,oxidative_stress_cell
bone marrow,mesenchymal cell,11448,0.015071844036431522,
endocrine gland,alpha-beta T cell,11295,0.01610685999652052,oxidative_stress_cell
skin of body,cytotoxic T cell,11286,0.016739715665116693,oxidative_stress_cell
small intestine,enterocyte of epithelium of small intestine,11250,0.00947455387483988,oxidative_stress_cell
endocrine gland,thymic fibroblast type 1,11233,0.016018446953600263,oxidative_stress_cell
intestine,smooth muscle cell,11208,0.039691196260358386,
lung,serous secreting cell,11180,0.003550527370818603,
exocrine gland,basal cell,11172,0.05788481067749891,
brain,cell,11150,0.0006014078553358981,
lymph node,"CD8-positive, alpha-beta memory T cell",11146,0.01212278095246382,oxidative_stress_cell
colon,macrophage,11084,0.016522494831130385,oxidative_stress_cell
bone marrow,pro-B cell,11074,0.014579455001698348,oxidative_stress_cell
reproductive system,supporting cell,10998,0.03017904918707553,
blood,memory CCR4-positive regulatory T cell,10981,0.0007944200617797064,oxidative_stress_cell
fallopian tube,myofibroblast cell,10980,0.051364816504104974,oxidative_stress_cell
brain,L5/6 near-projecting glutamatergic neuron,10961,0.0005912135876535228,neuron_stressed
lung,"effector memory CD4-positive, alpha-beta T cell",10954,0.0034787546350578693,oxidative_stress_cell
small intestine,pericyte,10923,0.009199160175544533,oxidative_stress_cell
adrenal gland,stromal cell,10923,0.024944677760802395,oxidative_stress_cell
stomach,memory B cell,10922,0.03841959744197663,oxidative_stress_cell
pancreas,epithelial cell of pancreas,10837,0.025489167632967276,oxidative_stress_cell
stomach,naive B cell,10824,0.03807486931990066,oxidative_stress_cell
central nervous system,blood vessel endothelial cell,10788,0.014521997703510559,oxidative_stress_cell
central nervous system,capillary endothelial cell,10701,0.01440488481880483,oxidative_stress_cell
intestine,epithelial cell,10691,0.037860330051703375,oxidative_stress_cell
brain,medial ganglionic eminence derived GABAergic cortical interneuron,10617,0.0005726589417131149,neuron_stressed
eye,OFF parasol ganglion cell,10430,0.0013360558299686418,
spleen,"effector memory CD4-positive, alpha-beta T cell",10285,0.01780406697860569,oxidative_stress_cell
large intestine,goblet cell,10268,0.05532804552116562,oxidative_stress_cell
ureter,basal cell of urothelium,10257,0.2345636663007684,
brain,neural stem cell,10227,0.0005516231512574198,
intestine,goblet cell,10203,0.03613216233444295,oxidative_stress_cell
immune system,tonsil germinal center B cell,10188,0.20427477242651482,oxidative_stress_cell
respiratory system,ciliated cell,10176,0.019675326181950364,
uterus,endothelial cell,10150,0.03297702979304071,oxidative_stress_cell
colon,gamma-delta T cell,10096,0.015049721022653586,oxidative_stress_cell
liver,unknown,10050,0.010512266402796577,
liver,dendritic cell,10042,0.01050389842954062,oxidative_stress_cell
embryo,primordial germ cell,10041,0.025068344380781187,
colon,stromal cell,10010,0.014921524112199129,oxidative_stress_cell
gallbladder,epithelial cell,9983,0.5041919191919192,oxidative_stress_cell
brain,hippocampal interneuron,9976,0.0005380847322718314,neuron_stressed
digestive system,B cell,9931,0.1375637189716312,oxidative_stress_cell
lymph node,plasma cell,9927,0.01079695375157979,oxidative_stress_cell
small intestine,enteric smooth muscle cell,9913,0.008348555783225575,
bone marrow,"plasmacytoid dendritic cell, human",9862,0.012983798557589769,oxidative_stress_cell
colon,epithelial cell,9862,0.014700906173277503,oxidative_stress_cell
fallopian tube,peg cell,9787,0.0457839215961453,
blood,"effector CD4-positive, alpha-beta T cell",9783,0.0007077507935880947,oxidative_stress_cell
breast,adipocyte of breast,9780,0.004153910452224083,adipocyte_lipolytic
hindlimb,fibroblast of dermis,9772,0.11235800027595089,oxidative_stress_cell
blood,mature B cell,9762,0.0007062315493209629,oxidative_stress_cell
lung,pericyte,9741,0.003093531942678355,oxidative_stress_cell
small intestine,group 1 innate lymphoid cell,9701,0.00817001307909526,
stomach,mesenchymal cell,9640,0.033909990783799186,
brain,L5 intratelencephalic projecting glutamatergic neuron,9638,0.0005198537138768957,neuron_stressed
embryo,intermediate mesodermal cell,9629,0.024039745846284436,
eye,cone retinal bipolar cell,9562,0.0012248672910987683,
skin of body,melanocyte,9553,0.014169280856712721,
spleen,monocyte,9492,0.0164313275411692,oxidative_stress_cell
embryo,somatic stem cell,9473,0.023650276498271106,
kidney,podocyte,9426,0.014324161270665254,
skin of body,vascular associated smooth muscle cell,9414,0.01396311210981823,
bladder organ,monocyte,9392,0.12450784139567564,oxidative_stress_cell
skeletal system,fibroblast,9308,0.26947685359427925,oxidative_stress_cell
lung,alveolar capillary type 1 endothelial cell,9296,0.0029522095204946096,oxidative_stress_cell
breast,endothelial cell of vascular tree,9241,0.003924978168609689,oxidative_stress_cell
brain,brain vascular cell,9228,0.0004977391649362931,
hindlimb,skeletal muscle myoblast,9205,0.10583866071839212,
endocrine gland,"CD8-alpha-alpha-positive, alpha-beta intraepithelial T cell",9204,0.013125058823193878,oxidative_stress_cell
stomach,stromal cell,9195,0.0323446436988624,oxidative_stress_cell
kidney,kidney loop of Henle thin descending limb epithelial cell,9182,0.01395336821422113,oxidative_stress_cell
esophagus,enteric smooth muscle cell,9159,0.054694311409428036,
fallopian tube,smooth muscle cell,9157,0.042836759993450754,
kidney,taste receptor cell,9138,0.013886503892567272,
respiratory system,lung secretory cell,9137,0.017666416600283064,
ureter,intermediate cell of urothelium,9090,0.20787596048298573,
lung,"CD16-negative, CD56-bright natural killer cell, human",9073,0.0028813895201643277,
breast,myeloid cell,9073,0.003853622651638968,
breast,alternatively activated macrophage,9059,0.0038476763585580747,oxidative_stress_cell
esophagogastric junction,epithelial cell of esophagus,9055,0.7090282671678021,oxidative_stress_cell
uterus,smooth muscle cell,8997,0.029230969167289386,
uterus,uterine smooth muscle cell,8973,0.029152993924428994,
cortex,glioblast,8960,0.05982666292750023,
lung,pulmonary capillary endothelial cell,8950,0.002842327367515787,oxidative_stress_cell
small intestine,regulatory T cell,8927,0.007518163772506276,oxidative_stress_cell
lung,"CD8-positive, alpha-beta cytotoxic T cell",8886,0.0028220023449994727,oxidative_stress_cell
breast,inflammatory macrophage,8853,0.0037601809032249294,oxidative_stress_cell
pancreas,endothelial cell,8808,0.020716857849144208,oxidative_stress_cell
breast,vascular lymphangioblast,8796,0.003735970995681292,
placenta,T cell,8789,0.01687281746679286,oxidative_stress_cell
fallopian tube,fibroblast,8755,0.040956190208874234,oxidative_stress_cell
endocrine gland,thymic fibroblast type 2,8645,0.012327915420090296,oxidative_stress_cell
respiratory system,alveolar macrophage,8634,0.016693864608388308,oxidative_stress_cell
kidney,kidney loop of Henle epithelial cell,8597,0.0130643766649596,oxidative_stress_cell
embryo,endodermal cell,8571,0.021398344755270943,
eye,myelinating Schwann cell,8565,0.0010971541882724273,
blood,"effector CD8-positive, alpha-beta T cell",8544,0.000618115381827321,oxidative_stress_cell
small intestine,IgA plasma cell,8541,0.007193081301778437,oxidative_stress_cell
brain,erythrocyte,8483,0.00045755541137349094,
large intestine,germinal center B cell,8483,0.04570975946202259,oxidative_stress_cell
nose,unknown,8443,0.035564897618756766,
respiratory system,neutrophil,8442,0.016322632038917546,oxidative_stress_cell
blood,cord blood hematopoietic stem cell,8413,0.0006086381913990228,
stomach,goblet cell,8370,0.029442595732406554,oxidative_stress_cell
skin of body,monocyte,8350,0.012384957097618677,oxidative_stress_cell
lung,pulmonary interstitial fibroblast,8344,0.0026498748105644385,oxidative_stress_cell
blood,"activated CD4-positive, alpha-beta T cell",8339,0.000603284663981511,oxidative_stress_cell
kidney,kidney interstitial fibroblast,8330,0.012658631804014595,oxidative_stress_cell
uterus,endothelial cell of uterus,8314,0.027011923714220735,oxidative_stress_cell
respiratory system,natural killer cell,8283,0.016015205067324574,
eye,ON parasol ganglion cell,8273,0.0010597497489291058,
brain,mesenchymal cell,8264,0.00044574300596375446,
musculature,skeletal muscle satellite cell,8260,0.014171183087911089,
central nervous system,pericyte,8238,0.011089378669032257,oxidative_stress_cell
lung,respiratory tract epithelial cell,8208,0.0026066841377172714,oxidative_stress_cell
eye,S cone cell,8206,0.0010511672234633437,
kidney,T cell,8171,0.012417008459856332,oxidative_stress_cell
mucosa,basal epithelial cell of tracheobronchial tree,8145,0.08905727219051368,oxidative_stress_cell
uterus,fibroblast,8141,0.02644985217193541,oxidative_stress_cell
stomach,peptic cell,8130,0.028598363596710308,
urinary bladder,intermediate cell of urothelium,8108,0.271770463229872,
central nervous system,vascular associated smooth muscle cell,8101,0.010904959528748521,
breast,macrophage,8099,0.003439930547296815,oxidative_stress_cell
reproductive system,ovarian surface epithelial cell,8081,0.02217465870892502,oxidative_stress_cell
brain,smooth muscle cell,8079,0.00043576448997836067,
blood,"effector memory CD8-positive, alpha-beta T cell, terminally differentiated",8065,0.0005834621435436965,oxidative_stress_cell
hindlimb,chondrocyte,8028,0.09230556960860967,
exocrine gland,acinar cell,8026,0.04158463037035502,
bone marrow,primitive red blood cell,8006,0.010540285059020858,
liver,megakaryocyte,7998,0.008365881262643485,
brain,direct pathway medium spiny neuron,7989,0.00043091007679627713,neuron_stressed
bone marrow,natural killer cell,7978,0.010503421708826928,
fallopian tube,endothelial cell,7953,0.03720440670830117,oxidative_stress_cell
uterus,supporting cell,7943,0.02580655641833718,
breast,"effector memory CD8-positive, alpha-beta T cell",7900,0.0033554082385041165,oxidative_stress_cell
small intestine,transit amplifying cell,7882,0.006638082990354483,
respiratory system,vein endothelial cell,7837,0.01515286274449145,oxidative_stress_cell
spinal cord,neuron,7831,0.15738805370206607,neuron_stressed
colon,memory B cell,7759,0.011566044514141163,oxidative_stress_cell
adipose tissue,smooth muscle cell,7735,0.016888572538984545,
blood,lymphocyte,7707,0.0005575626460373552,
uterus,decidual cell,7706,0.025036550895090808,
placenta,perivascular cell,7706,0.014793711616691976,
lamina propria,CD4-positive helper T cell,7699,0.32503060750622703,oxidative_stress_cell
colon,naive B cell,7691,0.011464679515177172,oxidative_stress_cell
testis,fibroblast,7688,0.37097085504728816,oxidative_stress_cell
endocrine gland,vein endothelial cell,7682,0.010954661221183765,oxidative_stress_cell
colon,mast cell,7666,0.011427412971440412,oxidative_stress_cell
skin of body,innate lymphoid cell,7572,0.0112310054063675,
lung,CD1c-positive myeloid dendritic cell,7555,0.002399305392355505,oxidative_stress_cell
lung,"effector memory CD8-positive, alpha-beta T cell",7554,0.0023989878138786875,oxidative_stress_cell
fallopian tube,mature NK T cell,7542,0.03528173461511473,oxidative_stress_cell
liver,erythroid lineage cell,7513,0.007858572884001063,
lung,epithelial cell,7505,0.0023834264685146348,oxidative_stress_cell
blood,plasmablast,7496,0.0005422978584009361,
colon,B cell,7492,0.011168037827032554,oxidative_stress_cell
colon,enteric smooth muscle cell,7480,0.011150149886038909,
lung,mononuclear phagocyte,7455,0.0023675475446737642,
adipose tissue,pericyte,7448,0.01626193772079598,oxidative_stress_cell
reproductive system,macrophage,7439,0.020412979351032447,oxidative_stress_cell
colon,mesenchymal cell,7417,0.011056238195822271,
lymph node,macrophage,7403,0.008051762730225162,oxidative_stress_cell
pancreas,T cell,7401,0.017407523267656252,oxidative_stress_cell
lung,"central memory CD4-positive, alpha-beta T cell",7395,0.00234849283606472,oxidative_stress_cell
ovary,fibroblast,7381,0.04217666083816185,oxidative_stress_cell
brain,indirect pathway medium spiny neuron,7320,0.00039482560547612325,neuron_stressed
embryo,blood cell,7315,0.018262617184086682,
endocrine gland,thyroid follicular cell,7297,0.010405644744985412,
lung,innate lymphoid cell,7297,0.0023173701453366143,
prostate gland,basal epithelial cell of prostatic duct,7295,0.08374949773262155,oxidative_stress_cell
lung,dendritic cell,7294,0.002316417409906162,oxidative_stress_cell
bone marrow,"CD4-positive, alpha-beta memory T cell",7274,0.009576571761093894,oxidative_stress_cell
esophagus,basal cell,7239,0.04322874989549618,
endocrine gland,medullary thymic epithelial cell,7236,0.010318657718886452,oxidative_stress_cell
immune system,plasmablast,7194,0.14424349360388178,
colon,intestine goblet cell,7164,0.01067910077320625,oxidative_stress_cell
brain,L4/5 intratelencephalic projecting glutamatergic neuron,7153,0.00038581797212714614,neuron_stressed
brain,mural cell,7117,0.00038387620685431277,
spleen,T follicular helper cell,7108,0.012304453873012081,
lamina propria,"CD8-positive, alpha-beta memory T cell",7072,0.2985603917760797,oxidative_stress_cell
skin of body,dendritic cell,7063,0.010476042153350984,oxidative_stress_cell
spleen,"CD4-positive, alpha-beta memory T cell",7034,0.012176354606466936,oxidative_stress_cell
stomach,epithelial cell of stomach,7023,0.02470434287081138,oxidative_stress_cell
endocrine gland,smooth muscle cell,7006,0.009990673849988734,
central nervous system,macrophage,6941,0.009343454399338784,oxidative_stress_cell
bone marrow,conventional dendritic cell,6926,0.009118412980112223,oxidative_stress_cell
eye,mast cell,6915,0.0008857934865036585,oxidative_stress_cell
hindlimb,muscle fibroblast,6906,0.07940486593386377,oxidative_stress_cell
digestive system,"CD4-positive, alpha-beta T cell",6903,0.09562001329787234,oxidative_stress_cell
kidney,macrophage,6900,0.01048554135026419,oxidative_stress_cell
placenta,endothelial cell of uterus,6877,0.013202226159874217,oxidative_stress_cell
breast,"naive thymus-derived CD4-positive, alpha-beta T cell",6869,0.002917506226618326,oxidative_stress_cell
lung,tracheobronchial smooth muscle cell,6847,0.002174459830768781,
lymph node,"CD4-positive, alpha-beta thymocyte",6841,0.007440511797578054,
urinary bladder,fibroblast,6834,0.22906750687135483,oxidative_stress_cell
large intestine,fibroblast,6819,0.03674346926459177,oxidative_stress_cell
gallbladder,fibroblast,6805,0.3436868686868687,oxidative_stress_cell
respiratory system,monocyte,6787,0.013122684630198223,oxidative_stress_cell
spleen,"naive thymus-derived CD8-positive, alpha-beta T cell",6782,0.011740124671745629,oxidative_stress_cell
pancreas,pancreatic stellate cell,6779,0.015944548065321137,
pancreas,stromal cell,6772,0.015928083714169455,oxidative_stress_cell
colon,"CD8-positive, alpha-beta T cell",6731,0.010033644235685549,oxidative_stress_cell
bone marrow,mature B cell,6730,0.008860369528754729,oxidative_stress_cell
bone marrow,hematopoietic oligopotent progenitor cell,6718,0.008844570950100189,
exocrine gland,"CD8-positive, alpha-beta T cell",6718,0.034807568755051706,oxidative_stress_cell
skin of body,"CD8-positive, alpha-beta memory T cell, CD45RO-positive",6659,0.009876817881801529,oxidative_stress_cell
liver,vascular associated smooth muscle cell,6656,0.0069621537489566185,
colon,"CD8-positive, alpha-beta memory T cell",6651,0.009914391295727912,oxidative_stress_cell
colon,T-helper 17 cell,6643,0.00990246600173215,
ovary,blood vessel smooth muscle cell,6642,0.03795385195597765,
heart,neural cell,6641,0.003383023345968517,
lung,mesenchymal stem cell,6628,0.0021049101443457695,
blood,innate lymphoid cell,6623,0.00047914070386731586,
lung,endothelial cell of artery,6611,0.0020995113102398734,oxidative_stress_cell
small intestine,plasmacytoid dendritic cell,6591,0.005550825296806191,oxidative_stress_cell
large intestine,intestinal epithelial cell,6591,0.035514915078886114,oxidative_stress_cell
prostate gland,epithelial cell of urethra,6582,0.07556397451351816,oxidative_stress_cell
endocrine gland,endothelial cell of artery,6552,0.009343262213121066,oxidative_stress_cell
colon,"CD4-positive, alpha-beta memory T cell",6538,0.009745946518037752,oxidative_stress_cell
bone marrow,non-classical monocyte,6527,0.008593110239848755,oxidative_stress_cell
bone marrow,"CD16-negative, CD56-bright natural killer cell, human",6524,0.00858916059518512,
bone marrow,megakaryocyte-erythroid progenitor cell,6523,0.008587844046963907,
ovary,granulosa cell,6514,0.037222431743637215,
small intestine,naive B cell,6514,0.005485977239173954,oxidative_stress_cell
liver,hematopoietic stem cell,6491,0.006789564300552496,
colon,regulatory T cell,6481,0.009660978798317937,oxidative_stress_cell
small intestine,enterocyte of epithelium proper of ileum,6477,0.005454816484207814,oxidative_stress_cell
bone marrow,memory B cell,6470,0.008518066991239689,oxidative_stress_cell
adrenal gland,macrophage,6462,0.014757164486890514,oxidative_stress_cell
omentum,epithelial cell,6457,0.4815422477440525,oxidative_stress_cell
mucosa,keratinocyte,6430,0.07030549541866211,oxidative_stress_cell
yolk sac,vascular associated smooth muscle cell,6422,0.11325080238422743,
small intestine,memory B cell,6419,0.0054059698953419725,oxidative_stress_cell
endocrine gland,endothelial cell,6396,0.009120803588999136,oxidative_stress_cell
musculature,endothelial cell of vascular tree,6392,0.010966368316940396,oxidative_stress_cell
milk,macrophage,6384,0.13168860101489335,oxidative_stress_cell
blood,T-helper 22 cell,6379,0.00046148853238254687,
intestine,colon epithelial cell,6373,0.022568878815780156,oxidative_stress_cell
small intestine,M cell of gut,6369,0.005363860767009351,
pancreas,innate lymphoid cell,6330,0.014888477541449004,
spleen,"CD8-positive, alpha-beta memory T cell",6305,0.010914403723880299,oxidative_stress_cell
colon,myofibroblast cell,6294,0.009382225051166964,oxidative_stress_cell
spleen,megakaryocyte,6285,0.01087978230048972,
brain,neural crest cell,6274,0.00033840653671546414,oxidative_stress_cell
adipose tissue,endothelial cell of lymphatic vessel,6247,0.013639678429351838,oxidative_stress_cell
colon,intestinal crypt stem cell of colon,6247,0.009312163948941854,gut_fermentative_microbe
nose,respiratory basal cell,6247,0.0263145701082996,
small intestine,small intestine goblet cell,6237,0.005252692668211229,oxidative_stress_cell
kidney,mesenchymal stem cell,6228,0.009464340801368895,
brain,fibroblast of choroid plexus,6194,0.0003340915027758344,oxidative_stress_cell
central nervous system,erythroid progenitor cell,6191,0.008333860565668694,
lung,"effector memory CD8-positive, alpha-beta T cell, terminally differentiated",6169,0.00195914162348658,oxidative_stress_cell
eye,anterior lens cell,6160,0.0007890799532700703,
exocrine gland,endothelial cell,6158,0.031906074485502894,oxidative_stress_cell
skin of body,endothelial cell of lymphatic vessel,6148,0.009118888171995165,oxidative_stress_cell
large intestine,"CD4-positive, alpha-beta T cell",6142,0.03309552547633417,oxidative_stress_cell
bone marrow,"CD8-positive, alpha-beta memory T cell",6085,0.008011195926073184,oxidative_stress_cell
uterus,endothelial cell of venule,6061,0.01969199779070145,oxidative_stress_cell
bone marrow,"CD4-positive, alpha-beta T cell",6055,0.007971699479436833,oxidative_stress_cell
respiratory system,capillary endothelial cell,6039,0.011676424411635047,oxidative_stress_cell
respiratory system,lung macrophage,6038,0.011674490908669054,oxidative_stress_cell
vasculature,smooth muscle cell,6032,0.04337072188668392,
bone marrow,late pro-B cell,6027,0.007934836129242905,oxidative_stress_cell
nose,multiciliated epithelial cell,6025,0.02537942770970147,oxidative_stress_cell
skin of body,conventional dendritic cell,6000,0.008899370369546354,oxidative_stress_cell
musculature,pericyte,5999,0.010292121954525257,oxidative_stress_cell
heart,neuron,5994,0.003053432003574054,neuron_stressed
liver,B cell,5984,0.006259243995456191,oxidative_stress_cell
head,fibroblast,5983,0.879723570063226,oxidative_stress_cell
colon,T follicular helper cell,5974,0.008905213291336422,
nose,epithelial cell of stomach,5952,0.025071925929982267,oxidative_stress_cell
fallopian tube,endothelial cell of lymphatic vessel,5944,0.02780623581970856,oxidative_stress_cell
colon,pericyte,5934,0.008845586821357606,oxidative_stress_cell
musculature,skeletal muscle fibroblast,5913,0.010144576949009476,oxidative_stress_cell
endocrine gland,corticomedullary thymic epithelial cell,5888,0.008396387043781569,oxidative_stress_cell
kidney,natural killer cell,5870,0.008920308366094318,
kidney,endothelial cell of vascular tree,5862,0.008908151216702707,oxidative_stress_cell
bone marrow,"central memory CD8-positive, alpha-beta T cell",5860,0.007714972576300552,oxidative_stress_cell
blood,"CD4-positive, alpha-beta thymocyte",5858,0.00042379680556465897,
lymph node,innate lymphoid cell,5857,0.006370278847889879,
kidney,renal intercalated cell,5849,0.00888839584894134,
stomach,"CD4-positive, alpha-beta T cell",5784,0.020345994470279512,oxidative_stress_cell
spleen,unknown,5770,0.00998828064818229,
skin of body,skeletal muscle satellite cell,5768,0.008555261381923895,
heart,ventricular cardiac muscle cell,5767,0.002937794855624219,
bone marrow,myelocyte,5736,0.007551720596870302,
brain,perivascular macrophage,5724,0.0003087406783805095,oxidative_stress_cell
lung,vein endothelial cell of respiratory system,5716,0.0018152785734882946,oxidative_stress_cell
bone marrow,fraction A pre-pro B cell,5714,0.0075227565360036445,oxidative_stress_cell
heart,epicardial adipocyte,5690,0.0028985699199760373,adipocyte_lipolytic
colon,enterocyte of epithelium of large intestine,5685,0.008474412045739465,oxidative_stress_cell
lymph node,"CD16-negative, CD56-bright natural killer cell, human",5678,0.006175592162936441,
skeletal system,chondrocyte,5670,0.16415274601198576,
spleen,T cell,5661,0.009799593890703628,oxidative_stress_cell
lung,adventitial cell,5654,0.0017955887079256156,
lung,alternatively activated macrophage,5625,0.0017863789320979107,oxidative_stress_cell
small intestine,myeloid leukocyte,5623,0.004735592572286635,
skin of body,T cell,5597,0.008301629326391825,oxidative_stress_cell
ovary,theca cell,5571,0.03183392189803545,
pancreas,epithelial cell of exocrine pancreas,5567,0.013093863265915735,oxidative_stress_cell
spleen,"effector memory CD8-positive, alpha-beta T cell",5552,0.009610907133224968,oxidative_stress_cell
reproductive system,hematopoietic cell,5533,0.015182822254236126,
lung,plasma cell,5532,0.0017568441337538919,oxidative_stress_cell
brain,immature astrocyte,5470,0.00029504044562218503,microglia_activated
small intestine,transit amplifying cell of small intestine,5464,0.004601685544188898,
digestive system,ciliated cell,5453,0.07553468528368794,
eye,plasma cell,5438,0.0006965936340718575,oxidative_stress_cell
brain,perivascular cell,5434,0.0002930986803493516,
kidney,renal principal cell,5425,0.008244066931185975,
pancreas,endocrine cell,5424,0.01275752009238853,
spleen,gamma-delta T cell,5421,0.00938413681001667,oxidative_stress_cell
colon,endothelial cell,5420,0.008079386682129798,oxidative_stress_cell
breast,endothelial cell,5412,0.002298667010985352,oxidative_stress_cell
nose,memory B cell,5407,0.022776193464955328,oxidative_stress_cell
endocrine gland,B cell,5397,0.007696212784526007,oxidative_stress_cell
immune system,naive B cell,5371,0.10769138228335405,oxidative_stress_cell
respiratory system,macrophage,5336,0.010317171826541582,oxidative_stress_cell
stomach,mononuclear phagocyte,5336,0.01877009448364652,
exocrine gland,B cell,5335,0.02764191415721954,oxidative_stress_cell
kidney,kidney cell,5331,0.008101220425834551,
digestive system,fibroblast,5319,0.0736785239361702,oxidative_stress_cell
adipose tissue,"CD8-positive, alpha-beta T cell",5311,0.011596019231357068,oxidative_stress_cell
blood,blood cell,5310,0.00038415176468903025,
brain,capillary endothelial cell,5310,0.0002864103777429255,oxidative_stress_cell
nose,glandular secretory epithelial cell,5310,0.022367595209712002,oxidative_stress_cell
colon,gastrointestinal tract (lamina propria) macrophage,5310,0.007915413889688049,oxidative_stress_cell
bone marrow,macrophage,5303,0.006981655217085637,oxidative_stress_cell
brain,GABAergic interneuron,5298,0.00028576312265198104,neuron_stressed
ovary,endothelial cell,5288,0.030216797522314032,oxidative_stress_cell
central nervous system,choroid plexus epithelial cell,5285,0.007114271214595227,oxidative_stress_cell
eye,macroglial cell,5276,0.0006758418560800148,
eye,lens epithelial cell,5276,0.0006758418560800148,oxidative_stress_cell
intestine,neuron,5271,0.018666336142786316,neuron_stressed
exocrine gland,fibroblast of breast,5270,0.027305133572361195,oxidative_stress_cell
respiratory system,bronchus fibroblast of lung,5257,0.010164425092228091,oxidative_stress_cell
bone marrow,basophilic erythroblast,5253,0.006915827806025052,
small intestine,intraepithelial lymphocyte,5249,0.004420616292358625,
liver,cholangiocyte,5246,0.005487298462594114,
breast,IgA plasma cell,5233,0.0022226394065939293,oxidative_stress_cell
lung,"naive thymus-derived CD4-positive, alpha-beta T cell",5229,0.001660617855278218,oxidative_stress_cell
skin of body,myofibroblast cell,5228,0.007754318048664724,oxidative_stress_cell
exocrine gland,duct epithelial cell,5216,0.027025346624940414,oxidative_stress_cell
heart,Schwann cell,5212,0.002655069670108103,
brain,leukocyte,5211,0.00028107052324263365,
breast,"CD4-positive, alpha-beta T cell",5199,0.00220819840911176,oxidative_stress_cell
kidney,kidney loop of Henle ascending limb epithelial cell,5194,0.007893029242503218,oxidative_stress_cell
blood,"CD8-positive, alpha-beta regulatory T cell",5185,0.0003751086440513412,oxidative_stress_cell
urinary bladder,basal cell of urothelium,5179,0.17359388617014146,
large intestine,gamma-delta T cell,5178,0.027901112164841795,oxidative_stress_cell
liver,hematopoietic multipotent progenitor cell,5173,0.005410940706633501,
brain,retinal progenitor cell,5149,0.0002777263719394206,
respiratory system,mature NK T cell,5140,0.009938205245206846,oxidative_stress_cell
kidney,mesenchymal cell,5117,0.007776016679608966,
eye,endothelial cell of lymphatic vessel,5113,0.0006549619806931606,oxidative_stress_cell
respiratory system,adventitial cell,5097,0.009855064617669124,
exocrine gland,serous secreting cell,5097,0.026408779092661292,
exocrine gland,seromucus secreting cell,5088,0.02636214793475783,
brain,cerebellar granule cell precursor,5087,0.00027438222063620754,
bone marrow,polychromatophilic erythroblast,5061,0.0066630505475524055,
spleen,plasmablast,5044,0.00873152297910424,
kidney,kidney interstitial cell,5012,0.007616454093844076,
spleen,"activated CD8-positive, alpha-beta T cell",5009,0.008670935488170725,oxidative_stress_cell
bone marrow,"CD14-positive, CD16-positive monocyte",4996,0.006577474913173645,oxidative_stress_cell
musculature,mural cell,4993,0.00856618851791042,
spleen,"CD8-positive, alpha-beta memory T cell, CD45RO-positive",4984,0.008627658708932501,oxidative_stress_cell
blood,CD141-positive myeloid dendritic cell,4979,0.00036020558124042965,oxidative_stress_cell
small intestine,"naive thymus-derived CD4-positive, alpha-beta T cell",4976,0.004190700451662511,oxidative_stress_cell
endocrine gland,pericyte,4962,0.007075895467262932,oxidative_stress_cell
lymph node,endothelial cell of lymphatic vessel,4949,0.005382706166673555,oxidative_stress_cell
skin of body,endothelial cell,4899,0.0072663359067345985,oxidative_stress_cell
bone marrow,immature B cell,4888,0.0064352877052827814,oxidative_stress_cell
breast,"effector memory CD4-positive, alpha-beta T cell",4883,0.0020739820795715952,oxidative_stress_cell
bone marrow,"effector memory CD4-positive, alpha-beta T cell, terminally differentiated",4854,0.006390525065761584,oxidative_stress_cell
embryo,fibroblast,4854,0.012118488559337903,oxidative_stress_cell
bone marrow,gamma-delta T cell,4847,0.006381309228213102,oxidative_stress_cell
liver,"CD8-positive, alpha-beta T cell",4847,0.005069945796453234,oxidative_stress_cell
skeletal system,mesenchymal stem cell,4813,0.1393416519498567,
fallopian tube,natural killer cell,4811,0.022506022969148363,
pancreas,endothelial cell of vascular tree,4804,0.011299248990382467,oxidative_stress_cell
liver,gamma-delta T cell,4779,0.004998818023777596,oxidative_stress_cell
lung,"effector CD4-positive, alpha-beta T cell",4776,0.0015167548052799327,oxidative_stress_cell
blood,professional antigen presenting cell,4765,0.00034472375870870606,
intestine,ciliated cell,4763,0.016867341879736524,
lung,secretory cell,4758,0.0015110383926972195,
musculature,fibroblast of the aortic adventitia,4757,0.008161297572541531,oxidative_stress_cell
lung,lung pericyte,4756,0.0015104032357435846,oxidative_stress_cell
small intestine,enteroendocrine cell,4755,0.004004578104432323,
kidney,renal interstitial pericyte,4741,0.0072046306582032645,oxidative_stress_cell
small intestine,unknown,4734,0.003986892270532621,
lymph node,plasmablast,4732,0.005146689347484191,
respiratory system,fibroblast,4707,0.009100998460931639,oxidative_stress_cell
liver,plasmacytoid dendritic cell,4701,0.004917230284532011,oxidative_stress_cell
intestine,basal cell,4700,0.016644238260500037,
colon,"naive thymus-derived CD4-positive, alpha-beta T cell",4690,0.006991203605016375,oxidative_stress_cell
exocrine gland,myeloid cell,4688,0.024289652027937245,
heart,endothelial cell of lymphatic vessel,4683,0.0023855892680576065,oxidative_stress_cell
embryo,macrophage,4679,0.011681583842015255,oxidative_stress_cell
small intestine,intestine goblet cell,4633,0.003901831831300726,oxidative_stress_cell
nose,multiciliated columnar cell of tracheobronchial tree,4632,0.019511619776155554,
brain,Cajal-Retzius cell,4612,0.0002487617066196558,
intestine,paneth cell,4606,0.016311353495290035,gut_fermentative_microbe
stomach,plasma cell,4599,0.0161775983002793,oxidative_stress_cell
prostate gland,epithelial cell of prostate,4587,0.05266058205613914,oxidative_stress_cell
liver,endothelial cell of vascular tree,4580,0.004790664689035654,oxidative_stress_cell
forelimb,chondrocyte,4571,0.11725623989944335,
endocrine gland,"CD4-positive, alpha-beta thymocyte",4563,0.0065069147555664565,
lymph node,plasmacytoid dendritic cell,4557,0.00495635320297664,oxidative_stress_cell
musculature,secondary lymphoid organ macrophage,4554,0.007813022733940326,oxidative_stress_cell
mucosa,T cell,4533,0.04956373417306305,oxidative_stress_cell
blood,common myeloid progenitor,4532,0.0003278673818400537,
hindlimb,fibroblast,4529,0.05207423078691993,oxidative_stress_cell
ureter,leukocyte,4508,0.1030918404683498,
skeletal system,endothelial cell of vascular tree,4497,0.1301931038476014,oxidative_stress_cell
breast,class switched memory B cell,4493,0.0019083353437467083,oxidative_stress_cell
spleen,hematopoietic cell,4487,0.0077673163376765905,
nose,respiratory tract multiciliated cell,4462,0.018795519741193024,
spinal cord,astrocyte,4449,0.08941635179676823,microglia_activated
esophagus,smooth muscle cell,4448,0.026561884173942122,
skeletal system,Schwann cell,4443,0.12862974436177296,
blood,class switched memory B cell,4440,0.00032121164505071457,oxidative_stress_cell
spleen,B-1 B cell,4440,0.007685955992708728,oxidative_stress_cell
colon,"effector memory CD8-positive, alpha-beta T cell",4440,0.006618538167648764,oxidative_stress_cell
bladder organ,"CD8-positive, alpha-beta T cell",4432,0.05875412617819787,oxidative_stress_cell
eye,unknown,4432,0.0005677276546904143,
exocrine gland,IgA plasma cell,4421,0.022906261010134505,oxidative_stress_cell
breast,natural killer cell,4418,0.0018764802022419225,
skin of body,mast cell,4380,0.006496540369768839,oxidative_stress_cell
skin of body,glial cell,4380,0.006496540369768839,
adrenal gland,endothelial cell,4374,0.009988832786391072,oxidative_stress_cell
liver,myeloid cell,4352,0.004552177451240866,
lung,neutrophil,4342,0.0013789257463411783,oxidative_stress_cell
central nervous system,cerebellar granule cell,4339,0.005840836859059354,
forelimb,fibroblast of dermis,4333,0.11115101454480159,oxidative_stress_cell
heart,mesothelial cell of epicardium,4332,0.0022067846912717385,
embryo,paraxial cell,4330,0.010810271005754659,
kidney,kidney loop of Henle thin ascending limb epithelial cell,4324,0.006570939246165559,oxidative_stress_cell
brain,neuroepithelial stem cell,4308,0.0002323645776490627,
lung,"CD4-positive, alpha-beta memory T cell",4304,0.001366857764222117,oxidative_stress_cell
lung,chondrocyte,4295,0.0013639995579307603,
lymph node,"effector memory CD8-positive, alpha-beta T cell",4293,0.004669217533548105,oxidative_stress_cell
blood,mature NK T cell,4293,0.00031057693518079225,oxidative_stress_cell
small intestine,paneth cell,4283,0.003607067932972374,gut_fermentative_microbe
stomach,mesodermal cell,4279,0.015051955452684307,
small intestine,conventional dendritic cell,4256,0.003584329003672758,oxidative_stress_cell
stomach,enterocyte,4244,0.014928838266228603,oxidative_stress_cell
lung,smooth muscle cell,4239,0.0013462151632289854,
musculature,endothelial cell,4237,0.00726916498105076,oxidative_stress_cell
spleen,"CD4-positive, CD25-positive, alpha-beta regulatory T cell",4212,0.007291271766056118,oxidative_stress_cell
heart,natural killer cell,4210,0.0021446360919330607,
brain,L6 intratelencephalic projecting glutamatergic neuron of the primary motor cortex,4206,0.00022686290937603477,neuron_stressed
respiratory system,tracheobronchial serous cell,4205,0.008130379972002878,
liver,megakaryocyte-erythroid progenitor cell,4204,0.004397369946005652,
stomach,IgG plasma cell,4199,0.014770544740785558,oxidative_stress_cell
vasculature,endothelial cell,4198,0.030184066724187518,oxidative_stress_cell
small intestine,natural killer cell,4183,0.0035228496763071303,
embryo,inhibitory interneuron,4181,0.010438277846434233,neuron_stressed
omentum,stromal cell,4166,0.3106868521142516,oxidative_stress_cell
breast,classical monocyte,4166,0.0017694469267858417,oxidative_stress_cell
brain,mature astrocyte,4156,0.00022416601316376617,microglia_activated
skin of body,stromal cell,4133,0.006130182956222514,oxidative_stress_cell
blood,macrophage,4118,0.0002979165662880276,oxidative_stress_cell
musculature,"CD4-positive, alpha-beta T cell",4111,0.007052994391574151,oxidative_stress_cell
endocrine gland,vascular associated smooth muscle cell,4107,0.005856651085056199,
intestine,pericyte,4103,0.014530065868687584,oxidative_stress_cell
blood,myeloid dendritic cell,4071,0.00029451635292825654,oxidative_stress_cell
embryo,cortical interneuron,4054,0.010121209851577226,neuron_stressed
musculature,"CD8-positive, alpha-beta T cell",4047,0.006943193457236825,oxidative_stress_cell
embryo,forebrain neuroblast,4039,0.010083760875806713,neuron_stressed
fallopian tube,blood vessel endothelial cell,4016,0.018786985708605243,oxidative_stress_cell
testis,spermatid,4009,0.19344721096313452,
heart,blood vessel smooth muscle cell,3994,0.0020346025062186806,
breast,conventional dendritic cell,3985,0.0016925698519542917,oxidative_stress_cell
endocrine gland,natural killer cell,3981,0.005676972965573102,
lung,mature B cell,3940,0.001251259198660581,oxidative_stress_cell
heart,leukocyte,3926,0.001999962303308598,
colon,neural cell,3913,0.0058329594256778415,
liver,plasma cell,3905,0.004084616945564242,oxidative_stress_cell
lung,pulmonary neuroendocrine cell,3897,0.0012376033241574325,
heart,mast cell,3895,0.0019841704460995895,oxidative_stress_cell
central nervous system,endothelial cell of venule,3882,0.00522565768307638,oxidative_stress_cell
small intestine,mature NK T cell,3878,0.0032659839934781384,oxidative_stress_cell
lung,CD14-positive monocyte,3874,0.0012302990191906322,oxidative_stress_cell
kidney,myeloid cell,3870,0.005881021018191654,
brain,reticulocyte,3860,0.00020820038758713604,
brain,cerebral cortex endothelial cell,3851,0.0002077149462689277,oxidative_stress_cell
brain,T cell,3834,0.00020679800155675636,oxidative_stress_cell
ovary,smooth muscle cell,3833,0.021902606827350544,
eye,smooth muscle cell,3830,0.0004906130228935665,
ovary,epithelial cell,3821,0.02183403618244363,oxidative_stress_cell
adrenal gland,sympathetic neuron,3805,0.008689416724329681,neuron_stressed
lung,"CD4-positive, CD25-positive, alpha-beta regulatory T cell",3793,0.0012045751625684223,oxidative_stress_cell
pancreas,enterocyte,3787,0.008907213973059618,oxidative_stress_cell
reproductive system,neural cell,3783,0.010380736777114633,
bone marrow,endothelial cell,3771,0.004964703342189314,oxidative_stress_cell
bone marrow,unswitched memory B cell,3771,0.004964703342189314,oxidative_stress_cell
mucosa,helper T cell,3761,0.0411227011305736,oxidative_stress_cell
small intestine,vein endothelial cell,3751,0.003159026807513279,oxidative_stress_cell
stomach,"CD8-positive, alpha-beta memory T cell",3744,0.013170021316861426,oxidative_stress_cell
adipose tissue,monocyte,3740,0.008165903205662857,oxidative_stress_cell
bone marrow,"CD8-positive, alpha-beta T cell",3739,0.00492257379911054,oxidative_stress_cell
bone marrow,orthochromatic erythroblast,3734,0.004915991058004481,
adipose tissue,unknown,3725,0.008133152256977043,
musculature,vein endothelial cell,3715,0.006373601110361948,oxidative_stress_cell
musculature,muscle cell,3707,0.006359875993569783,
bone marrow,pre-conventional dendritic cell,3704,0.004876494611368131,oxidative_stress_cell
ovary,pericyte,3690,0.02108547330887647,oxidative_stress_cell
bone marrow,erythroid lineage cell,3670,0.0048317319718469325,
spleen,erythrocyte,3666,0.006346106907493288,
small intestine,CD4-positive helper T cell,3665,0.0030865991067811696,oxidative_stress_cell
spleen,dendritic cell,3648,0.006314947626441766,oxidative_stress_cell
lung,serous secreting cell of bronchus submucosal gland,3644,0.0011572559695226287,
endocrine gland,medullary thymic epithelial cell type 1,3641,0.005192127246332998,oxidative_stress_cell
respiratory system,vein endothelial cell of respiratory system,3635,0.007028283281386554,oxidative_stress_cell
large intestine,mature B cell,3634,0.01958142943357186,oxidative_stress_cell
small intestine,"effector memory CD8-positive, alpha-beta T cell",3626,0.003053753986681725,oxidative_stress_cell
stomach,"naive thymus-derived CD4-positive, alpha-beta T cell",3607,0.01268810547273482,oxidative_stress_cell
kidney,"CD4-positive, alpha-beta T cell",3607,0.0054813547319424545,oxidative_stress_cell
uterus,vascular associated smooth muscle cell,3595,0.011680041586796192,
lung,plasmacytoid dendritic cell,3578,0.00113629579005268,oxidative_stress_cell
colon,glial cell,3563,0.005311227813363187,
kidney,epithelial cell of proximal tubule segment 3,3550,0.005394735042527229,oxidative_stress_cell
lung,helper T cell,3549,0.0011270860142249752,oxidative_stress_cell
mucosa,endothelial cell of vascular tree,3547,0.038782829276826525,oxidative_stress_cell
colon,germinal center B cell,3539,0.005275451931375896,oxidative_stress_cell
bone marrow,common lymphoid progenitor,3532,0.004650048317319719,
adipose tissue,neutrophil,3528,0.007703023130903358,oxidative_stress_cell
kidney,mesonephric nephron tubule epithelial cell,3513,0.0053385082265910285,oxidative_stress_cell
digestive system,plasma cell,3503,0.04852338209219858,oxidative_stress_cell
lung,vascular associated smooth muscle cell,3499,0.0011112070903841048,
respiratory system,stratified epithelial cell,3497,0.006761459872079443,oxidative_stress_cell
bone marrow,large pre-B-II cell,3488,0.004592120195586404,
endocrine gland,gamma-delta T cell,3484,0.004968242605389773,oxidative_stress_cell
tendon of semitendinosus,fibroblast,3468,0.3292509256622045,oxidative_stress_cell
bone marrow,immature innate lymphoid cell,3460,0.004555256845392476,
adrenal gland,myeloid cell,3457,0.007894694774246442,
eye,vascular associated smooth muscle cell,3446,0.0004414236232091984,
lymph node,"dendritic cell, human",3422,0.0037218873514562345,oxidative_stress_cell
kidney,epithelial cell of nephron,3414,0.005188063502869847,oxidative_stress_cell
lung,regulatory T cell,3408,0.001082307448993721,oxidative_stress_cell
intestine,gut absorptive cell,3401,0.012044054111480983,
skin of body,hair follicular keratinocyte,3396,0.005037043629163237,oxidative_stress_cell
respiratory system,blood vessel smooth muscle cell,3394,0.006562309066582108,
exocrine gland,myoepithelial cell,3379,0.017507409172866882,oxidative_stress_cell
skin of body,"naive thymus-derived CD4-positive, alpha-beta T cell",3378,0.005010345518054598,oxidative_stress_cell
spleen,mucosal invariant T cell,3378,0.005847558410668938,oxidative_stress_cell
lung,ciliated epithelial cell,3376,0.0010721449377355638,oxidative_stress_cell
bone marrow,megakaryocyte progenitor cell,3364,0.004428868216156153,
bone marrow,lymphoid lineage restricted progenitor cell,3356,0.00441833583038646,
lung,"CD8-positive, alpha-beta thymocyte",3350,0.0010638878973383112,
intestine,mesothelial cell,3349,0.011859905092428642,
kidney,B cell,3344,0.005081688445693254,oxidative_stress_cell
liver,"CD16-positive, CD56-dim natural killer cell, human",3336,0.0034894448477342664,
small intestine,naive T cell,3335,0.002808678859785867,oxidative_stress_cell
musculature,"CD16-positive, CD56-dim natural killer cell, human",3329,0.005711364225139954,
bladder organ,macrophage,3317,0.04397279705168825,oxidative_stress_cell
central nervous system,mucosa-associated lymphoid tissue macrophage,3305,0.004448943493706192,oxidative_stress_cell
pancreas,unknown,3302,0.007766469643264552,
blood,cytotoxic T cell,3296,0.0002384490049745845,oxidative_stress_cell
spleen,regulatory T cell,3285,0.005686568791902742,oxidative_stress_cell
large intestine,IgG plasma cell,3279,0.017668549012845935,oxidative_stress_cell
brain,endothelial cell of artery,3278,0.00017680851567632952,oxidative_stress_cell
heart,"CD14-positive, CD16-positive monocyte",3278,0.001669861546165457,oxidative_stress_cell
lung,alveolar capillary type 2 endothelial cell,3276,0.0010403870900538232,oxidative_stress_cell
esophagus,endothelial cell of vascular tree,3275,0.019557142686524382,oxidative_stress_cell
immune system,T follicular helper cell,3269,0.06554517383807194,
uterus,macrophage,3268,0.010617628902823353,oxidative_stress_cell
lymph node,group 3 innate lymphoid cell,3246,0.0035304635718372114,
brain,blood vessel endothelial cell,3235,0.00017448918493377853,oxidative_stress_cell
large intestine,early colonocyte,3229,0.017399129235278903,
large intestine,B cell,3227,0.017388352444176223,oxidative_stress_cell
stomach,gamma-delta T cell,3225,0.011344369323418296,oxidative_stress_cell
central nervous system,retinal rod cell,3217,0.004330484483888902,
respiratory system,lung microvascular endothelial cell,3203,0.00619301000007734,oxidative_stress_cell
respiratory system,pulmonary capillary endothelial cell,3201,0.006189142994145353,oxidative_stress_cell
lung,"CD8-positive, alpha-beta memory T cell",3194,0.001014345654954796,oxidative_stress_cell
spinal cord,oligodendrocyte precursor cell,3191,0.0641329688881743,microglia_activated
uterus,ciliated cell,3189,0.010360960395074564,
digestive system,basal cell,3181,0.04406305407801418,
respiratory system,CD14-positive monocyte,3181,0.006150472934825482,oxidative_stress_cell
heart,immature innate lymphoid cell,3155,0.0016072035320781014,
lung,"lung resident memory CD8-positive, alpha-beta T cell",3153,0.0010013249374052821,oxidative_stress_cell
respiratory system,mast cell,3139,0.006069265810253753,oxidative_stress_cell
bladder organ,myofibroblast cell,3136,0.04157331671814723,oxidative_stress_cell
spleen,lymphocyte,3134,0.005425177045303864,
stomach,"CD4-positive, alpha-beta memory T cell",3131,0.011013711736937267,oxidative_stress_cell
eye,oligodendrocyte precursor cell,3130,0.0004009448463856039,microglia_activated
lung,myofibroblast cell,3121,0.0009911624261471253,oxidative_stress_cell
heart,"CD4-positive, alpha-beta cytotoxic T cell",3113,0.0015858081126336385,oxidative_stress_cell
liver,large pre-B-II cell,3105,0.0032478196199684944,
liver,mature B cell,3102,0.0032446816299975105,oxidative_stress_cell
lung,memory B cell,3079,0.000977824130120794,oxidative_stress_cell
adipose tissue,mural cell,3077,0.006718311273749896,
small intestine,T-helper 17 cell,3076,0.0025905535750228863,
testis,spermatocyte,3070,0.1481374252074889,
exocrine gland,"CD4-positive, alpha-beta T cell",3069,0.01590122484508093,oxidative_stress_cell
spleen,endothelial cell of vascular tree,3061,0.005298808849928247,oxidative_stress_cell
ureter,cytotoxic T cell,3061,0.07000091474570069,oxidative_stress_cell
heart,professional antigen presenting cell,3058,0.0015577903014563658,
lung,"group 3 innate lymphoid cell, human",3058,0.0009711549821076286,
lung,"CD4-positive, alpha-beta thymocyte",3056,0.0009705198251539938,
kidney,parietal epithelial cell,3055,0.004642511423921319,oxidative_stress_cell
embryo,epidermal cell,3054,0.007624611466876381,
ureter,T cell,3052,0.06979509696304427,oxidative_stress_cell
endocrine gland,dendritic cell,3051,0.0043507773217692875,oxidative_stress_cell
reproductive system,smooth muscle cell,3044,0.008352884681347327,
breast,mature NK T cell,3032,0.0012877971872334788,oxidative_stress_cell
ureter,urothelial cell,3023,0.06913190633004025,
kidney,monocyte,3017,0.004584764964311168,oxidative_stress_cell
fallopian tube,mast cell,3012,0.014090239281453932,oxidative_stress_cell
blood,immature innate lymphoid cell,3010,0.00021775834495555197,
intestine,M cell of gut,3008,0.010652312486720023,
bone marrow,megakaryocyte,3005,0.0039562274047411534,
heart,innate lymphoid cell,3004,0.0015302819050277707,
heart,"activated CD8-positive, alpha-beta T cell",3001,0.0015287536607817376,oxidative_stress_cell
colon,naive T cell,3000,0.0044719852484113275,oxidative_stress_cell
forelimb,osteoblast,2997,0.07687966549521587,
respiratory system,pulmonary alveolar type 1 cell,2993,0.005786974377218695,
lung,intermediate monocyte,2979,0.0009460662824390536,oxidative_stress_cell
small intestine,progenitor cell,2977,0.0025071775009242953,
mucosa,capillary endothelial cell,2975,0.03252859235933434,oxidative_stress_cell
central nervous system,neural progenitor cell,2971,0.003999337706445112,
endocrine gland,memory B cell,2970,0.004235269959244439,oxidative_stress_cell
stomach,regulatory T cell,2964,0.01042626687584863,oxidative_stress_cell
liver,classical monocyte,2957,0.0030930121147332815,oxidative_stress_cell
heart,"CD8-positive, alpha-beta cytotoxic T cell",2956,0.0015058299970912418,oxidative_stress_cell
uterus,natural killer cell,2953,0.00959420384028071,
kidney,epithelial cell of early distal convoluted tubule,2945,0.004475350619786673,oxidative_stress_cell
brain,pluripotent stem cell,2942,0.0001586853731298845,
lamina propria,plasma cell,2942,0.12420314940684764,oxidative_stress_cell
large intestine,plasma cell,2933,0.015804164152082075,oxidative_stress_cell
mucosa,endothelial cell of lymphatic vessel,2925,0.03198189332808502,oxidative_stress_cell
kidney,myofibroblast cell,2897,0.004402407723437009,oxidative_stress_cell
bone marrow,"CD8-positive, alpha-beta memory T cell, CD45RO-positive",2895,0.0038114071004078666,oxidative_stress_cell
eye,ON-blue cone bipolar cell,2893,0.000370585763767908,
endocrine gland,"CD4-positive, alpha-beta memory T cell",2879,0.004105502428506646,oxidative_stress_cell
bone marrow,dendritic cell,2862,0.0037679610091078805,oxidative_stress_cell
small intestine,endothelial cell of lymphatic vessel,2862,0.0024103265057592656,oxidative_stress_cell
intestine,myeloid cell,2862,0.010135278702457682,
placenta,unknown,2856,0.005482849776443328,
pancreas,smooth muscle cell,2850,0.006703342968898841,
brain,brainstem motor neuron,2849,0.0001536691461750649,neuron_stressed
small intestine,"effector memory CD8-positive, alpha-beta T cell, terminally differentiated",2842,0.002393482854426217,oxidative_stress_cell
liver,"effector memory CD8-positive, alpha-beta T cell",2841,0.002971676502521898,oxidative_stress_cell
central nervous system,epithelial cell,2837,0.0038189569414960566,oxidative_stress_cell
stomach,mast cell,2834,0.009968974469013164,oxidative_stress_cell
kidney,renal alpha-intercalated cell,2827,0.004296032666260415,
breast,B cell,2826,0.0012003017319003333,oxidative_stress_cell
adipose tissue,mast cell,2822,0.0061615451460910655,oxidative_stress_cell
lymph node,memory T cell,2820,0.003067131014350258,oxidative_stress_cell
colon,gut endothelial cell,2818,0.004200684810007706,oxidative_stress_cell
respiratory system,classical monocyte,2815,0.005442810849271843,oxidative_stress_cell
kidney,vascular associated smooth muscle cell,2813,0.004274757654825097,
lung,group 2 innate lymphoid cell,2810,0.0008923955198569119,
hindlimb,osteoblast,2807,0.032274755093593344,
intestine,transit amplifying cell,2805,0.009933423046958,
vasculature,unknown,2802,0.02014667817083693,
small intestine,capillary endothelial cell,2797,0.002355584638926857,oxidative_stress_cell
lung,lung interstitial macrophage,2795,0.0008876318427046508,oxidative_stress_cell
reproductive system,Leydig cell,2793,0.007664128421485903,
liver,hepatic pit cell,2785,0.0029131006897301958,oxidative_stress_cell
reproductive system,unknown,2785,0.007642176030733347,
heart,vascular associated smooth muscle cell,2770,0.001411078853837192,
spleen,group 3 innate lymphoid cell,2770,0.00479506713959531,
mucosa,squamous epithelial cell,2770,0.030287126331212142,oxidative_stress_cell
respiratory system,lung multiciliated epithelial cell,2764,0.0053442021980061715,oxidative_stress_cell
breast,naive B cell,2760,0.0011722692073761218,oxidative_stress_cell
liver,"CD4-positive, alpha-beta T cell",2754,0.0028806747933633604,oxidative_stress_cell
adrenal gland,erythroblast,2750,0.006280130352669284,
liver,mucosal invariant T cell,2749,0.002875444810078387,oxidative_stress_cell
adrenal gland,"CD8-positive, alpha-beta T cell",2744,0.006266428250081641,oxidative_stress_cell
lung,mature NK T cell,2740,0.0008701650264796934,oxidative_stress_cell
colon,T-helper 1 cell,2740,0.004084413193549012,
respiratory system,CD1c-positive myeloid dendritic cell,2734,0.0052861971090263655,oxidative_stress_cell
stomach,IgM plasma cell,2734,0.009617211079139728,oxidative_stress_cell
colon,early colonocyte,2733,0.004073978561302719,
placenta,natural killer cell,2733,0.00524671864111331,
respiratory system,blood vessel endothelial cell,2728,0.005274596091230404,oxidative_stress_cell
ureter,fibroblast,2727,0.062362788144895716,oxidative_stress_cell
lung,"naive thymus-derived CD8-positive, alpha-beta T cell",2725,0.0008654013493274323,oxidative_stress_cell
kidney,mononuclear phagocyte,2723,0.004137989724169477,
digestive system,"CD8-positive, alpha-beta T cell",2720,0.037677304964539006,oxidative_stress_cell
respiratory system,serous secreting cell of bronchus submucosal gland,2718,0.005255261061570468,
breast,adipocyte,2712,0.0011518819168130588,adipocyte_lipolytic
endocrine gland,naive B cell,2710,0.003864505585707889,oxidative_stress_cell
eye,capillary endothelial cell,2701,0.000345991063925724,oxidative_stress_cell
small intestine,"CD16-negative, CD56-bright natural killer cell, human",2693,0.0022679976519950043,
embryo,peripheral nervous system neuron,2688,0.006710856458075872,neuron_stressed
blood,"activated CD8-positive, alpha-beta T cell",2677,0.0001936674715767484,oxidative_stress_cell
musculature,chondrocyte,2668,0.004577326450187262,
colon,BEST4+ enterocyte,2648,0.0039472723125977315,oxidative_stress_cell
lung,myeloid leukocyte,2640,0.0008384071787979528,
esophagus,macrophage,2635,0.015735288848547097,oxidative_stress_cell
lung,endothelial cell of respiratory system lymphatic vessel,2634,0.0008365017079370483,oxidative_stress_cell
adipose tissue,immature NK T cell,2629,0.005740149606333597,oxidative_stress_cell
skeletal system,mural cell,2626,0.07602559277380504,
lymph node,endothelial cell,2622,0.0028517792622788567,oxidative_stress_cell
blood,"CD8-positive, alpha-beta thymocyte",2620,0.00018954380856596218,
bone marrow,"CD4-positive, CD25-positive, alpha-beta regulatory T cell",2615,0.003442773598468591,oxidative_stress_cell
intestine,Schwann cell,2612,0.009249946880090659,
prostate gland,endothelial cell of vascular tree,2600,0.029849032776534067,oxidative_stress_cell
endocrine gland,"naive thymus-derived CD4-positive, alpha-beta T cell",2595,0.00370051365125903,oxidative_stress_cell
pleura,mesothelial cell,2581,0.13104848946433104,
respiratory system,endothelial cell,2580,0.004988437652263359,oxidative_stress_cell
endocrine gland,plasma cell,2578,0.003676271365297025,oxidative_stress_cell
ovary,leukocyte,2571,0.014691260671306614,
stomach,macrophage,2566,0.009026248584152356,oxidative_stress_cell
eye,retinal blood vessel endothelial cell,2551,0.00032677645467401776,oxidative_stress_cell
embryo,Schwann cell,2549,0.006363829282602454,
exocrine gland,macrophage,2549,0.013206980166214171,oxidative_stress_cell
adipose tissue,dendritic cell,2549,0.005565477880009257,oxidative_stress_cell
colon,secretory cell,2535,0.0037788275349075716,
mucosa,pericyte,2532,0.027684838942465394,oxidative_stress_cell
musculature,endothelial cell of arteriole,2526,0.004333705627126321,oxidative_stress_cell
ovary,blood vessel endothelial cell,2518,0.014388406989634403,oxidative_stress_cell
prostate gland,"CD8-positive, alpha-beta T cell",2516,0.028884679409907583,oxidative_stress_cell
pancreas,macrophage,2509,0.005901293862795505,oxidative_stress_cell
blood,megakaryocyte,2506,0.0001812964825443898,
lung,gamma-delta T cell,2500,0.0007939461920435159,oxidative_stress_cell
musculature,"CD14-positive, CD16-low monocyte",2494,0.004278805159957658,oxidative_stress_cell
spleen,IgM plasma cell,2488,0.004306905069788134,oxidative_stress_cell
urinary bladder,endothelial cell,2485,0.08329422806194275,oxidative_stress_cell
brain,neuroplacodal cell,2485,0.0001340357417497495,
mucosa,plasma cell,2483,0.027149073891841062,oxidative_stress_cell
stomach,"activated CD8-positive, alpha-beta T cell",2477,0.008713179167164999,oxidative_stress_cell
kidney,conventional dendritic cell,2465,0.0037459216562900333,oxidative_stress_cell
brain,vascular associated smooth muscle cell,2463,0.0001328491074163513,
heart,contractile cell,2459,0.0012526508669984315,
brain,glycinergic neuron,2458,0.00013257941779512444,neuron_stressed
ureter,umbrella cell of urothelium,2456,0.05616538602268569,
uterus,leukocyte,2455,0.00797621755092758,
placenta,"group 3 innate lymphoid cell, human",2454,0.004711104114633027,
nose,respiratory tract hillock cell,2439,0.010273929325138903,
spleen,innate lymphoid cell,2433,0.004211696155464039,
bone marrow,promyelocyte,2433,0.003203161822208062,
large intestine,"CD8-positive, alpha-beta T cell",2432,0.01310457798086042,oxidative_stress_cell
lung,myeloid cell,2418,0.0007679047569444886,
intestine,enteroendocrine cell,2415,0.008552305404065444,
lymph node,"CD8-positive, alpha-beta memory T cell, CD45RO-positive",2414,0.0026255511590927384,oxidative_stress_cell
small intestine,lymphocyte,2409,0.002028817803065713,
stomach,"effector memory CD8-positive, alpha-beta T cell",2404,0.00845639189255739,oxidative_stress_cell
mucosa,basal cell,2399,0.026230619519342212,
endocrine gland,macrophage,2399,0.0034210143542853233,oxidative_stress_cell
digestive system,mural cell,2397,0.033203125,
respiratory system,tracheal goblet cell,2394,0.004628806100588558,oxidative_stress_cell
bone marrow,basophil mast progenitor cell,2393,0.003150499893359594,
brain,medial ganglionic eminence derived interneuron,2386,0.00012869588724945767,neuron_stressed
small intestine,BEST4+ enterocyte,2380,0.002004394508632792,oxidative_stress_cell
skin of body,unknown,2368,0.0035122848391809613,
breast,regulatory T cell,2365,0.0010044987954509158,oxidative_stress_cell
colon,T cell,2354,0.0035090177582534215,oxidative_stress_cell
pancreas,mesenchymal stem cell,2342,0.005508501485319679,
lung,respiratory tract suprabasal cell,2329,0.0007396402725077394,
lung,endothelial cell of arteriole,2326,0.0007386875370772872,oxidative_stress_cell
blood,unswitched memory B cell,2323,0.00016805735393081304,oxidative_stress_cell
stomach,B cell,2311,0.008129251939975095,oxidative_stress_cell
central nervous system,mesenchyme condensation cell,2307,0.0031055106323691936,
ureter,epithelial cell,2306,0.05273508964507867,oxidative_stress_cell
breast,mural cell,2303,0.0009781652118069596,
large intestine,gut absorptive cell,2302,0.012404086559186137,
mucosa,endothelial cell of artery,2301,0.025159089418093552,oxidative_stress_cell
colon,mesothelial cell,2287,0.003409143421038902,
liver,"CD16-negative, CD56-bright natural killer cell, human",2281,0.002385918374604875,
nose,naive B cell,2281,0.009608377527938432,oxidative_stress_cell
adipose tissue,myeloid lineage restricted progenitor cell,2280,0.0049781442002436675,
esophagus,keratinocyte,2277,0.013597439357928556,oxidative_stress_cell
bone marrow,"CD4-positive, alpha-beta thymocyte",2275,0.002995147203256614,
stomach,T-helper 17 cell,2255,0.007932264441645971,
heart,mononuclear phagocyte,2254,0.0011482208435195057,
small intestine,dendritic cell,2249,0.0018940685924013236,oxidative_stress_cell
heart,monocyte,2245,0.0011436361107814066,oxidative_stress_cell
large intestine,"activated CD4-positive, alpha-beta T cell",2236,0.012048452452797655,oxidative_stress_cell
small intestine,type EC enteroendocrine cell,2234,0.001881435853901537,
respiratory system,respiratory tract hillock cell,2226,0.004303977602301642,
prostate gland,smooth muscle cell of prostate,2218,0.02546352103782791,
lung,fetal pre-type II pulmonary alveolar epithelial cell,2216,0.0007037539046273725,oxidative_stress_cell
small intestine,"activated CD8-positive, alpha-beta T cell",2214,0.0018645922025684884,oxidative_stress_cell
lymph node,"activated CD4-positive, alpha-beta T cell",2196,0.0023884467047919026,oxidative_stress_cell
respiratory system,elicited macrophage,2194,0.004242105507389848,oxidative_stress_cell
mucosa,mast cell,2194,0.023989153491220015,oxidative_stress_cell
bladder organ,"CD4-positive, alpha-beta T cell",2189,0.029019129558681214,oxidative_stress_cell
large intestine,secretory cell,2174,0.011714371928614535,
kidney,fibroblast,2171,0.0032991464161483417,oxidative_stress_cell
bone marrow,plasmacytoid dendritic cell,2162,0.0028463772542596916,oxidative_stress_cell
lung,immature innate lymphoid cell,2158,0.0006853343529719629,
brain,committed oligodendrocyte precursor,2154,0.00011618228882453136,microglia_activated
bone marrow,monocyte,2151,0.002831895223826363,oxidative_stress_cell
kidney,"CD8-positive, alpha-beta T cell",2151,0.003268753542669315,oxidative_stress_cell
intestine,innate lymphoid cell,2144,0.007592605708619591,
scalp,hair follicular keratinocyte,2144,0.707824364476725,oxidative_stress_cell
skin of body,chondrocyte,2139,0.0031726255367432754,
lamina propria,mast cell,2123,0.08962722168277959,oxidative_stress_cell
breast,"activated CD4-positive, alpha-beta T cell",2123,0.0009017128721954733,oxidative_stress_cell
esophagogastric junction,foveolar cell of stomach,2114,0.16553128181035157,
lung,secondary crest myofibroblast,2111,0.0006704081645615448,oxidative_stress_cell
fallopian tube,fallopian tube secretory epithelial cell,2108,0.009861296283301757,oxidative_stress_cell
mucosa,vascular associated smooth muscle cell,2107,0.023037897176846203,
liver,endothelial cell of periportal hepatic sinusoid,2097,0.002193454989717853,oxidative_stress_cell
blood,"Axl+ dendritic cell, human",2095,0.00015156270188766824,oxidative_stress_cell
heart,microcirculation associated smooth muscle cell,2088,0.0010636579952390097,
colon,leukocyte,2088,0.0031125017328942836,
intestine,glial cell,2087,0.007390750053119909,
small intestine,peripheral nervous system neuron,2083,0.0017542662863370196,neuron_stressed
blood,"CD4-positive, CD25-positive, alpha-beta regulatory T cell",2082,0.00015062221734134858,oxidative_stress_cell
prostate gland,stem cell,2079,0.02386774582400551,
colon,colon goblet cell,2075,0.003093123130151168,oxidative_stress_cell
liver,small pre-B-II cell,2066,0.0021610290933510175,
respiratory system,alveolar type 1 fibroblast cell,2054,0.003971415092150751,oxidative_stress_cell
embryo,glial cell,2052,0.005123019885406134,
lung,tracheobronchial serous cell,2044,0.0006491304066147786,
small intestine,paneth cell of epithelium of small intestine,2036,0.0017146837057043552,gut_fermentative_microbe
respiratory system,"effector memory CD8-positive, alpha-beta T cell",2031,0.0039269445239329,oxidative_stress_cell
urinary bladder,smooth muscle cell,2028,0.06797613461151707,
central nervous system,Schwann cell precursor,2028,0.0027299417262439205,
nose,"CD8-positive, alpha-beta memory T cell",2024,0.008525802769200959,oxidative_stress_cell
liver,conventional dendritic cell,2023,0.0021160512371002464,oxidative_stress_cell
small intestine,T follicular helper cell,2022,0.001702893149771221,
bone marrow,B cell,2020,0.0026594274068476305,oxidative_stress_cell
eye,endothelial cell of artery,2019,0.00025862864052796623,oxidative_stress_cell
liver,pro-B cell,2019,0.0021118672504722674,oxidative_stress_cell
mucosa,macrophage,2012,0.0219991690174725,oxidative_stress_cell
colon,plasmacytoid dendritic cell,1995,0.002973870190193533,oxidative_stress_cell
lymph node,"effector memory CD8-positive, alpha-beta T cell, terminally differentiated",1979,0.0021524298856025388,oxidative_stress_cell
brain,extracellular matrix secreting cell,1971,0.00010631164868762828,
lung,cycling pulmonary alveolar type 2 cell,1968,0.0006249944423766557,
stomach,squamous epithelial cell,1956,0.006880491905924399,oxidative_stress_cell
spleen,immature innate lymphoid cell,1950,0.003375588780581536,
lymph node,alpha-beta T cell,1949,0.0021198008322583874,oxidative_stress_cell
spleen,stromal cell,1948,0.003372126638242478,oxidative_stress_cell
reproductive system,monocyte,1945,0.0053371750017150305,oxidative_stress_cell
prostate gland,endocrine cell,1939,0.022260490212961368,
lung,mesothelial cell,1934,0.0006141967741648638,
bladder organ,epithelial cell,1923,0.025492821444195513,oxidative_stress_cell
placenta,pericyte,1922,0.0036897889601975055,oxidative_stress_cell
testis,primordial germ cell,1912,0.09226018143215596,
musculature,adipocyte,1910,0.0032768716341295616,adipocyte_lipolytic
prostate gland,macrophage,1906,0.02188163710464382,oxidative_stress_cell
respiratory system,memory B cell,1898,0.0036697886294557577,oxidative_stress_cell
adipose tissue,lymphocyte,1898,0.004144086707044948,
small intestine,monocyte,1890,0.0015917250509730999,oxidative_stress_cell
respiratory system,endothelial cell of lymphatic vessel,1889,0.0036523871027618155,oxidative_stress_cell
nose,B cell,1884,0.00793607332864358,oxidative_stress_cell
heart,CD14-positive monocyte,1883,0.000959227971760084,oxidative_stress_cell
heart,mature NK T cell,1881,0.0009582091422627286,oxidative_stress_cell
large intestine,T cell,1880,0.01013018363652039,oxidative_stress_cell
hindlimb,chondroblast,1877,0.021581658464793266,
lung,CD4-positive helper T cell,1876,0.0005957772225094544,oxidative_stress_cell
respiratory system,respiratory tract suprabasal cell,1872,0.003619517552339925,
exocrine gland,endothelial cell of vascular tree,1871,0.009694099604153282,oxidative_stress_cell
liver,fibroblast,1871,0.001957059745237054,oxidative_stress_cell
fallopian tube,perivascular cell,1865,0.00872453395083386,
spinal cord,microglial cell,1864,0.03746281855454619,microglia_activated
kidney,kidney collecting duct alpha-intercalated cell,1855,0.0028189390151797207,
large intestine,"CD8-positive, alpha-beta memory T cell",1844,0.009936201396672126,oxidative_stress_cell
nervous system,sensory neuron of dorsal root ganglion,1837,1.0,neuron_stressed
intestine,intestinal tuft cell,1833,0.006491252921595014,oxidative_stress_cell
intestine,mesenchymal stem cell,1828,0.006473546285147673,
lymph node,follicular B cell,1828,0.001988196983770309,oxidative_stress_cell
stomach,T follicular helper cell,1827,0.006426717132987667,
small intestine,neural crest cell,1825,0.0015369831841406916,oxidative_stress_cell
respiratory system,basal cell of epithelium of trachea,1824,0.003526709409972235,
lung,bronchus fibroblast of lung,1806,0.0005735467291322359,oxidative_stress_cell
immune system,centroblast,1806,0.03621125235593696,
kidney,dendritic cell,1802,0.0027383979004603,oxidative_stress_cell
spleen,IgG plasma cell,1799,0.0031141970339826582,oxidative_stress_cell
brain,eye photoreceptor cell,1797,9.692644986893354e-05,
lymph node,mast cell,1792,0.0019490421197573269,oxidative_stress_cell
stomach,monocyte,1791,0.00630008231263323,oxidative_stress_cell
spinal cord,GABAergic neuron,1790,0.0359755607363936,neuron_stressed
adrenal gland,blood vessel endothelial cell,1785,0.004076375519823517,oxidative_stress_cell
brain,vein endothelial cell,1781,9.606344308100759e-05,oxidative_stress_cell
spinal cord,central nervous system macrophage,1777,0.03571428571428571,oxidative_stress_cell
tendon of semitendinosus,fast muscle cell,1774,0.1684230513623849,
skin of body,inflammatory macrophage,1773,0.0026297639442009477,oxidative_stress_cell
ovary,T cell,1772,0.010125598564587833,oxidative_stress_cell
respiratory system,fibroblast of lung,1771,0.0034242337527745767,oxidative_stress_cell
placenta,endothelial cell of lymphatic vessel,1761,0.0033807067424078082,oxidative_stress_cell
liver,lymphocyte,1758,0.0018388621229966549,
breast,subcutaneous adipocyte,1756,0.0007458350464320543,adipocyte_lipolytic
central nervous system,fibroblast of choroid plexus,1753,0.002359757320564888,oxidative_stress_cell
small intestine,mesothelial cell,1742,0.0014670820311085396,
small intestine,intestinal crypt stem cell,1741,0.0014662398485418872,gut_fermentative_microbe
endocrine gland,neuro-medullary thymic epithelial cell,1741,0.002482695285873592,oxidative_stress_cell
lung,adventitial fibroblast,1741,0.0005529041281391045,oxidative_stress_cell
uterus,unknown,1739,0.005649956138925891,
colon,unknown,1732,0.002581826150082806,
adipose tissue,neuron associated cell,1728,0.0037729092886057266,neuron_stressed
fallopian tube,stratified epithelial cell,1726,0.008074287184525063,oxidative_stress_cell
bone marrow,class switched memory B cell,1724,0.002269729133368968,oxidative_stress_cell
skin of body,group 3 innate lymphoid cell,1724,0.0025570857528496526,
bone marrow,hematopoietic precursor cell,1720,0.002264462940484121,
blood,common lymphoid progenitor,1706,0.00012342051046317995,
spleen,non-classical monocyte,1705,0.0029514763440469326,oxidative_stress_cell
small intestine,tuft cell,1704,0.001435079093575747,oxidative_stress_cell
lung,brush cell of tracheobronchial tree,1702,0.0005405185675432256,
liver,group 3 innate lymphoid cell,1699,0.0017771483202339686,
kidney,kidney interstitial alternatively activated macrophage,1696,0.002577315671021459,oxidative_stress_cell
liver,inflammatory macrophage,1695,0.0017729643336059898,oxidative_stress_cell
exocrine gland,progenitor cell of mammary luminal epithelium,1694,0.008777020165385173,
lung,naive B cell,1694,0.0005379779397286864,oxidative_stress_cell
skin of body,plasmacytoid dendritic cell,1693,0.0025111056726069966,oxidative_stress_cell
spinal cord,erythroid lineage cell,1684,0.03384516440228314,
tendon of semitendinosus,skeletal muscle fiber,1684,0.15987847716699896,
embryo,neural crest cell,1680,0.00419428528629742,oxidative_stress_cell
endocrine gland,"CD8-positive, alpha-beta memory T cell",1678,0.0023928562261320433,oxidative_stress_cell
testis,mesenchymal stem cell,1677,0.0809206716850029,
eye,secondary lens fiber,1677,0.00021481933143407595,
bone marrow,early lymphoid progenitor,1671,0.002199952077644748,
eye,myeloid leukocyte,1668,0.00021366645487897357,
breast,lymphocyte,1667,0.0007080336118463749,
respiratory system,bronchial goblet cell,1662,0.00321348192948128,oxidative_stress_cell
lung,mucus secreting cell,1653,0.0005249572221791727,
bladder organ,mast cell,1644,0.021794174963212388,oxidative_stress_cell
small intestine,interstitial cell of Cajal,1637,0.0013786528616100341,
spleen,mature B cell,1635,0.002830301362179903,oxidative_stress_cell
small intestine,group 3 innate lymphoid cell,1635,0.0013769684964767292,
central nervous system,T cell,1632,0.0021968761820661134,oxidative_stress_cell
skin of body,suprabasal keratinocyte,1629,0.002416179055331835,oxidative_stress_cell
prostate gland,secretory cell,1620,0.018598243499225075,
spleen,"CD8-alpha alpha positive, gamma-delta intraepithelial T cell",1620,0.0028043352946369683,oxidative_stress_cell
breast,mast cell,1618,0.0006872215860632482,oxidative_stress_cell
blood,naive T cell,1616,0.00011690946360404386,oxidative_stress_cell
eye,"CD4-positive, alpha-beta T cell",1615,0.0002068772929433707,oxidative_stress_cell
colon,enteroendocrine cell,1609,0.0023984747548979417,
bone marrow,small pre-B-II cell,1608,0.0021170095397084108,
lung,mucosal invariant T cell,1598,0.0005074904059542153,oxidative_stress_cell
mucosa,B cell,1597,0.017461567058103172,oxidative_stress_cell
lung,large pre-B-II cell,1591,0.0005052673566164935,
respiratory system,"effector CD4-positive, alpha-beta T cell",1591,0.003076203218895738,oxidative_stress_cell
skin of body,mesenchymal stem cell,1588,0.002355366691139935,
tongue,"CD4-positive, alpha-beta T cell",1587,0.04095061154977551,oxidative_stress_cell
stomach,"CD8-positive, alpha-beta T cell",1586,0.005578967363392687,oxidative_stress_cell
pancreas,pancreatic PP cell,1583,0.003723295410444514,
lymph node,stromal cell of pancreas,1582,0.0017206387463482651,oxidative_stress_cell
kidney,kidney capillary endothelial cell,1580,0.002401037004843104,oxidative_stress_cell
adrenal gland,enterocyte,1580,0.0036082203480790795,oxidative_stress_cell
colon,natural killer cell,1579,0.0023537549024138286,
respiratory system,plasma cell,1575,0.003045267171439841,oxidative_stress_cell
central nervous system,retinal astrocyte,1572,0.0021161086753725064,microglia_activated
lymph node,fibroblast,1572,0.0017097623952335478,oxidative_stress_cell
lymph node,"central memory CD8-positive, alpha-beta T cell",1569,0.0017064994898991328,oxidative_stress_cell
vasculature,lymphocyte,1565,0.011252516537244751,
liver,"effector memory CD8-positive, alpha-beta T cell, terminally differentiated",1561,0.0016328007815687021,oxidative_stress_cell
liver,blood vessel endothelial cell,1558,0.001629662791597718,oxidative_stress_cell
central nervous system,neuroblast (sensu Vertebrata),1554,0.0020918784233644244,neuron_stressed
small intestine,"naive thymus-derived CD8-positive, alpha-beta T cell",1552,0.0013070673434445773,oxidative_stress_cell
large intestine,macrophage,1549,0.00834662470902664,oxidative_stress_cell
stomach,memory T cell,1548,0.005445297275240782,oxidative_stress_cell
prostate gland,prostate gland microvascular endothelial cell,1547,0.01776017450203777,oxidative_stress_cell
nose,"CD8-positive, alpha-beta T cell",1541,0.006491236199278003,oxidative_stress_cell
eye,eye photoreceptor cell,1536,0.00019675759873747208,
tongue,fibroblast,1531,0.03950559942199515,oxidative_stress_cell
small intestine,gut endothelial cell,1531,0.0012893815095448762,oxidative_stress_cell
stomach,parietal cell,1530,0.005381979865063564,
hindlimb,muscle cell,1527,0.017557374787287864,
yolk sac,endothelial cell,1525,0.02689309773216238,oxidative_stress_cell
pancreas,myeloid cell,1519,0.003572764199914856,
digestive system,myeloid cell,1515,0.020985704787234043,
ovary,primordial germ cell,1514,0.008651329699089154,
kidney,renal beta-intercalated cell,1510,0.002294661947666511,
esophagus,blood vessel endothelial cell,1498,0.00894552663951558,oxidative_stress_cell
bone marrow,mucosal invariant T cell,1498,0.001972189235375124,oxidative_stress_cell
liver,mast cell,1494,0.0015627190055500582,oxidative_stress_cell
respiratory system,alternatively activated macrophage,1489,0.0028789859163643955,oxidative_stress_cell
urinary bladder,umbrella cell of urothelium,1489,0.049909499229067504,
skin of body,"CD8-positive, alpha-beta T cell",1481,0.002196661252883025,oxidative_stress_cell
colon,intestinal crypt stem cell,1480,0.0022061793892162547,gut_fermentative_microbe
forelimb,chondroblast,1479,0.03793961470384526,
blood,"plasmacytoid dendritic cell, human",1470,0.00010634709869922306,oxidative_stress_cell
lung,smooth muscle cell of the pulmonary artery,1470,0.0004668403609215873,
lung,group 1 innate lymphoid cell,1469,0.0004665227824447699,
respiratory system,chondrocyte,1467,0.0028364488511125377,
gallbladder,macrophage,1467,0.0740909090909091,oxidative_stress_cell
bone marrow,common dendritic progenitor,1467,0.0019313762405175614,oxidative_stress_cell
lymph node,"CD16-positive, CD56-dim natural killer cell, human",1467,0.001595560708529017,
placenta,endothelial cell of vascular tree,1464,0.0028105364400255713,oxidative_stress_cell
heart,cardiac neuron,1463,0.0007452737773154556,neuron_stressed
colon,vein endothelial cell,1460,0.002176366154226846,oxidative_stress_cell
small intestine,intestinal crypt stem cell of small intestine,1460,0.0012295865473125533,gut_fermentative_microbe
brain,mucosa-associated lymphoid tissue macrophage,1460,7.874936939824317e-05,oxidative_stress_cell
nose,serous secreting cell,1460,0.0061500355943840904,
intestine,endothelial cell of vascular tree,1459,0.005166796515333947,oxidative_stress_cell
respiratory system,conventional dendritic cell,1455,0.002813246815520615,oxidative_stress_cell
large intestine,tuft cell of colon,1452,0.0078239503405466,oxidative_stress_cell
colon,tuft cell,1451,0.002162950198481612,oxidative_stress_cell
colon,monocyte,1450,0.0021614595367321415,oxidative_stress_cell
uterus,ciliated epithelial cell,1447,0.004701257350791124,oxidative_stress_cell
stomach,natural T-regulatory cell,1443,0.005075945715873675,
lung,respiratory tract goblet cell,1440,0.0004573130066170651,oxidative_stress_cell
digestive system,intestinal epithelial cell,1438,0.01991910460992908,oxidative_stress_cell
digestive system,lymphocyte,1432,0.019835992907801418,
embryo,syncytiotrophoblast cell,1430,0.0035701356901222084,oxidative_stress_cell
colon,"activated CD8-positive, alpha-beta T cell",1422,0.002119721007746969,oxidative_stress_cell
lymph node,conventional dendritic cell,1421,0.0015455294934013178,oxidative_stress_cell
immune system,"central memory CD4-positive, alpha-beta T cell",1420,0.028471748806993623,oxidative_stress_cell
uterus,epithelial cell of uterus,1417,0.004603788297215634,oxidative_stress_cell
bone marrow,early promyelocyte,1416,0.0018642322812357649,
kidney,mature NK T cell,1416,0.002151815442315086,oxidative_stress_cell
small intestine,enterocyte of epithelium proper of small intestine,1415,0.0011916883318131939,oxidative_stress_cell
kidney,stromal cell,1409,0.0021411779365974265,oxidative_stress_cell
esophagus,mesenchymal cell,1409,0.008414050090171864,
breast,Tc1 cell,1408,0.0005980271898498476,
lung,neuroendocrine cell of epithelium of lobar bronchus,1407,0.00044683291688209074,
lung,lung goblet cell,1407,0.00044683291688209074,oxidative_stress_cell
skin of body,"naive thymus-derived CD8-positive, alpha-beta T cell",1405,0.0020839358948687714,oxidative_stress_cell
stomach,gastrointestinal tract (lamina propria) macrophage,1404,0.0049387579938230345,oxidative_stress_cell
liver,proerythroblast,1400,0.001464395319792558,
eye,ganglion interneuron,1398,0.00017908015822590232,neuron_stressed
musculature,mast cell,1397,0.002396748519831936,oxidative_stress_cell
placenta,endothelial cell,1392,0.0026723133364177564,oxidative_stress_cell
brain,Schwann cell,1391,7.50276526253125e-05,
pancreas,pancreatic epsilon cell,1391,0.0032717017788555396,
colon,neuron,1387,0.002067547846515504,neuron_stressed
forelimb,skeletal muscle myoblast,1379,0.035374393966600824,
musculature,lymphocyte,1379,0.002365867007049563,
colon,conventional dendritic cell,1377,0.0020526412290207993,oxidative_stress_cell
lymph node,mature NK T cell,1372,0.0014922353729392033,oxidative_stress_cell
reproductive system,erythrocyte,1371,0.003762090965219181,
small intestine,enteric neuron,1362,0.0011470526557806149,neuron_stressed
stomach,capillary endothelial cell,1361,0.004787499736177457,oxidative_stress_cell
respiratory system,"lung resident memory CD8-positive, alpha-beta T cell",1359,0.002627630530785234,oxidative_stress_cell
large intestine,capillary endothelial cell,1359,0.00732282955427192,oxidative_stress_cell
lymph node,CD4-positive helper T cell,1358,0.0014770084813785992,oxidative_stress_cell
adrenal gland,neuron,1355,0.0030943915010425015,neuron_stressed
esophagus,"CD4-positive, alpha-beta T cell",1350,0.008061722939483333,oxidative_stress_cell
eye,acinar cell,1345,0.00017229099629029944,
uterus,"CD8-positive, alpha-beta T cell",1341,0.004356866694824393,oxidative_stress_cell
digestive system,club cell,1338,0.018533909574468085,oxidative_stress_cell
heart,B cell,1334,0.000679559274736034,oxidative_stress_cell
esophagus,endothelial cell of lymphatic vessel,1333,0.007960204946912061,oxidative_stress_cell
lung,basophil,1329,0.00042206179569033306,
small intestine,neural cell,1328,0.0011184184485144321,
large intestine,mast cell,1326,0.007145012501077679,oxidative_stress_cell
liver,granulocyte,1323,0.0013838535772039673,
endocrine gland,erythrocyte,1320,0.0018823422041086397,
bone marrow,lymphocyte,1319,0.00173652710377823,
lamina propria,gamma-delta T cell,1318,0.05564233545826825,oxidative_stress_cell
lung,goblet cell,1317,0.00041825085396852415,oxidative_stress_cell
colon,neural crest cell,1316,0.0019617108623031024,oxidative_stress_cell
musculature,conventional dendritic cell,1312,0.0022509191539151754,oxidative_stress_cell
heart,fetal cardiomyocyte,1310,0.0006673333207677695,
small intestine,blood vessel endothelial cell,1308,0.0011015747971813833,oxidative_stress_cell
lung,"lung resident memory CD4-positive, alpha-beta T cell",1305,0.0004144399122467153,oxidative_stress_cell
large intestine,intestinal crypt stem cell of colon,1304,0.007026467798948185,gut_fermentative_microbe
stomach,enteroendocrine cell,1304,0.004586994603949599,
tendon of semitendinosus,slow muscle cell,1300,0.12342162726668565,
small intestine,tuft cell of small intestine,1290,0.0010864155109816397,oxidative_stress_cell
liver,promyelocyte,1289,0.001348289690866148,
small intestine,endothelial cell of artery,1288,0.0010847311458483347,oxidative_stress_cell
stomach,vein endothelial cell,1287,0.004527194827671116,oxidative_stress_cell
eye,smooth muscle cell of sphincter of pupil,1286,0.00016473324998462832,
prostate gland,endothelial cell,1286,0.01476379082716262,oxidative_stress_cell
blood,IgG-negative class switched memory B cell,1285,9.296328015544329e-05,oxidative_stress_cell
eye,leukocyte,1284,0.00016447705519460556,
musculature,tendon cell,1284,0.0022028812451425953,
brain,hypothalamus cell,1282,6.914841888256695e-05,
bone marrow,osteoclast,1279,0.0016838651749297622,
skin of body,erythrocyte,1279,0.001897049117108298,
fallopian tube,B cell,1278,0.00597852782260894,oxidative_stress_cell
liver,lymphoid lineage restricted progenitor cell,1275,0.0013336457376682224,
bone marrow,plasmablast,1274,0.0016772824338237037,
bladder organ,smooth muscle cell,1273,0.016875903119324433,
endocrine gland,hematopoietic precursor cell,1272,0.0018138933966865072,
nose,dendritic cell,1268,0.0053412637901911145,oxidative_stress_cell
fallopian tube,plasma cell,1267,0.005927069445419035,oxidative_stress_cell
endocrine gland,plasmacytoid dendritic cell,1266,0.0018053372957587408,oxidative_stress_cell
pancreas,erythroblast,1261,0.002965935257467171,
lung,bronchial smooth muscle cell,1259,0.0003998313023131146,
respiratory system,pulmonary artery endothelial cell,1253,0.0024226792163899178,oxidative_stress_cell
musculature,endothelial cell of lymphatic vessel,1253,0.002149696417572953,oxidative_stress_cell
respiratory system,multiciliated epithelial cell,1251,0.002418812210457931,oxidative_stress_cell
tongue,B cell,1250,0.03225473499509728,oxidative_stress_cell
respiratory system,lung pericyte,1246,0.002409144695627963,oxidative_stress_cell
bladder organ,plasma cell,1245,0.016504712791483835,oxidative_stress_cell
skin of body,eurydendroid cell,1244,0.0018451361232859442,
brain,Mueller cell,1238,6.677515021577058e-05,
hindlimb,connective tissue cell,1237,0.014222968311640528,
liver,liver dendritic cell,1236,0.0012928518680454298,oxidative_stress_cell
stomach,endothelial cell of artery,1231,0.004330207329341991,oxidative_stress_cell
eye,diffuse bipolar 4a cell,1231,0.00015768789325900268,
tongue,endothelial cell,1221,0.031506425143211024,oxidative_stress_cell
large intestine,monocyte,1219,0.0065684541770842314,oxidative_stress_cell
eye,diffuse bipolar 5 cell,1217,0.00015589452972884343,
placenta,regulatory T cell,1216,0.002334434638709764,oxidative_stress_cell
brain,L5/6 near-projecting glutamatergic neuron of the primary motor cortex,1215,6.553457795812702e-05,neuron_stressed
brain,cerebellar neuron,1209,6.521095041265478e-05,neuron_stressed
brain,natural killer cell,1207,6.510307456416404e-05,
eye,bipolar neuron,1207,0.00015461355577872968,neuron_stressed
reproductive system,natural killer cell,1205,0.0033065788571036564,
lung,"effector memory CD4-positive, alpha-beta T cell, terminally differentiated",1201,0.000381411750657705,oxidative_stress_cell
small intestine,leukocyte,1200,0.0010106190799829206,
lymph node,classical monocyte,1198,0.0013029868635431236,oxidative_stress_cell
large intestine,mature NK T cell,1196,0.006444521079403397,oxidative_stress_cell
kidney,vasa recta ascending limb cell,1195,0.0018159741903718417,oxidative_stress_cell
large intestine,colonocyte,1194,0.006433744288300716,
gallbladder,goblet cell,1192,0.0602020202020202,oxidative_stress_cell
ovary,mononuclear phagocyte,1190,0.006799922286602439,
esophagus,B cell,1188,0.007094316186745333,oxidative_stress_cell
skin of body,stem cell of epidermis,1187,0.0017605921047752539,
liver,innate lymphoid cell,1187,0.0012415980318526902,
reproductive system,conventional dendritic cell,1186,0.0032544419290663376,oxidative_stress_cell
testis,Sertoli cell,1186,0.05722833429839799,
bladder organ,pericyte,1184,0.01569604814868824,oxidative_stress_cell
nose,pulmonary ionocyte,1178,0.004962152006975657,
spleen,myeloid cell,1178,0.0020392018377051535,
liver,mature NK T cell,1174,0.0012280000753117594,oxidative_stress_cell
bone marrow,neutrophil progenitor cell,1172,0.0015429945152601104,oxidative_stress_cell
lung,erythrocyte,1169,0.000371249239399548,
kidney,kidney connecting tubule principal cell,1168,0.0017749438111751557,
lymph node,monocyte,1168,0.0012703578101989719,oxidative_stress_cell
spleen,immature B cell,1162,0.0020115046989926896,oxidative_stress_cell
esophagus,dendritic cell,1158,0.006915166788090148,oxidative_stress_cell
respiratory system,ionocyte,1156,0.0022351294286885436,
kidney,kidney loop of Henle cortical thick ascending limb epithelial cell,1156,0.0017567080870877396,oxidative_stress_cell
placenta,trophoblast giant cell,1156,0.002219248719036585,oxidative_stress_cell
vasculature,pericyte,1155,0.008304572907679034,oxidative_stress_cell
lung,blood vessel smooth muscle cell,1154,0.0003664855622472869,
forelimb,primitive red blood cell,1154,0.029602647307800836,
large intestine,epithelial cell,1153,0.00621282007069575,oxidative_stress_cell
bone marrow,late promyelocyte,1144,0.001506131165066183,
colon,tuft cell of colon,1143,0.0017038263796447157,oxidative_stress_cell
respiratory system,"naive thymus-derived CD4-positive, alpha-beta T cell",1143,0.0022099938901306276,oxidative_stress_cell
skin of body,Merkel cell,1140,0.0016908803702138074,
prostate gland,skin fibroblast,1139,0.013076172435566271,oxidative_stress_cell
large intestine,glandular secretory epithelial cell,1139,0.0061373825329769805,oxidative_stress_cell
liver,intrahepatic cholangiocyte,1139,0.0011913901923169454,
digestive system,endothelial cell of vascular tree,1131,0.01566655585106383,oxidative_stress_cell
nose,CD1c-positive myeloid dendritic cell,1122,0.0047262602307527055,oxidative_stress_cell
central nervous system,mesothelial cell of dura mater,1117,0.0015036217496126525,
small intestine,enteroendocrine cell of small intestine,1116,0.0009398757443841162,
vasculature,"CD8-positive, alpha-beta T cell",1116,0.008024158757549612,oxidative_stress_cell
lung,mucus secreting cell of tracheobronchial tree submucosal gland,1115,0.00035410000165140806,
pleura,neutrophil,1114,0.05656257933485656,oxidative_stress_cell
hindlimb,smooth muscle cell,1114,0.012808720047831486,
placenta,dendritic cell,1114,0.0021386185752653598,oxidative_stress_cell
small intestine,alpha-beta T cell,1112,0.0009365070141175064,oxidative_stress_cell
tongue,"CD8-positive, alpha-beta T cell",1107,0.028564793311658152,oxidative_stress_cell
spleen,conventional dendritic cell,1106,0.0019145647134990661,oxidative_stress_cell
respiratory system,ciliated epithelial cell,1104,0.002134587274456879,oxidative_stress_cell
endocrine gland,myo-medullary thymic epithelial cell,1100,0.0015686185034238663,oxidative_stress_cell
colon,IgG plasma cell,1100,0.0016397279244174867,oxidative_stress_cell
spleen,plasmacytoid dendritic cell,1098,0.0019007161441428342,oxidative_stress_cell
hindlimb,vein endothelial cell,1095,0.012590258933909764,oxidative_stress_cell
colon,myeloid leukocyte,1094,0.001630783953920664,
small intestine,"central memory CD4-positive, alpha-beta T cell",1093,0.0009205055453511101,oxidative_stress_cell
liver,B-2 B cell,1090,0.0011401363561242058,oxidative_stress_cell
respiratory system,tracheobronchial goblet cell,1090,0.0021075182329329694,oxidative_stress_cell
liver,fraction A pre-pro B cell,1083,0.001132814379525243,oxidative_stress_cell
eye,classical monocyte,1080,0.00013834518661228506,oxidative_stress_cell
breast,IgG plasma cell,1076,0.00045701509678866195,oxidative_stress_cell
stomach,"CD16-positive, CD56-dim natural killer cell, human",1075,0.003781456441139432,
small intestine,germinal center B cell,1074,0.0009045040765847139,oxidative_stress_cell
adrenal gland,fibroblast,1073,0.002450392679423324,oxidative_stress_cell
eye,stromal cell,1071,0.00013719231005718268,oxidative_stress_cell
liver,promonocyte,1070,0.0011192164229843122,oxidative_stress_cell
musculature,naive T cell,1070,0.0018357343709521628,oxidative_stress_cell
intestine,endothelial cell,1070,0.0037892201997308593,oxidative_stress_cell
hindlimb,Schwann cell,1068,0.012279814193073633,
adipose tissue,myofibroblast cell,1066,0.0023275007532718196,oxidative_stress_cell
lung,"myeloid dendritic cell, human",1064,0.00033790349933372033,oxidative_stress_cell
colon,"CD8-alpha-beta-positive, alpha-beta intraepithelial T cell",1063,0.0015845734396870803,oxidative_stress_cell
small intestine,"CD16-positive, CD56-dim natural killer cell, human",1062,0.0008943978857848847,
adrenal gland,"CD4-positive, alpha-beta T cell",1059,0.002418421106718826,oxidative_stress_cell
heart,"activated CD4-positive, alpha-beta T cell",1047,0.0005333572418655379,oxidative_stress_cell
immune system,"CD8-positive, alpha-beta cytotoxic T cell",1043,0.020912700004010104,oxidative_stress_cell
central nervous system,perivascular cell,1040,0.0013999701160225234,
lymph node,gamma-delta T cell,1039,0.0011300528808191198,oxidative_stress_cell
blood,double negative T regulatory cell,1037,7.502172881026824e-05,
pancreas,glial cell,1036,0.0024367239704488415,
central nervous system,meningeal macrophage,1036,0.001394585615576283,oxidative_stress_cell
uterus,pericyte,1033,0.003356184411449365,oxidative_stress_cell
eye,lens fiber cell,1033,0.0001323246090467504,
breast,"activated CD8-positive, alpha-beta T cell",1032,0.00043832674710585424,oxidative_stress_cell
mucosa,conventional dendritic cell,1031,0.01127293402436091,oxidative_stress_cell
spleen,mature NK T cell,1029,0.0017812722334453336,oxidative_stress_cell
uterus,capillary endothelial cell,1029,0.0033431885376392994,oxidative_stress_cell
adipose tissue,natural killer cell,1022,0.0022314313037934334,
respiratory system,acinar cell,1022,0.001976040031245408,
nose,"CD4-positive, alpha-beta memory T cell",1021,0.004300812562922025,oxidative_stress_cell
heart,neutrophil,1019,0.0005190936289025627,oxidative_stress_cell
respiratory system,T cell,1016,0.0019644390134494465,oxidative_stress_cell
small intestine,innate lymphoid cell,1012,0.000852288757452263,
kidney,kidney loop of Henle descending limb epithelial cell,1011,0.0015363597543647965,oxidative_stress_cell
esophagus,mast cell,1010,0.006031363088057901,oxidative_stress_cell
blood,progenitor cell,1005,7.270668992701984e-05,
adipose tissue,myeloid cell,1002,0.0021877633722123483,
lymph node,germinal center B cell,1000,0.0010876351114717225,oxidative_stress_cell
lung,immature B cell,999,0.00031726089834058896,oxidative_stress_cell
pancreas,type A enteroendocrine cell,998,0.002347346064196857,
stomach,endothelial cell,996,0.0035035633631394177,oxidative_stress_cell
breast,non-classical monocyte,996,0.000423036279183557,oxidative_stress_cell
colon,BEST4+ colonocyte,992,0.0014787364554746788,
bone marrow,mast cell,991,0.001304699287220793,oxidative_stress_cell
uterus,luminal endometrial multiciliated epithelial cell,990,0.003216478767991163,oxidative_stress_cell
blood,immature B cell,990,7.162151545049716e-05,oxidative_stress_cell
uterus,stromal cell,986,0.0032034828941810973,oxidative_stress_cell
musculature,neural cell,983,0.0016864737258373609,
small intestine,erythroblast,983,0.0008278654630193424,
hindlimb,pericyte,982,0.011290990203743734,oxidative_stress_cell
adrenal gland,Schwann cell,981,0.002240293773079479,
small intestine,neuron,980,0.0008253389153193851,neuron_stressed
esophagus,glandular cell of esophagus,978,0.005840270396159037,
liver,immature B cell,978,0.0010229847305408012,oxidative_stress_cell
kidney,non-classical monocyte,977,0.0014846918694504513,oxidative_stress_cell
blood,"dendritic cell, human",975,7.053634097397448e-05,oxidative_stress_cell
central nervous system,smooth muscle cell,973,0.0013097797335479954,
mucosa,basal-myoepithelial cell of mammary gland,973,0.0106387631481117,oxidative_stress_cell
exocrine gland,T cell,971,0.005030983813806968,oxidative_stress_cell
esophagus,Schwann cell,970,0.005792497223184321,
kidney,peritubular capillary endothelial cell,970,0.001474054363732792,oxidative_stress_cell
exocrine gland,vascular associated smooth muscle cell,969,0.005020621334272865,
exocrine gland,striated cell of salivary gland,968,0.005015440094505813,
esophagus,contractile cell,965,0.005762638990075123,
esophagus,endothelial cell,964,0.005756667343453284,oxidative_stress_cell
colon,large intestine goblet cell,961,0.001432525941241095,oxidative_stress_cell
small intestine,IgG plasma cell,961,0.0008093374465529888,oxidative_stress_cell
ureter,mature NK T cell,960,0.021953896816684963,oxidative_stress_cell
skin of body,B-2 B cell,959,0.0014224160307324924,oxidative_stress_cell
central nervous system,embryonic blood vessel endothelial progenitor cell,956,0.0012868956066514733,oxidative_stress_cell
stomach,neutrophil,954,0.003355822739392575,oxidative_stress_cell
forelimb,tendon cell,952,0.024420901418567068,
vasculature,capillary endothelial cell,952,0.006844981305723325,oxidative_stress_cell
lymph node,immature innate lymphoid cell,951,0.0010343409910096083,
large intestine,stromal cell,947,0.00510281058711958,oxidative_stress_cell
small intestine,motor neuron,943,0.0007941781603532451,neuron_stressed
pancreas,B cell,940,0.0022109271546543545,oxidative_stress_cell
colon,enteroglial cell,937,0.0013967500592538045,
eye,"CD8-positive, alpha-beta T cell",936,0.00011989916173064705,oxidative_stress_cell
musculature,perineurial cell,934,0.0016024073854853458,
sensory system,stromal cell,933,0.38923654568210264,oxidative_stress_cell
adrenal gland,megakaryocyte,931,0.0021261095848491285,
lung,nasal mucosa goblet cell,925,0.00029376009105610087,oxidative_stress_cell
colon,follicular B cell,925,0.0013788621182601593,oxidative_stress_cell
brain,cerebellum glutamatergic neuron,923,4.9784704078478384e-05,neuron_stressed
kidney,glomerular capillary endothelial cell,920,0.0013980721800352254,oxidative_stress_cell
uterus,myometrial cell,917,0.002979304070957471,
musculature,naive B cell,916,0.001571525872702973,oxidative_stress_cell
spinal cord,capillary endothelial cell,915,0.018389741940670473,oxidative_stress_cell
central nervous system,monocyte,915,0.0012317044770775085,oxidative_stress_cell
digestive system,regulatory T cell,914,0.012660682624113476,oxidative_stress_cell
placenta,smooth muscle cell,914,0.0017546655096880956,
brain,L3 intratelencephalic projecting glutamatergic neuron,912,4.919138691177929e-05,neuron_stressed
blood,T follicular helper cell,911,6.590626320747769e-05,
small intestine,type L enteroendocrine cell,908,0.0007647017705204099,
musculature,mature neutrophil,906,0.001554369476712766,oxidative_stress_cell
respiratory system,plasmacytoid dendritic cell,904,0.001747886681258169,oxidative_stress_cell
bladder organ,endothelial cell,903,0.011970888072859358,oxidative_stress_cell
respiratory system,tracheobronchial smooth muscle cell,903,0.0017459531782921755,
spleen,"effector memory CD4-positive, alpha-beta T cell, terminally differentiated",902,0.0015614261949151516,oxidative_stress_cell
lung,myoepithelial cell,898,0.0002851854721820309,oxidative_stress_cell
large intestine,enterocyte of epithelium of large intestine,898,0.004838779205103888,oxidative_stress_cell
digestive system,endothelial cell,895,0.012397495567375887,oxidative_stress_cell
blood,pre-conventional dendritic cell,894,6.467639880075199e-05,oxidative_stress_cell
uterus,"CD8-positive, alpha-beta memory T cell",893,0.002901328828097079,oxidative_stress_cell
bladder organ,stromal cell,889,0.011785292908939059,oxidative_stress_cell
stomach,type EC enteroendocrine cell,889,0.003127176535974842,
blood,hematopoietic stem cell,889,6.431467397524442e-05,
small intestine,mucosal invariant T cell,886,0.0007461737540540563,oxidative_stress_cell
blood,"double-positive, alpha-beta thymocyte",880,6.366356928933081e-05,
spinal cord,mural cell,879,0.017666211110217864,
exocrine gland,plasma cell,876,0.004538766035937079,oxidative_stress_cell
omentum,neutrophil,876,0.06532925646953539,oxidative_stress_cell
bladder organ,T cell,875,0.011599697745018758,oxidative_stress_cell
respiratory system,goblet cell,875,0.0016918150952443562,oxidative_stress_cell
small intestine,IgM plasma cell,874,0.0007360675632542271,oxidative_stress_cell
central nervous system,GABAergic neuron,872,0.0011738210972804235,neuron_stressed
brain,epithelial cell,870,4.6925994093473665e-05,oxidative_stress_cell
lung,lung megakaryocyte,869,0.0002759756963543261,
heart,dendritic cell,868,0.000442172001852232,oxidative_stress_cell
spleen,megakaryocyte-erythroid progenitor cell,864,0.0014956454904730499,
musculature,dendritic cell,862,0.0014788813343558545,oxidative_stress_cell
ovary,endothelial cell of lymphatic vessel,859,0.004908515331253357,oxidative_stress_cell
lung,precursor B cell,858,0.00027248233310933466,oxidative_stress_cell
respiratory system,airway submucosal gland duct basal cell,855,0.0016531450359244851,
prostate gland,epithelial cell,855,0.009815739624591011,oxidative_stress_cell
large intestine,enteroglial cell,855,0.004607078196396241,
kidney,capillary endothelial cell,851,0.0012932167665325835,oxidative_stress_cell
colon,innate lymphoid cell,849,0.0012655718253004055,
tongue,salivary gland cell,848,0.021881612220673995,
skin of body,melanocyte of skin,847,0.0012562944505009604,
hindlimb,myoblast,847,0.009738766499563078,
endocrine gland,medullary thymic epithelial cell type 3,847,0.0012078362476363772,oxidative_stress_cell
stomach,pericyte,847,0.0029794359122279988,oxidative_stress_cell
kidney,cytotoxic T cell,842,0.0012795399734670215,oxidative_stress_cell
musculature,erythroid lineage cell,840,0.0014411372631773988,
central nervous system,endothelial cell of artery,840,0.0011307450937104997,oxidative_stress_cell
lung,muscle cell,839,0.0002664483420498039,
lung,hematopoietic cell,838,0.0002661307635729865,
embryo,ependymal cell,837,0.0020896528479946073,
colon,capillary endothelial cell,836,0.00124619322255729,oxidative_stress_cell
lymph node,mucosal invariant T cell,836,0.0009092629531903601,oxidative_stress_cell
milk,neutrophil,835,0.017224307933495605,oxidative_stress_cell
musculature,T cell,834,0.0014308434255832746,oxidative_stress_cell
small intestine,"CD4-positive, CD25-positive, alpha-beta regulatory T cell",834,0.0007023802605881298,oxidative_stress_cell
small intestine,neuroblast (sensu Vertebrata),832,0.0007006958954548249,neuron_stressed
respiratory system,deuterosomal cell,831,0.00160674096474064,
skeletal system,odontoblast,824,0.023855707709678355,
endocrine gland,endothelial cell of lymphatic vessel,824,0.0011750378607466054,oxidative_stress_cell
mucosa,epithelial cell,824,0.009009600034988737,oxidative_stress_cell
bone marrow,professional antigen presenting cell,821,0.0010808860896148044,
liver,cycling myeloid cell,821,0.0008587632553926358,
nose,keratinizing barrier epithelial cell,820,0.003454129580407503,oxidative_stress_cell
esophagus,vein endothelial cell,820,0.004896750229908395,oxidative_stress_cell
blood,"effector memory CD4-positive, alpha-beta T cell, terminally differentiated",819,5.925052641813856e-05,oxidative_stress_cell
endocrine gland,epithelial cell of thymus,813,0.0011593516757123668,oxidative_stress_cell
hindlimb,primitive red blood cell,809,0.009301844271719635,
intestine,myofibroblast cell,806,0.0028543097953112827,oxidative_stress_cell
uterus,mast cell,806,0.002618668572728159,oxidative_stress_cell
liver,"CD8-positive, alpha-beta memory T cell, CD45RO-positive",806,0.0008430733055377155,oxidative_stress_cell
bone marrow,"CD8-positive, alpha-beta thymocyte",806,0.0010611378662966288,
liver,non-classical monocyte,805,0.0008420273088807208,oxidative_stress_cell
small intestine,intestinal tuft cell,805,0.0006779569661552092,oxidative_stress_cell
immune system,CD4-positive helper T cell,804,0.016120623972410476,oxidative_stress_cell
eye,neuron,804,0.00010299030558914554,neuron_stressed
colon,endothelial cell of artery,803,0.0011970013848247652,oxidative_stress_cell
stomach,"naive thymus-derived CD8-positive, alpha-beta T cell",802,0.002821142386784953,oxidative_stress_cell
respiratory system,"CD8-positive, alpha-beta memory T cell",801,0.0015487358757608335,oxidative_stress_cell
respiratory system,respiratory tract goblet cell,800,0.0015468023727948398,oxidative_stress_cell
reproductive system,granulocyte monocyte progenitor cell,800,0.0021952390752555395,oxidative_stress_cell
central nervous system,pinealocyte,797,0.0010728617139134145,
esophagus,"CD8-positive, alpha-beta T cell",797,0.0047594023576060865,oxidative_stress_cell
spleen,vascular associated smooth muscle cell,796,0.0013779326509450783,
liver,"CD8-positive, alpha-beta memory T cell",795,0.000831567342310774,oxidative_stress_cell
spleen,mast cell,794,0.0013744705086060204,oxidative_stress_cell
small intestine,"effector memory CD4-positive, alpha-beta T cell, terminally differentiated",793,0.0006678507753553799,oxidative_stress_cell
stomach,tuft cell,792,0.0027859660477976096,oxidative_stress_cell
milk,T cell,792,0.016337307644704816,oxidative_stress_cell
liver,"naive thymus-derived CD4-positive, alpha-beta T cell",791,0.0008273833556827953,oxidative_stress_cell
liver,vein endothelial cell,790,0.0008263373590258005,oxidative_stress_cell
liver,common lymphoid progenitor,790,0.0008263373590258005,
reproductive system,B cell,788,0.0021623104891267063,oxidative_stress_cell
eye,endothelial cell of vascular tree,787,0.00010081264987395216,oxidative_stress_cell
small intestine,erythrocyte,787,0.0006627976799554654,
liver,late pro-B cell,785,0.0008211073757408271,oxidative_stress_cell
brain,neurectodermal cell,779,4.201764298714481e-05,
large intestine,endothelial cell of artery,777,0.004186783343391671,oxidative_stress_cell
kidney,vasa recta descending limb cell,776,0.0011792434909862336,oxidative_stress_cell
sensory system,pericyte,776,0.3237380058406341,oxidative_stress_cell
small intestine,hematopoietic cell,770,0.000648480576322374,
endocrine gland,conventional dendritic cell,770,0.0010980329523967065,oxidative_stress_cell
liver,myeloid lineage restricted progenitor cell,768,0.0008033254325719175,
breast,mononuclear phagocyte,765,0.0003249224433488163,
breast,fibroblast of breast,762,0.0003236482376886249,oxidative_stress_cell
uterus,myeloid cell,762,0.0024757139608174404,
tendon of semitendinosus,endothelial cell of vascular tree,762,0.07234406152093421,oxidative_stress_cell
large intestine,T follicular helper cell,762,0.004105957410121562,
skin of body,hematopoietic cell,759,0.0011257703517476138,
omentum,macrophage,758,0.056529196808113955,oxidative_stress_cell
bone marrow,T cell,755,0.0009939939070148323,oxidative_stress_cell
esophagus,epithelial cell of stratum germinativum of esophagus,754,0.0045026215528669875,oxidative_stress_cell
lung,pro-B cell,750,0.00023818385761305476,oxidative_stress_cell
placenta,B cell,748,0.0014359844652589667,oxidative_stress_cell
mucosa,mucosal invariant T cell,746,0.008156749546239805,oxidative_stress_cell
endocrine gland,group 3 innate lymphoid cell,740,0.0010552524477578738,
breast,unswitched memory B cell,740,0.00031430406284722103,oxidative_stress_cell
bone marrow,granulocyte,740,0.0009742456836966568,
small intestine,"activated CD4-positive, alpha-beta T cell",737,0.0006206885516228437,oxidative_stress_cell
lung,late pro-B cell,737,0.00023405533741442848,oxidative_stress_cell
bone marrow,preosteoblast,736,0.0009689794908118099,
small intestine,oligodendrocyte precursor cell,736,0.0006198463690561913,microglia_activated
urinary bladder,T cell,736,0.024669839780116644,oxidative_stress_cell
skin of body,smooth muscle cell,733,0.0010872064134795796,
stomach,CD4-positive helper T cell,732,0.002574908013873548,oxidative_stress_cell
endocrine gland,epithelial cell,729,0.0010395662627236352,oxidative_stress_cell
central nervous system,Mueller cell,729,0.0009813252063273264,
lymph node,lymphocyte,729,0.0007928859962628858,
small intestine,"effector memory CD4-positive, alpha-beta T cell",728,0.0006131089085229718,oxidative_stress_cell
brain,TAC3-positive striatal interneuron,728,3.926680885063084e-05,neuron_stressed
hindlimb,basal cell,726,0.008347514142482639,
heart,"CD8-positive, alpha-beta T cell",724,0.00036881627804264517,oxidative_stress_cell
stomach,intestine goblet cell,723,0.002543249308784939,oxidative_stress_cell
hindlimb,peridermal cell,721,0.008290024375661132,
skeletal system,myeloid cell,714,0.02067108653484265,
large intestine,colon epithelial cell,712,0.0038365376325545306,oxidative_stress_cell
breast,plasma cell,712,0.0003024114766854343,oxidative_stress_cell
central nervous system,neuronal-restricted precursor,711,0.0009570949543192443,neuron_stressed
colon,intestinal tuft cell,711,0.0010598605038734845,oxidative_stress_cell
ureter,endothelial cell,709,0.016213867544822538,oxidative_stress_cell
vasculature,neutrophil,708,0.005090595340811044,oxidative_stress_cell
spinal cord,neutrophil,708,0.014229439665567972,oxidative_stress_cell
large intestine,"effector CD8-positive, alpha-beta T cell",706,0.0038042072592464867,oxidative_stress_cell
embryo,brain vascular cell,704,0.001757605262829395,
hindlimb,tendon cell,703,0.008083061215103712,
spleen,alpha-beta T cell,703,0.001216943032178882,oxidative_stress_cell
stomach,mesenchymal stem cell,701,0.002465861363012783,
endocrine gland,granulocyte monocyte progenitor cell,699,0.0009967857580848024,oxidative_stress_cell
lung,plasmablast,698,0.00022166977681854964,
central nervous system,non-myelinating Schwann cell,694,0.0009342108274227223,
respiratory system,serous cell of epithelium of lobular bronchiole,694,0.0013418510583995235,
lung,bronchial epithelial cell,693,0.0002200818844344626,oxidative_stress_cell
stomach,germinal center B cell,691,0.0024306850240254393,oxidative_stress_cell
adrenal gland,mesenchymal stem cell,690,0.0015757417975788386,
lung,airway submucosal gland collecting duct epithelial cell,689,0.00021881157052719297,oxidative_stress_cell
skeletal system,lymphocyte,684,0.019802553487160188,
placenta,innate lymphoid cell,684,0.0013131194842742424,
stomach,P/D1 enteroendocrine cell,684,0.002406061586734299,
prostate gland,fibroblast of connective tissue of glandular part of prostate,684,0.007852591699672808,oxidative_stress_cell
bone marrow,myeloid lineage restricted progenitor cell,681,0.0008965693386451665,
colon,group 3 innate lymphoid cell,680,0.0010136499896399008,
brain,smooth muscle cell of the brain vasculature,677,3.6515974714116865e-05,
stomach,endothelial cell of lymphatic vessel,677,0.0023814381494431584,oxidative_stress_cell
blood,type I NK T cell,676,4.8905196408622304e-05,oxidative_stress_cell
stomach,endocrine cell,674,0.0023708852477469554,
endocrine gland,"CD8-positive, alpha-beta thymocyte",672,0.0009582833039098529,
large intestine,mononuclear phagocyte,670,0.003610225019398224,
skin of body,neuron,670,0.000993763024599343,neuron_stressed
endocrine gland,medullary thymic epithelial cell type 2,668,0.0009525792366246752,oxidative_stress_cell
respiratory system,erythroblast,668,0.0012915799812836912,
blood,mononuclear phagocyte,666,4.818174675760718e-05,
brain,neuron of the forebrain,666,3.592265754741777e-05,neuron_stressed
exocrine gland,"effector CD8-positive, alpha-beta T cell",666,0.0034507056848562725,oxidative_stress_cell
stomach,peripheral nervous system neuron,663,0.0023321912748608775,neuron_stressed
blood,"CD14-positive, CD16-positive monocyte",662,4.789236689720113e-05,oxidative_stress_cell
large intestine,smooth muscle cell,660,0.0035563410638848178,
adrenal gland,smooth muscle cell,660,0.001507231284640628,
respiratory system,smooth muscle cell,657,0.0012703114486577623,
exocrine gland,tissue-resident macrophage,654,0.003388530807651655,oxidative_stress_cell
hindlimb,Schwann cell precursor,651,0.007485167640160052,
small intestine,"NKp44-negative group 3 innate lymphoid cell, human",650,0.000547418668324082,
esophagus,stromal cell,650,0.003881570304195679,oxidative_stress_cell
reproductive system,early T lineage precursor,649,0.0017808876998010564,
stomach,tissue-resident macrophage,647,0.002275909132481128,oxidative_stress_cell
central nervous system,endothelial cell,647,0.0008709429471793967,oxidative_stress_cell
blood,erythroid progenitor cell,641,4.637312263006937e-05,
eye,dendritic cell,641,8.21104302022914e-05,oxidative_stress_cell
adrenal gland,innate lymphoid cell,640,0.001461557609348488,
prostate gland,T cell,638,0.007324493427472591,oxidative_stress_cell
yolk sac,hepatocyte,637,0.011233379183860614,hepatocyte_ketogenic
blood,"CD8-positive, alpha-beta memory T cell, CD45RO-positive",635,4.59390528394603e-05,oxidative_stress_cell
kidney,epithelial cell of proximal tubule segment 1,635,0.0009649737329590957,oxidative_stress_cell
lung,neuron,634,0.00020134475430223564,neuron_stressed
central nervous system,Schwann cell,631,0.0008494049453944348,
musculature,endothelial cell of artery,628,0.0010774216681850076,oxidative_stress_cell
uterus,endothelial cell of artery,628,0.0020403521881802527,oxidative_stress_cell
embryo,stromal cell,626,0.0015628705888227291,oxidative_stress_cell
kidney,glomerular endothelial cell,622,0.0009452183651977285,oxidative_stress_cell
stomach,mesothelial cell,622,0.002187968285012769,
respiratory system,mucus secreting cell,621,0.0012007053418819945,
mucosa,neutrophil,621,0.006790001968116513,oxidative_stress_cell
endocrine gland,ciliated epithelial cell,618,0.000881278395559954,oxidative_stress_cell
tongue,mural cell,618,0.015946740981576096,
pancreas,"CD8-positive, alpha-beta T cell",618,0.0014535670016770118,oxidative_stress_cell
forelimb,basal cell,617,0.015827411948798192,
ovary,natural killer cell,613,0.0035028171106615924,
kidney,innate lymphoid cell,613,0.0009315415721321664,
skin of body,leukocyte,612,0.0009077357776937282,
colon,"naive thymus-derived CD8-positive, alpha-beta T cell",611,0.0009107943289264403,oxidative_stress_cell
kidney,classical monocyte,610,0.0009269826411103124,oxidative_stress_cell
large intestine,endothelial cell of venule,610,0.003286921286317786,oxidative_stress_cell
respiratory system,alveolar adventitial fibroblast,609,0.0011775033062900717,oxidative_stress_cell
brain,mesenchymal stem cell,607,3.2740320016940825e-05,
blood,IgG memory B cell,607,4.391339381661796e-05,oxidative_stress_cell
spleen,mesothelial cell,606,0.0010490291287345696,
spinal cord,erythroid progenitor cell,606,0.012179435645952247,
ureter,smooth muscle cell,604,0.013812660080497622,
heart,dermis microvascular lymphatic vessel endothelial cell,603,0.00030717709345264504,oxidative_stress_cell
spleen,myofibroblast cell,603,0.0010438359152259828,oxidative_stress_cell
mucosa,natural killer cell,603,0.006593190316866758,
brain,meningeal macrophage,600,3.236275454722322e-05,oxidative_stress_cell
respiratory system,secretory cell,599,0.0011581682766301363,
intestine,chromaffin cell,599,0.0021212550463913875,
immune system,centrocyte,598,0.011990215342663512,
liver,early lymphoid progenitor,596,0.0006234140075688318,
large intestine,large intestine goblet cell,596,0.003211483748599017,oxidative_stress_cell
uterus,"CD4-positive, alpha-beta memory T cell",593,0.0019266382923421813,oxidative_stress_cell
ovary,innate lymphoid cell,593,0.0033885327024834,
endocrine gland,basal cell,593,0.0008456279750275934,
bone marrow,endothelial cell of sinusoid,592,0.0007793965469573254,oxidative_stress_cell
liver,common myeloid progenitor,589,0.000616092030969869,
liver,CD4-positive helper T cell,587,0.0006140000376558797,oxidative_stress_cell
immune system,regulatory T cell,586,0.011749609014717086,oxidative_stress_cell
brain,amacrine cell,586,3.160762360778801e-05,
digestive system,erythroblast,586,0.008117242907801418,
ureter,B cell,585,0.013378155872667398,oxidative_stress_cell
liver,"effector memory CD4-positive, alpha-beta T cell",585,0.0006119080443418903,oxidative_stress_cell
skin of body,promonocyte,582,0.0008632389258459964,oxidative_stress_cell
central nervous system,tip cell,581,0.000782098689816429,
exocrine gland,IgG plasma cell,580,0.0030051190648898466,oxidative_stress_cell
lamina propria,alpha-beta T cell,579,0.02444378773166716,oxidative_stress_cell
colon,endothelial cell of lymphatic vessel,578,0.0008616024911939157,oxidative_stress_cell
heart,neuronal receptor cell,576,0.00029342289523834753,neuron_stressed
spinal cord,glutamatergic neuron,576,0.01157649328724174,neuron_stressed
liver,precursor B cell,575,0.0006014480777719435,oxidative_stress_cell
respiratory system,mucosal invariant T cell,572,0.0011059636965483105,oxidative_stress_cell
endocrine gland,monocyte,572,0.0008156816217804105,oxidative_stress_cell
spleen,CD4-positive helper T cell,571,0.0009884416378010549,oxidative_stress_cell
skin of body,Schwann cell,571,0.0008469234135018281,
lamina propria,macrophage,571,0.024106049731920463,oxidative_stress_cell
tongue,macrophage,570,0.014708159157764359,oxidative_stress_cell
small intestine,"NKp44-positive group 3 innate lymphoid cell, human",570,0.00048004406299188726,
stomach,glial cell,570,0.0020050513222785826,
tendon of semitendinosus,skeletal muscle satellite cell,567,0.053830817430931356,
lung,fraction A pre-pro B cell,566,0.000179749417878652,oxidative_stress_cell
cortex,cell,563,0.0037591976817168116,
adrenal gland,monocyte,563,0.0012857139594737478,oxidative_stress_cell
colon,intestinal enteroendocrine cell,560,0.0008347705797034478,gut_fermentative_microbe
central nervous system,arachnoid barrier cell,558,0.0007511378122505461,
liver,intermediate monocyte,557,0.0005826201379460391,oxidative_stress_cell
lung,B-1b B cell,555,0.0001762560546336605,oxidative_stress_cell
respiratory system,"lung resident memory CD4-positive, alpha-beta T cell",554,0.0010711606431604266,oxidative_stress_cell
colon,colon macrophage,553,0.0008243359474571547,oxidative_stress_cell
yolk sac,dendritic cell,553,0.009752054456318555,oxidative_stress_cell
kidney,activated type II NK T cell,552,0.0008388433080211352,oxidative_stress_cell
respiratory system,naive B cell,550,0.0010634266312964523,oxidative_stress_cell
stomach,vascular associated smooth muscle cell,550,0.0019346986443038955,
brain,serotonergic neuron,547,2.9504044562218503e-05,neuron_stressed
exocrine gland,endothelial cell of lymphatic vessel,546,0.002828956912810097,oxidative_stress_cell
pancreas,epithelial cell,544,0.0012795152895020946,oxidative_stress_cell
lung,pre-B-I cell,542,0.00017212753443503423,
spinal cord,leukocyte,542,0.010893158614036499,
endocrine gland,"naive thymus-derived CD8-positive, alpha-beta T cell",541,0.0007714751003202834,oxidative_stress_cell
kidney,neutrophil,538,0.0008175682965858165,oxidative_stress_cell
central nervous system,mural cell,538,0.0007242153100193438,
central nervous system,adipocyte,535,0.0007201769346846634,adipocyte_lipolytic
brain,neuronal-restricted precursor,533,2.8748913622783293e-05,neuron_stressed
intestine,intestinal crypt stem cell of colon,532,0.0018839861179970254,gut_fermentative_microbe
colon,neoplastic cell,531,0.000791541388968805,tumor_epithelial_warburg
respiratory system,epithelial cell of lower respiratory tract,530,0.0010247565719765815,oxidative_stress_cell
lymph node,stromal cell,529,0.0005753589739685412,oxidative_stress_cell
breast,gamma-delta T cell,529,0.00022468493141375667,oxidative_stress_cell
tendon of semitendinosus,mural cell,529,0.05022310832621286,
heart,lymphoid lineage restricted progenitor cell,527,0.00026846157255314086,
prostate gland,mature NK T cell,526,0.006038688938637277,oxidative_stress_cell
blood,granulocyte,525,3.7981106678293946e-05,
lymph node,exhausted T cell,524,0.0005699207984111827,oxidative_stress_cell
immune system,"central memory CD8-positive, alpha-beta T cell",522,0.010466375265669486,oxidative_stress_cell
exocrine gland,mural cell,522,0.0027046071584008622,
mucosa,basal cell of epithelium of bronchus,521,0.005696603905617879,
fallopian tube,dendritic cell,521,0.0024372558650854912,oxidative_stress_cell
small intestine,inhibitory motor neuron,520,0.0004379349346592656,neuron_stressed
skin of body,basal cell,519,0.0007697955369657597,
respiratory system,stromal cell,519,0.0010034880393506524,oxidative_stress_cell
lymph node,immature B cell,519,0.000564482622853824,oxidative_stress_cell
prostate gland,fibroblast,519,0.00595832615808507,oxidative_stress_cell
exocrine gland,intercalated cell of salivary gland,518,0.002683882199332656,
embryo,cardiac endothelial cell,518,0.0012932379632750377,oxidative_stress_cell
skin of body,plasma cell,517,0.0007668290801759108,oxidative_stress_cell
small intestine,classical monocyte,516,0.00043456620439265585,oxidative_stress_cell
lung,IgA plasma cell,511,0.00016228260165369464,oxidative_stress_cell
bone marrow,regulatory T cell,511,0.0006727561410391779,oxidative_stress_cell
mucosa,gamma-delta T cell,510,0.005576330118743029,oxidative_stress_cell
colon,progenitor cell,509,0.0007587468304804552,
breast,neutrophil,508,0.0002157654917924166,oxidative_stress_cell
mucosa,mature NK T cell,507,0.00554352817686807,oxidative_stress_cell
bladder organ,B cell,507,0.006721196293399441,oxidative_stress_cell
prostate gland,smooth muscle cell,506,0.0058090809942023995,
heart,T cell,506,0.00025776386283090947,oxidative_stress_cell
mucosa,contractile cell,504,0.005510726234993111,
nose,duct epithelial cell,504,0.002123025986006563,oxidative_stress_cell
mucosa,lymphocyte,504,0.005510726234993111,
respiratory system,dendritic cell,503,0.0009725519918947556,oxidative_stress_cell
lung,respiratory tract hillock cell,502,0.000159424395362338,
prostate gland,basal cell,502,0.005763159405315424,
pancreas,erythroid lineage cell,502,0.0011807291825920063,
large intestine,plasmacytoid dendritic cell,502,0.0027049745667729976,oxidative_stress_cell
nose,naive T cell,500,0.0021061765734192092,oxidative_stress_cell
large intestine,intestine goblet cell,500,0.0026941977756703163,oxidative_stress_cell
digestive system,nasal mucosa goblet cell,500,0.006925975177304964,oxidative_stress_cell
central nervous system,glutamatergic neuron,498,0.0006703703055569391,neuron_stressed
large intestine,group 3 innate lymphoid cell,498,0.002683420984567635,
uterus,endothelial cell of lymphatic vessel,497,0.001614737320900614,oxidative_stress_cell
respiratory system,pericyte,496,0.0009590174711328007,oxidative_stress_cell
musculature,"CD14-low, CD16-positive monocyte",496,0.0008509572411142736,oxidative_stress_cell
stomach,erythrocyte,495,0.0017412287798735059,
brain,mesodermal cell,494,2.6645334577213784e-05,
central nervous system,rod bipolar cell,490,0.0006596013046644582,
brain,chandelier cell,490,2.6429582880232294e-05,
central nervous system,vein endothelial cell,488,0.0006569090544413378,oxidative_stress_cell
endocrine gland,professional antigen presenting cell,487,0.0006944701919703845,
musculature,myelinating Schwann cell,486,0.0008338008451240664,
pancreas,PP cell,485,0.0011407443297950658,
yolk sac,unknown,484,0.008535252001551865,
nose,ionocyte,484,0.0020387789230697944,
adrenal gland,dendritic cell,484,0.001105302942069794,oxidative_stress_cell
urinary bladder,vein endothelial cell,484,0.01622310115975062,oxidative_stress_cell
cortex,macrophage,484,0.0032317081313515753,oxidative_stress_cell
musculature,"CD16-negative, CD56-bright natural killer cell, human",480,0.0008235070075299422,
esophagus,T cell,478,0.002854447085239284,oxidative_stress_cell
ovary,macrophage,476,0.0027199689146409755,oxidative_stress_cell
liver,granulocyte monocyte progenitor cell,475,0.000496848412072475,oxidative_stress_cell
colon,enteric neuron,472,0.0007035923457500488,neuron_stressed
pancreas,dendritic cell,471,0.0011078156274917032,oxidative_stress_cell
colon,dendritic cell,471,0.0007021016840005784,oxidative_stress_cell
intestine,T cell,470,0.0016644238260500035,oxidative_stress_cell
pancreas,leukocyte,470,0.0011054635773271773,
lymph node,mononuclear phagocyte,470,0.0005111885023917096,
large intestine,"CD4-positive, CD25-positive, alpha-beta regulatory T cell",468,0.002521769118027416,oxidative_stress_cell
central nervous system,forebrain radial glial cell,467,0.0006286404270985754,
musculature,endothelial cell of venule,466,0.0007994880531436522,oxidative_stress_cell
musculature,blood vessel endothelial cell,466,0.0007994880531436522,oxidative_stress_cell
stomach,type X enteroendocrine cell,464,0.0016321821290127408,
intestine,fibroblast,464,0.001643175862313195,oxidative_stress_cell
small intestine,cell,463,0.00038993052836007686,
stomach,smooth muscle cell,462,0.0016251468612152721,
esophagus,immature B cell,462,0.002758900739289852,oxidative_stress_cell
exocrine gland,adventitial cell,460,0.0023833702928436717,
mucosa,glandular secretory epithelial cell,459,0.0050186971068687265,oxidative_stress_cell
blood,precursor B cell,459,3.320633898159414e-05,oxidative_stress_cell
vasculature,"CD4-positive, alpha-beta T cell",459,0.0033002588438308888,oxidative_stress_cell
large intestine,endothelial cell,458,0.00246788516251401,oxidative_stress_cell
digestive system,squamous epithelial cell,457,0.006330341312056738,oxidative_stress_cell
lymph node,unknown,456,0.0004959616108311055,
breast,myeloid dendritic cell,455,0.00019325452512903457,oxidative_stress_cell
lung,multiciliated epithelial cell,454,0.0001441806284751025,oxidative_stress_cell
hindlimb,macrophage,453,0.005208572874028423,oxidative_stress_cell
lung,small pre-B-II cell,453,0.00014386304999828507,
reproductive system,precursor B cell,452,0.00124031007751938,oxidative_stress_cell
blood,antibody secreting cell,450,3.255523429568053e-05,
lung,IgG plasma cell,450,0.00014291031456783285,oxidative_stress_cell
cortex,erythrocyte,449,0.0029980102292910273,
brain,sensory neuron of dorsal root ganglion,449,2.4218127986172042e-05,neuron_stressed
musculature,memory B cell,449,0.0007703221799603001,oxidative_stress_cell
musculature,contractile cell,448,0.0007686065403612794,
colon,peripheral nervous system neuron,447,0.0006663258020132878,neuron_stressed
urinary bladder,endothelial cell of artery,446,0.014949386605885902,oxidative_stress_cell
skin of body,epidermal cell,446,0.000661519864136279,
intestine,dendritic cell,444,0.0015723493165238332,oxidative_stress_cell
central nervous system,chondrocyte,443,0.0005963334244211326,
urinary bladder,monocyte,442,0.014815311389689615,oxidative_stress_cell
placenta,glandular secretory epithelial cell,442,0.0008485362749257531,oxidative_stress_cell
lung,group 3 innate lymphoid cell,441,0.0001400521082764762,
small intestine,enteroglial cell,441,0.00037140251189372327,
colon,mucosal invariant T cell,440,0.0006558911697669947,oxidative_stress_cell
exocrine gland,inflammatory macrophage,440,0.0022797454975026425,oxidative_stress_cell
spleen,erythroblast,439,0.0007599402434232278,
uterus,"CD4-positive, alpha-beta T cell",438,0.0014230481822021508,oxidative_stress_cell
bladder organ,vein endothelial cell,438,0.005806477271220818,oxidative_stress_cell
intestine,"CD4-positive, alpha-beta memory T cell",438,0.0015511013527870247,oxidative_stress_cell
reproductive system,pro-B cell,437,0.0011991493448583385,oxidative_stress_cell
endocrine gland,Schwann cell,437,0.0006231693509056633,
stomach,innate lymphoid cell,436,0.001533688379848179,
colon,IgM plasma cell,434,0.000646947199270172,oxidative_stress_cell
hindlimb,articular chondrocyte,434,0.004990111760106701,
stomach,neuron,432,0.0015196178442532416,neuron_stressed
stomach,type G enteroendocrine cell,427,0.0015020296747595698,
prostate gland,neutrophil,425,0.004879168819241146,oxidative_stress_cell
milk,dendritic cell,425,0.008766863319443872,oxidative_stress_cell
vasculature,mature NK T cell,423,0.0030414150129421916,oxidative_stress_cell
kidney,endothelial cell of arteriole,423,0.0006428092740814134,oxidative_stress_cell
uterus,innate lymphoid cell,422,0.0013710646869618897,
respiratory system,naive T cell,422,0.000815938251649278,oxidative_stress_cell
colon,lymphocyte,421,0.0006275685965270563,
forelimb,muscle cell,420,0.010773927096426647,
bone marrow,"CD4-positive, alpha-beta cytotoxic T cell",419,0.0005516337046877016,oxidative_stress_cell
esophagus,"activated CD8-positive, alpha-beta T cell",419,0.002502119934550753,oxidative_stress_cell
brain,neural crest derived neuron,419,2.2599990258810883e-05,neuron_stressed
endocrine gland,"CD8-positive, alpha-beta regulatory T cell",418,0.0005960750313010692,oxidative_stress_cell
lung,"CD8-positive, alpha-beta memory T cell, CD45RO-positive",417,0.00013243022483285844,oxidative_stress_cell
intestine,"naive thymus-derived CD4-positive, alpha-beta T cell",417,0.0014767334797081946,oxidative_stress_cell
musculature,unknown,417,0.0007154217127916373,
central nervous system,endothelial cell of arteriole,417,0.0005613341715205695,oxidative_stress_cell
endocrine gland,mesothelial cell,416,0.0005932229976584804,
blood,pro-B cell,416,3.009550548222911e-05,oxidative_stress_cell
immune system,T follicular regulatory cell,415,0.00832096884148053,
embryo,oligodendrocyte precursor cell,413,0.001031095132881449,microglia_activated
colon,"CD16-negative, CD56-bright natural killer cell, human",412,0.0006141526407818223,
heart,smooth muscle myoblast,411,0.00020936946170652923,
fallopian tube,cell,409,0.0019133160246064603,
brain,erythroblast,407,2.1952735167866416e-05,
urinary bladder,macrophage,405,0.013575115639873968,oxidative_stress_cell
small intestine,enterocyte of epithelium proper of jejunum,405,0.00034108393949423566,oxidative_stress_cell
stomach,conventional dendritic cell,405,0.001424641728987414,oxidative_stress_cell
lymph node,"CD8-positive, alpha-beta thymocyte",402,0.00043722931481163246,
uterus,fibro/adipogenic progenitor cell,402,0.001306085317911563,
eye,mesenchymal stem cell,401,5.1367055399561394e-05,
lymph node,mature alpha-beta T cell,400,0.000435054044588689,oxidative_stress_cell
lung,megakaryocyte,400,0.00012703139072696253,
colon,tuft cell of small intestine,399,0.0005947740380387065,oxidative_stress_cell
urinary bladder,vascular associated smooth muscle cell,398,0.013340484011530469,
small intestine,migratory enteric neural crest cell,398,0.0003351886615276686,oxidative_stress_cell
central nervous system,GABAergic amacrine cell,398,0.0005357577944009272,neuron_stressed
small intestine,gastrointestinal tract (lamina propria) macrophage,398,0.0003351886615276686,oxidative_stress_cell
colon,"activated CD4-positive, alpha-beta T cell",397,0.0005917927145397656,oxidative_stress_cell
spleen,intermediate monocyte,396,0.0006855041831334811,oxidative_stress_cell
central nervous system,glioblast (sensu Vertebrata),394,0.0005303732939546868,
eye,myeloid cell,393,5.034227623947039e-05,
nose,monocyte,392,0.00165124243356066,oxidative_stress_cell
pancreas,classical monocyte,390,0.0009172995641651045,oxidative_stress_cell
large intestine,colon goblet cell,389,0.002096085869471506,oxidative_stress_cell
central nervous system,neuron,389,0.0005236426683968862,neuron_stressed
liver,basophil,389,0.00040689269957093217,
spleen,"central memory CD8-positive, alpha-beta T cell",388,0.0006716556137772492,oxidative_stress_cell
testis,epithelial cell,386,0.018625747925110982,oxidative_stress_cell
skin of body,immature B cell,385,0.0005710429320458911,oxidative_stress_cell
pleura,monocyte,384,0.019497334348819496,oxidative_stress_cell
stomach,"CD16-negative, CD56-bright natural killer cell, human",383,0.0013472537832152581,
blood,endothelial cell,383,2.7708121633879204e-05,oxidative_stress_cell
stomach,myeloid leukocyte,382,0.0013437361493165237,
yolk sac,megakaryocyte,380,0.006701230910309315,
blood,myeloid lineage restricted progenitor cell,379,2.7418741773473155e-05,
liver,cycling plasma cell,379,0.0003964327330009853,oxidative_stress_cell
reproductive system,neutrophil,378,0.0010372504630582423,oxidative_stress_cell
adipose tissue,mature NK T cell,378,0.0008253239068825027,oxidative_stress_cell
bone marrow,epithelial cell,377,0.0004963386793968102,oxidative_stress_cell
respiratory system,endothelial cell of artery,377,0.0007289306181795683,oxidative_stress_cell
small intestine,precursor cell,376,0.0003166606450613151,
eye,transit amplifying cell,376,4.816462052427702e-05,
stomach,mucosal invariant T cell,375,0.0013191127120253832,oxidative_stress_cell
spleen,germinal center B cell,375,0.0006491516885733723,oxidative_stress_cell
bone marrow,endothelial tip cell,373,0.0004910724865119635,oxidative_stress_cell
spleen,granulocyte,373,0.0006456895462343144,
intestine,colonocyte,372,0.0013173737516821305,
liver,mesothelial cell,372,0.0003891107564020225,
liver,B-1 B cell,372,0.0003891107564020225,oxidative_stress_cell
mucosa,lung secretory cell,371,0.0040565068118699294,
skin of body,megakaryocyte,368,0.0005458280493321764,
colon,vascular associated smooth muscle cell,368,0.0005485635238051228,
lymph node,"CD4-positive, alpha-beta cytotoxic T cell",366,0.00039807445079865047,oxidative_stress_cell
adrenal gland,plasma cell,365,0.0008335445740815595,oxidative_stress_cell
liver,common dendritic progenitor,365,0.00038178877980305973,oxidative_stress_cell
endocrine gland,early T lineage precursor,364,0.0005190701229511704,
digestive system,secretory cell,364,0.0050421099290780145,
adrenal gland,unknown,364,0.0008312608903169524,
bone marrow,osteoblast,363,0.00047790700429984647,
nose,classical monocyte,363,0.001529084192302346,oxidative_stress_cell
brain,erythroid lineage cell,362,1.9525528576824675e-05,
heart,megakaryocyte,361,0.0001838987242726449,
endocrine gland,glial cell,360,0.0005133660556659927,
placenta,conventional dendritic cell,359,0.0006891957527111886,oxidative_stress_cell
skin of body,"CD4-positive, alpha-beta T cell",359,0.0005324789937778568,oxidative_stress_cell
kidney,mast cell,358,0.0005440324352745769,oxidative_stress_cell
lung,lymphocyte,358,0.00011369309470063148,
reproductive system,fraction A pre-pro B cell,358,0.0009823694861768538,oxidative_stress_cell
liver,"naive thymus-derived CD8-positive, alpha-beta T cell",357,0.0003734208065471023,oxidative_stress_cell
lung,progenitor cell,357,0.00011337551622381407,
respiratory system,vascular associated smooth muscle cell,356,0.0006883270558937037,
mucosa,regulatory T cell,354,0.003870629141245162,oxidative_stress_cell
large intestine,endothelial cell of lymphatic vessel,353,0.0019021036296232433,oxidative_stress_cell
musculature,plasma cell,353,0.0006056207784543116,oxidative_stress_cell
spleen,progenitor cell,353,0.0006110681228437345,
bone marrow,adipocyte,353,0.0004647415220877295,adipocyte_lipolytic
heart,visceromotor neuron,348,0.00017727633253983497,neuron_stressed
intestine,IgA plasma cell,348,0.0012323818967348962,oxidative_stress_cell
central nervous system,radial glial cell,347,0.00046710541371136117,
skin of body,neutrophil,344,0.000510230567853991,oxidative_stress_cell
liver,plasmablast,344,0.0003598228500061714,
bone marrow,eosinophil,343,0.0004515760398756125,
placenta,myeloid cell,342,0.0006565597421371212,
central nervous system,neural crest cell,341,0.0004590286630420004,oxidative_stress_cell
blood,memory T cell,341,2.4669633099615688e-05,oxidative_stress_cell
small intestine,epithelial cell of small intestine,339,0.00028549989009517507,oxidative_stress_cell
lymph node,"effector CD8-positive, alpha-beta T cell",339,0.00036870830278891393,oxidative_stress_cell
placenta,granulocyte,339,0.0006508004461534623,
skin of body,epithelial cell,339,0.0005028144258793691,oxidative_stress_cell
yolk sac,monocyte,339,0.005978203364723309,oxidative_stress_cell
heart,"CD4-positive, alpha-beta T cell",338,0.00017218218505305808,oxidative_stress_cell
brain,B cell,338,1.8231018394935747e-05,oxidative_stress_cell
kidney,lymphocyte,337,0.0005121199181215988,
musculature,monocyte,337,0.0005781705448699802,oxidative_stress_cell
esophagus,mononuclear phagocyte,334,0.001994529971694395,
respiratory system,IgA plasma cell,333,0.0006438564876758521,oxidative_stress_cell
lung,early lymphoid progenitor,333,0.00010575363278019631,
kidney,macula densa epithelial cell,332,0.0005045216997518422,oxidative_stress_cell
liver,myeloid leukocyte,332,0.00034727089012223514,
kidney,plasma cell,331,0.0005030020560778908,oxidative_stress_cell
central nervous system,myelinating Schwann cell,331,0.00044556741192639925,
liver,alpha-beta T cell,331,0.0003462248934652405,oxidative_stress_cell
colon,type EC enteroendocrine cell,331,0.0004934090390747164,
stomach,mature NK T cell,330,0.0011608191865823373,oxidative_stress_cell
spinal cord,endothelial cell of artery,330,0.00663236594581558,oxidative_stress_cell
lung,airway submucosal gland duct basal cell,329,0.00010448331887292669,
stomach,group 3 innate lymphoid cell,329,0.001157301552683603,
liver,malignant cell,327,0.00034204090683726175,tumor_epithelial_warburg
yolk sac,stromal cell,327,0.005766585546503016,oxidative_stress_cell
respiratory system,serous cell of epithelium of trachea,326,0.0006303219669138972,
hindlimb,erythrocyte,326,0.0037483327967621763,
nose,"CD4-positive, alpha-beta T cell",325,0.001369014772722486,oxidative_stress_cell
skin of body,group 2 innate lymphoid cell,324,0.00048056599995550313,
exocrine gland,ionocyte,324,0.001678721684524673,
respiratory system,bronchiolar smooth muscle cell,323,0.0006245214580159166,
prostate gland,fibroblast of connective tissue of nonglandular part of prostate,323,0.0037081683026232706,oxidative_stress_cell
brain,premigratory neural crest cell,322,1.7368011607009794e-05,oxidative_stress_cell
stomach,erythroid lineage cell,321,0.001129160481493728,
respiratory system,smooth muscle cell of the pulmonary artery,319,0.0006167874461519424,
stomach,myofibroblast cell,319,0.0011221252136962593,oxidative_stress_cell
digestive system,natural killer cell,319,0.004418772163120567,
blood,basophil mast progenitor cell,318,2.3005698902280905e-05,
scalp,sebocyte,318,0.10498514361175305,
uterus,stratified epithelial cell,316,0.0010266740309951591,oxidative_stress_cell
heart,cardiac mesenchymal cell,315,0.0001604656458334713,
mucosa,plasmacytoid dendritic cell,315,0.0034442038968706947,oxidative_stress_cell
large intestine,memory B cell,314,0.0016919562031209587,oxidative_stress_cell
adipose tissue,plasma cell,314,0.0006855865258230313,oxidative_stress_cell
adipose tissue,stromal cell of endometrium,312,0.0006812197326649228,oxidative_stress_cell
brain,thalamic excitatory neuron,312,1.6828632364556073e-05,neuron_stressed
forelimb,myoblast,310,0.007952184285457764,
stomach,endothelial cell of vascular tree,310,0.0010904665086076501,oxidative_stress_cell
colon,malignant cell,310,0.00046210514233583716,tumor_epithelial_warburg
forelimb,Schwann cell precursor,309,0.00792653207808532,
lymph node,pericyte,308,0.00033499161433329054,oxidative_stress_cell
lymph node,neutrophil,306,0.0003328163441103471,oxidative_stress_cell
endocrine gland,mast cell,306,0.00043636114731609375,oxidative_stress_cell
mucosa,T-helper 17 cell,306,0.003345798071245818,
kidney,papillary tips cell,305,0.0004634913205551562,
lung,primitive red blood cell,305,9.686143542930894e-05,
lung,enteroendocrine cell,305,9.686143542930894e-05,
blood,stem cell,305,2.2065214355961247e-05,
kidney,myeloid dendritic cell,305,0.0004634913205551562,oxidative_stress_cell
stomach,neuroendocrine cell,304,0.001069360705215244,
yolk sac,epithelial cell,304,0.005360984728247452,oxidative_stress_cell
blood,alpha-beta T cell,304,2.1992869390859734e-05,oxidative_stress_cell
lung,metallothionein-positive alveolar macrophage,304,9.654385695249153e-05,oxidative_stress_cell
spleen,hematopoietic stem cell,304,0.0005262456355368139,
large intestine,pericyte,303,0.0016326838520562118,oxidative_stress_cell
liver,platelet,302,0.00031589099041239466,
embryo,hematopoietic stem cell,301,0.0007514761137949544,
skin of body,epithelial cell of sweat gland,301,0.0004464517468722421,oxidative_stress_cell
bone marrow,alpha-beta T cell,301,0.0003962810145847212,oxidative_stress_cell
blood,erythroid lineage cell,300,2.1703489530453685e-05,
lung,reticulocyte,300,9.52735430452219e-05,
lymph node,non-classical monocyte,299,0.00032520289833004503,oxidative_stress_cell
stomach,ciliated epithelial cell,298,0.001048254901822838,oxidative_stress_cell
central nervous system,fenestrated endothelial cell,298,0.00040114528324491536,oxidative_stress_cell
central nervous system,dendritic cell,298,0.00040114528324491536,oxidative_stress_cell
nose,mast cell,298,0.0012552812377578486,oxidative_stress_cell
mucosa,dendritic cell,298,0.003258326226245927,oxidative_stress_cell
scalp,basal cell of epidermis,298,0.09838230439088808,
intestine,endothelial cell of lymphatic vessel,296,0.0010482328776825554,oxidative_stress_cell
eye,goblet cell,296,3.7916828923367014e-05,oxidative_stress_cell
lamina propria,"CD8-positive, alpha-beta memory T cell, CD45RO-positive",295,0.012454088740659433,oxidative_stress_cell
kidney,smooth muscle cell,295,0.0004482948838156429,
lung,"CD14-low, CD16-positive monocyte",295,9.368565066113487e-05,oxidative_stress_cell
stomach,T cell,294,0.0010341843662279005,oxidative_stress_cell
large intestine,T-helper 17 cell,294,0.001584188292094146,
esophagus,natural T-regulatory cell,294,0.0017556641068208149,
large intestine,vein endothelial cell,294,0.001584188292094146,oxidative_stress_cell
lung,squamous epithelial cell,293,9.305049370750007e-05,oxidative_stress_cell
respiratory system,pulmonary ionocyte,293,0.0005665163690361101,
lung,"dendritic cell, human",292,9.273291523068266e-05,oxidative_stress_cell
kidney,leukocyte,291,0.0004422163091198376,
adrenal gland,IgG plasma cell,291,0.0006645519755006405,oxidative_stress_cell
endocrine gland,precursor B cell,290,0.00041354487817538295,oxidative_stress_cell
lung,megakaryocyte-erythroid progenitor cell,290,9.209775827704784e-05,
uterus,myoepithelial cell,290,0.0009422008512297345,oxidative_stress_cell
pancreas,neuron,289,0.0006797424975479877,neuron_stressed
embryo,progenitor cell,289,0.0007215169331785443,
respiratory system,regulatory T cell,288,0.0005568488542061423,oxidative_stress_cell
adrenal gland,T cell,288,0.0006577009242068196,oxidative_stress_cell
pancreas,enteric neuron,287,0.0006750383972189359,neuron_stressed
stomach,natural killer cell,287,0.00100956092893676,
placenta,chorionic trophoblast cell,287,0.0005509726491033736,oxidative_stress_cell
stomach,dendritic cell,286,0.0010060432950380256,oxidative_stress_cell
musculature,myeloid cell,284,0.00048724164612188247,
large intestine,BEST4+ colonocyte,283,0.001524915941029399,
respiratory system,IgG plasma cell,283,0.0005471813393761746,oxidative_stress_cell
adipose tissue,erythrocyte,282,0.0006157178352932957,
central nervous system,H1 horizontal cell,282,0.00037960728145995345,
head,neural crest cell,282,0.04146449051610057,oxidative_stress_cell
musculature,Schwann cell,281,0.00048209472732482035,
lymph node,intermediate monocyte,281,0.00030562546632355406,oxidative_stress_cell
central nervous system,flat midget bipolar cell,281,0.00037826115634839334,
lung,B-1a B cell,279,8.860439503205638e-05,oxidative_stress_cell
lung,mucus secreting cell of bronchus submucosal gland,279,8.860439503205638e-05,
spleen,fraction A pre-pro B cell,278,0.00048123778512906,oxidative_stress_cell
blood,IgA plasma cell,277,2.0039555333118902e-05,oxidative_stress_cell
yolk sac,mesothelial cell,277,0.00488484463725179,
kidney,"effector memory CD8-positive, alpha-beta T cell",277,0.00042094129768451894,oxidative_stress_cell
lung,"CD22-positive, CD38-low small pre-B cell",276,8.765165960160415e-05,oxidative_stress_cell
head,neuroplacodal cell,274,0.04028819291280694,
yolk sac,fibroblast,273,0.004814305364511692,oxidative_stress_cell
small intestine,pro-B cell,272,0.000229073658129462,oxidative_stress_cell
central nervous system,natural killer cell,272,0.0003661460303443523,
prostate gland,pericyte,272,0.0031226680443143333,oxidative_stress_cell
respiratory system,gamma-delta T cell,271,0.000523979303784252,oxidative_stress_cell
respiratory system,epithelial cell of lung,271,0.000523979303784252,oxidative_stress_cell
tongue,myoepithelial cell,270,0.006967022758941012,oxidative_stress_cell
lymph node,"activated CD8-positive, alpha-beta T cell",270,0.0002936614800973651,oxidative_stress_cell
kidney,alternatively activated macrophage,268,0.0004072645046189569,oxidative_stress_cell
respiratory system,non-classical monocyte,268,0.0005181787948862714,oxidative_stress_cell
blood,megakaryocyte-erythroid progenitor cell,268,1.9388450647205294e-05,
liver,regulatory T cell,267,0.0002792811074175807,oxidative_stress_cell
immune system,T cell,267,0.005353490796807956,oxidative_stress_cell
bone marrow,T follicular helper cell,267,0.00035151837506352347,
exocrine gland,mucus secreting cell,265,0.001373028538268637,
sensory system,macrophage,265,0.11055486024196913,oxidative_stress_cell
endocrine gland,mature B cell,265,0.00037789445764302237,oxidative_stress_cell
endocrine gland,neuron,264,0.00037646844082172794,neuron_stressed
lymph node,myeloid cell,264,0.00028713566942853474,
nose,acinar cell,264,0.0011120612307653425,
yolk sac,Kupffer cell,264,0.004655592000846471,hepatocyte_sulfur
adipose tissue,muscle cell,263,0.0005742333002912651,
colon,hematopoietic cell,263,0.00039204404011072635,
lung,visceromotor neuron,262,8.320556092616046e-05,neuron_stressed
peripheral nervous system,supporting cell of vestibular epithelium,261,0.3966565349544073,
heart,mesenchymal stem cell,261,0.0001329572494048762,
nose,Langerhans cell,259,0.0010909994650311504,
large intestine,regulatory T cell,257,0.0013848176566945427,oxidative_stress_cell
nose,plasma cell,257,0.0010825747587374735,oxidative_stress_cell
small intestine,immature B cell,257,0.00021644091962967548,oxidative_stress_cell
fallopian tube,T cell,256,0.0011975767782377844,oxidative_stress_cell
lymph node,mesenchymal lymphangioblast,256,0.000278434588536761,
adrenal gland,"effector memory CD8-positive, alpha-beta T cell",255,0.0005823393599747881,oxidative_stress_cell
colon,neuroblast (sensu Vertebrata),255,0.0003801187461149628,neuron_stressed
intestine,T-helper 17 cell,254,0.0008994971315248955,
brain,choroid plexus macrophage,254,1.3700232758324497e-05,oxidative_stress_cell
yolk sac,early lymphoid progenitor,254,0.004479243818996226,
bone marrow,muscle precursor cell,254,0.0003344032481877714,
lymph node,precursor B cell,254,0.0002762593183138175,oxidative_stress_cell
digestive system,enteric smooth muscle cell,253,0.003504543439716312,
brain,neuron associated cell,253,1.3646294834079124e-05,neuron_stressed
placenta,plasma cell,252,0.0004837808626273524,oxidative_stress_cell
uterus,fibrocyte,252,0.0008187400500341142,
large intestine,fibroblast of gingiva,251,0.0013524872833864988,oxidative_stress_cell
ureter,mast cell,250,0.005717160629345042,oxidative_stress_cell
kidney,erythroblast,250,0.00037991091848783295,
lymph node,vein endothelial cell,249,0.0002708211427564589,oxidative_stress_cell
heart,erythrocyte,249,0.00012684427242074398,
adrenal gland,erythroid lineage cell,248,0.000566353573622539,
nose,squamous epithelial cell,248,0.0010446635804159277,oxidative_stress_cell
lung,alpha-beta T cell,248,7.875946225071677e-05,oxidative_stress_cell
musculature,neuron,248,0.0004254786205571368,neuron_stressed
prostate gland,endothelial cell of lymphatic vessel,247,0.0028356581137707363,oxidative_stress_cell
spinal cord,endothelial cell,247,0.004964225420049843,oxidative_stress_cell
scalp,keratinocyte,246,0.08121492241663915,oxidative_stress_cell
hindlimb,reticulocyte,246,0.002828496527618084,
exocrine gland,Schwann cell,245,0.0012694037429276078,
testis,endothelial cell,244,0.011773788843852539,oxidative_stress_cell
exocrine gland,neutrophil,243,0.0012590412633935047,oxidative_stress_cell
blood,lymphoid lineage restricted progenitor cell,243,1.7579826519667485e-05,
nose,T cell,243,0.0010236018146817356,oxidative_stress_cell
lung,glial cell,242,7.685399138981234e-05,
lung,mononuclear leukocyte,242,7.685399138981234e-05,
bladder organ,neutrophil,242,0.0032081449763366166,oxidative_stress_cell
ovary,ovarian surface epithelial cell,241,0.0013771271185472167,oxidative_stress_cell
vasculature,stromal cell,240,0.001725625539257981,oxidative_stress_cell
skin of body,erythroid lineage cell,240,0.0003559748147818542,
small intestine,cycling T cell,240,0.00020212381599658412,oxidative_stress_cell
lymph node,progenitor cell,240,0.0002610324267532134,
esophagogastric junction,mucous neck cell of gastric gland,239,0.018714274528228016,
pancreas,fibroblast,239,0.0005621399893216923,oxidative_stress_cell
respiratory system,myofibroblast cell,239,0.0004621072088724584,oxidative_stress_cell
urinary bladder,dendritic cell,239,0.008010994167728096,oxidative_stress_cell
colon,fibroblast of gingiva,239,0.00035626815812343576,oxidative_stress_cell
respiratory system,lung perichondrial fibroblast,239,0.0004621072088724584,oxidative_stress_cell
kidney,progenitor cell,238,0.000361675194400417,
spinal cord,mesenchymal stem cell,238,0.004783342712436691,
central nervous system,invaginating midget bipolar cell,238,0.00032037777655130823,
nose,plasmacytoid dendritic cell,238,0.0010025400489475436,oxidative_stress_cell
musculature,neutrophil,237,0.00040660658496790897,oxidative_stress_cell
lung,"central memory CD8-positive, alpha-beta T cell",237,7.526609900572531e-05,oxidative_stress_cell
pleura,macrophage,237,0.012033511043412033,oxidative_stress_cell
central nervous system,retinal cone cell,237,0.0003190316514397481,
respiratory system,pulmonary neuroendocrine cell,237,0.0004582402029404713,
uterus,hematopoietic precursor cell,236,0.000766756554793853,
blood,"CD4-negative, CD8-negative, alpha-beta intraepithelial T cell",236,1.70734117639569e-05,oxidative_stress_cell
spinal cord,cerebellar granule cell,236,0.0047431465551893235,
ovary,glandular secretory epithelial cell,235,0.0013428417960937588,oxidative_stress_cell
blood,activated type II NK T cell,234,1.6928721833753873e-05,oxidative_stress_cell
stomach,stem cell,234,0.0008231263323038392,
skin of body,sebaceous gland cell,233,0.00034559221601738343,
spleen,promonocyte,233,0.00040333958250025534,oxidative_stress_cell
lung,early pro-B cell,233,7.399578509845567e-05,oxidative_stress_cell
esophagogastric junction,vein endothelial cell,232,0.01816615770104142,oxidative_stress_cell
eye,erythroid lineage cell,230,2.946240085261626e-05,
kidney,interstitial cell,228,0.0003464787576609037,
hindlimb,endothelial cell of artery,228,0.0026215333670606632,oxidative_stress_cell
skin of body,"central memory CD4-positive, alpha-beta T cell",228,0.0003381760740427615,oxidative_stress_cell
colon,paneth cell,228,0.00033987087887926086,gut_fermentative_microbe
brain,medium spiny neuron,226,1.2189970879454078e-05,neuron_stressed
urinary bladder,endothelial cell of lymphatic vessel,225,0.007541730911041094,oxidative_stress_cell
esophagus,interstitial cell of Cajal,225,0.0013436204899138888,
prostate gland,contractile cell,224,0.0025716089776706276,
bone marrow,intermediate monocyte,224,0.00029490680155142045,oxidative_stress_cell
adrenal gland,erythroid progenitor cell,224,0.0005115451632719708,
small intestine,primary sensory neuron (sensu Teleostei),224,0.00018864889493014515,neuron_stressed
endocrine gland,neutrophil,222,0.00031657573432736214,oxidative_stress_cell
lung,erythroblast,222,7.050242185346421e-05,
skin of body,small pre-B-II cell,222,0.0003292767036732151,
colon,memory T cell,222,0.0003309269083824382,oxidative_stress_cell
vasculature,monocyte,220,0.0015818234109864827,oxidative_stress_cell
breast,dendritic cell,220,9.344174841403868e-05,oxidative_stress_cell
small intestine,colon epithelial cell,219,0.000184437982096883,oxidative_stress_cell
lymph node,"effector memory CD4-positive, alpha-beta T cell, terminally differentiated",219,0.00023819208941230726,oxidative_stress_cell
liver,naive B cell,218,0.00022802727122484117,oxidative_stress_cell
respiratory system,basal cell of epithelium of bronchus,218,0.0004215036465865939,
liver,"CD4-positive, alpha-beta memory T cell",217,0.00022698127456784647,oxidative_stress_cell
intestine,neuroendocrine cell,216,0.000764926694525108,
skin of body,granulocyte,215,0.00031889410490874436,
lung,bronchiolar smooth muscle cell,214,6.796179403892495e-05,
esophagus,IgA plasma cell,214,0.0012779323770736543,oxidative_stress_cell
kidney,megakaryocyte,214,0.00032520374622558505,
endocrine gland,stromal cell,214,0.0003051675997570067,oxidative_stress_cell
blood,"ILC1, human",213,1.5409477566622117e-05,
bone marrow,stromal cell of bone marrow,213,0.00028042477111809173,oxidative_stress_cell
yolk sac,granulocyte,213,0.0037562162734102213,
intestine,macrophage,213,0.0007543027126567037,oxidative_stress_cell
colon,myeloid cell,213,0.0003175109526372042,
adrenal gland,natural killer cell,212,0.0004841409580966866,
forelimb,vein endothelial cell,212,0.005438267962958212,oxidative_stress_cell
skin of body,granular cell of epidermis,212,0.00031444441972397117,
colon,erythroblast,211,0.0003145296291382634,
colon,cycling T cell,211,0.0003145296291382634,oxidative_stress_cell
musculature,"effector memory CD8-positive, alpha-beta T cell, terminally differentiated",211,0.00036199995539337043,oxidative_stress_cell
musculature,natural killer cell,210,0.0003602843157943497,
liver,cord blood hematopoietic stem cell,210,0.0002196592979688837,
colon,inhibitory motor neuron,209,0.0003115483056393225,neuron_stressed
central nervous system,diffuse bipolar 2 cell,209,0.00028134014831606477,
digestive system,mast cell,208,0.002881205673758865,oxidative_stress_cell
hindlimb,monocyte,208,0.00239157429977464,oxidative_stress_cell
respiratory system,myeloid leukocyte,208,0.00040216861692665836,
exocrine gland,"CD8-positive, alpha-beta cytotoxic T cell",208,0.0010776978715467036,oxidative_stress_cell
uterus,mature NK T cell,207,0.0006725364696708795,oxidative_stress_cell
colon,oligodendrocyte precursor cell,207,0.0003085669821403816,microglia_activated
colon,motor neuron,206,0.00030707632039091116,neuron_stressed
intestine,erythroblast,206,0.0007295134216304271,
musculature,professional antigen presenting cell,206,0.00035342175739826686,
reproductive system,megakaryocyte-erythroid progenitor cell,205,0.000562530013034232,
brain,monocyte,205,1.1057274470301267e-05,oxidative_stress_cell
large intestine,Schwann cell,205,0.0011046210880248297,
exocrine gland,smooth muscle cell,204,0.001056972912478498,
respiratory system,innate lymphoid cell,204,0.0003944346050626842,
musculature,mesothelial cell,204,0.00034999047820022546,
ovary,mesenchymal stem cell,204,0.001165700963417561,
spleen,pro-B cell,204,0.00035313851858391455,oxidative_stress_cell
mucosa,myeloid cell,203,0.0022195980668722253,
tongue,tongue muscle cell,202,0.005212365175207721,
lung,enucleate erythrocyte,202,6.415085231711608e-05,
esophagus,"CD8-positive, alpha-beta cytotoxic T cell",201,0.0012003009709897407,oxidative_stress_cell
small intestine,vascular associated smooth muscle cell,201,0.00016927869589713918,
intestine,"CD8-positive, alpha-beta memory T cell",201,0.0007118067851830866,oxidative_stress_cell
small intestine,immature innate lymphoid cell,201,0.00016927869589713918,
colon,colon endothelial cell,201,0.00029962301164355895,oxidative_stress_cell
adrenal gland,activated type II NK T cell,201,0.0004590204366860095,oxidative_stress_cell
yolk sac,megakaryocyte-erythroid progenitor cell,200,0.0035269636370049025,
large intestine,conventional dendritic cell,200,0.0010776791102681267,oxidative_stress_cell
exocrine gland,alternatively activated macrophage,199,0.0010310667136432406,oxidative_stress_cell
vasculature,plasma cell,199,0.0014308311763014093,oxidative_stress_cell
central nervous system,metamyelocyte,199,0.0002678788972004636,
adrenal gland,neutrophil,198,0.0004521693853921884,oxidative_stress_cell
spleen,small pre-B-II cell,198,0.00034275209156674056,
reproductive system,mast cell,197,0.0005405776222816766,oxidative_stress_cell
colon,"CD16-positive, CD56-dim natural killer cell, human",197,0.00029366036464567716,
brain,endocrine cell,197,1.062577107633829e-05,
stomach,enteric neuron,195,0.0006859386102531993,neuron_stressed
mucosa,bronchial goblet cell,195,0.002132126221872335,oxidative_stress_cell
stomach,interstitial cell of Cajal,194,0.0006824209763544649,
tongue,T cell,194,0.005005934871239098,oxidative_stress_cell
intestine,B cell,194,0.0006870174941568099,oxidative_stress_cell
vasculature,basophil,193,0.0013876905378199598,
spleen,"CD8-alpha-alpha-positive, alpha-beta intraepithelial T cell",192,0.00033236566454956663,oxidative_stress_cell
lung,Schwann cell precursor,192,6.097506754894202e-05,
nose,gamma-delta T cell,191,0.0008045594510461379,oxidative_stress_cell
vasculature,natural killer cell,191,0.00137331032499281,
bone marrow,precursor cell,191,0.0002514607102514344,
lung,leukocyte,191,6.0657489072124615e-05,
adrenal gland,B cell,191,0.0004361835990399393,oxidative_stress_cell
eye,diffuse bipolar 4b cell,190,2.433850505216126e-05,oxidative_stress_cell
liver,neuron,190,0.00019873936482899,neuron_stressed
lung,Schwann cell,190,6.0339910595307205e-05,
skin of body,contractile cell,190,0.0002818133950356346,
heart,subcutaneous adipocyte,189,9.627938750008278e-05,adipocyte_lipolytic
bone marrow,mesodermal cell,189,0.00024882761380901096,
exocrine gland,myofibroblast cell,189,0.000979254315972726,oxidative_stress_cell
blood,"decidual natural killer cell, human",188,1.360085343908431e-05,
brain,ciliated cell,188,1.0140329758129942e-05,
ovary,B cell,188,0.0010742734368750072,oxidative_stress_cell
peripheral nervous system,stromal cell,187,0.28419452887537994,oxidative_stress_cell
lung,acinar cell,187,5.9387175164854985e-05,
nose,mucus secreting cell,187,0.0007877100384587842,
central nervous system,interneuron,187,0.00025172539586174216,neuron_stressed
endocrine gland,progenitor cell,186,0.00026523912876076286,
lung,ionocyte,185,5.875201821122017e-05,
lymph node,follicular dendritic cell,185,0.0002012124956222687,oxidative_stress_cell
adipose tissue,stromal cell,184,0.00040174497054598017,oxidative_stress_cell
large intestine,dendritic cell,184,0.0009914647814466765,oxidative_stress_cell
breast,plasmacytoid dendritic cell,184,7.815128049174145e-05,oxidative_stress_cell
musculature,non-myelinating Schwann cell,183,0.00031396204662079044,
colon,smooth muscle cell,183,0.00027279110015309094,
yolk sac,hematopoietic multipotent progenitor cell,183,0.003227171727859486,
blood,IgG plasma cell,183,1.3239128613576748e-05,oxidative_stress_cell
colon,"CD4-positive, CD25-positive, alpha-beta regulatory T cell",182,0.0002713004384036205,oxidative_stress_cell
prostate gland,dendritic cell,180,0.002066471499913897,oxidative_stress_cell
adipose tissue,Schwann cell,180,0.0003930113842297632,
liver,memory B cell,180,0.00018827939825904317,oxidative_stress_cell
lung,mesothelial cell of pleura,180,5.716412582713314e-05,
kidney,plasmacytoid dendritic cell,179,0.00027201621763728843,oxidative_stress_cell
small intestine,"CD34-positive, CD56-positive, CD117-positive common innate lymphoid precursor, human",178,0.00014990849686413323,
intestine,plasma cell,178,0.0006303562575253205,oxidative_stress_cell
endocrine gland,immature B cell,177,0.00025240497736911307,oxidative_stress_cell
small intestine,precursor B cell,177,0.00014906631429748078,oxidative_stress_cell
kidney,IgG plasma cell,177,0.00026897693028938576,oxidative_stress_cell
bone marrow,basophil,177,0.0002330290351544706,
small intestine,non-classical monocyte,176,0.00014822413173082834,oxidative_stress_cell
lymph node,dendritic cell,176,0.00019142377961902317,oxidative_stress_cell
central nervous system,glycinergic amacrine cell,176,0.00023691801963458088,
colon,enteroendocrine cell of colon,175,0.0002608658061573274,
skin of body,pro-B cell,175,0.0002595649691117687,oxidative_stress_cell
digestive system,Schwann cell,175,0.0024240913120567374,
bone marrow,mature NK T cell,175,0.0002303959387120472,oxidative_stress_cell
respiratory system,myoepithelial cell,175,0.0003383630190488712,oxidative_stress_cell
skin of body,B-1 B cell,174,0.00025808174071684426,oxidative_stress_cell
gallbladder,endothelial cell,174,0.008787878787878787,oxidative_stress_cell
vasculature,mast cell,174,0.0012510785159620362,oxidative_stress_cell
large intestine,paneth cell of colon,173,0.0009321924303819295,gut_fermentative_microbe
hindlimb,endothelial cell of lymphatic vessel,173,0.0019891459320240997,oxidative_stress_cell
liver,"central memory CD4-positive, alpha-beta T cell",172,0.0001799114250030857,oxidative_stress_cell
endocrine gland,myofibroblast cell,172,0.0002452748932626409,oxidative_stress_cell
eye,cell of skeletal muscle,172,2.2032751941956507e-05,
lung,lung perichondrial fibroblast,172,5.4623498012593893e-05,oxidative_stress_cell
large intestine,"CD4-positive, alpha-beta memory T cell",172,0.0009268040348305889,oxidative_stress_cell
tendon of semitendinosus,endothelial cell of lymphatic vessel,172,0.01632963068451533,oxidative_stress_cell
central nervous system,B cell,171,0.0002301873940767803,oxidative_stress_cell
lung,immature alpha-beta T cell,171,5.4305919535776484e-05,oxidative_stress_cell
lymph node,granulocyte,170,0.00018489796895019284,
liver,endothelial cell of artery,169,0.00017677343503210165,oxidative_stress_cell
adipose tissue,leukocyte,168,0.00036681062528111234,
esophagus,adipocyte,168,0.001003236632469037,adipocyte_lipolytic
lung,T-helper 17 cell,167,5.303560562850686e-05,
bone marrow,CD4-positive helper T cell,167,0.00021986355294235363,oxidative_stress_cell
skeletal system,endothelial cell,167,0.004834833965432384,oxidative_stress_cell
musculature,blood vessel smooth muscle cell,166,0.0002847961734374383,
skin of body,"CD4-positive, alpha-beta memory T cell",166,0.00024621591355744913,oxidative_stress_cell
digestive system,neural cell,165,0.0022855718085106383,
endocrine gland,skeletal muscle satellite cell,165,0.00023529277551357996,
bladder organ,natural killer cell,165,0.002187371574774966,
colon,plasmablast,164,0.00024446852691315256,
small intestine,plasmablast,164,0.00013811794093099915,
exocrine gland,dendritic cell,163,0.0008445420820293879,oxidative_stress_cell
uterus,basal cell,162,0.0005263328893076448,
respiratory system,brush cell of tracheobronchial tree,162,0.0003132274804909551,
reproductive system,neutrophil progenitor cell,162,0.0004445359127392468,oxidative_stress_cell
esophagus,gamma-delta T cell,160,0.000955463459494321,oxidative_stress_cell
skin of body,cell of skeletal muscle,160,0.00023731654318790278,
yolk sac,mast cell,160,0.002821570909603922,oxidative_stress_cell
spinal cord,macrophage,159,0.0031955945011656888,oxidative_stress_cell
blood,proerythroblast,158,1.1430504486038941e-05,
stomach,erythroblast,158,0.0005557861560000282,
large intestine,colon endothelial cell,158,0.00085136649711182,oxidative_stress_cell
small intestine,follicular dendritic cell,158,0.00013306484553108453,oxidative_stress_cell
prostate gland,vascular associated smooth muscle cell,158,0.0018139027610355317,
lung,contractile cell,158,5.0177399337150205e-05,
musculature,epithelial cell,157,0.0002693554170462519,oxidative_stress_cell
lung,enterocyte,156,4.954224238351539e-05,oxidative_stress_cell
esophagus,epithelial cell of lung,156,0.000931576873006963,oxidative_stress_cell
cortex,oligodendrocyte,156,0.0010416249348984415,microglia_activated
uterus,stromal cell of endometrium,155,0.0005035901101400305,oxidative_stress_cell
liver,immature innate lymphoid cell,155,0.00016212948183417605,
central nervous system,mast cell,155,0.00020864939229181837,oxidative_stress_cell
embryo,microglial cell,154,0.00038447615124393016,microglia_activated
endocrine gland,chondrocyte,154,0.0002196065904793413,
brain,neutrophil,154,8.306440333787294e-06,oxidative_stress_cell
tongue,neutrophil,154,0.003973783351395985,oxidative_stress_cell
central nervous system,committed oligodendrocyte precursor,153,0.00020595714206869816,microglia_activated
omentum,monocyte,153,0.011410246849131181,oxidative_stress_cell
esophagus,gastrointestinal tract (lamina propria) macrophage,152,0.0009076902865196049,oxidative_stress_cell
respiratory system,connective tissue cell,152,0.00029389245083101957,
central nervous system,OFF midget ganglion cell,152,0.00020461101695713803,
adrenal gland,IgA plasma cell,151,0.00034483624845565883,oxidative_stress_cell
small intestine,"activated CD4-positive, alpha-beta T cell, human",150,0.00012632738499786508,oxidative_stress_cell
musculature,subcutaneous adipocyte,150,0.00025734593985310693,adipocyte_lipolytic
musculature,erythrocyte,150,0.00025734593985310693,
reproductive system,megakaryocyte,150,0.00041160732661041366,
skin of body,epithelial cell of nephron,149,0.00022100103084373446,oxidative_stress_cell
immune system,macrophage,149,0.0029875285720014438,oxidative_stress_cell
nose,vein endothelial cell,148,0.000623428265732086,oxidative_stress_cell
pancreas,mast cell,148,0.0003481034243498345,oxidative_stress_cell
eye,erythrocyte,148,1.8958414461683507e-05,
musculature,granulocyte,148,0.00025391466065506553,
colon,TREM2-positive macrophage,148,0.00022061793892162547,oxidative_stress_cell
spinal cord,ependymal cell,147,0.0029544175576814856,
skeletal system,stromal cell,147,0.004255811933644075,oxidative_stress_cell
central nervous system,leukocyte,146,0.0001965342662877773,
stomach,fibroblast of gingiva,146,0.0005135745492152159,oxidative_stress_cell
esophagus,endothelial cell of artery,146,0.0008718604067885679,oxidative_stress_cell
intestine,hematopoietic cell,145,0.0005134924569728734,
ovary,erythroid lineage cell,145,0.0008285619592918938,
esophagus,plasma cell,144,0.0008599171135448889,oxidative_stress_cell
colon,fibroblastic reticular cell,143,0.00021316463017427326,oxidative_stress_cell
endocrine gland,keratinocyte,143,0.00020392040544510263,oxidative_stress_cell
vasculature,vein endothelial cell,143,0.0010281852171412137,oxidative_stress_cell
lung,bronchial goblet cell,142,4.5096143708071705e-05,oxidative_stress_cell
lymph node,"CD34-positive, CD56-positive, CD117-positive common innate lymphoid precursor, human",142,0.0001544441858289846,
esophagogastric junction,unknown,142,0.011118941351499491,
eye,muscle cell,142,1.818983009161526e-05,
digestive system,endothelial cell of lymphatic vessel,141,0.001953125,oxidative_stress_cell
colon,"central memory CD4-positive, alpha-beta T cell",141,0.0002101833066753324,oxidative_stress_cell
esophagus,capillary endothelial cell,141,0.0008420021736793704,oxidative_stress_cell
spinal cord,professional antigen presenting cell,140,0.0028137310073157004,
uterus,kidney loop of Henle epithelial cell,140,0.00045485558335228563,oxidative_stress_cell
esophagus,peripheral nervous system neuron,140,0.0008360305270575308,neuron_stressed
milk,fibroblast,140,0.0028879079169932755,oxidative_stress_cell
pancreas,endothelial cell of lymphatic vessel,139,0.00032693497286910133,oxidative_stress_cell
tongue,monocyte,139,0.0035867265314548174,oxidative_stress_cell
prostate gland,erythrocyte,139,0.0015957752138223982,
brain,noradrenergic cell,138,7.44343354586134e-06,
musculature,mature NK T cell,138,0.0002367582646648584,oxidative_stress_cell
prostate gland,B cell,138,0.0015842948166006545,oxidative_stress_cell
large intestine,vascular associated smooth muscle cell,137,0.0007382101905336667,
large intestine,enteroendocrine cell,137,0.0007382101905336667,
esophagogastric junction,glandular cell of esophagus,137,0.010727429332080495,
eye,platelet,137,1.754934311655838e-05,
uterus,memory T cell,136,0.00044185970954222035,oxidative_stress_cell
liver,myofibroblast cell,136,0.00014225554535127706,oxidative_stress_cell
reproductive system,common myeloid progenitor,136,0.0003731906427934417,
small intestine,neutrophil,136,0.000114536829064731,oxidative_stress_cell
placenta,"CD16-positive, CD56-dim natural killer cell, human",136,0.0002610880845925394,
uterus,B cell,135,0.000438610741089704,oxidative_stress_cell
adipose tissue,activated type II NK T cell,135,0.0002947585381723224,oxidative_stress_cell
kidney,"naive thymus-derived CD4-positive, alpha-beta T cell",135,0.0002051518959834298,oxidative_stress_cell
stomach,epithelial cell of lung,135,0.00047488057632913796,oxidative_stress_cell
skin of body,sebocyte,135,0.00020023583331479298,
mucosa,club cell,135,0.0014760873843731549,oxidative_stress_cell
nose,mucosal invariant T cell,135,0.0005686676748231865,oxidative_stress_cell
forelimb,macrophage,135,0.0034630479952799938,oxidative_stress_cell
nose,macrophage,134,0.000564455321676348,oxidative_stress_cell
stomach,enteroglial cell,134,0.0004713629424304036,
pancreas,mesothelial cell,134,0.0003151747220464718,
embryo,unknown,134,0.00033454418354991327,
spleen,platelet,133,0.00023023246554735604,
spleen,"double-positive, alpha-beta thymocyte",133,0.00023023246554735604,
esophagus,pericyte,132,0.0007882573540828148,oxidative_stress_cell
exocrine gland,erythrocyte,132,0.0006839236492507927,
small intestine,endothelial cell of arteriole,132,0.00011116809879812126,oxidative_stress_cell
liver,professional antigen presenting cell,132,0.0001380715587232983,
kidney,neuron,131,0.00019907332128762449,neuron_stressed
blood,peripheral blood mononuclear cell,131,9.477190428298109e-06,
bone marrow,muscle cell,131,0.00017246781697873248,
pancreas,mesenchymal cell,131,0.00030811857155289406,
lamina propria,"effector memory CD8-positive, alpha-beta T cell, terminally differentiated",130,0.005488242495883818,oxidative_stress_cell
breast,contractile cell,130,5.5215578608295586e-05,
small intestine,interneuron,130,0.0001094837336648164,neuron_stressed
lymph node,capillary endothelial cell,129,0.00014030492937985221,oxidative_stress_cell
kidney,columnar/cuboidal epithelial cell,129,0.00019603403393972182,oxidative_stress_cell
intestine,intestine goblet cell,128,0.00045328989305191584,oxidative_stress_cell
adrenal gland,gamma-delta T cell,128,0.0002923115218696976,oxidative_stress_cell
central nervous system,retinal ganglion cell,128,0.00017230401427969518,
esophagus,monocyte,128,0.0007643707675954568,oxidative_stress_cell
adipose tissue,"effector memory CD8-positive, alpha-beta T cell",127,0.0002772913655398885,oxidative_stress_cell
skin of body,large pre-B-II cell,127,0.00018837000615539785,
respiratory system,lung interstitial macrophage,127,0.0002455548766811808,oxidative_stress_cell
large intestine,myofibroblast cell,127,0.0006843262350202604,oxidative_stress_cell
mucosa,melanocyte,127,0.0013886155393732643,
bladder organ,endothelial cell of lymphatic vessel,127,0.0016836132727055797,oxidative_stress_cell
stomach,myeloid cell,127,0.00044673950513926313,
mucosa,myeloid dendritic cell,126,0.0013776815587482779,oxidative_stress_cell
brain,Schwann cell precursor,126,6.796178454916876e-06,
respiratory system,mesenchymal cell,126,0.00024362137371518729,
brain,pigmented epithelial cell,126,6.796178454916876e-06,oxidative_stress_cell
spleen,common myeloid progenitor,126,0.0002181149673606531,
spinal cord,vascular associated smooth muscle cell,125,0.002512259827960447,
skin of body,megakaryocyte-erythroid progenitor cell,125,0.00018540354936554906,
kidney,kidney collecting duct cell,125,0.00018995545924391648,oxidative_stress_cell
lung,"plasmacytoid dendritic cell, human",125,3.9697309602175795e-05,oxidative_stress_cell
colon,primary sensory neuron (sensu Teleostei),124,0.00018484205693433485,neuron_stressed
lung,promonocyte,124,3.9379731125358386e-05,oxidative_stress_cell
sensory system,melanocyte,123,0.05131414267834793,
bone marrow,group 3 innate lymphoid cell,123,0.0001619354312090389,
brain,arachnoid barrier cell,123,6.63436468218076e-06,
digestive system,plasmacytoid dendritic cell,122,0.0016899379432624114,oxidative_stress_cell
colon,migratory enteric neural crest cell,122,0.00018186073343539399,oxidative_stress_cell
lymph node,myeloid dendritic cell,122,0.00013269148359955016,oxidative_stress_cell
lymph node,immature alpha-beta T cell,121,0.00013160384848807843,oxidative_stress_cell
lymph node,pro-B cell,121,0.00013160384848807843,oxidative_stress_cell
forelimb,fibroblast,121,0.0031039170920657724,oxidative_stress_cell
skin of body,early lymphoid progenitor,120,0.0001779874073909271,
lymph node,endothelial cell of artery,120,0.0001305162133766067,oxidative_stress_cell
tendon of semitendinosus,adipocyte,119,0.01129782588056584,adipocyte_lipolytic
reproductive system,immature innate lymphoid cell,118,0.0003237977636001921,
intestine,monocyte,118,0.00041787662015723494,oxidative_stress_cell
yolk sac,natural killer cell,118,0.0020809085458328926,
endocrine gland,lymphocyte,118,0.00016826998491274202,
lymph node,smooth muscle cell,118,0.00012834094315366328,
spleen,promyelocyte,118,0.00020426639800442115,
skeletal system,renal intercalated cell,117,0.003387278885961611,
prostate gland,"CD4-positive, alpha-beta T cell",116,0.0013317260777222892,oxidative_stress_cell
spleen,granulocyte monocyte progenitor cell,116,0.00020080425566536316,oxidative_stress_cell
testis,male germ cell,116,0.005597375024126616,
bladder organ,dendritic cell,116,0.0015377885010539154,oxidative_stress_cell
exocrine gland,endothelial cell of artery,116,0.0006010238129779693,oxidative_stress_cell
intestine,regulatory T cell,116,0.00041079396557829875,oxidative_stress_cell
spleen,early lymphoid progenitor,115,0.0001990731844958342,
tongue,plasma cell,115,0.00296743561954895,oxidative_stress_cell
skin of body,professional antigen presenting cell,115,0.00017057126541630512,
stomach,TREM2-positive macrophage,115,0.00040452789835445084,oxidative_stress_cell
central nervous system,diffuse bipolar 4a cell,115,0.00015480438782941363,
spleen,Kupffer cell,115,0.0001990731844958342,hepatocyte_sulfur
lymph node,alveolar macrophage,114,0.00012399040270777637,oxidative_stress_cell
kidney,primordial germ cell,114,0.00017323937883045184,
yolk sac,promonocyte,113,0.00199273445490777,oxidative_stress_cell
large intestine,mature conventional dendritic cell,113,0.0006088886973014915,oxidative_stress_cell
adrenal gland,primordial germ cell,113,0.0002580562654005924,
colon,mature NK T cell,113,0.00016844477769015998,oxidative_stress_cell
immune system,plasmacytoid dendritic cell,112,0.0022456590608333,oxidative_stress_cell
esophagus,vascular associated smooth muscle cell,112,0.0006688244216460247,
lymph node,T-helper 17 cell,112,0.00012181513248483293,
blood,common dendritic progenitor,111,8.030291126267864e-06,oxidative_stress_cell
lamina propria,lymphocyte,111,0.004686114746485414,
reproductive system,plasmacytoid dendritic cell,111,0.0003045894216917061,oxidative_stress_cell
nose,T follicular helper cell,110,0.000463358846152226,
large intestine,M cell of gut,110,0.0005927235106474696,
yolk sac,hematopoietic stem cell,110,0.0019398300003526964,
small intestine,smooth muscle cell,110,9.264008233176771e-05,
small intestine,type I enteroendocrine cell,109,9.179789976511528e-05,
adipose tissue,unswitched memory B cell,109,0.00023799022711691215,oxidative_stress_cell
brain,immature T cell,108,5.8252958185001795e-06,oxidative_stress_cell
tendon of semitendinosus,leukocyte,108,0.010253489034463116,
lamina propria,unknown,108,0.004559462996580403,
bone marrow,myeloid dendritic cell,108,0.00014218720789086343,oxidative_stress_cell
colon,type L enteroendocrine cell,108,0.0001609914689428078,
small intestine,fibroblastic reticular cell,108,9.095571719846285e-05,oxidative_stress_cell
blood,myelocyte,108,7.813256230963326e-06,
skin of body,myeloid dendritic cell,108,0.0001601886666518344,oxidative_stress_cell
uterus,blood vessel endothelial cell,108,0.00035088859287176323,oxidative_stress_cell
lung,stratified epithelial cell,107,3.3980897019462476e-05,oxidative_stress_cell
pancreas,hepatic stellate cell,107,0.00025166936760427226,
esophagus,glial cell,107,0.0006389661885368271,
omentum,T cell,107,0.007979715116712655,oxidative_stress_cell
bladder organ,capillary endothelial cell,107,0.0014184773242480082,oxidative_stress_cell
prostate gland,"CD4-positive, alpha-beta thymocyte",107,0.0012284025027265943,
intestine,BEST4+ enterocyte,107,0.0003789220199730859,oxidative_stress_cell
omentum,fibroblast,107,0.007979715116712655,oxidative_stress_cell
omentum,dendritic cell,106,0.007905138339920948,oxidative_stress_cell
bladder organ,erythrocyte,106,0.0014052205268251295,
respiratory system,metallothionein-positive alveolar macrophage,106,0.00020495131439531627,oxidative_stress_cell
lymph node,IgA plasma cell,106,0.0001152893218160026,oxidative_stress_cell
esophagogastric junction,P/D1 enteroendocrine cell,106,0.008300054811682719,
central nervous system,diffuse bipolar 1 cell,106,0.00014268926182537257,
pancreas,monocyte,105,0.00024696526727522043,oxidative_stress_cell
musculature,classical monocyte,105,0.00018014215789717485,oxidative_stress_cell
forelimb,muscle fibroblast,104,0.0026678295667342173,oxidative_stress_cell
skeletal system,macrophage,104,0.0030109145652992097,oxidative_stress_cell
uterus,T cell,104,0.0003378927190616979,oxidative_stress_cell
lung,pulmonary ionocyte,103,3.271058311219285e-05,
spleen,large pre-B-II cell,103,0.00017830033046148627,
exocrine gland,mature NK T cell,103,0.0005336676960063004,oxidative_stress_cell
uterus,neutrophil,103,0.0003346437506091816,oxidative_stress_cell
spleen,late pro-B cell,102,0.00017656925929195727,oxidative_stress_cell
large intestine,natural killer cell,102,0.0005496163462367445,
mucosa,respiratory tract epithelial cell,102,0.001115266023748606,oxidative_stress_cell
skin of body,fraction A pre-pro B cell,102,0.00015128929628228802,oxidative_stress_cell
skin of body,late pro-B cell,101,0.00014980606788736364,oxidative_stress_cell
blood,T-helper 1 cell,101,7.306841475252741e-06,
uterus,myofibroblast cell,101,0.00032814581370414894,oxidative_stress_cell
sensory system,endothelial cell of vascular tree,101,0.042136003337505216,oxidative_stress_cell
skin of body,granulocyte monocyte progenitor cell,101,0.00014980606788736364,oxidative_stress_cell
brain,plasma cell,101,5.447730348782575e-06,oxidative_stress_cell
stomach,cycling T cell,100,0.0003517633898734355,oxidative_stress_cell
respiratory system,"CD16-positive, CD56-dim natural killer cell, human",100,0.00019335029659935498,
pancreas,Schwann cell,100,0.0002352050164525909,
central nervous system,diffuse bipolar 3a cell,99,0.00013326638604445174,
exocrine gland,monocyte,99,0.0005129427369380946,oxidative_stress_cell
brain,sst chodl GABAergic cortical interneuron,99,5.339854500291831e-06,neuron_stressed
central nervous system,retinal pigment epithelial cell,98,0.00013192026093289164,oxidative_stress_cell
adrenal gland,professional antigen presenting cell,98,0.0002238010089314872,
lung,mature alpha-beta T cell,98,3.112269072810582e-05,oxidative_stress_cell
digestive system,gut endothelial cell,98,0.001357491134751773,oxidative_stress_cell
lymph node,glial cell,97,0.00010550060581275709,
tongue,endothelial cell of lymphatic vessel,97,0.002502967435619549,oxidative_stress_cell
mucosa,mural cell,97,0.0010605961206236743,
lymph node,T-helper 1 cell,97,0.00010550060581275709,
forelimb,peridermal cell,96,0.002462611907754662,
bone marrow,thymocyte,95,0.00012507208101511134,
head,radial glial cell,95,0.013968534039111895,
bladder organ,mature NK T cell,95,0.0012593957551734652,oxidative_stress_cell
central nervous system,promyelocyte,95,0.00012788188559821126,
omentum,CD4-positive helper T cell,95,0.007084793795212171,oxidative_stress_cell
small intestine,reticular cell,95,8.00073438319812e-05,
mucosa,Langerhans cell,94,0.0010277941787487153,
mucosa,Schwann cell,94,0.0010277941787487153,
respiratory system,Schwann cell,94,0.00018174927880339369,
nose,"CD16-negative, CD56-bright natural killer cell, human",94,0.0003959611958028113,
forelimb,smooth muscle cell,94,0.0024113074930097733,
bone marrow,fibroblast,94,0.00012375553279389965,oxidative_stress_cell
lung,peripheral nervous system neuron,93,2.953479834401879e-05,neuron_stressed
yolk sac,group 3 innate lymphoid cell,93,0.0016400380912072797,
lung,granulocyte,93,2.953479834401879e-05,
mucosa,endothelial cell,93,0.0010168601981237289,oxidative_stress_cell
tongue,regulatory T cell,92,0.0023739484956391598,oxidative_stress_cell
digestive system,ionocyte,92,0.0012743794326241136,
large intestine,"effector memory CD8-positive, alpha-beta T cell",92,0.0004957323907233383,oxidative_stress_cell
lung,common myeloid progenitor,91,2.889964139038398e-05,
endocrine gland,endothelial cell of vascular tree,91,0.0001297675307377926,oxidative_stress_cell
adrenal gland,inflammatory cell,91,0.0002078152225792381,
central nervous system,diffuse bipolar 5 cell,90,0.00012115126004041068,
omentum,memory B cell,90,0.006711909911253635,oxidative_stress_cell
large intestine,naive B cell,90,0.00048495559962065697,oxidative_stress_cell
lung,megakaryocyte progenitor cell,89,2.8264484436749164e-05,
skin of body,"CD8-positive, alpha-beta memory T cell",89,0.00013200732714827091,oxidative_stress_cell
small intestine,immature pericyte,89,7.495424843206661e-05,oxidative_stress_cell
kidney,kidney outer medulla collecting duct intercalated cell,89,0.00013524828698166855,
blood,mast cell,88,6.366356928933081e-06,oxidative_stress_cell
musculature,innate lymphoid cell,88,0.00015097628471382273,
mucosa,multiciliated epithelial cell of the bronchus,88,0.0009621902949987972,oxidative_stress_cell
kidney,kidney resident macrophage,87,0.00013220899963376588,oxidative_stress_cell
intestine,"effector memory CD8-positive, alpha-beta T cell",87,0.00030809547418372406,oxidative_stress_cell
lymph node,erythrocyte,87,9.462425469803986e-05,
colon,"effector memory CD4-positive, alpha-beta T cell",87,0.0001296875722039285,oxidative_stress_cell
bone marrow,mature alpha-beta T cell,87,0.00011453969524541775,oxidative_stress_cell
spinal cord,cord blood hematopoietic stem cell,87,0.0017485328402604711,
esophagogastric junction,memory B cell,86,0.006734006734006734,oxidative_stress_cell
kidney,"naive thymus-derived CD8-positive, alpha-beta T cell",86,0.00013068935595981454,oxidative_stress_cell
hindlimb,early lymphoid progenitor,86,0.0009888239893298993,
prostate gland,CD1c-positive myeloid dendritic cell,86,0.000987314161069973,oxidative_stress_cell
uterus,regulatory T cell,86,0.000279411286916404,oxidative_stress_cell
small intestine,TREM2-positive macrophage,86,7.24277007321093e-05,oxidative_stress_cell
lamina propria,group 3 innate lymphoid cell,86,0.0036306834972769874,
central nervous system,diffuse bipolar 3b cell,85,0.00011442063448261008,oxidative_stress_cell
intestine,enteroglial cell,85,0.00030101281960478787,
intestine,tuft cell,85,0.00030101281960478787,oxidative_stress_cell
central nervous system,melanocyte,85,0.00011442063448261008,
esophagus,mature NK T cell,85,0.000507589962856358,oxidative_stress_cell
nose,professional antigen presenting cell,84,0.0003538376643344271,
lung,deuterosomal cell,84,2.667659205266213e-05,
lymph node,IgG plasma cell,84,9.13613493636247e-05,oxidative_stress_cell
blood,IgM plasma cell,84,6.076977068527032e-06,oxidative_stress_cell
colon,abnormal cell,84,0.00012521558695551718,
liver,stem cell,83,8.681772253055879e-05,
musculature,B cell,83,0.00014239808671871916,oxidative_stress_cell
respiratory system,squamous epithelial cell,83,0.00016048074617746463,oxidative_stress_cell
pancreas,type D enteroendocrine cell,83,0.00019522016365565044,
ureter,monocyte,82,0.0018752286864251737,oxidative_stress_cell
exocrine gland,mast cell,82,0.00042486166089821973,oxidative_stress_cell
immune system,innate lymphoid cell,82,0.0016441432409672375,
lymph node,inflammatory macrophage,82,8.918607914068125e-05,oxidative_stress_cell
brain,myeloid cell,81,4.368971863875134e-06,
liver,"CD8-alpha-alpha-positive, alpha-beta intraepithelial T cell",81,8.472572921656942e-05,oxidative_stress_cell
central nervous system,forebrain neuroblast,81,0.00010903613403636961,neuron_stressed
esophagogastric junction,"activated CD8-positive, alpha-beta T cell",81,0.006342494714587738,oxidative_stress_cell
sensory system,hematopoietic cell,81,0.03379224030037547,
ovary,dendritic cell,81,0.0004628518531216786,oxidative_stress_cell
skin of body,"double-positive, alpha-beta thymocyte",81,0.00012014149998887578,
heart,erythroid lineage cell,80,4.0753179894214936e-05,
kidney,erythroid lineage cell,80,0.00012157149391610655,
lung,"CD34-positive, CD56-positive, CD117-positive common innate lymphoid precursor, human",80,2.5406278145392508e-05,
skeletal system,hematopoietic stem cell,80,0.002316088127153238,
bone marrow,chondrocyte,80,0.00010532385769693586,
respiratory system,primary cultured cell,80,0.000154680237279484,
exocrine gland,natural killer cell,79,0.00040931794159706537,
liver,"effector memory CD4-positive, alpha-beta T cell, terminally differentiated",79,8.263373590258005e-05,oxidative_stress_cell
lung,T follicular helper cell,79,2.5088699668575102e-05,
urinary bladder,mature NK T cell,79,0.0026479855198766507,oxidative_stress_cell
intestine,TREM2-positive macrophage,79,0.0002797648558679793,oxidative_stress_cell
prostate gland,neuroendocrine cell,79,0.0009069513805177659,
esophagus,conventional dendritic cell,78,0.0004657884365034815,oxidative_stress_cell
kidney,glomerular mesangial cell,78,0.00011853220656820389,
sensory system,vascular associated smooth muscle cell,78,0.03254067584480601,
respiratory system,"CD16-negative, CD56-bright natural killer cell, human",78,0.0001508132313474969,
brain,stem cell,78,4.207158091139018e-06,
spinal cord,pericyte,78,0.001567650132647319,oxidative_stress_cell
bone marrow,myofibroblast cell,78,0.00010269076125451246,oxidative_stress_cell
small intestine,type D enteroendocrine cell,78,6.569024019888983e-05,
small intestine,"CD8-positive, alpha-beta memory T cell, CD45RO-positive",78,6.569024019888983e-05,oxidative_stress_cell
nose,keratinocyte,77,0.0003243511923065582,oxidative_stress_cell
testis,stromal cell,77,0.0037154989384288748,oxidative_stress_cell
large intestine,gastrointestinal tract (lamina propria) macrophage,77,0.0004149064574532287,oxidative_stress_cell
central nervous system,megakaryocyte,77,0.00010365163359012913,
embryo,oligodendrocyte,77,0.00019223807562196508,microglia_activated
lung,myoepithelial cell of bronchus submucosal gland,76,2.413596423812288e-05,oxidative_stress_cell
lamina propria,conventional dendritic cell,76,0.0032085109975936166,oxidative_stress_cell
large intestine,enteroendocrine cell of colon,76,0.0004095180619018881,
tongue,mast cell,76,0.001961087887701915,oxidative_stress_cell
vasculature,erythrocyte,76,0.000546448087431694,
respiratory system,"CD4-positive, alpha-beta memory T cell",76,0.00014694622541550978,oxidative_stress_cell
nose,elicited macrophage,75,0.00031592648601288137,oxidative_stress_cell
peripheral nervous system,pericyte,75,0.11398176291793313,oxidative_stress_cell
skin of body,"CD4-positive, CD25-positive, alpha-beta regulatory T cell",75,0.00011124212961932943,oxidative_stress_cell
spinal cord,committed oligodendrocyte precursor,75,0.0015073558967762682,microglia_activated
liver,skeletal muscle satellite cell,74,7.740375261760663e-05,
small intestine,GIP cell,74,6.23215099322801e-05,
blood,"erythroid progenitor cell, mammalian",74,5.353527417511909e-06,
musculature,non-classical monocyte,74,0.00012695733032753277,oxidative_stress_cell
adipose tissue,hematopoietic precursor cell,74,0.00016157134685001375,
blood,"CD34-positive, CD38-negative hematopoietic stem cell",74,5.353527417511909e-06,
brain,glioblast (sensu Vertebrata),73,3.937468469912159e-06,
small intestine,"plasmacytoid dendritic cell, human",73,6.147932736562766e-05,oxidative_stress_cell
ovary,"CD8-positive, alpha-beta T cell",73,0.0004171380898504017,oxidative_stress_cell
colon,interstitial cell of Cajal,73,0.0001088183077113423,
esophagus,memory T cell,72,0.0004299585567724444,oxidative_stress_cell
lamina propria,"CD16-negative, CD56-bright natural killer cell, human",72,0.0030396419977202684,
intestine,gastrointestinal tract (lamina propria) macrophage,72,0.00025497556484170266,oxidative_stress_cell
lung,tracheobronchial goblet cell,72,2.2865650330853258e-05,oxidative_stress_cell
eye,mature NK T cell,72,9.223012440819003e-06,oxidative_stress_cell
blood,group 3 innate lymphoid cell,72,5.208837487308884e-06,
colon,M cell of gut,71,0.0001058369842124014,
respiratory system,multiciliated epithelial cell of the bronchus,71,0.00013727871058554205,oxidative_stress_cell
hindlimb,conventional dendritic cell,71,0.000816354688865382,oxidative_stress_cell
lamina propria,"CD16-positive, CD56-dim natural killer cell, human",71,0.0029974247477519314,
nose,regulatory T cell,71,0.0002990770734255277,oxidative_stress_cell
omentum,"CD8-positive, alpha-beta memory T cell, CD45RO-positive",71,0.005294951152211201,oxidative_stress_cell
kidney,promonocyte,70,0.00010637505717659324,oxidative_stress_cell
lamina propria,"naive thymus-derived CD4-positive, alpha-beta T cell",70,0.0029552074977835944,oxidative_stress_cell
lamina propria,memory B cell,70,0.0029552074977835944,oxidative_stress_cell
nose,"plasmacytoid dendritic cell, human",70,0.0002948647202786893,oxidative_stress_cell
nose,innate lymphoid cell,70,0.0002948647202786893,
small intestine,common lymphoid progenitor,70,5.8952779665670364e-05,
lung,granulocyte monocyte progenitor cell,70,2.2230493377218443e-05,oxidative_stress_cell
urinary bladder,B cell,70,0.002346316283435007,oxidative_stress_cell
bone marrow,proerythroblast,69,9.084182726360718e-05,
nose,natural killer cell,69,0.0002906523671318509,
musculature,immature neutrophil,69,0.0001183791323324292,oxidative_stress_cell
stomach,intestinal epithelial cell,69,0.00024271673901267053,oxidative_stress_cell
spinal cord,fibroblast,69,0.0013867674250341668,oxidative_stress_cell
kidney,"plasmacytoid dendritic cell, human",69,0.0001048554135026419,oxidative_stress_cell
colon,immature B cell,68,0.00010136499896399009,oxidative_stress_cell
mucosa,respiratory tract suprabasal cell,68,0.0007435106824990706,
lamina propria,regulatory T cell,68,0.0028707729978469203,oxidative_stress_cell
spleen,hematopoietic precursor cell,68,0.00011771283952797152,
endocrine gland,small pre-B-II cell,67,9.554312702672641e-05,
prostate gland,Schwann cell,67,0.0007691866138568394,
esophagogastric junction,macrophage,67,0.005246261060214549,oxidative_stress_cell
nose,"CD16-positive, CD56-dim natural killer cell, human",67,0.000282227660838174,
testis,peritubular myoid cell,67,0.003232966608762787,
brain,tip cell,66,3.559903000194554e-06,
colon,mesenchymal lymphangioblast,66,9.83836754650492e-05,
vasculature,endothelial cell of lymphatic vessel,66,0.0004745470232959448,oxidative_stress_cell
spleen,erythroid progenitor cell,66,0.00011425069718891353,
blood,IgA plasmablast,66,4.774767696699811e-06,
lung,hematopoietic multipotent progenitor cell,66,2.096017946994882e-05,
colon,"CD8-positive, alpha-beta thymocyte",65,9.689301371557876e-05,
nose,conventional dendritic cell,65,0.0002738029545444972,oxidative_stress_cell
urinary bladder,Schwann cell,64,0.002145203459140578,
adrenal gland,mucosal invariant T cell,64,0.0001461557609348488,oxidative_stress_cell
stomach,plasmablast,64,0.00022512856951899875,
testis,spermatogonium,64,0.0030882069098629606,
lymph node,common lymphoid progenitor,64,6.960864713419024e-05,
breast,endocrine cell,64,2.7183054084083983e-05,
respiratory system,epithelial cell,63,0.00012181068685759364,oxidative_stress_cell
brain,immature microglial cell,63,3.398089227458438e-06,microglia_activated
forelimb,endothelial cell of artery,62,0.0015904368570915527,oxidative_stress_cell
hindlimb,B cell,62,0.0007128731085866716,oxidative_stress_cell
colon,classical monocyte,62,9.242102846716743e-05,oxidative_stress_cell
esophagus,ciliated epithelial cell,62,0.00037024209055404935,oxidative_stress_cell
central nervous system,giant bipolar cell,61,8.211363180516723e-05,
esophagogastric junction,peptic cell,61,0.0047764466369117535,
lung,non-myelinating Schwann cell,60,1.905470860904438e-05,
endocrine gland,myelocyte,60,8.556100927766544e-05,
spleen,hematopoietic multipotent progenitor cell,60,0.00010386427017173957,
intestine,intestinal crypt stem cell,60,0.00021247963736808557,gut_fermentative_microbe
nose,neutrophil,60,0.0002527411888103051,oxidative_stress_cell
stomach,neuroblast (sensu Vertebrata),59,0.00020754040002532697,neuron_stressed
brain,megakaryocyte,59,3.18233753047695e-06,
liver,pre-conventional dendritic cell,59,6.171380276268637e-05,oxidative_stress_cell
lamina propria,classical monocyte,59,0.0024908177481318865,oxidative_stress_cell
esophagogastric junction,enteroendocrine cell,59,0.004619841829144155,
liver,enteroendocrine cell,59,6.171380276268637e-05,
eye,primordial germ cell,58,7.429648910659753e-06,
intestine,gamma-delta T cell,58,0.00020539698278914937,oxidative_stress_cell
lymph node,group 1 innate lymphoid cell,57,6.199520135388819e-05,
yolk sac,promyelocyte,57,0.0010051846365463973,
skin of body,"effector memory CD4-positive, alpha-beta T cell",57,8.454401851069037e-05,oxidative_stress_cell
skin of body,subcutaneous adipocyte,57,8.454401851069037e-05,adipocyte_lipolytic
esophagogastric junction,gamma-delta T cell,57,0.004463237021376556,oxidative_stress_cell
blood,"group 3 innate lymphoid cell, human",57,4.1236630107862e-06,
nose,alternatively activated macrophage,57,0.00024010412936978985,oxidative_stress_cell
liver,"CD4-positive, CD25-positive, alpha-beta regulatory T cell",56,5.857581279170232e-05,oxidative_stress_cell
liver,myeloid dendritic cell,56,5.857581279170232e-05,oxidative_stress_cell
musculature,"CD4-positive, CD25-positive, alpha-beta regulatory T cell",56,9.607581754515992e-05,oxidative_stress_cell
esophagus,CD4-positive helper T cell,56,0.00033441221082301234,oxidative_stress_cell
stomach,BEST4+ enterocyte,56,0.0001969874983291239,oxidative_stress_cell
respiratory system,erythrocyte,56,0.0001082761660956388,
endocrine gland,erythroid lineage cell,56,7.985694199248775e-05,
esophagogastric junction,fibroblast,56,0.004384934617492757,oxidative_stress_cell
small intestine,"central memory CD8-positive, alpha-beta T cell",55,4.6320041165883857e-05,oxidative_stress_cell
esophagus,mucus secreting cell,55,0.0003284405642011728,
lymph node,monocyte-derived dendritic cell,55,5.981993113094474e-05,oxidative_stress_cell
gallbladder,Kupffer cell,55,0.002777777777777778,hepatocyte_sulfur
lung,epithelial cell of distal tubule,55,1.746681622495735e-05,oxidative_stress_cell
urinary bladder,mast cell,55,0.0018435342226989341,oxidative_stress_cell
central nervous system,central nervous system macrophage,55,7.403688113580652e-05,oxidative_stress_cell
immune system,natural killer cell,55,0.0011027790030877812,
central nervous system,ON midget ganglion cell,55,7.403688113580652e-05,
esophagogastric junction,IgA plasma cell,54,0.004228329809725159,oxidative_stress_cell
skin of body,promyelocyte,54,8.00943333259172e-05,
colon,"effector memory CD8-positive, alpha-beta T cell, terminally differentiated",54,8.04957344714039e-05,oxidative_stress_cell
spinal cord,monocyte,54,0.0010852962456789131,oxidative_stress_cell
spleen,myelocyte,54,9.347784315456562e-05,
bone marrow,endosteal cell,54,7.109360394543172e-05,
testis,tissue-resident macrophage,54,0.0026056745801968733,oxidative_stress_cell
central nervous system,innate lymphoid cell,54,7.26907560242464e-05,
central nervous system,mechanoreceptor cell,54,7.26907560242464e-05,
endocrine gland,pre-conventional dendritic cell,54,7.700490834989889e-05,oxidative_stress_cell
skeletal system,erythroid lineage cell,53,0.0015344083842390203,
embryo,astrocyte,53,0.00013231971438914478,microglia_activated
exocrine gland,pro-T cell,53,0.00027460570765372737,oxidative_stress_cell
musculature,"effector memory CD4-positive, alpha-beta T cell",53,9.092889874809779e-05,oxidative_stress_cell
colon,precursor B cell,53,7.900507272193345e-05,oxidative_stress_cell
stomach,"dendritic cell, human",53,0.00018643459663292083,oxidative_stress_cell
vasculature,B cell,53,0.0003810756399194708,oxidative_stress_cell
milk,B cell,52,0.0010726515120260737,oxidative_stress_cell
respiratory system,non-myelinating Schwann cell,52,0.00010054215423166459,
placenta,monocyte,52,9.98277970500886e-05,oxidative_stress_cell
pleura,T cell,52,0.0026402640264026403,oxidative_stress_cell
spinal cord,dendritic cell,52,0.001045100088431546,oxidative_stress_cell
colon,reticular cell,52,7.7514410972463e-05,
lung,granzyme K-associated CD8 T cell,52,1.651408079450513e-05,oxidative_stress_cell
digestive system,pericyte,52,0.0007203014184397163,oxidative_stress_cell
intestine,cord blood hematopoietic stem cell,52,0.00018414901905234083,
endocrine gland,common myeloid progenitor,52,7.415287470731005e-05,
central nervous system,choroid plexus macrophage,52,6.999850580112616e-05,oxidative_stress_cell
esophagus,unknown,52,0.00031052562433565433,
small intestine,endothelial cell of venule,52,4.3793493465926554e-05,oxidative_stress_cell
respiratory system,mesothelial cell,51,9.860865126567105e-05,
eye,neutrophil,51,6.5329671455801275e-06,oxidative_stress_cell
small intestine,inflammatory macrophage,51,4.295131089927412e-05,oxidative_stress_cell
intestine,neoplastic cell,51,0.00018060769176287273,tumor_epithelial_warburg
breast,innate lymphoid cell,51,2.1661496223254424e-05,
peripheral nervous system,endothelial cell of vascular tree,51,0.07750759878419453,oxidative_stress_cell
yolk sac,fraction A pre-pro B cell,51,0.0008993757274362501,oxidative_stress_cell
heart,basophil,51,2.598015218256202e-05,
lung,hematopoietic stem cell,50,1.5878923840870316e-05,
esophagus,myeloid leukocyte,50,0.0002985823310919753,
mucosa,"CD8-positive, alpha-beta T cell",50,0.0005466990312493166,oxidative_stress_cell
respiratory system,enteroendocrine cell,50,9.667514829967749e-05,
digestive system,T cell,50,0.0006925975177304965,oxidative_stress_cell
small intestine,natural T-regulatory cell,50,4.210912833262169e-05,
tendon of semitendinosus,neural cell,50,0.0047469856641032945,
musculature,primordial germ cell,50,8.578197995103564e-05,
adrenal gland,"CD4-positive, CD25-positive, alpha-beta regulatory T cell",50,0.00011418418823035061,oxidative_stress_cell
kidney,neural cell,50,7.598218369756659e-05,
pancreas,natural killer cell,50,0.00011760250822629546,
adrenal gland,collagen secreting cell,49,0.0001119005044657436,
liver,double negative thymocyte,49,5.125383619273953e-05,
bone marrow,immature alpha-beta T cell,49,6.451086283937322e-05,oxidative_stress_cell
yolk sac,granulocyte monocyte progenitor cell,49,0.0008641060910662011,oxidative_stress_cell
adrenal gland,cord blood hematopoietic stem cell,49,0.0001119005044657436,
intestine,vascular associated smooth muscle cell,49,0.00017352503718393654,
endocrine gland,stem cell,49,6.987482424342677e-05,
brain,primordial germ cell,49,2.6429582880232297e-06,
kidney,mucosal invariant T cell,49,7.446254002361527e-05,oxidative_stress_cell
skin of body,mature B cell,49,7.267819135129523e-05,oxidative_stress_cell
pancreas,stem cell,49,0.00011525045806176954,
stomach,precursor B cell,49,0.00017236406103798342,oxidative_stress_cell
hindlimb,mast cell,49,0.0005633997148507565,oxidative_stress_cell
respiratory system,glial cell,49,9.474164533368394e-05,
spleen,erythroid lineage cell,48,8.309141613739166e-05,
colon,pro-B cell,48,7.155176397458124e-05,oxidative_stress_cell
skin of body,epidermal Langerhans cell,48,7.119496295637083e-05,
head,erythrocyte,48,0.0070577856197618,
large intestine,malignant cell,48,0.00025864298646435037,tumor_epithelial_warburg
intestine,IgG plasma cell,47,0.00016644238260500035,oxidative_stress_cell
kidney,pericyte,47,7.14232526757126e-05,oxidative_stress_cell
pancreas,cord blood hematopoietic stem cell,46,0.00010819430756819181,
colon,alpha-beta T cell,46,6.857044047564035e-05,oxidative_stress_cell
kidney,B-2 B cell,46,6.990360900176126e-05,oxidative_stress_cell
eye,adipocyte,45,5.764382775511877e-06,adipocyte_lipolytic
endocrine gland,cord blood hematopoietic stem cell,45,6.417075695824908e-05,
nose,follicular dendritic cell,45,0.00018955589160772883,oxidative_stress_cell
spleen,group 1 innate lymphoid cell,45,7.789820262880468e-05,
lamina propria,mucosal invariant T cell,45,0.0018997762485751678,oxidative_stress_cell
intestine,intestinal enteroendocrine cell,45,0.00015935972802606416,gut_fermentative_microbe
kidney,kidney cortex collecting duct epithelial cell,45,6.838396532780994e-05,oxidative_stress_cell
yolk sac,common dendritic progenitor,45,0.0007935668183261031,oxidative_stress_cell
kidney,urothelial cell,45,6.838396532780994e-05,
small intestine,progenitor cell of endocrine pancreas,44,3.7056032932707084e-05,
placenta,erythroid lineage cell,44,8.446967442699805e-05,
gallbladder,stromal cell,44,0.0022222222222222222,oxidative_stress_cell
digestive system,macrophage,44,0.0006094858156028369,oxidative_stress_cell
pancreas,professional antigen presenting cell,44,0.00010349020723913999,
skin of body,myelocyte,44,6.526204937667327e-05,
skin of body,hematopoietic stem cell,44,6.526204937667327e-05,
colon,erythrocyte,44,6.558911697669947e-05,
colon,paneth cell of colon,44,6.558911697669947e-05,gut_fermentative_microbe
lung,pro-T cell,44,1.397345297996588e-05,oxidative_stress_cell
forelimb,pericyte,44,0.0011286971243875535,oxidative_stress_cell
kidney,regulatory T cell,44,6.686432165385861e-05,oxidative_stress_cell
small intestine,mesenchymal lymphangioblast,43,3.621385036605465e-05,
pleura,dendritic cell,43,0.002183295252602183,oxidative_stress_cell
exocrine gland,classical monocyte,43,0.00022279330998321278,oxidative_stress_cell
musculature,mononuclear phagocyte,43,7.377250275789066e-05,
colon,"dendritic cell, human",43,6.409845522722902e-05,oxidative_stress_cell
skeletal system,T cell,43,0.0012448973683448655,oxidative_stress_cell
adipose tissue,intermediate monocyte,43,9.388605289933232e-05,oxidative_stress_cell
vasculature,T cell,43,0.0003091745757837216,oxidative_stress_cell
immune system,myeloid cell,42,0.0008421221478124875,
respiratory system,Langerhans cell,42,8.12071245717291e-05,
esophagus,neutrophil,42,0.00025080915811725925,oxidative_stress_cell
exocrine gland,intermediate monocyte,42,0.0002176120702161613,oxidative_stress_cell
pancreas,intermediate monocyte,42,9.878610691008818e-05,oxidative_stress_cell
large intestine,BEST4+ enterocyte,42,0.00022631261315630657,oxidative_stress_cell
brain,professional antigen presenting cell,42,2.2653928183056255e-06,
central nervous system,H2 horizontal cell,41,5.519112957396487e-05,
blood,"myeloid dendritic cell, human",41,2.9661435691620038e-06,oxidative_stress_cell
forelimb,erythrocyte,41,0.0010517405022702204,
lamina propria,"effector memory CD4-positive, alpha-beta T cell",41,0.0017309072487018196,oxidative_stress_cell
liver,"double-positive, alpha-beta thymocyte",41,4.2885862936782056e-05,
musculature,plasmacytoid dendritic cell,41,7.034122355984923e-05,oxidative_stress_cell
nose,bronchus fibroblast of lung,41,0.00017270647902037516,oxidative_stress_cell
lung,M cell of gut,41,1.302071754951366e-05,
esophagogastric junction,endothelial cell of artery,41,0.0032103985592357685,oxidative_stress_cell
large intestine,intestinal enteroendocrine cell,41,0.00022092421760496595,gut_fermentative_microbe
blood,basophil,41,2.9661435691620038e-06,
liver,hematopoietic precursor cell,41,4.2885862936782056e-05,
hindlimb,melanocyte,41,0.00047141608793634733,
mucosa,pulmonary ionocyte,41,0.0004482932056244396,
hindlimb,natural killer cell,41,0.00047141608793634733,
large intestine,neoplastic cell,40,0.0002155358220536253,tumor_epithelial_warburg
spleen,group 2 innate lymphoid cell,40,6.924284678115972e-05,
liver,group 2 innate lymphoid cell,40,4.183986627978737e-05,
musculature,"CD8-positive, alpha-beta memory T cell, CD45RO-positive",40,6.862558396082852e-05,oxidative_stress_cell
prostate gland,mast cell,40,0.0004592158888697549,oxidative_stress_cell
kidney,group 3 innate lymphoid cell,39,5.9266103284101945e-05,
intestine,conventional dendritic cell,39,0.00013811176428925562,oxidative_stress_cell
respiratory system,granulocyte,39,7.540661567374845e-05,
small intestine,"dendritic cell, human",39,3.284512009944492e-05,oxidative_stress_cell
yolk sac,common myeloid progenitor,39,0.000687757909215956,
intestine,T follicular helper cell,39,0.00013811176428925562,
musculature,erythroblast,38,6.51943047627871e-05,
spleen,alveolar macrophage,38,6.578070444210173e-05,oxidative_stress_cell
stomach,motor neuron,38,0.0001336700881519055,neuron_stressed
endocrine gland,megakaryocyte,38,5.4188639209188113e-05,
liver,glial cell,38,3.9747872965798e-05,
ovary,neutrophil,37,0.00021142615512965567,oxidative_stress_cell
urinary bladder,granulocyte,37,0.0012401957498156466,
pleura,stromal cell,37,0.0018786494034018786,oxidative_stress_cell
brain,dendritic cell,37,1.995703197078765e-06,oxidative_stress_cell
hindlimb,megakaryocyte,37,0.0004254242744791427,
pancreas,"CD4-positive, alpha-beta T cell",37,8.702585608745863e-05,oxidative_stress_cell
large intestine,glial cell,37,0.0001993706353996034,
bone marrow,pre-natural killer cell,37,4.8712284184832836e-05,
omentum,"effector memory CD4-positive, alpha-beta T cell",37,0.0027593407412931613,oxidative_stress_cell
peripheral nervous system,vestibular dark cell,37,0.05623100303951368,
skeletal system,epithelial cell,37,0.0010711907588083728,oxidative_stress_cell
nose,brush cell of trachea,37,0.0001558570664330215,
adrenal gland,endocrine cell,37,8.449629929045945e-05,
respiratory system,hepatocyte,37,7.153960974176135e-05,hepatocyte_ketogenic
colon,myeloid dendritic cell,36,5.366382298093593e-05,oxidative_stress_cell
kidney,small pre-B-II cell,36,5.470717226224795e-05,
skeletal system,glial cell,36,0.0010422396572189571,
lung,promyelocyte,36,1.1432825165426629e-05,
blood,"group 2 innate lymphoid cell, human",36,2.604418743654442e-06,
blood,group 1 innate lymphoid cell,36,2.604418743654442e-06,
esophagogastric junction,monocyte,36,0.0028188865398167725,oxidative_stress_cell
lung,bone marrow cell,36,1.1432825165426629e-05,
lung,mesothelial fibroblast,36,1.1432825165426629e-05,oxidative_stress_cell
central nervous system,fibrocyte,36,4.846050401616427e-05,
central nervous system,diffuse bipolar 6 cell,36,4.846050401616427e-05,
musculature,eosinophil,36,6.176302556474567e-05,
skin of body,erythroid progenitor cell,35,5.191299382235374e-05,
skin of body,"CD8-alpha-alpha-positive, alpha-beta intraepithelial T cell",35,5.191299382235374e-05,oxidative_stress_cell
spinal cord,B cell,35,0.0007034327518289251,oxidative_stress_cell
kidney,"CD4-positive, CD25-positive, alpha-beta regulatory T cell",35,5.318752858829662e-05,oxidative_stress_cell
tongue,Schwann cell,35,0.0009031325798627239,
digestive system,multiciliated epithelial cell,35,0.0004848182624113475,oxidative_stress_cell
omentum,"effector memory CD8-positive, alpha-beta T cell, terminally differentiated",35,0.002610187187709747,oxidative_stress_cell
colon,CD4-positive helper T cell,35,5.2173161231465485e-05,oxidative_stress_cell
pancreas,plasma cell,35,8.232175575840681e-05,oxidative_stress_cell
ovary,erythroid progenitor cell,35,0.00019999771431183645,
intestine,memory B cell,35,0.00012394645513138323,oxidative_stress_cell
omentum,endothelial cell,35,0.002610187187709747,oxidative_stress_cell
kidney,large pre-B-II cell,34,5.166788491434528e-05,
esophagogastric junction,natural T-regulatory cell,34,0.0026622817320491737,
ureter,plasma cell,34,0.0007775338455909257,oxidative_stress_cell
lung,myeloid dendritic cell,33,1.048008973497441e-05,oxidative_stress_cell
spinal cord,T cell,33,0.000663236594581558,oxidative_stress_cell
hindlimb,myelocyte,33,0.0003794324610219381,
spleen,enteroendocrine cell,33,5.712534859445677e-05,
lung,erythroid lineage cell,33,1.048008973497441e-05,
endocrine gland,promonocyte,33,4.705855510271599e-05,oxidative_stress_cell
lymph node,type EC enteroendocrine cell,33,3.589195867856684e-05,
lung,immature Schwann cell,33,1.048008973497441e-05,
large intestine,TREM2-positive macrophage,32,0.00017242865764290026,oxidative_stress_cell
spinal cord,chondrocyte,32,0.0006431385159578744,
small intestine,group 2 innate lymphoid cell,32,2.6949842132877883e-05,
tongue,taste receptor cell,32,0.0008257212158744903,
colon,neutrophil,32,4.7701175983054155e-05,oxidative_stress_cell
spleen,cord blood hematopoietic stem cell,31,5.366320625539878e-05,
head,macrophage,31,0.004558153212762829,oxidative_stress_cell
bone marrow,macrophage dendritic cell progenitor,31,4.0812994857562645e-05,oxidative_stress_cell
kidney,erythroid progenitor cell,31,4.710895389249129e-05,
urinary bladder,plasma cell,31,0.0010390829255212174,oxidative_stress_cell
gallbladder,smooth muscle cell,31,0.0015656565656565658,
eye,intermediate monocyte,30,3.842921850341251e-06,oxidative_stress_cell
brain,pinealocyte,30,1.618137727361161e-06,
forelimb,endothelial cell of lymphatic vessel,30,0.000769566221173332,oxidative_stress_cell
intestine,erythroid lineage cell,30,0.00010623981868404278,
placenta,megakaryocyte,30,5.759295983658958e-05,
brain,endothelial cell of arteriole,30,1.618137727361161e-06,oxidative_stress_cell
skin of body,mature NK T cell,30,4.449685184773177e-05,oxidative_stress_cell
fallopian tube,myeloid leukocyte,30,0.00014034102869974038,
musculature,"naive thymus-derived CD4-positive, alpha-beta T cell",30,5.1469187970621386e-05,oxidative_stress_cell
adrenal gland,conventional dendritic cell,30,6.851051293821037e-05,oxidative_stress_cell
respiratory system,peripheral nervous system neuron,30,5.800508897980649e-05,neuron_stressed
endocrine gland,early lymphoid progenitor,30,4.278050463883272e-05,
bone marrow,group 1 innate lymphoid cell,30,3.9496446636350946e-05,
digestive system,mature alpha-beta T cell,29,0.0004017065602836879,oxidative_stress_cell
embryo,myoblast,29,7.240135315632451e-05,
head,neuron,29,0.00426407881193942,neuron_stressed
bone marrow,germinal center B cell,29,3.817989841513925e-05,oxidative_stress_cell
uterus,plasma cell,29,9.422008512297345e-05,oxidative_stress_cell
adipose tissue,classical monocyte,29,6.331850079257296e-05,oxidative_stress_cell
intestine,"naive thymus-derived CD8-positive, alpha-beta T cell",29,0.00010269849139457469,oxidative_stress_cell
spinal cord,epithelial cell,29,0.0005828442800868237,oxidative_stress_cell
omentum,classical monocyte,28,0.0020881497501677978,oxidative_stress_cell
eye,myeloid dendritic cell,28,3.5867270603185016e-06,oxidative_stress_cell
immune system,conventional dendritic cell,28,0.000561414765208325,oxidative_stress_cell
skeletal system,natural killer cell,28,0.0008106308445036334,
testis,erythroid lineage cell,28,0.0013510905230650454,
intestine,cycling T cell,28,9.915716410510659e-05,oxidative_stress_cell
digestive system,leukocyte,28,0.00038785460992907803,
head,cell,28,0.004117041611527717,
intestine,mast cell,28,9.915716410510659e-05,oxidative_stress_cell
kidney,endothelial cell of lymphatic vessel,28,4.255002287063729e-05,oxidative_stress_cell
vasculature,basal cell,28,0.0002013229795800978,
hindlimb,neuron,28,0.0003219426942004323,neuron_stressed
liver,progenitor cell,27,2.8241909738856475e-05,
central nervous system,retinal cell,27,3.63453780121232e-05,
esophagus,IgG plasma cell,27,0.00016123445878966667,oxidative_stress_cell
vasculature,mesothelial cell,27,0.00019413287316652285,
skin of body,common myeloid progenitor,27,4.00471666629586e-05,
brain,innate lymphoid cell,27,1.4563239546250449e-06,
esophagogastric junction,mast cell,27,0.0021141649048625794,oxidative_stress_cell
digestive system,enteroendocrine cell,27,0.0003740026595744681,
liver,mesodermal cell,26,2.719591308186179e-05,
endocrine gland,eurydendroid cell,26,3.707643735365502e-05,
lung,germinal center B cell,26,8.257040397252566e-06,oxidative_stress_cell
central nervous system,platelet,26,3.499925290056308e-05,
nose,alveolar macrophage,26,0.00010952118181779888,oxidative_stress_cell
head,neuroblast (sensu Vertebrata),26,0.003822967210704308,neuron_stressed
stomach,epithelial cell of esophagus,26,9.145848136709324e-05,oxidative_stress_cell
omentum,T follicular helper cell,26,0.0019389961965843837,
bone marrow,immature natural killer cell,26,3.423025375150416e-05,
omentum,"CD16-positive, CD56-dim natural killer cell, human",26,0.0019389961965843837,
skin of body,primordial germ cell,26,3.85639382680342e-05,
liver,smooth muscle cell,26,2.719591308186179e-05,
colon,enterochromaffin-like cell,26,3.87572054862315e-05,
small intestine,epithelial cell of lung,26,2.1896746732963277e-05,oxidative_stress_cell
respiratory system,plasmablast,25,4.8337574149838744e-05,
endocrine gland,"CD8-positive, alpha-beta memory T cell, CD45RO-positive",25,3.56504205323606e-05,oxidative_stress_cell
endocrine gland,"effector memory CD8-positive, alpha-beta T cell, terminally differentiated",25,3.56504205323606e-05,oxidative_stress_cell
adipose tissue,hematopoietic cell,25,5.4584914476356e-05,
pancreas,erythroid progenitor cell,25,5.880125411314773e-05,
bone marrow,erythroblast,25,3.291370553029246e-05,
small intestine,alveolar macrophage,25,2.1054564166310845e-05,oxidative_stress_cell
ovary,monocyte,25,0.0001428555102227403,oxidative_stress_cell
intestine,vein endothelial cell,25,8.853318223670232e-05,oxidative_stress_cell
large intestine,"naive thymus-derived CD4-positive, alpha-beta T cell",25,0.00013470988878351583,oxidative_stress_cell
esophagus,neuron,25,0.00014929116554598766,neuron_stressed
kidney,collagen secreting cell,25,3.7991091848783295e-05,
milk,eosinophil,25,0.0005156978423202277,
stomach,afferent neuron,25,8.794084746835888e-05,neuron_stressed
omentum,alpha-beta T cell,24,0.0017898426430009696,oxidative_stress_cell
omentum,alveolar macrophage,24,0.0017898426430009696,oxidative_stress_cell
adipose tissue,"naive thymus-derived CD4-positive, alpha-beta T cell",24,5.240151789730176e-05,oxidative_stress_cell
skin of body,common dendritic progenitor,24,3.559748147818542e-05,oxidative_stress_cell
yolk sac,keratinocyte,24,0.0004232356364405883,oxidative_stress_cell
adipose tissue,non-classical monocyte,24,5.240151789730176e-05,oxidative_stress_cell
nose,mature NK T cell,24,0.00010109647552412204,oxidative_stress_cell
small intestine,type B pancreatic cell,24,2.021238159965841e-05,
prostate gland,classical monocyte,24,0.00027552953332185293,oxidative_stress_cell
esophagus,natural killer cell,24,0.00014331951892414813,
adrenal gland,epithelial cell of proximal tubule,24,5.48084103505683e-05,oxidative_stress_cell
kidney,gamma-delta T cell,24,3.647144817483197e-05,oxidative_stress_cell
forelimb,early lymphoid progenitor,24,0.0006156529769386656,
adipose tissue,mucosal invariant T cell,24,5.240151789730176e-05,oxidative_stress_cell
yolk sac,plasmacytoid dendritic cell,23,0.0004056008182555638,oxidative_stress_cell
respiratory system,duct epithelial cell,23,4.447056821785165e-05,oxidative_stress_cell
nose,brush cell of tracheobronchial tree,23,9.688412237728362e-05,
brain,fibrocyte,23,1.2405722576435567e-06,
liver,"central memory CD8-positive, alpha-beta T cell",23,2.4057923110877736e-05,oxidative_stress_cell
bladder organ,regulatory T cell,23,0.00030490634072620736,oxidative_stress_cell
esophagus,professional antigen presenting cell,23,0.00013734787230230863,
forelimb,monocyte,23,0.0005900007695662212,oxidative_stress_cell
lung,mature conventional dendritic cell,23,7.304304966800346e-06,oxidative_stress_cell
kidney,professional antigen presenting cell,23,3.495180450088063e-05,
ovary,"CD4-positive, alpha-beta T cell",23,0.0001314270694049211,oxidative_stress_cell
endocrine gland,colon epithelial cell,23,3.279838688977175e-05,oxidative_stress_cell
central nervous system,S cone cell,23,3.096087756588273e-05,
lung,lung microvascular endothelial cell,23,7.304304966800346e-06,oxidative_stress_cell
spleen,glial cell,23,3.981463689916684e-05,
pleura,plasma cell,23,0.0011678090886011678,oxidative_stress_cell
prostate gland,granulocyte,23,0.0002640491361001091,
intestine,professional antigen presenting cell,23,8.145052765776613e-05,
stomach,erythroid progenitor cell,23,8.090557967089017e-05,
kidney,cell of skeletal muscle,23,3.495180450088063e-05,
omentum,plasma cell,23,0.0017152658662092624,oxidative_stress_cell
scalp,granular cell of epidermis,23,0.0075932651039947174,
bone marrow,cord blood hematopoietic stem cell,23,3.028060908786906e-05,
kidney,pro-B cell,22,3.3432160826929303e-05,oxidative_stress_cell
uterus,monocyte,22,7.147730595535917e-05,oxidative_stress_cell
large intestine,colon macrophage,22,0.00011854470212949392,oxidative_stress_cell
adrenal gland,goblet cell,22,5.024104282135427e-05,oxidative_stress_cell
nose,melanocyte,22,9.26717692304452e-05,
endocrine gland,erythroid progenitor cell,22,3.137237006847733e-05,
spleen,epithelial cell,22,3.808356572963784e-05,oxidative_stress_cell
skin of body,hematopoietic multipotent progenitor cell,22,3.2631024688336634e-05,
lamina propria,T follicular helper cell,22,0.0009287794993034154,
digestive system,stem cell,22,0.00030474290780141845,
adrenal gland,"effector memory CD4-positive, alpha-beta T cell",22,5.024104282135427e-05,oxidative_stress_cell
digestive system,Kupffer cell,22,0.00030474290780141845,hepatocyte_sulfur
liver,primordial germ cell,22,2.3011926453883052e-05,
musculature,leukocyte,22,3.7744071178455684e-05,
large intestine,neutrophil,22,0.00011854470212949392,oxidative_stress_cell
tongue,myeloid dendritic cell,22,0.0005676833359137121,oxidative_stress_cell
heart,plasma cell,22,1.1207124470909106e-05,oxidative_stress_cell
exocrine gland,muscle cell,22,0.00011398727487513213,
brain,embryonic blood vessel endothelial progenitor cell,21,1.1326964091528128e-06,oxidative_stress_cell
liver,goblet cell,21,2.1965929796888368e-05,oxidative_stress_cell
lung,primordial germ cell,21,6.669148013165533e-06,
lung,platelet,21,6.669148013165533e-06,
testis,epithelial cell of proximal tubule,21,0.001013317892298784,oxidative_stress_cell
yolk sac,eurydendroid cell,21,0.00037033118188551474,
colon,"NKp44-positive group 3 innate lymphoid cell, human",21,3.1303896738879294e-05,
intestine,capillary endothelial cell,21,7.436787307882995e-05,oxidative_stress_cell
endocrine gland,fast muscle cell,21,2.9946353247182903e-05,
skeletal system,cell of skeletal muscle,21,0.000607973133377725,
central nervous system,OFFx cell,21,2.826862734276249e-05,
stomach,Langerhans cell,21,7.387031187342147e-05,
omentum,mesothelial cell,21,0.0015661123126258483,
intestine,club cell,21,7.436787307882995e-05,oxidative_stress_cell
digestive system,melanocyte,21,0.0002908909574468085,
omentum,non-classical monocyte,21,0.0015661123126258483,oxidative_stress_cell
lymph node,colon macrophage,21,2.2840337340906174e-05,oxidative_stress_cell
testis,macrophage,21,0.001013317892298784,oxidative_stress_cell
ovary,plasmacytoid dendritic cell,20,0.00011428440817819225,oxidative_stress_cell
kidney,early lymphoid progenitor,20,3.0392873479026637e-05,
yolk sac,double negative thymocyte,20,0.00035269636370049024,
ovary,glial cell,20,0.00011428440817819225,
mucosa,deuterosomal cell,20,0.00021867961249972666,
stomach,acinar cell,20,7.035267797468711e-05,
stomach,glandular cell of esophagus,20,7.035267797468711e-05,
small intestine,megakaryocyte,20,1.6843651333048674e-05,
kidney,IgA plasma cell,20,3.0392873479026637e-05,oxidative_stress_cell
blood,IgG plasmablast,20,1.4468993020302457e-06,
spleen,common dendritic progenitor,20,3.462142339057986e-05,oxidative_stress_cell
gallbladder,T cell,20,0.00101010101010101,oxidative_stress_cell
musculature,gamma-delta T cell,20,3.431279198041426e-05,oxidative_stress_cell
skin of body,"effector memory CD4-positive, alpha-beta T cell, terminally differentiated",20,2.9664567898487848e-05,oxidative_stress_cell
adipose tissue,IgA plasma cell,20,4.3667931581084796e-05,oxidative_stress_cell
stomach,cord blood hematopoietic stem cell,19,6.683504407595275e-05,
heart,epithelial cell,19,9.678880224876046e-06,oxidative_stress_cell
colon,"NKp44-negative group 3 innate lymphoid cell, human",19,2.8322573239938405e-05,
bone marrow,alveolar macrophage,19,2.5014416203022267e-05,oxidative_stress_cell
forelimb,conventional dendritic cell,19,0.00048739194007644355,oxidative_stress_cell
spleen,"dendritic cell, human",19,3.289035222105087e-05,oxidative_stress_cell
skin of body,double negative thymocyte,19,2.8181339503563456e-05,
blood,epithelial cell,19,1.3745543369287334e-06,oxidative_stress_cell
kidney,immature B cell,19,2.8873229805075305e-05,oxidative_stress_cell
mucosa,Merkel cell,19,0.0002077456318747403,
small intestine,neutrophil progenitor cell,19,1.6001468766396242e-05,oxidative_stress_cell
central nervous system,diffuse bipolar 4b cell,19,2.5576377119642254e-05,oxidative_stress_cell
brain,platelet,19,1.0248205606620686e-06,
adrenal gland,"naive thymus-derived CD8-positive, alpha-beta T cell",19,4.3389991527533236e-05,oxidative_stress_cell
peripheral nervous system,hematopoietic cell,19,0.028875379939209727,
skeletal system,dendritic cell,19,0.0005500709301988941,oxidative_stress_cell
musculature,megakaryocyte,19,3.259715238139355e-05,
small intestine,microfold cell of epithelium of small intestine,19,1.6001468766396242e-05,
adrenal gland,alternatively activated macrophage,18,4.1106307762926224e-05,oxidative_stress_cell
ovary,oocyte,18,0.00010285596736037303,
large intestine,"activated CD8-positive, alpha-beta T cell",18,9.69911199241314e-05,oxidative_stress_cell
skeletal system,smooth muscle cell,18,0.0005211198286094786,
small intestine,myeloid cell,18,1.5159286199743809e-05,
prostate gland,non-classical monocyte,18,0.0002066471499913897,oxidative_stress_cell
pleura,epithelial cell,18,0.0009139375476009139,oxidative_stress_cell
uterus,skeletal muscle satellite stem cell,18,5.848143214529387e-05,
blood,basal cell,18,1.302209371827221e-06,
small intestine,angiogenic pericyte,17,1.4317103633091375e-05,oxidative_stress_cell
adipose tissue,naive B cell,17,3.711774184392208e-05,oxidative_stress_cell
colon,"CD34-positive, CD56-positive, CD117-positive common innate lymphoid precursor, human",17,2.5341249740997522e-05,
immune system,follicular dendritic cell,17,0.00034085896459076873,oxidative_stress_cell
large intestine,intestinal crypt stem cell,17,9.160272437279076e-05,gut_fermentative_microbe
pancreas,neutrophil,17,3.9984852796940455e-05,oxidative_stress_cell
adipose tissue,mesenchymal stem cell,17,3.711774184392208e-05,
blood,erythroblast,17,1.2298644067257087e-06,
omentum,mast cell,17,0.0012678052054590201,oxidative_stress_cell
kidney,enterocyte,17,2.583394245717264e-05,oxidative_stress_cell
spleen,myeloid dendritic cell,17,2.942820988199288e-05,oxidative_stress_cell
large intestine,"CD16-positive, CD56-dim natural killer cell, human",17,9.160272437279076e-05,
kidney,cord blood hematopoietic stem cell,17,2.583394245717264e-05,
cortex,fibroblast,17,0.00011351040957226607,oxidative_stress_cell
lymph node,"NKp44-negative group 3 innate lymphoid cell, human",16,1.740216178354756e-05,
central nervous system,perivascular macrophage,16,2.1538001784961897e-05,oxidative_stress_cell
intestine,endocrine cell,16,5.666123663148948e-05,
hindlimb,common myeloid progenitor,16,0.00018396725382881847,
skin of body,"effector memory CD8-positive, alpha-beta T cell",16,2.3731654318790278e-05,oxidative_stress_cell
uterus,dendritic cell,16,5.1983495240261215e-05,oxidative_stress_cell
adrenal gland,classical monocyte,16,3.65389402337122e-05,oxidative_stress_cell
adrenal gland,cell of skeletal muscle,16,3.65389402337122e-05,
blood,T-helper 2 cell,16,1.1575194416241966e-06,
intestine,naive B cell,16,5.666123663148948e-05,oxidative_stress_cell
colon,progenitor cell of endocrine pancreas,16,2.3850587991527077e-05,
brain,erythroid progenitor cell,16,8.630067879259525e-07,
testis,smooth muscle cell,16,0.0007720517274657402,
respiratory system,intermediate monocyte,16,3.09360474558968e-05,oxidative_stress_cell
respiratory system,serous secreting cell,16,3.09360474558968e-05,
brain,stromal cell,16,8.630067879259525e-07,oxidative_stress_cell
esophagogastric junction,erythrocyte,16,0.0012528384621407877,
stomach,inhibitory motor neuron,16,5.628214237974969e-05,neuron_stressed
lamina propria,naive B cell,16,0.000675475999493393,oxidative_stress_cell
pancreas,cell of skeletal muscle,16,3.7632802632414547e-05,
spinal cord,renal intercalated cell,16,0.0003215692579789372,
adipose tissue,class switched memory B cell,16,3.493434526486784e-05,oxidative_stress_cell
central nervous system,common myeloid progenitor,15,2.019187667340178e-05,
esophagus,memory B cell,15,8.957469932759259e-05,oxidative_stress_cell
esophagus,foveolar cell of stomach,15,8.957469932759259e-05,
endocrine gland,goblet cell,15,2.139025231941636e-05,oxidative_stress_cell
blood,megakaryocyte progenitor cell,15,1.0851744765226843e-06,
heart,adipocyte of epicardial fat of left ventricle,15,7.6412212301653e-06,adipocyte_lipolytic
liver,epithelial cell of nephron,15,1.5689949854920265e-05,oxidative_stress_cell
skeletal system,monocyte,15,0.00043426652384123216,oxidative_stress_cell
heart,cell of skeletal muscle,15,7.6412212301653e-06,
lung,serous cell of epithelium of bronchus,15,4.763677152261095e-06,
lung,neural progenitor cell,15,4.763677152261095e-06,
prostate gland,"effector CD4-positive, alpha-beta T cell",15,0.00017220595832615808,oxidative_stress_cell
nose,lung macrophage,15,6.318529720257627e-05,oxidative_stress_cell
exocrine gland,pulmonary alveolar type 1 cell,15,7.77185965057719e-05,
liver,leukocyte,15,1.5689949854920265e-05,
colon,type D enteroendocrine cell,15,2.2359926242056636e-05,
skeletal system,neutrophil,15,0.00043426652384123216,oxidative_stress_cell
ovary,mast cell,14,7.999908572473458e-05,oxidative_stress_cell
large intestine,tuft cell,14,7.543753771876886e-05,oxidative_stress_cell
ovary,plasma cell,14,7.999908572473458e-05,oxidative_stress_cell
testis,neuron,14,0.0006755452615325227,neuron_stressed
mucosa,keratocyte,14,0.00015307572874980865,
colon,"CD8-positive, alpha-beta memory T cell, CD45RO-positive",14,2.0869264492586195e-05,oxidative_stress_cell
omentum,regulatory T cell,14,0.0010440748750838989,oxidative_stress_cell
hindlimb,hypertrophic chondrocyte,14,0.00016097134710021615,
digestive system,dendritic cell,14,0.00019392730496453902,oxidative_stress_cell
endocrine gland,"effector memory CD4-positive, alpha-beta T cell",14,1.9964235498121936e-05,oxidative_stress_cell
omentum,naive B cell,14,0.0010440748750838989,oxidative_stress_cell
nose,alveolar adventitial fibroblast,14,5.897294405573786e-05,oxidative_stress_cell
pleura,B cell,14,0.0007108403148007108,oxidative_stress_cell
lymph node,transit amplifying cell,14,1.5226891560604116e-05,
esophagogastric junction,memory T cell,14,0.0010962336543731892,oxidative_stress_cell
pleura,endothelial cell,14,0.0007108403148007108,oxidative_stress_cell
skeletal system,professional antigen presenting cell,14,0.0004053154222518167,
pancreas,basal cell,13,3.0576652138836815e-05,
lamina propria,alveolar macrophage,13,0.0005488242495883818,oxidative_stress_cell
pancreas,primordial germ cell,13,3.0576652138836815e-05,
endocrine gland,granulocyte,13,1.853821867682751e-05,
kidney,granulocyte,13,1.9755367761367315e-05,
small intestine,memory T cell,13,1.0948373366481638e-05,oxidative_stress_cell
small intestine,foveolar cell of stomach,13,1.0948373366481638e-05,
adipose tissue,"effector memory CD4-positive, alpha-beta T cell",13,2.838415552770512e-05,oxidative_stress_cell
skeletal system,primordial germ cell,13,0.0003763643206624012,
colon,Langerhans cell,13,1.937860274311575e-05,
lung,eosinophil,13,4.128520198626283e-06,
adipose tissue,conventional dendritic cell,13,2.838415552770512e-05,oxidative_stress_cell
fallopian tube,monocyte,13,6.081444576988749e-05,oxidative_stress_cell
large intestine,myeloid leukocyte,13,7.004914216742823e-05,
intestine,"dendritic cell, human",13,4.603725476308521e-05,oxidative_stress_cell
small intestine,Langerhans cell,13,1.0948373366481638e-05,
nose,non-classical monocyte,13,5.476059090889944e-05,oxidative_stress_cell
testis,monocyte,13,0.000627292028565914,oxidative_stress_cell
nose,tracheobronchial serous cell,13,5.476059090889944e-05,
spleen,smooth muscle cell,13,2.250392520387691e-05,
omentum,gamma-delta T cell,13,0.0009694980982921918,oxidative_stress_cell
eye,radial glial cell,13,1.6652661351478757e-06,
stomach,pro-B cell,13,4.572924068354662e-05,oxidative_stress_cell
colon,"plasmacytoid dendritic cell, human",13,1.937860274311575e-05,oxidative_stress_cell
intestine,erythroid progenitor cell,12,4.249592747361711e-05,
blood,"activated CD4-positive, alpha-beta T cell, human",12,8.681395812181474e-07,oxidative_stress_cell
ureter,dendritic cell,12,0.00027442371020856203,oxidative_stress_cell
lymph node,hematopoietic precursor cell,12,1.3051621337660672e-05,
central nervous system,spinal cord radial glial cell,12,1.6153501338721425e-05,
esophagus,cycling basal cell,12,7.165975946207407e-05,
embryo,neutrophil,12,2.995918061641014e-05,oxidative_stress_cell
omentum,mucosal invariant T cell,12,0.0008949213215004848,oxidative_stress_cell
lung,cell of skeletal muscle,12,3.810941721808876e-06,
sensory system,vestibular dark cell,12,0.0050062578222778474,
lamina propria,non-classical monocyte,12,0.0005066069996200448,oxidative_stress_cell
testis,neutrophil,12,0.0005790387955993051,oxidative_stress_cell
mucosa,neuroendocrine cell,12,0.000131207767499836,
exocrine gland,basophil,12,6.217487720461752e-05,
ovary,cell of skeletal muscle,12,6.857064490691535e-05,
respiratory system,neuroendocrine cell,12,2.3202035591922597e-05,
respiratory system,pulmonary alveolar epithelial cell,12,2.3202035591922597e-05,oxidative_stress_cell
large intestine,intestinal tuft cell,12,6.466074661608759e-05,oxidative_stress_cell
large intestine,abnormal cell,12,6.466074661608759e-05,
lung,thymocyte,12,3.810941721808876e-06,
peripheral nervous system,macrophage,11,0.016717325227963525,oxidative_stress_cell
lung,cord blood hematopoietic stem cell,11,3.49336324499147e-06,
placenta,"CD16-negative, CD56-bright natural killer cell, human",11,2.1117418606749512e-05,
kidney,"effector memory CD4-positive, alpha-beta T cell",11,1.6716080413464652e-05,oxidative_stress_cell
small intestine,myeloid dendritic cell,11,9.264008233176771e-06,oxidative_stress_cell
spinal cord,primordial germ cell,11,0.00022107886486051934,
spinal cord,stromal cell,11,0.00022107886486051934,oxidative_stress_cell
musculature,basophil,11,1.8872035589227842e-05,
colon,group 1 innate lymphoid cell,11,1.6397279244174868e-05,
liver,alveolar macrophage,11,1.1505963226941526e-05,oxidative_stress_cell
stomach,professional antigen presenting cell,11,3.869397288607791e-05,
respiratory system,respiratory tract epithelial cell,11,2.126853262592905e-05,oxidative_stress_cell
large intestine,mucosal invariant T cell,11,5.927235106474696e-05,oxidative_stress_cell
intestine,immature pericyte,11,3.8954600184149016e-05,oxidative_stress_cell
testis,cell of skeletal muscle,11,0.0005307855626326964,
bladder organ,goblet cell,11,0.00014582477165166438,oxidative_stress_cell
esophagus,fibroblast of gingiva,11,6.568811284023456e-05,oxidative_stress_cell
vasculature,epithelial cell,11,7.909117054932413e-05,oxidative_stress_cell
adipose tissue,IgG plasma cell,11,2.401736236959664e-05,oxidative_stress_cell
kidney,embryonic stem cell,11,1.6716080413464652e-05,
skin of body,Kupffer cell,11,1.6315512344168317e-05,hepatocyte_sulfur
intestine,tuft cell of small intestine,11,3.8954600184149016e-05,oxidative_stress_cell
colon,interneuron,11,1.6397279244174868e-05,neuron_stressed
skeletal system,non-classical monocyte,11,0.0003184621174835702,oxidative_stress_cell
forelimb,common myeloid progenitor,11,0.0002821742810968884,
brain,mast cell,11,5.933171666990923e-07,oxidative_stress_cell
lymph node,adipocyte,11,1.1963986226188948e-05,adipocyte_lipolytic
lung,myelocyte,10,3.1757847681740635e-06,
forelimb,megakaryocyte,10,0.000256522073724444,
forelimb,connective tissue cell,10,0.000256522073724444,
intestine,IgM plasma cell,10,3.541327289468093e-05,oxidative_stress_cell
forelimb,reticulocyte,10,0.000256522073724444,
testis,Leydig cell,10,0.00048253232966608765,
large intestine,enteric neuron,10,5.3883955513406325e-05,neuron_stressed
adipose tissue,collagen secreting cell,10,2.1833965790542398e-05,
intestine,neutrophil,10,3.541327289468093e-05,oxidative_stress_cell
intestine,pulmonary alveolar type 1 cell,10,3.541327289468093e-05,
endocrine gland,pro-B cell,10,1.426016821294424e-05,oxidative_stress_cell
stomach,"plasmacytoid dendritic cell, human",10,3.5176338987343556e-05,oxidative_stress_cell
central nervous system,ON parasol ganglion cell,10,1.3461251115601187e-05,
kidney,fraction A pre-pro B cell,10,1.5196436739513318e-05,oxidative_stress_cell
esophagogastric junction,parietal cell,10,0.0007830240388379923,
musculature,CD4-positive helper T cell,10,1.715639599020713e-05,oxidative_stress_cell
liver,basal cell,9,9.413969912952158e-06,
bone marrow,Schwann cell,9,1.1848933990905284e-05,
small intestine,P/D1 enteroendocrine cell,9,7.579643099871904e-06,
vasculature,intermediate monocyte,9,6.47109577221743e-05,oxidative_stress_cell
colon,common lymphoid progenitor,9,1.3415955745233982e-05,
lung,professional antigen presenting cell,9,2.8582062913566573e-06,
lymph node,cycling T cell,9,9.788716003245504e-06,oxidative_stress_cell
intestine,endothelial cell of artery,9,3.187194560521283e-05,oxidative_stress_cell
digestive system,intestinal tuft cell,9,0.00012466755319148935,oxidative_stress_cell
adrenal gland,class switched memory B cell,9,2.0553153881463112e-05,oxidative_stress_cell
respiratory system,T follicular helper cell,9,1.7401526693941948e-05,
respiratory system,brush cell of trachea,9,1.7401526693941948e-05,
central nervous system,amacrine cell,9,1.2115126004041067e-05,
adrenal gland,mast cell,9,2.0553153881463112e-05,oxidative_stress_cell
exocrine gland,"CD8-positive, alpha-beta regulatory T cell",9,4.663115790346314e-05,oxidative_stress_cell
intestine,primordial germ cell,9,3.187194560521283e-05,
yolk sac,"CD8-alpha-alpha-positive, alpha-beta intraepithelial T cell",9,0.0001587133636652206,oxidative_stress_cell
embryo,erythroid lineage cell,9,2.2469385462307605e-05,
stomach,interneuron,9,3.16587050886092e-05,neuron_stressed
nose,pulmonary artery endothelial cell,9,3.7911178321545765e-05,oxidative_stress_cell
respiratory system,"plasmacytoid dendritic cell, human",9,1.7401526693941948e-05,oxidative_stress_cell
endocrine gland,B-2 B cell,9,1.2834151391649816e-05,oxidative_stress_cell
adipose tissue,innate lymphoid cell,9,1.965056921148816e-05,
adipose tissue,gamma-delta T cell,9,1.965056921148816e-05,oxidative_stress_cell
musculature,myeloid dendritic cell,9,1.5440756391186418e-05,oxidative_stress_cell
omentum,lymphocyte,9,0.0006711909911253635,
heart,erythroid progenitor cell,9,4.58473273809918e-06,
liver,mesenchymal cell,9,9.413969912952158e-06,
small intestine,endocrine cell,9,7.579643099871904e-06,
ovary,unknown,9,5.1427983680186515e-05,
sensory system,supporting cell of vestibular epithelium,9,0.0037546933667083854,
esophagus,enteroglial cell,9,5.374481959655555e-05,
lymph node,group 2 innate lymphoid cell,8,8.70108089177378e-06,
prostate gland,plasma cell,8,9.184317777395098e-05,oxidative_stress_cell
esophagogastric junction,enterocyte,8,0.0006264192310703939,oxidative_stress_cell
skin of body,cord blood hematopoietic stem cell,8,1.1865827159395139e-05,
skin of body,B cell,8,1.1865827159395139e-05,oxidative_stress_cell
brain,mesenchyme condensation cell,8,4.3150339396297624e-07,
skin of body,basophil,8,1.1865827159395139e-05,
kidney,B-1 B cell,8,1.2157149391610655e-05,oxidative_stress_cell
stomach,primordial germ cell,8,2.8141071189874844e-05,
endocrine gland,innate lymphoid cell,8,1.1408134570355391e-05,
esophagogastric junction,capillary endothelial cell,8,0.0006264192310703939,oxidative_stress_cell
spinal cord,plasma cell,8,0.0001607846289894686,oxidative_stress_cell
pancreas,pancreatic endocrine cell,8,1.8816401316207273e-05,
intestine,group 3 innate lymphoid cell,8,2.833061831574474e-05,
intestine,"CD16-negative, CD56-bright natural killer cell, human",8,2.833061831574474e-05,
intestine,"CD16-positive, CD56-dim natural killer cell, human",8,2.833061831574474e-05,
endocrine gland,T follicular helper cell,8,1.1408134570355391e-05,
small intestine,mucous neck cell of gastric gland,8,6.737460533219471e-06,
gallbladder,mast cell,8,0.00040404040404040404,oxidative_stress_cell
liver,T follicular helper cell,8,8.367973255957474e-06,
adrenal gland,non-classical monocyte,8,1.82694701168561e-05,oxidative_stress_cell
esophagogastric junction,natural killer cell,8,0.0006264192310703939,
musculature,alpha-beta T cell,8,1.3725116792165703e-05,oxidative_stress_cell
tongue,natural killer cell,8,0.00020643030396862258,
lamina propria,"dendritic cell, human",8,0.0003377379997466965,oxidative_stress_cell
stomach,angiogenic pericyte,8,2.8141071189874844e-05,oxidative_stress_cell
nose,neuroendocrine cell,8,3.369882517470735e-05,
intestine,fibroblast of gingiva,8,2.833061831574474e-05,oxidative_stress_cell
yolk sac,epithelial cell of nephron,8,0.0001410785454801961,oxidative_stress_cell
stomach,fibroblastic reticular cell,8,2.8141071189874844e-05,oxidative_stress_cell
vasculature,classical monocyte,8,5.7520851308599364e-05,oxidative_stress_cell
lymph node,vascular associated smooth muscle cell,7,7.613445780302058e-06,
fallopian tube,professional antigen presenting cell,7,3.274624002993942e-05,
esophagus,T-helper 17 cell,7,4.180152635287654e-05,
esophagogastric junction,IgG plasma cell,7,0.0005481168271865946,oxidative_stress_cell
spinal cord,Bergmann glial cell,7,0.00014068655036578504,
skin of body,"effector memory CD8-positive, alpha-beta T cell, terminally differentiated",7,1.0382598764470748e-05,oxidative_stress_cell
placenta,neutrophil,7,1.3438357295204234e-05,oxidative_stress_cell
ureter,stromal cell,7,0.0001600804976216612,oxidative_stress_cell
forelimb,Schwann cell,7,0.0001795654516071108,
intestine,epithelial cell of pancreas,7,2.4789291026276648e-05,oxidative_stress_cell
small intestine,T-helper 1 cell,7,5.895277966567036e-06,
spleen,pre-conventional dendritic cell,7,1.211749818670295e-05,oxidative_stress_cell
esophagogastric junction,dendritic cell,7,0.0005481168271865946,oxidative_stress_cell
liver,neuroendocrine cell,7,7.32197659896279e-06,
liver,enterocyte,7,7.32197659896279e-06,oxidative_stress_cell
musculature,alveolar macrophage,7,1.200947719314499e-05,oxidative_stress_cell
kidney,late pro-B cell,7,1.0637505717659323e-05,oxidative_stress_cell
skeletal system,cord blood hematopoietic stem cell,7,0.00020265771112590834,
blood,placental villous trophoblast,7,5.06414755710586e-07,
blood,alveolar macrophage,7,5.06414755710586e-07,oxidative_stress_cell
brain,metamyelocyte,7,3.7756546971760424e-07,
intestine,acinar cell,7,2.4789291026276648e-05,
skeletal system,erythroid progenitor cell,7,0.00020265771112590834,
lung,endocrine cell,7,2.2230493377218443e-06,
skin of body,memory B cell,7,1.0382598764470748e-05,oxidative_stress_cell
esophagus,peptic cell,7,4.180152635287654e-05,
endocrine gland,fraction A pre-pro B cell,7,9.982117749060968e-06,oxidative_stress_cell
sensory system,"CD4-positive, alpha-beta T cell",7,0.002920317062995411,oxidative_stress_cell
omentum,"CD16-negative, CD56-bright natural killer cell, human",7,0.0005220374375419494,
endocrine gland,B-1 B cell,7,9.982117749060968e-06,oxidative_stress_cell
esophagus,erythroblast,7,4.180152635287654e-05,
respiratory system,myelinating Schwann cell,7,1.353452076195485e-05,
musculature,regulatory T cell,7,1.200947719314499e-05,oxidative_stress_cell
blood,Hofbauer cell,7,5.06414755710586e-07,
digestive system,"CD8-positive, alpha-beta cytotoxic T cell",7,9.696365248226951e-05,oxidative_stress_cell
liver,group 1 innate lymphoid cell,7,7.32197659896279e-06,
intestine,fibroblastic reticular cell,7,2.4789291026276648e-05,oxidative_stress_cell
large intestine,IgM plasma cell,7,3.771876885938443e-05,oxidative_stress_cell
musculature,erythroid progenitor cell,7,1.200947719314499e-05,
skin of body,"CD16-negative, CD56-bright natural killer cell, human",6,8.899370369546354e-06,
forelimb,melanocyte,6,0.0001539132442346664,
kidney,"CD8-alpha-alpha-positive, alpha-beta intraepithelial T cell",6,9.117862043707992e-06,oxidative_stress_cell
eye,erythroid progenitor cell,6,7.685843700682503e-07,
skin of body,pre-conventional dendritic cell,6,8.899370369546354e-06,oxidative_stress_cell
heart,erythroblast,6,3.05648849206612e-06,
heart,cord blood hematopoietic stem cell,6,3.05648849206612e-06,
colon,type N enteroendocrine cell,6,8.943970496822654e-06,
omentum,professional antigen presenting cell,6,0.0004474606607502424,
omentum,"naive thymus-derived CD4-positive, alpha-beta T cell",6,0.0004474606607502424,oxidative_stress_cell
exocrine gland,leukocyte,6,3.108743860230876e-05,
heart,plasmacytoid dendritic cell,6,3.05648849206612e-06,oxidative_stress_cell
embryo,T cell,6,1.497959030820507e-05,oxidative_stress_cell
adipose tissue,myeloid dendritic cell,6,1.310037947432544e-05,oxidative_stress_cell
esophagus,enteroendocrine cell,6,3.582987973103703e-05,
large intestine,endothelial tip cell,6,3.2330373308043797e-05,oxidative_stress_cell
omentum,B cell,6,0.0004474606607502424,oxidative_stress_cell
stomach,cell of skeletal muscle,6,2.110580339240613e-05,
eye,basophil,6,7.685843700682503e-07,
eye,professional antigen presenting cell,6,7.685843700682503e-07,
kidney,skeletal muscle satellite cell,6,9.117862043707992e-06,
stomach,neutrophil progenitor cell,6,2.110580339240613e-05,oxidative_stress_cell
endocrine gland,mucosal invariant T cell,6,8.556100927766543e-06,oxidative_stress_cell
ovary,cord blood hematopoietic stem cell,6,3.4285322453457674e-05,
endocrine gland,group 2 innate lymphoid cell,6,8.556100927766543e-06,
esophagus,fibroblastic reticular cell,6,3.582987973103703e-05,oxidative_stress_cell
blood,early promyelocyte,6,4.340697906090737e-07,
blood,respiratory basal cell,6,4.340697906090737e-07,
liver,pericyte,6,6.275979941968106e-06,oxidative_stress_cell
mucosa,"CD4-positive, alpha-beta T cell",6,6.5603883749918e-05,oxidative_stress_cell
kidney,naive B cell,6,9.117862043707992e-06,oxidative_stress_cell
peripheral nervous system,neutrophil,6,0.00911854103343465,oxidative_stress_cell
esophagogastric junction,stem cell,6,0.0004698144233027954,
esophagus,"CD8-positive, alpha-beta memory T cell",6,3.582987973103703e-05,oxidative_stress_cell
vasculature,myeloid dendritic cell,5,3.59505320678746e-05,oxidative_stress_cell
forelimb,mast cell,5,0.000128261036862222,oxidative_stress_cell
nose,tracheobronchial smooth muscle cell,5,2.1061765734192092e-05,
stomach,basal cell,5,1.7588169493671778e-05,
colon,basal cell,5,7.453308747352212e-06,
pleura,cord blood hematopoietic stem cell,5,0.0002538715410002539,
kidney,erythrocyte,5,7.598218369756659e-06,
gallbladder,plasma cell,5,0.0002525252525252525,oxidative_stress_cell
skin of body,immature innate lymphoid cell,5,7.416141974621962e-06,
musculature,"naive thymus-derived CD8-positive, alpha-beta T cell",5,8.578197995103565e-06,oxidative_stress_cell
omentum,"naive thymus-derived CD8-positive, alpha-beta T cell",5,0.0003728838839585353,oxidative_stress_cell
embryo,monocyte,5,1.2482991923504226e-05,oxidative_stress_cell
liver,stromal cell,5,5.229983284973421e-06,oxidative_stress_cell
testis,dendritic cell,5,0.00024126616483304382,oxidative_stress_cell
head,neuroblast (sensu Nematoda and Protostomia),5,0.0007351860020585208,neuron_stressed
respiratory system,intestinal epithelial cell,5,9.66751482996775e-06,oxidative_stress_cell
esophagus,P/D1 enteroendocrine cell,5,2.985823310919753e-05,
testis,erythroid progenitor cell,5,0.00024126616483304382,
pleura,professional antigen presenting cell,5,0.0002538715410002539,
lymph node,fibroblastic reticular cell,5,5.438175557358613e-06,oxidative_stress_cell
central nervous system,pigmented epithelial cell,5,6.730625557800593e-06,oxidative_stress_cell
lung,colon epithelial cell,5,1.5878923840870318e-06,oxidative_stress_cell
embryo,sst GABAergic cortical interneuron,5,1.2482991923504226e-05,neuron_stressed
colon,Schwann cell,5,7.453308747352212e-06,
skin of body,progenitor cell,5,7.416141974621962e-06,
intestine,mucosal invariant T cell,5,1.7706636447340464e-05,oxidative_stress_cell
small intestine,hepatic stellate cell,5,4.210912833262169e-06,
intestine,abnormal cell,5,1.7706636447340464e-05,
respiratory system,thyroid follicular cell,5,9.66751482996775e-06,
small intestine,eosinophil,5,4.210912833262169e-06,
adrenal gland,plasmacytoid dendritic cell,5,1.1418418823035062e-05,oxidative_stress_cell
kidney,common dendritic progenitor,5,7.598218369756659e-06,oxidative_stress_cell
blood,MHC-II-positive classical monocyte,5,3.6172482550756143e-07,oxidative_stress_cell
intestine,cell of skeletal muscle,5,1.7706636447340464e-05,
endocrine gland,megakaryocyte-erythroid progenitor cell,5,7.13008410647212e-06,
small intestine,fibroblast of gingiva,5,4.210912833262169e-06,oxidative_stress_cell
spleen,double negative thymocyte,5,8.655355847644965e-06,
blood,club cell,5,3.6172482550756143e-07,oxidative_stress_cell
mucosa,erythrocyte,5,5.4669903124931666e-05,
kidney,granulocyte monocyte progenitor cell,5,7.598218369756659e-06,oxidative_stress_cell
kidney,goblet cell,5,7.598218369756659e-06,oxidative_stress_cell
liver,myelocyte,5,5.229983284973421e-06,
colon,epithelial cell of lung,5,7.453308747352212e-06,oxidative_stress_cell
yolk sac,group 2 innate lymphoid cell,5,8.817409092512256e-05,
uterus,intermediate monocyte,5,1.624484226258163e-05,oxidative_stress_cell
fallopian tube,epithelial cell,5,2.3390171449956728e-05,oxidative_stress_cell
peripheral nervous system,vascular associated smooth muscle cell,5,0.007598784194528876,
lymph node,"NKp44-positive group 3 innate lymphoid cell, human",5,5.438175557358613e-06,
peripheral nervous system,melanocyte,5,0.007598784194528876,
small intestine,stromal cell of lamina propria of small intestine,5,4.210912833262169e-06,oxidative_stress_cell
pancreas,neuroendocrine cell,5,1.1760250822629545e-05,
large intestine,granulocyte,4,2.1553582205362532e-05,
exocrine gland,melanocyte,4,2.072495906820584e-05,
esophagus,regulatory T cell,4,2.3886586487358026e-05,oxidative_stress_cell
brain,common myeloid progenitor,4,2.1575169698148812e-07,
pleura,mast cell,4,0.0002030972328002031,oxidative_stress_cell
brain,cord blood hematopoietic stem cell,4,2.1575169698148812e-07,
eye,endocrine cell,4,5.123895800455002e-07,
heart,intermediate monocyte,4,2.0376589947107467e-06,oxidative_stress_cell
endocrine gland,CD4-positive helper T cell,4,5.704067285177696e-06,oxidative_stress_cell
yolk sac,large pre-B-II cell,4,7.053927274009805e-05,
yolk sac,B-2 B cell,4,7.053927274009805e-05,oxidative_stress_cell
stomach,embryonic stem cell,4,1.4070535594937422e-05,
large intestine,"naive thymus-derived CD8-positive, alpha-beta T cell",4,2.1553582205362532e-05,oxidative_stress_cell
large intestine,myeloid dendritic cell,4,2.1553582205362532e-05,oxidative_stress_cell
nose,endothelial cell of lymphatic vessel,4,1.6849412587353674e-05,oxidative_stress_cell
small intestine,type N enteroendocrine cell,4,3.3687302666097353e-06,
liver,pancreatic epsilon cell,4,4.183986627978737e-06,
omentum,"CD8-positive, alpha-beta memory T cell",4,0.00029830710716682824,oxidative_stress_cell
kidney,endocrine cell,4,6.0785746958053275e-06,
pleura,erythroid lineage cell,4,0.0002030972328002031,
spinal cord,alternatively activated macrophage,4,8.03923144947343e-05,oxidative_stress_cell
colon,alternatively activated macrophage,4,5.962646997881769e-06,oxidative_stress_cell
colon,alveolar macrophage,4,5.962646997881769e-06,oxidative_stress_cell
forelimb,myelocyte,4,0.0001026088294897776,
liver,intestinal epithelial cell,4,4.183986627978737e-06,oxidative_stress_cell
heart,classical monocyte,4,2.0376589947107467e-06,oxidative_stress_cell
liver,eurydendroid cell,4,4.183986627978737e-06,
musculature,mucosal invariant T cell,4,6.862558396082851e-06,oxidative_stress_cell
large intestine,"CD16-negative, CD56-bright natural killer cell, human",4,2.1553582205362532e-05,
digestive system,myofibroblast cell,4,5.5407801418439715e-05,oxidative_stress_cell
lamina propria,plasmacytoid dendritic cell,4,0.00016886899987334826,oxidative_stress_cell
central nervous system,OFF parasol ganglion cell,4,5.384500446240474e-06,
endocrine gland,late pro-B cell,4,5.704067285177696e-06,oxidative_stress_cell
kidney,glial cell,4,6.0785746958053275e-06,
esophagus,mucous neck cell of gastric gland,4,2.3886586487358026e-05,
large intestine,tuft cell of small intestine,4,2.1553582205362532e-05,oxidative_stress_cell
endocrine gland,hepatoblast,4,5.704067285177696e-06,
kidney,unswitched memory B cell,4,6.0785746958053275e-06,oxidative_stress_cell
cortex,neural crest cell,4,2.6708331664062604e-05,oxidative_stress_cell
lymph node,mesodermal cell,4,4.35054044588689e-06,
uterus,adventitial cell,4,1.2995873810065304e-05,
adipose tissue,"naive thymus-derived CD8-positive, alpha-beta T cell",4,8.73358631621696e-06,oxidative_stress_cell
vasculature,alternatively activated macrophage,4,2.8760425654299682e-05,oxidative_stress_cell
yolk sac,glial cell,4,7.053927274009805e-05,
respiratory system,mucus secreting cell of bronchus submucosal gland,4,7.7340118639742e-06,
kidney,stratified epithelial cell,4,6.0785746958053275e-06,oxidative_stress_cell
lymph node,colonocyte,4,4.35054044588689e-06,
uterus,mesenchymal stem cell,4,1.2995873810065304e-05,
vasculature,dendritic cell,4,2.8760425654299682e-05,oxidative_stress_cell
lung,myelinating Schwann cell,4,1.2703139072696255e-06,
esophagus,"effector memory CD8-positive, alpha-beta T cell",4,2.3886586487358026e-05,oxidative_stress_cell
lung,erythroid progenitor cell,4,1.2703139072696255e-06,
ureter,macrophage,4,9.147457006952067e-05,oxidative_stress_cell
colon,mesenchymal stem cell,4,5.962646997881769e-06,
blood,primordial germ cell,4,2.8937986040604915e-07,
skeletal system,neuron,3,8.685330476824644e-05,neuron_stressed
lymph node,stem cell,3,3.262905334415168e-06,
lymph node,"plasmacytoid dendritic cell, human",3,3.262905334415168e-06,oxidative_stress_cell
lymph node,myofibroblast cell,3,3.262905334415168e-06,oxidative_stress_cell
colon,megakaryocyte,3,4.471985248411327e-06,
pancreas,pericyte,3,7.056150493577727e-06,oxidative_stress_cell
adrenal gland,unswitched memory B cell,3,6.851051293821037e-06,oxidative_stress_cell
sensory system,intermediate monocyte,3,0.0012515644555694619,oxidative_stress_cell
lymph node,reticular cell,3,3.262905334415168e-06,
prostate gland,CD141-positive myeloid dendritic cell,3,3.4441191665231616e-05,oxidative_stress_cell
small intestine,pulmonary alveolar type 1 cell,3,2.526547699957301e-06,
prostate gland,enterocyte,3,3.4441191665231616e-05,oxidative_stress_cell
esophagus,cord blood hematopoietic stem cell,3,1.7914939865518517e-05,
lymph node,motor neuron,3,3.262905334415168e-06,neuron_stressed
colon,follicular dendritic cell,3,4.471985248411327e-06,oxidative_stress_cell
skin of body,"CD16-positive, CD56-dim natural killer cell, human",3,4.449685184773177e-06,
lung,serous cell of epithelium of lobular bronchiole,3,9.52735430452219e-07,
colon,"central memory CD8-positive, alpha-beta T cell",3,4.471985248411327e-06,oxidative_stress_cell
embryo,stratified epithelial cell,3,7.489795154102535e-06,oxidative_stress_cell
adipose tissue,plasmacytoid dendritic cell,3,6.55018973716272e-06,oxidative_stress_cell
yolk sac,innate lymphoid cell,3,5.290445455507354e-05,
blood,enucleated reticulocyte,3,2.1703489530453685e-07,
intestine,neuroblast (sensu Vertebrata),3,1.0623981868404278e-05,neuron_stressed
esophagogastric junction,CD4-positive helper T cell,3,0.0002349072116513977,oxidative_stress_cell
musculature,intermediate monocyte,3,5.1469187970621385e-06,oxidative_stress_cell
gallbladder,B cell,3,0.00015151515151515152,oxidative_stress_cell
adrenal gland,naive B cell,3,6.851051293821037e-06,oxidative_stress_cell
prostate gland,stromal cell,3,3.4441191665231616e-05,oxidative_stress_cell
sensory system,neutrophil,3,0.0012515644555694619,oxidative_stress_cell
digestive system,acinar cell,3,4.1555851063829786e-05,
kidney,mesothelial cell,3,4.558931021853996e-06,
brain,promyelocyte,3,1.618137727361161e-07,
gallbladder,monocyte,3,0.00015151515151515152,oxidative_stress_cell
spinal cord,cell of skeletal muscle,3,6.029423587105073e-05,
embryo,erythroid progenitor cell,3,7.489795154102535e-06,
musculature,plasmablast,3,5.1469187970621385e-06,
nose,goblet cell,3,1.2637059440515255e-05,oxidative_stress_cell
small intestine,basal cell,3,2.526547699957301e-06,
respiratory system,megakaryocyte,3,5.800508897980649e-06,
large intestine,cycling T cell,3,1.6165186654021898e-05,oxidative_stress_cell
large intestine,cord blood hematopoietic stem cell,3,1.6165186654021898e-05,
esophagus,"CD16-positive, CD56-dim natural killer cell, human",3,1.7914939865518517e-05,
stomach,Schwann cell,3,1.0552901696203066e-05,
placenta,stratified epithelial cell,3,5.759295983658957e-06,oxidative_stress_cell
spinal cord,kidney loop of Henle epithelial cell,3,6.029423587105073e-05,oxidative_stress_cell
prostate gland,monocyte,3,3.4441191665231616e-05,oxidative_stress_cell
skin of body,naive B cell,3,4.449685184773177e-06,oxidative_stress_cell
nose,bronchial goblet cell,3,1.2637059440515255e-05,oxidative_stress_cell
heart,primordial germ cell,3,1.52824424603306e-06,
embryo,VIP GABAergic cortical interneuron,3,7.489795154102535e-06,neuron_stressed
exocrine gland,pericyte,3,1.554371930115438e-05,oxidative_stress_cell
bladder organ,basal cell,3,3.977039226863574e-05,
testis,"CD8-positive, alpha-beta T cell",3,0.00014475969889982628,oxidative_stress_cell
embryo,mesenchymal stem cell,3,7.489795154102535e-06,
esophagus,neuroblast (sensu Vertebrata),3,1.7914939865518517e-05,neuron_stressed
esophagus,TREM2-positive macrophage,3,1.7914939865518517e-05,oxidative_stress_cell
placenta,neuron,3,5.759295983658957e-06,neuron_stressed
placenta,cord blood hematopoietic stem cell,3,5.759295983658957e-06,
musculature,embryonic stem cell,3,5.1469187970621385e-06,
digestive system,goblet cell,3,4.1555851063829786e-05,oxidative_stress_cell
intestine,eosinophil,3,1.0623981868404278e-05,
intestine,enteric neuron,3,1.0623981868404278e-05,neuron_stressed
central nervous system,ON-blue cone bipolar cell,3,4.038375334680356e-06,
ovary,classical monocyte,3,1.7142661226728837e-05,oxidative_stress_cell
spleen,neuron,3,5.1932135085869786e-06,neuron_stressed
pancreas,mesodermal cell,3,7.056150493577727e-06,
pancreas,epithelial cell of proximal tubule,3,7.056150493577727e-06,oxidative_stress_cell
lamina propria,"naive thymus-derived CD8-positive, alpha-beta T cell",3,0.0001266517499050112,oxidative_stress_cell
esophagus,stem cell,3,1.7914939865518517e-05,
adipose tissue,"CD4-positive, CD25-positive, alpha-beta regulatory T cell",3,6.55018973716272e-06,oxidative_stress_cell
adipose tissue,epithelial cell of proximal tubule segment 1,3,6.55018973716272e-06,oxidative_stress_cell
yolk sac,pre-conventional dendritic cell,3,5.290445455507354e-05,oxidative_stress_cell
skin of body,gamma-delta T cell,3,4.449685184773177e-06,oxidative_stress_cell
yolk sac,T cell,3,5.290445455507354e-05,oxidative_stress_cell
endocrine gland,M cell of gut,3,4.278050463883272e-06,
nose,tracheobronchial goblet cell,3,1.2637059440515255e-05,oxidative_stress_cell
large intestine,erythrocyte,3,1.6165186654021898e-05,
yolk sac,"naive thymus-derived CD4-positive, alpha-beta T cell",3,5.290445455507354e-05,oxidative_stress_cell
endocrine gland,alternatively activated macrophage,3,4.278050463883272e-06,oxidative_stress_cell
ovary,professional antigen presenting cell,2,1.1428440817819225e-05,
small intestine,epithelial cell of stomach,2,1.6843651333048677e-06,oxidative_stress_cell
digestive system,inflammatory macrophage,2,2.7703900709219857e-05,oxidative_stress_cell
liver,Langerhans cell,2,2.0919933139893686e-06,
digestive system,neuroendocrine cell,2,2.7703900709219857e-05,
digestive system,mesothelial cell,2,2.7703900709219857e-05,
kidney,promyelocyte,2,3.0392873479026638e-06,
intestine,pancreatic ductal cell,2,7.082654578936185e-06,
uterus,myeloid dendritic cell,2,6.497936905032652e-06,oxidative_stress_cell
esophagus,enterocyte,2,1.1943293243679013e-05,oxidative_stress_cell
esophagus,cycling T cell,2,1.1943293243679013e-05,oxidative_stress_cell
esophagus,endocrine cell,2,1.1943293243679013e-05,
adipose tissue,epithelial cell,2,4.36679315810848e-06,oxidative_stress_cell
lymph node,erythroid lineage cell,2,2.175270222943445e-06,
uterus,epithelial fate stem cell,2,6.497936905032652e-06,
lymph node,colon epithelial cell,2,2.175270222943445e-06,oxidative_stress_cell
fallopian tube,neutrophil,2,9.356068579982691e-06,oxidative_stress_cell
skeletal system,plasma cell,2,5.790220317883095e-05,oxidative_stress_cell
lymph node,intestine goblet cell,2,2.175270222943445e-06,oxidative_stress_cell
lung,renal intercalated cell,2,6.351569536348127e-07,
lung,ventricular cardiac muscle cell,2,6.351569536348127e-07,
lymph node,Langerhans cell,2,2.175270222943445e-06,
prostate gland,goblet cell,2,2.2960794443487744e-05,oxidative_stress_cell
colon,group 2 innate lymphoid cell,2,2.9813234989408847e-06,
embryo,sncg GABAergic cortical interneuron,2,4.9931967694016905e-06,neuron_stressed
lung,intestinal tuft cell,2,6.351569536348127e-07,oxidative_stress_cell
lung,hepatocyte,2,6.351569536348127e-07,hepatocyte_ketogenic
skin of body,group 1 innate lymphoid cell,2,2.9664567898487848e-06,
musculature,mesenchymal cell,2,3.4312791980414256e-06,
sensory system,monocyte,2,0.0008343763037129745,oxidative_stress_cell
eye,non-classical monocyte,2,2.561947900227501e-07,oxidative_stress_cell
sensory system,"CD8-positive, alpha-beta T cell",2,0.0008343763037129745,oxidative_stress_cell
respiratory system,stem cell,2,3.8670059319871e-06,
eye,parasol ganglion cell of retina,2,2.561947900227501e-07,
kidney,megakaryocyte-erythroid progenitor cell,2,3.0392873479026638e-06,
blood,epithelial cell of proximal tubule segment 1,2,1.4468993020302458e-07,oxidative_stress_cell
prostate gland,stratified epithelial cell,2,2.2960794443487744e-05,oxidative_stress_cell
adrenal gland,"naive thymus-derived CD4-positive, alpha-beta T cell",2,4.567367529214025e-06,oxidative_stress_cell
large intestine,neuroblast (sensu Vertebrata),2,1.0776791102681266e-05,neuron_stressed
liver,"dendritic cell, human",2,2.0919933139893686e-06,oxidative_stress_cell
adrenal gland,endothelial cell of lymphatic vessel,2,4.567367529214025e-06,oxidative_stress_cell
blood,late promyelocyte,2,1.4468993020302458e-07,
large intestine,type EC enteroendocrine cell,2,1.0776791102681266e-05,
large intestine,type L enteroendocrine cell,2,1.0776791102681266e-05,
ovary,mature NK T cell,2,1.1428440817819225e-05,oxidative_stress_cell
endocrine gland,club cell,2,2.852033642588848e-06,oxidative_stress_cell
spleen,interstitial cell of Cajal,2,3.4621423390579856e-06,
ovary,neuron,2,1.1428440817819225e-05,neuron_stressed
lamina propria,progenitor cell,2,8.443449993667413e-05,
spleen,Langerhans cell,2,3.4621423390579856e-06,
pancreas,mature NK T cell,2,4.704100329051818e-06,oxidative_stress_cell
spleen,basophil,2,3.4621423390579856e-06,
intestine,Langerhans cell,2,7.082654578936185e-06,
pancreas,Sertoli cell,2,4.704100329051818e-06,
large intestine,interneuron,2,1.0776791102681266e-05,neuron_stressed
embryo,alternatively activated macrophage,2,4.9931967694016905e-06,oxidative_stress_cell
embryo,caudal ganglionic eminence derived cortical interneuron,2,4.9931967694016905e-06,neuron_stressed
embryo,cord blood hematopoietic stem cell,2,4.9931967694016905e-06,
testis,T cell,2,9.650646593321752e-05,oxidative_stress_cell
testis,acinar cell,2,9.650646593321752e-05,
testis,cord blood hematopoietic stem cell,2,9.650646593321752e-05,
bladder organ,cord blood hematopoietic stem cell,2,2.6513594845757163e-05,
testis,B cell,2,9.650646593321752e-05,oxidative_stress_cell
testis,"CD4-positive, alpha-beta T cell",2,9.650646593321752e-05,oxidative_stress_cell
kidney,hematopoietic multipotent progenitor cell,2,3.0392873479026638e-06,
kidney,group 2 innate lymphoid cell,2,3.0392873479026638e-06,
kidney,intermediate monocyte,2,3.0392873479026638e-06,oxidative_stress_cell
musculature,T follicular helper cell,2,3.4312791980414256e-06,
liver,keratinocyte,2,2.0919933139893686e-06,oxidative_stress_cell
liver,osteoclast,2,2.0919933139893686e-06,
mucosa,muscle cell,2,2.1867961249972665e-05,
intestine,epithelial cell of proximal tubule,2,7.082654578936185e-06,oxidative_stress_cell
placenta,embryonic stem cell,2,3.839530655772638e-06,
intestine,epithelial cell of stomach,2,7.082654578936185e-06,oxidative_stress_cell
endocrine gland,interstitial cell of Cajal,2,2.852033642588848e-06,
ovary,Sertoli cell,2,1.1428440817819225e-05,
intestine,"plasmacytoid dendritic cell, human",2,7.082654578936185e-06,oxidative_stress_cell
omentum,unknown,2,0.00014915355358341412,
endocrine gland,large pre-B-II cell,2,2.852033642588848e-06,
large intestine,plasmablast,2,1.0776791102681266e-05,
brain,embryonic stem cell,2,1.0787584849074406e-07,
respiratory system,myoepithelial cell of bronchus submucosal gland,2,3.8670059319871e-06,oxidative_stress_cell
esophagus,"CD4-positive, alpha-beta memory T cell",2,1.1943293243679013e-05,oxidative_stress_cell
omentum,mesenchymal stem cell,2,0.00014915355358341412,
respiratory system,endocrine cell,2,3.8670059319871e-06,
small intestine,acinar cell,2,1.6843651333048677e-06,
brain,mesothelial cell of dura mater,2,1.0787584849074406e-07,
lung,embryonic stem cell,2,6.351569536348127e-07,
testis,professional antigen presenting cell,2,9.650646593321752e-05,
gallbladder,embryonic stem cell,2,0.00010101010101010101,
gallbladder,dendritic cell,2,0.00010101010101010101,oxidative_stress_cell
spinal cord,embryonic stem cell,2,4.019615724736715e-05,
kidney,MHC-II-positive classical monocyte,2,3.0392873479026638e-06,oxidative_stress_cell
skeletal system,B cell,2,5.790220317883095e-05,oxidative_stress_cell
kidney,"double-positive, alpha-beta thymocyte",2,3.0392873479026638e-06,
respiratory system,hematopoietic stem cell,2,3.8670059319871e-06,
spleen,professional antigen presenting cell,2,3.4621423390579856e-06,
endocrine gland,enterocyte,2,2.852033642588848e-06,oxidative_stress_cell
respiratory system,kidney loop of Henle epithelial cell,2,3.8670059319871e-06,oxidative_stress_cell
omentum,conventional dendritic cell,2,0.00014915355358341412,oxidative_stress_cell
bone marrow,stromal cell,2,2.6330964424233965e-06,oxidative_stress_cell
exocrine gland,regulatory T cell,2,1.036247953410292e-05,oxidative_stress_cell
endocrine gland,Langerhans cell,2,2.852033642588848e-06,
endocrine gland,"CD16-positive, CD56-dim natural killer cell, human",2,2.852033642588848e-06,
adrenal gland,Sertoli cell,2,4.567367529214025e-06,
adrenal gland,acinar cell,2,4.567367529214025e-06,
stomach,follicular dendritic cell,2,7.035267797468711e-06,oxidative_stress_cell
exocrine gland,salivary gland cell,2,1.036247953410292e-05,
large intestine,mesothelial cell,2,1.0776791102681266e-05,
intestine,hepatic stellate cell,2,7.082654578936185e-06,
yolk sac,myofibroblast cell,2,3.526963637004903e-05,oxidative_stress_cell
yolk sac,myelocyte,2,3.526963637004903e-05,
embryo,smooth muscle cell,2,4.9931967694016905e-06,
intestine,interneuron,2,7.082654578936185e-06,neuron_stressed
endocrine gland,cell of skeletal muscle,2,2.852033642588848e-06,
yolk sac,neutrophil,2,3.526963637004903e-05,oxidative_stress_cell
yolk sac,neuron,2,3.526963637004903e-05,neuron_stressed
lung,kidney loop of Henle epithelial cell,2,6.351569536348127e-07,oxidative_stress_cell
adipose tissue,epithelial cell of proximal tubule,1,2.18339657905424e-06,oxidative_stress_cell
adipose tissue,erythroid lineage cell,1,2.18339657905424e-06,
vasculature,myeloid cell,1,7.1901064135749205e-06,
yolk sac,Langerhans cell,1,1.7634818185024513e-05,
yolk sac,enteroendocrine cell,1,1.7634818185024513e-05,
adipose tissue,platelet,1,2.18339657905424e-06,
adipose tissue,podocyte,1,2.18339657905424e-06,
yolk sac,regulatory T cell,1,1.7634818185024513e-05,oxidative_stress_cell
yolk sac,smooth muscle cell,1,1.7634818185024513e-05,
lymph node,TREM2-positive macrophage,1,1.0876351114717226e-06,oxidative_stress_cell
skin of body,"activated CD4-positive, alpha-beta T cell",1,1.4832283949243924e-06,oxidative_stress_cell
skin of body,"central memory CD8-positive, alpha-beta T cell",1,1.4832283949243924e-06,oxidative_stress_cell
skin of body,classical monocyte,1,1.4832283949243924e-06,oxidative_stress_cell
blood,myeloid leukocyte,1,7.234496510151229e-08,
colon,epithelial cell of stomach,1,1.4906617494704423e-06,oxidative_stress_cell
colon,erythroid lineage cell,1,1.4906617494704423e-06,
colon,"effector memory CD4-positive, alpha-beta T cell, terminally differentiated",1,1.4906617494704423e-06,oxidative_stress_cell
colon,endocrine cell,1,1.4906617494704423e-06,
uterus,endocrine cell,1,3.248968452516326e-06,
uterus,enterocyte,1,3.248968452516326e-06,oxidative_stress_cell
uterus,granulocyte,1,3.248968452516326e-06,
blood,uterine smooth muscle cell,1,7.234496510151229e-08,
lymph node,enteroendocrine cell,1,1.0876351114717226e-06,
lymph node,enteroglial cell,1,1.0876351114717226e-06,
intestine,hepatoblast,1,3.5413272894680925e-06,
embryo,sst chodl GABAergic cortical interneuron,1,2.4965983847008452e-06,neuron_stressed
stomach,alternatively activated macrophage,1,3.5176338987343555e-06,oxidative_stress_cell
stomach,chondrocyte,1,3.5176338987343555e-06,
stomach,colon epithelial cell,1,3.5176338987343555e-06,oxidative_stress_cell
large intestine,enterochromaffin-like cell,1,5.388395551340633e-06,
large intestine,erythroid lineage cell,1,5.388395551340633e-06,
omentum,alternatively activated macrophage,1,7.457677679170706e-05,oxidative_stress_cell
omentum,"dendritic cell, human",1,7.457677679170706e-05,oxidative_stress_cell
stomach,eosinophil,1,3.5176338987343555e-06,
embryo,kidney loop of Henle epithelial cell,1,2.4965983847008452e-06,oxidative_stress_cell
large intestine,myeloid cell,1,5.388395551340633e-06,
nose,epithelial cell of lower respiratory tract,1,4.212353146838418e-06,oxidative_stress_cell
bone marrow,primordial germ cell,1,1.3165482212116982e-06,
musculature,progenitor cell,1,1.7156395990207128e-06,
respiratory system,myeloid dendritic cell,1,1.93350296599355e-06,oxidative_stress_cell
eye,cord blood hematopoietic stem cell,1,1.2809739501137506e-07,
eye,embryonic stem cell,1,1.2809739501137506e-07,
exocrine gland,stem cell,1,5.18123976705146e-06,
exocrine gland,thymocyte,1,5.18123976705146e-06,
bladder organ,erythroid progenitor cell,1,1.3256797422878582e-05,
exocrine gland,hematopoietic precursor cell,1,5.18123976705146e-06,
endocrine gland,enteroendocrine cell,1,1.426016821294424e-06,
endocrine gland,epithelial cell of nephron,1,1.426016821294424e-06,oxidative_stress_cell
endocrine gland,germinal center B cell,1,1.426016821294424e-06,oxidative_stress_cell
spleen,precursor B cell,1,1.7310711695289928e-06,oxidative_stress_cell
stomach,M cell of gut,1,3.5176338987343555e-06,
embryo,plasma cell,1,2.4965983847008452e-06,oxidative_stress_cell
embryo,professional antigen presenting cell,1,2.4965983847008452e-06,
embryo,pvalb GABAergic cortical interneuron,1,2.4965983847008452e-06,neuron_stressed
omentum,group 3 innate lymphoid cell,1,7.457677679170706e-05,
respiratory system,melanocyte,1,1.93350296599355e-06,
intestine,embryonic stem cell,1,3.5413272894680925e-06,
respiratory system,enterocyte,1,1.93350296599355e-06,oxidative_stress_cell
exocrine gland,myeloid dendritic cell,1,5.18123976705146e-06,oxidative_stress_cell
exocrine gland,non-classical monocyte,1,5.18123976705146e-06,oxidative_stress_cell
small intestine,alternatively activated macrophage,1,8.421825666524338e-07,oxidative_stress_cell
intestine,germinal center B cell,1,3.5413272894680925e-06,oxidative_stress_cell
heart,non-classical monocyte,1,5.094147486776867e-07,oxidative_stress_cell
heart,platelet,1,5.094147486776867e-07,
musculature,ventricular cardiac muscle cell,1,1.7156395990207128e-06,
large intestine,innate lymphoid cell,1,5.388395551340633e-06,
large intestine,megakaryocyte,1,5.388395551340633e-06,
embryo,lamp5 GABAergic cortical interneuron,1,2.4965983847008452e-06,neuron_stressed
adrenal gland,embryonic stem cell,1,2.2836837646070124e-06,
liver,cell of skeletal muscle,1,1.0459966569946843e-06,
liver,chondrocyte,1,1.0459966569946843e-06,
liver,club cell,1,1.0459966569946843e-06,oxidative_stress_cell
liver,colon epithelial cell,1,1.0459966569946843e-06,oxidative_stress_cell
large intestine,reticular cell,1,5.388395551340633e-06,
large intestine,transit amplifying cell of colon,1,5.388395551340633e-06,
intestine,plasmablast,1,3.5413272894680925e-06,
intestine,precursor B cell,1,3.5413272894680925e-06,oxidative_stress_cell
blood,alternatively activated macrophage,1,7.234496510151229e-08,oxidative_stress_cell
blood,chondrocyte,1,7.234496510151229e-08,
blood,decidual cell,1,7.234496510151229e-08,
endocrine gland,hematopoietic stem cell,1,1.426016821294424e-06,
endocrine gland,kidney loop of Henle epithelial cell,1,1.426016821294424e-06,oxidative_stress_cell
endocrine gland,mature T cell,1,1.426016821294424e-06,oxidative_stress_cell
endocrine gland,classical monocyte,1,1.426016821294424e-06,oxidative_stress_cell
omentum,smooth muscle cell,1,7.457677679170706e-05,
ovary,embryonic stem cell,1,5.714220408909612e-06,
ovary,hematopoietic precursor cell,1,5.714220408909612e-06,
ovary,myeloid dendritic cell,1,5.714220408909612e-06,oxidative_stress_cell
endocrine gland,common dendritic progenitor,1,1.426016821294424e-06,oxidative_stress_cell
endocrine gland,endocrine cell,1,1.426016821294424e-06,
blood,fibroblast,1,7.234496510151229e-08,oxidative_stress_cell
pancreas,interstitial cell of Cajal,1,2.352050164525909e-06,
endocrine gland,primordial germ cell,1,1.426016821294424e-06,
spleen,eurydendroid cell,1,1.7310711695289928e-06,
lamina propria,plasmablast,1,4.2217249968337064e-05,
pancreas,enteroendocrine cell,1,2.352050164525909e-06,
small intestine,hepatoblast,1,8.421825666524338e-07,
small intestine,hepatocyte,1,8.421825666524338e-07,hepatocyte_ketogenic
esophagus,kidney loop of Henle epithelial cell,1,5.971646621839506e-06,oxidative_stress_cell
intestine,pancreatic epsilon cell,1,3.5413272894680925e-06,
digestive system,hepatic stellate cell,1,1.3851950354609929e-05,
digestive system,muscle cell,1,1.3851950354609929e-05,
colon,type B pancreatic cell,1,1.4906617494704423e-06,
colon,type I enteroendocrine cell,1,1.4906617494704423e-06,
liver,germinal center B cell,1,1.0459966569946843e-06,oxidative_stress_cell
liver,interstitial cell of Cajal,1,1.0459966569946843e-06,
sensory system,B cell,1,0.00041718815185648727,oxidative_stress_cell
sensory system,mast cell,1,0.00041718815185648727,oxidative_stress_cell
skin of body,renal intercalated cell,1,1.4832283949243924e-06,
blood,T-helper 17 cell,1,7.234496510151229e-08,
blood,"activated CD8-positive, alpha-beta T cell, human",1,7.234496510151229e-08,oxidative_stress_cell
intestine,megakaryocyte,1,3.5413272894680925e-06,
endocrine gland,pulmonary alveolar type 1 cell,1,1.426016821294424e-06,
adrenal gland,renal intercalated cell,1,2.2836837646070124e-06,
spinal cord,smooth muscle cell,1,2.0098078623683576e-05,
spinal cord,stratified epithelial cell,1,2.0098078623683576e-05,oxidative_stress_cell
kidney,mature B cell,1,1.5196436739513319e-06,oxidative_stress_cell
pancreas,non-classical monocyte,1,2.352050164525909e-06,oxidative_stress_cell
pancreas,pulmonary alveolar type 1 cell,1,2.352050164525909e-06,
peripheral nervous system,mast cell,1,0.001519756838905775,oxidative_stress_cell
bladder organ,endocrine cell,1,1.3256797422878582e-05,
brain,enterocyte,1,5.393792424537203e-08,oxidative_stress_cell
brain,goblet cell,1,5.393792424537203e-08,oxidative_stress_cell
testis,chondrocyte,1,4.825323296660876e-05,
testis,kidney loop of Henle epithelial cell,1,4.825323296660876e-05,oxidative_stress_cell
testis,mast cell,1,4.825323296660876e-05,oxidative_stress_cell
liver,lung secretory cell,1,1.0459966569946843e-06,
musculature,"CD8-positive, alpha-beta memory T cell",1,1.7156395990207128e-06,oxidative_stress_cell
musculature,alternatively activated macrophage,1,1.7156395990207128e-06,oxidative_stress_cell
musculature,cord blood hematopoietic stem cell,1,1.7156395990207128e-06,
liver,endocrine cell,1,1.0459966569946843e-06,
liver,epithelial cell of exocrine pancreas,1,1.0459966569946843e-06,oxidative_stress_cell
liver,type B pancreatic cell,1,1.0459966569946843e-06,
adrenal gland,kidney loop of Henle ascending limb epithelial cell,1,2.2836837646070124e-06,oxidative_stress_cell
adrenal gland,kidney loop of Henle epithelial cell,1,2.2836837646070124e-06,oxidative_stress_cell
kidney,interstitial cell of Cajal,1,1.5196436739513319e-06,
kidney,keratinocyte,1,1.5196436739513319e-06,oxidative_stress_cell
placenta,alternatively activated macrophage,1,1.919765327886319e-06,oxidative_stress_cell
placenta,basal cell,1,1.919765327886319e-06,
placenta,cell of skeletal muscle,1,1.919765327886319e-06,
placenta,erythroid progenitor cell,1,1.919765327886319e-06,
placenta,mesenchymal stem cell,1,1.919765327886319e-06,
endocrine gland,promyelocyte,1,1.426016821294424e-06,
esophagus,mesenchymal stem cell,1,5.971646621839506e-06,
esophagus,mesothelial cell,1,5.971646621839506e-06,
esophagus,motor neuron,1,5.971646621839506e-06,neuron_stressed
esophagus,myofibroblast cell,1,5.971646621839506e-06,oxidative_stress_cell
esophagus,parietal cell,1,5.971646621839506e-06,
small intestine,mesenchymal stem cell,1,8.421825666524338e-07,
esophagus,chondrocyte,1,5.971646621839506e-06,
kidney,chondrocyte,1,1.5196436739513319e-06,
liver,paneth cell,1,1.0459966569946843e-06,gut_fermentative_microbe
colon,pancreatic epsilon cell,1,1.4906617494704423e-06,
colon,primordial germ cell,1,1.4906617494704423e-06,
colon,professional antigen presenting cell,1,1.4906617494704423e-06,
colon,pulmonary alveolar type 1 cell,1,1.4906617494704423e-06,
eye,stratified epithelial cell,1,1.2809739501137506e-07,oxidative_stress_cell
skin of body,hepatocyte,1,1.4832283949243924e-06,hepatocyte_ketogenic
skin of body,mesothelial cell,1,1.4832283949243924e-06,
skin of body,mucosal invariant T cell,1,1.4832283949243924e-06,oxidative_stress_cell
skin of body,osteoclast,1,1.4832283949243924e-06,
gallbladder,cell of skeletal muscle,1,5.0505050505050505e-05,
gallbladder,enterocyte,1,5.0505050505050505e-05,oxidative_stress_cell
gallbladder,mesenchymal stem cell,1,5.0505050505050505e-05,
gallbladder,myeloid cell,1,5.0505050505050505e-05,
gallbladder,neutrophil,1,5.0505050505050505e-05,oxidative_stress_cell
gallbladder,primordial germ cell,1,5.0505050505050505e-05,
skeletal system,embryonic stem cell,1,2.8951101589415477e-05,
skeletal system,enterocyte,1,2.8951101589415477e-05,oxidative_stress_cell
skeletal system,melanocyte,1,2.8951101589415477e-05,
prostate gland,primordial germ cell,1,1.1480397221743872e-05,
prostate gland,professional antigen presenting cell,1,1.1480397221743872e-05,
intestine,type B pancreatic cell,1,3.5413272894680925e-06,
kidney,acinar cell,1,1.5196436739513319e-06,
small intestine,type G enteroendocrine cell,1,8.421825666524338e-07,
spinal cord,choroid plexus epithelial cell,1,2.0098078623683576e-05,oxidative_stress_cell
spinal cord,endocrine cell,1,2.0098078623683576e-05,
spinal cord,enterocyte,1,2.0098078623683576e-05,oxidative_stress_cell
placenta,professional antigen presenting cell,1,1.919765327886319e-06,
kidney,double negative thymocyte,1,1.5196436739513319e-06,
pleura,alternatively activated macrophage,1,5.077430820005077e-05,oxidative_stress_cell
pleura,erythroid progenitor cell,1,5.077430820005077e-05,
pleura,primordial germ cell,1,5.077430820005077e-05,
pleura,smooth muscle cell,1,5.077430820005077e-05,
lung,pancreatic A cell,1,3.175784768174064e-07,
lung,pancreatic ductal cell,1,3.175784768174064e-07,
lung,paneth cell,1,3.175784768174064e-07,gut_fermentative_microbe
colon,afferent neuron,1,1.4906617494704423e-06,neuron_stressed
uterus,primordial germ cell,1,3.248968452516326e-06,
uterus,pulmonary alveolar type 2 cell,1,3.248968452516326e-06,
adipose tissue,"activated CD4-positive, alpha-beta T cell",1,2.18339657905424e-06,oxidative_stress_cell
esophagus,erythrocyte,1,5.971646621839506e-06,
esophagus,erythroid progenitor cell,1,5.971646621839506e-06,
small intestine,pancreatic ductal cell,1,8.421825666524338e-07,
small intestine,parietal cell,1,8.421825666524338e-07,
small intestine,peptic cell,1,8.421825666524338e-07,
small intestine,professional antigen presenting cell,1,8.421825666524338e-07,
prostate gland,"effector CD8-positive, alpha-beta T cell",1,1.1480397221743872e-05,oxidative_stress_cell
heart,alternatively activated macrophage,1,5.094147486776867e-07,oxidative_stress_cell
lung,epithelial cell of pancreas,1,3.175784768174064e-07,oxidative_stress_cell
lung,epithelial cell of proximal tubule,1,3.175784768174064e-07,oxidative_stress_cell
ureter,basal cell,1,2.2868642517380167e-05,
colon,inflammatory macrophage,1,1.4906617494704423e-06,oxidative_stress_cell
lymph node,gastrointestinal tract (lamina propria) macrophage,1,1.0876351114717226e-06,oxidative_stress_cell
lung,hepatic stellate cell,1,3.175784768174064e-07,
lung,interstitial cell of Cajal,1,3.175784768174064e-07,
lung,intestinal epithelial cell,1,3.175784768174064e-07,oxidative_stress_cell
lung,intestine goblet cell,1,3.175784768174064e-07,oxidative_stress_cell
skin of body,embryonic stem cell,1,1.4832283949243924e-06,
skin of body,enteroendocrine cell,1,1.4832283949243924e-06,
